a,b
0, 15
0, 16
15, 16
15, 12
15, 17
12, 17
16, 17
16, 13
17, 13
12, 18
12, 19
18, 19
18, 9
18, 20
9, 20
19, 20
19, 14
20, 14
13, 21
13, 22
21, 22
21, 14
21, 23
14, 23
22, 23
22, 10
23, 10
9, 27
9, 28
27, 28
27, 24
27, 29
24, 29
28, 29
28, 25
29, 25
24, 30
24, 31
30, 31
30, 6
30, 32
6, 32
31, 32
31, 26
32, 26
25, 33
25, 34
33, 34
33, 26
33, 35
26, 35
34, 35
34, 11
35, 11
10, 39
10, 40
39, 40
39, 36
39, 41
36, 41
40, 41
40, 37
41, 37
36, 42
36, 43
42, 43
42, 11
42, 44
11, 44
43, 44
43, 38
44, 38
37, 45
37, 46
45, 46
45, 38
45, 47
38, 47
46, 47
46, 7
47, 7
6, 54
6, 55
54, 55
54, 51
54, 56
51, 56
55, 56
55, 52
56, 52
51, 57
51, 58
57, 58
57, 48
57, 59
48, 59
58, 59
58, 53
59, 53
52, 60
52, 61
60, 61
60, 53
60, 62
53, 62
61, 62
61, 49
62, 49
48, 66
48, 67
66, 67
66, 63
66, 68
63, 68
67, 68
67, 64
68, 64
63, 69
63, 70
69, 70
69, 3
69, 71
3, 71
70, 71
70, 65
71, 65
64, 72
64, 73
72, 73
72, 65
72, 74
65, 74
73, 74
73, 50
74, 50
49, 78
49, 79
78, 79
78, 75
78, 80
75, 80
79, 80
79, 76
80, 76
75, 81
75, 82
81, 82
81, 50
81, 83
50, 83
82, 83
82, 77
83, 77
76, 84
76, 85
84, 85
84, 77
84, 86
77, 86
85, 86
85, 8
86, 8
7, 93
7, 94
93, 94
93, 90
93, 95
90, 95
94, 95
94, 91
95, 91
90, 96
90, 97
96, 97
96, 87
96, 98
87, 98
97, 98
97, 92
98, 92
91, 99
91, 100
99, 100
99, 92
99, 101
92, 101
100, 101
100, 88
101, 88
87, 105
87, 106
105, 106
105, 102
105, 107
102, 107
106, 107
106, 103
107, 103
102, 108
102, 109
108, 109
108, 8
108, 110
8, 110
109, 110
109, 104
110, 104
103, 111
103, 112
111, 112
111, 104
111, 113
104, 113
112, 113
112, 89
113, 89
88, 117
88, 118
117, 118
117, 114
117, 119
114, 119
118, 119
118, 115
119, 115
114, 120
114, 121
120, 121
120, 89
120, 122
89, 122
121, 122
121, 116
122, 116
115, 123
115, 124
123, 124
123, 116
123, 125
116, 125
124, 125
124, 4
125, 4
3, 135
3, 136
135, 136
135, 132
135, 137
132, 137
136, 137
136, 133
137, 133
132, 138
132, 139
138, 139
138, 129
138, 140
129, 140
139, 140
139, 134
140, 134
133, 141
133, 142
141, 142
141, 134
141, 143
134, 143
142, 143
142, 130
143, 130
129, 147
129, 148
147, 148
147, 144
147, 149
144, 149
148, 149
148, 145
149, 145
144, 150
144, 151
150, 151
150, 126
150, 152
126, 152
151, 152
151, 146
152, 146
145, 153
145, 154
153, 154
153, 146
153, 155
146, 155
154, 155
154, 131
155, 131
130, 159
130, 160
159, 160
159, 156
159, 161
156, 161
160, 161
160, 157
161, 157
156, 162
156, 163
162, 163
162, 131
162, 164
131, 164
163, 164
163, 158
164, 158
157, 165
157, 166
165, 166
165, 158
165, 167
158, 167
166, 167
166, 127
167, 127
126, 174
126, 175
174, 175
174, 171
174, 176
171, 176
175, 176
175, 172
176, 172
171, 177
171, 178
177, 178
177, 168
177, 179
168, 179
178, 179
178, 173
179, 173
172, 180
172, 181
180, 181
180, 173
180, 182
173, 182
181, 182
181, 169
182, 169
168, 186
168, 187
186, 187
186, 183
186, 188
183, 188
187, 188
187, 184
188, 184
183, 189
183, 190
189, 190
189, 1
189, 191
1, 191
190, 191
190, 185
191, 185
184, 192
184, 193
192, 193
192, 185
192, 194
185, 194
193, 194
193, 170
194, 170
169, 198
169, 199
198, 199
198, 195
198, 200
195, 200
199, 200
199, 196
200, 196
195, 201
195, 202
201, 202
201, 170
201, 203
170, 203
202, 203
202, 197
203, 197
196, 204
196, 205
204, 205
204, 197
204, 206
197, 206
205, 206
205, 128
206, 128
127, 213
127, 214
213, 214
213, 210
213, 215
210, 215
214, 215
214, 211
215, 211
210, 216
210, 217
216, 217
216, 207
216, 218
207, 218
217, 218
217, 212
218, 212
211, 219
211, 220
219, 220
219, 212
219, 221
212, 221
220, 221
220, 208
221, 208
207, 225
207, 226
225, 226
225, 222
225, 227
222, 227
226, 227
226, 223
227, 223
222, 228
222, 229
228, 229
228, 128
228, 230
128, 230
229, 230
229, 224
230, 224
223, 231
223, 232
231, 232
231, 224
231, 233
224, 233
232, 233
232, 209
233, 209
208, 237
208, 238
237, 238
237, 234
237, 239
234, 239
238, 239
238, 235
239, 235
234, 240
234, 241
240, 241
240, 209
240, 242
209, 242
241, 242
241, 236
242, 236
235, 243
235, 244
243, 244
243, 236
243, 245
236, 245
244, 245
244, 5
245, 5
4, 255
4, 256
255, 256
255, 252
255, 257
252, 257
256, 257
256, 253
257, 253
252, 258
252, 259
258, 259
258, 249
258, 260
249, 260
259, 260
259, 254
260, 254
253, 261
253, 262
261, 262
261, 254
261, 263
254, 263
262, 263
262, 250
263, 250
249, 267
249, 268
267, 268
267, 264
267, 269
264, 269
268, 269
268, 265
269, 265
264, 270
264, 271
270, 271
270, 246
270, 272
246, 272
271, 272
271, 266
272, 266
265, 273
265, 274
273, 274
273, 266
273, 275
266, 275
274, 275
274, 251
275, 251
250, 279
250, 280
279, 280
279, 276
279, 281
276, 281
280, 281
280, 277
281, 277
276, 282
276, 283
282, 283
282, 251
282, 284
251, 284
283, 284
283, 278
284, 278
277, 285
277, 286
285, 286
285, 278
285, 287
278, 287
286, 287
286, 247
287, 247
246, 294
246, 295
294, 295
294, 291
294, 296
291, 296
295, 296
295, 292
296, 292
291, 297
291, 298
297, 298
297, 288
297, 299
288, 299
298, 299
298, 293
299, 293
292, 300
292, 301
300, 301
300, 293
300, 302
293, 302
301, 302
301, 289
302, 289
288, 306
288, 307
306, 307
306, 303
306, 308
303, 308
307, 308
307, 304
308, 304
303, 309
303, 310
309, 310
309, 5
309, 311
5, 311
310, 311
310, 305
311, 305
304, 312
304, 313
312, 313
312, 305
312, 314
305, 314
313, 314
313, 290
314, 290
289, 318
289, 319
318, 319
318, 315
318, 320
315, 320
319, 320
319, 316
320, 316
315, 321
315, 322
321, 322
321, 290
321, 323
290, 323
322, 323
322, 317
323, 317
316, 324
316, 325
324, 325
324, 317
324, 326
317, 326
325, 326
325, 248
326, 248
247, 333
247, 334
333, 334
333, 330
333, 335
330, 335
334, 335
334, 331
335, 331
330, 336
330, 337
336, 337
336, 327
336, 338
327, 338
337, 338
337, 332
338, 332
331, 339
331, 340
339, 340
339, 332
339, 341
332, 341
340, 341
340, 328
341, 328
327, 345
327, 346
345, 346
345, 342
345, 347
342, 347
346, 347
346, 343
347, 343
342, 348
342, 349
348, 349
348, 248
348, 350
248, 350
349, 350
349, 344
350, 344
343, 351
343, 352
351, 352
351, 344
351, 353
344, 353
352, 353
352, 329
353, 329
328, 357
328, 358
357, 358
357, 354
357, 359
354, 359
358, 359
358, 355
359, 355
354, 360
354, 361
360, 361
360, 329
360, 362
329, 362
361, 362
361, 356
362, 356
355, 363
355, 364
363, 364
363, 356
363, 365
356, 365
364, 365
364, 2
365, 2

    In the public domain, authored by Frank van Ham
