{"type":"Topology","objects":{"all":{"type":"GeometryCollection","bbox":[-8.68238521,11.96886072,18.97556122,37.09393952],"geometries":[{"type":"Polygon","properties":{"a":779,"b":"Bordj Bou Arréridj","c":4.6835,"d":36.1247},"arcs":[[0,1,2,3]]},{"type":"Polygon","properties":{"a":776,"b":"Saïda","c":0.3606,"d":34.5834},"arcs":[[4,5,6,7,8]]},{"type":"Polygon","properties":{"a":789,"b":"Constantine","c":6.6919,"d":36.3513},"arcs":[[9,10,11,12]]},{"type":"Polygon","properties":{"a":772,"b":"Chlef","c":1.248,"d":36.2378},"arcs":[[13,14,15,16,17,18]]},{"type":"Polygon","properties":{"a":753,"b":"Béchar","c":-2.5667,"d":29.9156},"arcs":[[19,20,21,22,23]]},{"type":"Polygon","properties":{"a":759,"b":"Skikda","c":6.8853,"d":36.7392},"arcs":[[24,25,-13,26,27,28]]},{"type":"Polygon","properties":{"a":762,"b":"El Bayadh","c":1.1393,"d":32.6189},"arcs":[[29,30,31,-24,32,-6,33]]},{"type":"Polygon","properties":{"a":770,"b":"Tipaza","c":2.2907,"d":36.5201},"arcs":[[34,35,36,-14,37]]},{"type":"Polygon","properties":{"a":755,"b":"Tindouf","c":-6.0372,"d":27.3951},"arcs":[[38,39,-21]]},{"type":"Polygon","properties":{"a":765,"b":"Laghouat","c":2.7909,"d":33.5727},"arcs":[[40,-30,41,42]]},{"type":"Polygon","properties":{"a":788,"b":"Batna","c":6.0028,"d":35.5227},"arcs":[[43,44,45,46,47,48]]},{"type":"Polygon","properties":{"a":791,"b":"Khenchela","c":6.9144,"d":35.0523},"arcs":[[49,50,51,-45,52]]},{"type":"Polygon","properties":{"a":787,"b":"Sétif","c":5.5742,"d":36.0765},"arcs":[[53,-48,54,-1,55,56]]},{"type":"Polygon","properties":{"a":792,"b":"Mila","c":6.1984,"d":36.2496},"arcs":[[-27,-12,57,-49,-54,58]]},{"type":"Polygon","properties":{"a":794,"b":"Souk Ahras","c":7.8297,"d":36.1051},"arcs":[[59,60,61,62,63]]},{"type":"Polygon","properties":{"a":784,"b":"Djelfa","c":3.1158,"d":34.5758},"arcs":[[64,65,66,67,68,-43,69,70]]},{"type":"Polygon","properties":{"a":777,"b":"Tiaret","c":1.6341,"d":34.9782},"arcs":[[71,-70,-42,-34,-5,72,73,74]]},{"type":"Polygon","properties":{"a":790,"b":"Guelma","c":7.3991,"d":36.4022},"arcs":[[75,-62,76,-10,-26,77]]},{"type":"Polygon","properties":{"a":781,"b":"Blida","c":2.9807,"d":36.529},"arcs":[[78,79,80,-36,81,82]]},{"type":"Polygon","properties":{"a":757,"b":"El Tarf","c":8.0856,"d":36.7149},"arcs":[[-63,-76,83,84]]},{"type":"Polygon","properties":{"a":761,"b":"Tamanghasset","c":5.9894,"d":22.9877},"arcs":[[85,86,87,88,89]]},{"type":"Polygon","properties":{"a":785,"b":"Médéa","c":3.022,"d":36.0031},"arcs":[[90,-71,-72,91,92,-80,93]]},{"type":"Polygon","properties":{"a":763,"b":"El Oued","c":6.4917,"d":33.7072},"arcs":[[-51,94,95,96,-67,97]]},{"type":"Polygon","properties":{"a":774,"b":"Mostaganem","c":0.3239,"d":36.0019},"arcs":[[98,99,100,101,-18]]},{"type":"Polygon","properties":{"a":768,"b":"Boumerdès","c":3.7226,"d":36.7534},"arcs":[[102,103,-83,104,105]]},{"type":"Polygon","properties":{"a":748,"b":"Adrar","c":-1.973,"d":25.4717},"arcs":[[-88,106,-39,-20,-32,107]]},{"type":"Polygon","properties":{"a":758,"b":"Jijel","c":5.9401,"d":36.7146},"arcs":[[-59,-57,108,109,-28]]},{"type":"Polygon","properties":{"a":775,"b":"Relizane","c":0.8349,"d":35.7721},"arcs":[[110,-74,111,-99,-17]]},{"type":"Polygon","properties":{"a":754,"b":"Naâma","c":-0.808,"d":33.29},"arcs":[[-7,-33,-23,112,113,114]]},{"type":"Polygon","properties":{"a":766,"b":"Ouargla","c":6.6513,"d":30.6482},"arcs":[[115,116,-90,117,-68,-97]]},{"type":"Polygon","properties":{"a":764,"b":"Ghardaïa","c":3.0537,"d":31.1791},"arcs":[[-118,-89,-108,-31,-41,-69]]},{"type":"Polygon","properties":{"a":795,"b":"Tébessa","c":7.7993,"d":35.0331},"arcs":[[118,-95,-50,119,-60]]},{"type":"Polygon","properties":{"a":782,"b":"Bouira","c":3.9121,"d":36.2886},"arcs":[[120,121,-3,122,-94,-79,-104]]},{"type":"Polygon","properties":{"a":767,"b":"Alger","c":3.1206,"d":36.7143},"arcs":[[-105,-82,-35,123]]},{"type":"Polygon","properties":{"a":780,"b":"Béjaïa","c":4.8204,"d":36.6016},"arcs":[[-109,-56,-4,-122,124,125]]},{"type":"Polygon","properties":{"a":760,"b":"Illizi","c":7.8285,"d":27.0849},"arcs":[[-86,-117,126]]},{"type":"Polygon","properties":{"a":773,"b":"Mascara","c":0.1502,"d":35.4119},"arcs":[[-112,-73,-9,127,128,-100]]},{"type":"Polygon","properties":{"a":756,"b":"Annaba","c":7.5502,"d":36.8535},"arcs":[[-84,-78,-25,129]]},{"type":"Polygon","properties":{"a":783,"b":"Biskra","c":5.686,"d":34.7444},"arcs":[[-52,-98,-66,130,-46]]},{"type":"Polygon","properties":{"a":786,"b":"M'Sila","c":4.2764,"d":35.3007},"arcs":[[-55,-47,-131,-65,-91,-123,-2]]},{"type":"Polygon","properties":{"a":752,"b":"Tlemcen","c":-1.3298,"d":34.661},"arcs":[[131,-114,132,133]]},{"type":"Polygon","properties":{"a":751,"b":"Sidi Bel Abbès","c":-0.4432,"d":34.6297},"arcs":[[-8,-115,-132,134,135,-128]]},{"type":"Polygon","properties":{"a":749,"b":"Aïn Témouchent","c":-1.0308,"d":35.3351},"arcs":[[-135,-134,136,137]]},{"type":"Polygon","properties":{"a":769,"b":"Tizi Ouzou","c":4.2689,"d":36.6726},"arcs":[[-125,-121,-103,138]]},{"type":"Polygon","properties":{"a":778,"b":"Tissemsilt","c":1.7657,"d":35.7467},"arcs":[[139,-92,-75,-111,-16]]},{"type":"Polygon","properties":{"a":750,"b":"Oran","c":-0.6705,"d":35.5933},"arcs":[[-101,-129,-136,-138,140]]},{"type":"Polygon","properties":{"a":793,"b":"Oum el Bouaghi","c":7.07,"d":35.8474},"arcs":[[-77,-61,-120,-53,-44,-58,-11]]},{"type":"Polygon","properties":{"a":771,"b":"Aïn Defla","c":2.0802,"d":36.1761},"arcs":[[-81,-93,-140,-15,-37]]}]}},"arcs":[[[652912,960581],[-570,-763],[-145,-415],[-53,-649],[228,-706],[690,-896],[826,-595],[834,-103],[715,19],[2147,-303],[776,7],[1456,153],[2277,702],[413,29],[353,-23],[1369,-258],[1359,-525],[543,-396],[480,-685],[1134,-2001],[881,-728],[893,-165],[788,314],[691,406],[655,172],[488,-227],[248,-418],[158,-715],[90,-738],[195,-599],[375,-114],[376,212],[513,392],[428,-36],[300,-414],[30,-923],[-143,-635],[-383,-816],[-798,-929],[-803,-370],[-721,-171],[-390,-252],[-158,-431],[180,-706],[451,-1117],[-38,-441],[-510,-738],[-210,-488],[-116,-1045],[-187,-929],[-1051,-1926],[-421,-952],[-345,-1591],[-45,-1281],[173,-2294],[-15,-772],[-263,-477],[-588,-181],[-2177,-40],[-528,-193],[-375,-609],[-188,-473],[-23,-2404]],[[665181,927331],[-1831,82],[-821,299],[-1126,662],[-1046,969],[-466,256],[-743,119],[-563,151],[-600,335],[-401,382],[-1088,1442],[-458,393],[-518,200],[-806,-23],[-1734,-356],[-1924,-60],[-691,-93],[-1429,-358],[-3726,-1587],[-1028,-258],[-1016,-101],[-4922,107],[-796,128],[-728,345],[-896,917],[-143,592],[195,556],[1452,1255],[413,525],[255,557],[233,856],[150,190],[248,118],[978,117],[518,147],[188,234],[-38,338],[-195,379],[-473,708],[-233,483],[-368,1014],[-262,950],[-153,383],[-225,357],[-316,151],[-563,-12],[-975,-366],[-1812,-1171],[-999,-452],[-1218,-61],[-1629,139],[-6329,1270],[-1486,-143],[-663,-265],[-338,-288],[-75,-223],[-53,-68],[-180,-146],[-360,-60],[-646,34],[-1181,246],[-67,68],[-128,500],[-165,363],[-218,304],[-758,365]],[[618205,941226],[450,938],[316,307],[1474,1168],[683,821],[525,1095],[563,1997],[446,940],[690,871],[2247,1749],[1089,1150],[2277,3332],[2412,2818]],[[631377,958412],[991,-1163],[668,-2847],[851,-1619],[736,-679],[1013,-180],[3248,157],[736,122],[1712,602],[2820,500],[480,298],[128,555],[-180,610],[-121,633],[23,761],[210,1623],[218,517],[390,349],[1654,738],[766,473],[586,499],[1316,1927],[720,555],[496,215],[435,8],[338,-189],[285,-354],[724,-1509],[90,-145],[202,-288]],[[444265,889193],[6431,530],[1330,-338],[31,-1192],[45,-152],[105,-204],[150,-197],[1172,-680],[1668,-767],[984,-625],[768,-707],[984,-1283],[345,-656],[164,-818],[-96,-536],[-437,-719],[-4478,-3766],[-570,-629],[-114,-733],[46,-1198],[248,-1719],[970,-2928],[7880,-12925],[30,-126],[-30,-134],[-112,-315],[-301,-412],[-487,-387],[-2983,-1530],[-895,-626]],[[457113,853421],[-1360,-151],[-1621,-616],[-3489,-2039],[-203,-184],[-10588,-6053],[-404,-399],[-1999,-1600],[-518,-221],[-2902,78],[-952,-78],[-843,-221],[-406,-234],[-262,-225],[-114,-189],[-374,-518],[-451,-903],[-187,-538],[-121,-257],[-323,-475],[-730,-765],[-1787,-1413],[-1391,-1438],[-443,-656],[-495,-941],[-556,-1483]],[[424594,831902],[-814,-143],[-1043,-559],[-2307,-1587],[-2138,-1081],[-272,-84],[-272,30],[-223,149],[-83,315],[-8,166],[169,562],[-5,281],[-97,580],[-79,1594],[-325,1099],[-235,271],[-393,242],[-1480,292],[-1200,62],[-305,-63],[-261,-112],[-430,-313],[-1651,-634],[-906,-244],[-472,-208],[-214,-136],[-208,-167],[-1544,-1637],[-1706,-2343],[-406,-835],[-153,-237],[-212,-124],[-310,9],[-407,99],[-324,-17],[-280,-90],[-355,-275],[-78,-127],[-78,-209],[-25,-249],[0,-214],[60,-462],[15,-295],[-47,-293],[-133,-228],[-175,-140],[-240,79],[-265,213],[-846,1008],[-175,414],[55,537],[100,359],[-75,696],[-1302,3246],[-3680,6865],[-289,865],[-234,1069],[75,685],[600,1310]],[[396908,841893],[20039,16579],[165,277],[368,848],[270,973],[120,756],[13,338],[-119,911],[-71,277],[-231,505],[-2572,3544],[-1604,1557],[-1644,1199],[-385,398],[-228,171],[-288,140],[-275,208],[-210,317],[-40,642],[-80,395],[-177,266],[-244,135],[-281,66],[-661,23],[-304,-24],[-255,6],[-176,112],[-112,182],[-130,176],[-115,106],[-223,121],[-937,332],[-279,174],[-189,254],[-74,431],[-17,732],[-80,276],[-159,223],[-452,358],[-265,151],[-1902,728],[-300,174],[-198,305],[7,265],[131,244],[175,223],[215,178],[238,107],[288,-11],[488,-217],[247,-5],[1029,439],[1206,316],[303,134],[290,240],[94,263],[-65,246],[-174,202],[-220,183],[-493,329],[-179,318],[-60,481],[138,1470],[-78,385],[-147,222],[-102,207],[72,309],[218,387],[83,546],[162,343],[205,208],[281,54],[310,-58],[560,-217],[291,-27],[290,114],[280,224],[298,406],[38,317],[-141,230],[-441,414],[-99,347],[-195,999],[-41,434],[41,719],[140,390],[185,294],[205,185],[245,137],[286,82],[679,46],[277,103],[225,172],[385,410],[223,172],[268,97],[344,11],[819,-88]],[[412430,891214],[1433,260],[181,192],[125,261],[30,344],[116,383],[317,469],[388,170],[278,-47],[208,-184],[165,-221],[225,-504],[45,-302],[25,-314],[-45,-684],[15,-318],[85,-335],[270,-303],[547,-356],[729,-166],[371,-219],[822,-731],[975,-656],[500,-12],[372,255],[439,827],[610,518],[856,52],[1349,-317],[823,84],[631,273],[548,100],[615,-305],[581,-659],[818,-1537],[586,-699],[1166,-807],[961,-111],[953,208],[813,351],[774,221],[1546,281],[1789,776],[818,42],[2007,-462],[960,-30],[1070,227],[841,461],[1376,1081],[728,422]],[[756387,963512],[397,-316],[90,-121],[684,-1281],[262,-841],[113,-687],[393,-549],[916,-505],[172,-277],[128,-542],[-68,-951],[90,-580],[331,-662],[533,-257],[513,-191],[420,-372],[240,-538],[128,-2063],[-158,-1392],[-285,-992],[-1384,-2210]],[[759902,948185],[-1283,-342],[-971,-32],[-713,-323],[-1449,-1294],[-1009,-673],[-495,91],[-135,494],[15,801],[-286,796],[-4509,2484],[-683,56],[-571,-247],[-412,-353],[-573,-344],[-571,-204],[-2397,-588],[-803,-359],[-879,-532],[-2277,-991],[-90,-132],[-83,-244],[-165,-349],[-277,-280],[-371,28],[-218,130],[-1178,1487],[-1549,1499]],[[735970,948764],[420,2153],[-255,565],[-2487,3251],[-4357,4162],[-773,322],[-1384,-102],[-630,293],[-151,515],[188,604],[451,537],[457,364],[406,268],[956,427],[495,102],[1089,383],[3125,364],[618,325],[240,681],[-225,829],[-595,1428],[-45,465],[82,335],[160,152],[714,393],[180,185],[180,328],[165,465],[120,481],[263,2468]],[[735377,971507],[1744,-41],[1929,-381],[941,217],[2570,1871],[556,-41],[277,-258],[158,-460],[315,-461],[2585,-1127],[2150,-502],[5635,288],[848,-61],[438,-179],[0,-368],[-152,-505],[-256,-443],[-368,-235],[-442,102],[-593,242],[-586,95],[-536,-17],[-390,-122],[-293,-170],[-195,-252],[-105,-349],[30,-442],[105,-637],[0,-177],[-37,-301],[-128,-243],[-240,-236],[-331,-237],[-300,-322],[-127,-368],[172,-401],[526,-211],[750,-85],[769,-339],[3591,-839]],[[502795,969821],[-576,-1768],[-480,-1015],[-1322,-1968],[-197,-990]],[[500220,964080],[-826,-1018],[-3449,-2413],[-307,-734],[75,-903],[721,-1738],[638,-1032],[993,-1217],[90,-537],[-503,-1446],[7,-484],[444,-240],[473,-98],[510,-354],[210,-572],[0,-1273],[-345,-575],[-488,-323],[-623,-193],[-490,-251],[-173,-511],[173,-638],[783,-1105],[668,-542],[1110,-559],[258,-333],[75,-1410],[309,-949],[1569,-2920],[1136,-1047],[322,-523],[97,-465],[-232,-519],[-226,-726],[144,-1038]],[[503363,935394],[-1287,-256],[-555,107],[-1752,749],[-1276,714],[-293,250],[-187,240],[-120,248],[-143,559],[-53,295],[-112,306],[-288,354],[-1216,927],[-436,46],[-240,-93],[-97,-142],[-99,-209],[-444,-687],[-805,-685],[-179,-286],[-105,-1060],[-165,-405],[-211,-320],[-307,-212],[-2104,-717],[-346,-227],[-23,-327],[181,-388],[135,-450],[-143,-366],[-1519,-869],[-443,-332],[-128,-338],[-29,-284],[210,-660]],[[488784,930876],[-1674,641],[-468,286],[-540,541],[-482,919],[-277,388],[-781,912],[-382,665],[-1054,2218],[-286,292],[-404,174],[-512,-87],[-4591,-1271],[-766,85],[-918,292],[-1764,1098],[-751,351],[-445,281],[-338,400],[-293,613],[-578,917],[-300,263],[-345,172],[-1767,123],[-1842,-145],[-488,111],[-397,273],[-1337,1835],[-107,509],[15,398],[378,775],[67,364],[-38,425],[-888,2294],[-157,536],[-256,1551],[-135,455],[-525,205],[-796,-27],[-2885,-704],[-1954,-715],[-781,-46],[-934,56],[-1486,618]],[[454522,949917],[-83,1126],[1584,4335],[196,750],[104,1012],[-37,841],[-2,281]],[[456284,958262],[620,48],[749,337],[1624,1042],[3026,762],[763,538],[502,509],[1111,704],[548,499],[213,428],[126,477],[201,499],[449,481],[823,322],[2156,480],[1825,1105],[3494,15],[1060,345],[1932,966],[1159,192],[2073,-44],[969,97],[1103,326],[2830,1311],[1016,161],[886,-152],[2109,-715],[1126,-231],[1140,51],[1990,540],[8888,466]],[[439756,647581],[-28975,-53187],[-30333,-40668],[-6426,-4701],[-44437,-7946],[-5507,-2156],[-6023,-3543],[-15255,-12006],[-6803,-4259],[-11779,-4788],[-10157,2024],[-11929,5942],[-5079,3503],[-8654,4432],[-9589,-859]],[[238810,529369],[-73415,-19849],[-35543,75717]],[[129852,585237],[5753,1158],[6092,770],[1692,-5013],[4061,-1543],[4738,1543],[5077,6557],[4398,6943],[3385,6557],[4738,5015],[5077,3472],[5414,4629],[4061,3085],[5077,2701],[7107,3084],[6768,5402],[5415,6943],[4738,2699],[5753,1543],[7444,386],[8123,1929],[9137,4629],[-338,3472],[-338,3471],[2369,2315],[2706,4242],[-2617,4137],[-65,1072],[-215,979],[-466,1021],[-569,505],[-1745,838],[-861,813],[-1326,2079],[-694,722],[-844,214],[-720,-375],[-1417,-1312],[-863,-373],[-806,52],[-574,496],[-172,958],[324,1081],[1026,1697],[100,1260],[-305,4167],[195,1011],[613,744],[2666,1905],[3582,225],[678,14272],[3299,1681],[2064,-460],[1801,155],[14156,2481],[2784,819],[7707,2267],[8461,1156],[-2031,5402],[-3339,8621],[2786,1526],[8989,739],[8688,2347],[6659,-299],[3072,-137],[3476,-161],[3791,-170],[4032,-186],[4183,-191],[4257,-195],[4241,-190],[4147,-188],[7677,-351],[3363,-154],[2940,-135],[4272,-191],[1571,-73],[3651,-169],[1899,443],[956,1962],[-242,1148],[-786,680],[-1011,296],[-926,-12],[-1799,-694],[-783,14],[-213,898],[188,347],[798,614],[300,294],[308,589],[70,454],[-15,466],[100,658]],[[358765,731515],[761,-22],[6866,790],[3201,-65],[1048,-256],[876,-312],[445,-229],[333,-235],[538,-484],[478,-540],[576,-774],[575,-1021],[1504,-3570],[1094,-171],[2447,298],[39011,11992]],[[418518,736916],[-17513,-49561],[15,-2135],[1481,-2961],[10470,-11768],[26785,-22910]],[[772111,999009],[48,-307],[2109,-7794],[663,-1046],[1299,-610],[518,-446],[263,-555],[-135,-707],[-278,-535],[-143,-566],[-15,-715],[934,-2506],[622,-3523]],[[777996,979699],[-820,-263],[-953,-482],[-383,-343],[-548,-750],[-188,-593],[-203,-1293],[-270,-389],[-498,-234],[-826,-14],[-1118,-238],[-1346,-487],[-5448,-2658],[-1044,-809],[-1226,-1430],[-300,-702],[8,-568],[180,-374],[112,-427],[-67,-287],[-203,-180],[-443,-197],[-3718,-1033],[-1166,-588],[-1141,-1848]],[[735377,971507],[-2262,120]],[[733115,971627],[15,2327],[1008,2115],[-180,478],[-378,356],[-2357,1107],[-2532,2556],[-633,1386],[-301,911],[-45,1524],[-120,862],[-233,610],[-315,496],[-375,406],[-428,342],[-466,238],[-513,101],[-975,31],[-181,189],[-30,442],[226,1026],[7,524],[-83,336],[-210,342],[-818,764],[-229,147]],[[722969,991243],[436,578],[83,1160],[-185,911],[-16,864],[603,1039],[366,357],[1947,1347],[690,733],[476,405],[1592,784],[2140,524],[2258,54],[1951,-607],[1738,-1247],[272,-86],[23,-564],[115,-407],[252,-249],[437,-85],[556,-407],[508,-2095],[784,-923],[710,262],[847,-300],[946,-472],[969,-245],[7306,-375],[619,-193],[871,-485],[815,-615],[505,-593],[-20,-903],[1442,-499],[1896,-166],[1308,62],[4304,1223],[1347,696],[765,-310],[1221,-279],[1147,-31],[508,414],[434,534],[2049,1599],[686,332],[295,255],[390,598],[347,684],[150,520],[-87,620],[-244,429],[-1907,1871],[-1427,1087],[0,343],[536,75],[942,276],[508,26],[489,-141],[898,-476],[446,-103],[105,-40]],[[485133,833041],[2593,-5008],[937,-904],[919,-588],[2563,-1055],[2109,-1142],[7470,-2012],[2329,-900],[1602,-883],[818,-621],[826,-824],[848,-1169],[3436,-6821],[6626,-9528],[578,-1681],[299,-2409],[-291,-1787],[-533,-1390],[-1827,-2081],[-315,-553],[-166,-646],[121,-870],[528,-981],[945,-1275],[443,-760],[316,-846],[510,-3390],[375,-1273],[709,-1590],[1148,-1827],[4697,-5564],[1501,-3242],[2713,-9499],[1429,-2658]],[[531389,757264],[383,-1750],[285,-2544],[-375,-13295],[277,-1951],[1519,-5454],[338,-1888],[158,-1995],[-75,-2213],[-503,-1976],[-836,-1915],[-4206,-6098],[-654,-1567],[-165,-1941],[278,-1617],[961,-2608],[225,-1126],[-135,-973],[-833,-1148],[-1099,-966],[-4079,-2851],[-1444,-1380]],[[521409,700008],[-50957,-25212],[-9230,-5787],[-4468,-3698],[-16998,-17730]],[[418518,736916],[1332,4079],[405,2360],[35,953],[-60,760],[-120,662],[-166,450],[-139,267],[-45,46],[-533,308],[-623,172],[-729,109],[-763,231],[-748,481],[-703,1170],[-151,1188],[128,1300],[4139,10637],[328,1180],[85,743],[-1181,10031],[110,1138],[408,2186],[903,3060],[2660,8565],[413,2056],[223,3753],[-1084,13636],[238,9932],[1624,11212],[90,2321]],[[457113,853421],[10466,-3096],[1962,-1475],[858,-884],[-708,-6631],[53,-935],[255,-608],[745,-134],[7453,419],[1864,-250],[923,-517],[588,-865],[984,-2268],[2577,-3136]],[[564967,984601],[-14,-404],[-368,-1288],[-23,-1131],[-172,-290],[-203,-272],[-120,-302],[120,-225],[465,-160],[1910,-75],[300,-199],[128,-159],[-75,-1285]],[[566915,978811],[-23,-691],[158,-449],[97,-146],[53,-118],[45,-153],[97,-234],[38,-187],[15,-179],[-53,-261],[-195,-221],[-345,-194],[-976,-148],[-278,-89],[-280,-188],[-338,-369],[-390,-251],[-683,-124],[-5561,142],[-472,-124],[-211,-374],[-82,-387],[-255,-482],[-649,-523],[-2975,-1363],[-923,-291],[-856,-453],[-873,-622],[-2232,-1951],[-774,-456],[-277,-452],[-128,-167],[-75,-443],[-135,-529],[-376,-548],[-555,-365],[-978,-200],[-1750,-51],[-468,52],[-1411,361],[-368,0],[-375,-301],[-280,-309],[-481,-2136]],[[540337,962837],[-9241,-355],[-6884,1332],[-1149,-19],[-3267,-1047],[-1775,-311],[-563,-176],[-1271,74],[-1486,476],[-6666,675],[-782,-22],[-502,-379],[-361,-1304],[-277,-510],[-454,-414],[-517,-322],[-1096,-539],[-488,-138],[-407,57],[-1337,2531],[-1594,1634]],[[502795,969821],[754,41],[494,115],[1135,506],[536,133],[425,-59],[1041,-277],[551,-7],[2648,667],[2723,153],[2258,-442],[599,-35],[4217,473],[12102,3333],[957,373],[1064,58],[1053,-247],[898,-530],[307,-494],[95,-504],[189,-387],[579,-156],[521,-58],[993,-261],[472,-59],[6960,378],[1560,484],[4579,3318],[3169,1530],[1245,990],[1206,1628],[303,755],[1249,1144],[2783,1864],[2127,403],[380,-50]],[[238810,529369],[37596,-75261],[-129521,-92931],[-605,-587]],[[146280,360590],[-6930,4641],[-8118,5444],[-8117,5443],[-8115,5442],[-9584,6423],[-9584,6423],[-9581,6422],[-9585,6427],[-9584,6422],[-9581,6426],[-9581,6421],[-9588,6425],[-9580,6421],[-9579,6426],[-9587,6420],[-9586,6425],[0,76193],[175,1485],[541,1042],[908,786],[6199,3376],[2178,1748],[2199,1228],[612,625],[1662,2950],[728,593],[1704,765],[798,478],[3210,3075],[3300,2251],[5456,2417],[1614,1132],[4422,4216],[5127,3466],[2959,2776],[2326,1205],[742,589],[2956,3000],[1654,729],[2265,-100],[2140,-367],[1082,-39],[1070,122],[1005,370],[5505,-316],[4399,4630],[5414,2314],[3724,385],[5415,-385],[8459,-3472],[4061,3857],[6770,772],[7107,1929],[3350,381],[3418,390],[7106,0],[6092,0]],[[622654,775679],[-14128,-2636],[-1644,181],[-1279,703],[-503,141],[-2405,164],[-1231,-162],[-172,-138],[-14894,-6759],[-1066,-1040],[-1842,-2399],[-961,-1005],[-1271,-785],[-1269,-208],[-1451,229],[-3959,1930],[-1248,427],[-2758,376],[-10330,-1007],[-5900,-1295],[-5590,-2015],[-17364,-3117]],[[485133,833041],[14786,10332],[783,897],[533,1375],[293,1129],[789,1548],[1225,1588],[2601,2704],[1749,1409],[1286,840],[6056,1770],[1126,586],[5155,4227],[4516,2514],[729,740],[397,618],[371,804],[428,352],[863,291],[3711,620],[2067,93]],[[534597,867478],[323,-2942],[-233,-687],[-405,-885],[-1359,-1420],[-663,-1212],[-398,-1771],[-376,-3111],[113,-1982],[420,-1457],[616,-768],[1038,-949],[601,-697],[481,-892],[382,-1322],[874,-4794],[330,-918],[631,-935],[1759,-1891],[743,-960],[623,-1056],[586,-1324],[157,-927],[-105,-881],[-1006,-2938],[-263,-1344],[8,-609],[383,-3049],[413,-732],[730,-350],[1344,-15],[3876,-433],[1669,31],[338,67],[173,258],[202,1330],[91,1677],[-188,5950],[75,656],[180,448],[285,245],[521,180],[4379,699],[2232,752],[691,380],[505,461],[458,1355],[360,697],[631,693],[3643,3173],[784,506],[675,120],[556,-137],[1128,-610],[473,-178],[706,-91],[2345,30],[1096,-435],[503,-568],[1166,-3206],[623,-4072],[405,-1275],[548,-1248],[3466,-5782],[19798,-21142],[18755,-15672],[1489,-1538],[1231,-1574],[1609,-3019],[2320,-5886],[513,-1823]],[[718193,934124],[6116,-1894],[901,25],[1068,143],[691,791],[435,185],[563,-114],[1332,-1162],[645,-375],[774,-187],[2449,-235],[406,-158],[490,-330],[188,-639],[7,-568],[-97,-686],[45,-672],[345,-691],[721,-135],[901,170],[2922,1062],[1076,128],[1081,-76],[1166,-307],[2353,-1720],[3440,-4503]],[[748211,922176],[248,-2693],[631,-2436],[-68,-850],[-203,-719],[-720,-1430],[-496,-639],[-693,-574],[-1021,-521],[-2592,-786],[-946,-449],[-948,-631],[-849,-739],[-886,-1163],[-255,-814],[113,-1677],[-240,-1791],[-38,-887],[203,-539],[555,-316],[646,204],[473,9],[270,-210],[0,-608],[-420,-767],[-1812,-1802],[-608,-930],[-601,-3693],[-1826,-2992],[-226,-696],[-90,-662],[-105,-2128],[60,-927],[338,-805],[1361,-2151],[1820,-3681],[262,-847],[406,-908],[-135,-453],[-1001,-1974],[-226,-958],[-7,-749],[165,-736],[413,-1272],[273,-579]],[[739436,872207],[-333,-491],[-323,-112],[-766,-174],[-878,66],[-821,195],[-713,347],[-480,373],[-1444,1647],[-788,703],[-624,740],[-375,947],[-37,898],[593,2948],[22,2295],[83,838],[150,578],[413,937],[105,425],[-83,843],[-488,750],[-893,1045],[-806,219],[-916,-141],[-1088,-380],[-2457,-435],[-1212,-2],[-795,-118],[-736,-244],[-1451,-795],[-428,-506],[-383,-998],[-113,-165],[-142,-59],[-901,119],[-175,-33],[-1119,-475],[-931,7],[-715,262],[-338,219],[-180,315],[-278,654],[-195,698],[-278,614],[-443,525],[-608,263],[-603,114],[-518,-109],[-413,-415],[-375,-730],[-714,-2003],[-300,-237],[-618,-370],[-893,43],[-894,730],[-528,549],[-1156,939],[-615,865],[-8,908],[804,1644],[60,898],[-608,1978],[217,486],[593,637],[1940,1585],[518,608],[315,616],[-45,633],[-353,187],[-698,94],[-1016,-6],[-4131,1507],[-1700,1449],[-563,200],[-473,-30],[-2997,-1017],[-2232,-1005],[-4179,-2486],[-3471,-819],[-203,-350],[368,-615],[1962,-1727],[278,-336],[300,-559],[113,-397],[22,-704],[-233,-444],[-585,-366],[-984,-366],[-475,-243],[-736,-485],[-705,-308],[-1069,-164],[-5635,-276],[-991,-280],[-1029,-492],[-1218,-763],[-1231,-506],[-1624,-165],[-1820,163],[-2424,533],[-2030,1220],[-3328,1541],[-1721,124]],[[664416,889027],[-458,-77],[-751,65],[-453,130],[-218,112],[-217,210],[-571,914],[-353,396],[-390,361],[-1046,660],[-1044,479],[-1218,377],[-1284,231],[-3613,270],[-473,199],[-318,284],[-165,330],[-98,431],[278,611],[746,846],[1839,1484],[1421,1582],[789,1149],[345,908],[565,2963],[135,1446],[-90,1976],[-257,1985],[-939,3280],[-15,452],[180,347],[331,151],[465,-88],[416,-220],[405,-321],[893,-990],[210,-168],[586,-275],[716,-110],[1126,524],[180,172],[405,500],[398,236],[783,328],[1119,124],[2893,-39],[863,-211],[761,-351],[803,-259],[863,165],[1774,1015],[1201,366],[1414,809],[5583,4575]],[[680931,919361],[1444,-28],[676,180],[713,342],[743,810],[378,739],[247,894],[166,1623],[112,623],[225,512],[383,428],[2458,1651],[870,422],[368,689],[293,769],[385,577],[668,264],[871,-231],[811,-422],[1271,-442],[503,-324],[503,-429],[586,-385],[1939,-773],[661,135],[505,654],[728,1547],[-315,617],[-638,432],[-776,248],[-480,332],[-225,509],[105,594],[352,619],[503,526],[686,498],[1584,933],[1054,352],[1103,69],[1609,-454],[1141,-690],[2030,-1532],[900,-228],[466,184],[7,691],[-195,467],[-22,472],[67,221],[1444,928]],[[709838,934974],[1914,-559],[558,-259],[1952,-452],[3931,420]],[[785774,909144],[-1175,-1077],[-4580,-1707],[-626,-593],[15,-612],[263,-618],[7,-816],[-308,-1867],[61,-815],[157,-841],[-67,-939],[-518,-1059],[-105,-878],[202,-856],[308,-938],[128,-1015],[-219,-1468],[-472,-1102],[-676,-1070],[-2885,-2975],[-1736,-2185],[-1472,-1366],[-1594,-2226],[-330,-656],[-120,-467],[52,-283],[98,-254],[60,-285],[22,-304],[-7,-634],[37,-294],[91,-264],[292,-455],[226,-502],[90,-264],[112,-565],[188,-517],[475,-987],[203,-169],[278,-45],[375,211],[143,256],[-8,272],[-210,499],[-82,270],[-68,903],[-45,286],[-68,277],[-120,245],[-150,221],[-180,201],[-130,214],[-8,357],[183,1043],[143,398],[172,324],[195,203],[256,119],[285,74],[315,163],[278,297],[323,633],[218,345],[255,183],[227,29],[766,-342],[315,-53],[654,-27],[330,-83],[278,-145],[217,-192],[168,-216],[98,-259],[37,-294],[-37,-1278],[15,-308],[37,-295],[68,-273],[96,-260],[256,-478],[150,-226],[106,-346],[67,-431],[-202,-2973],[29,-300],[61,-278],[727,-2092],[68,-369],[46,-474],[0,-795],[-122,-635],[-127,-449],[-1088,-2473],[-933,-1623],[-1779,-2386],[-926,-2090],[-180,-274],[-616,-605],[-188,-254],[-277,-543],[-941,-2577],[-473,-1749],[-841,-5160],[-1103,-3986],[-3339,-7510]],[[765965,838098],[-5732,990],[-2750,852],[-10445,5785],[-1449,1538],[-923,2731]],[[744666,849994],[465,1980],[-435,2890],[0,635],[172,726],[248,434],[706,2311],[735,3493],[233,1968],[68,1838],[405,2277],[-53,766],[-277,938],[-713,1780],[-383,508],[-278,219],[-375,136],[-428,67],[-633,11],[-796,-98],[-2420,-659],[-593,-67],[-878,60]],[[748211,922176],[894,-1280],[623,-1127],[498,-511],[690,-414],[1254,-237],[986,-64],[5875,767],[518,-120],[594,-368],[978,-1883],[751,-654],[1539,-18],[925,470],[774,708],[570,693],[548,371],[461,95],[2712,-363],[345,58],[158,168],[83,156],[45,145],[157,202],[203,32],[1059,-68],[895,-217],[1006,-476],[729,-659],[322,-1089],[-22,-1961],[265,-561],[825,94],[511,478],[466,828],[405,536],[543,275],[646,-196],[698,-474],[1233,-1638],[564,-183],[382,193],[458,338],[398,-37],[406,-417],[460,-1549],[218,-405],[405,-482],[1426,-906],[1084,-1282]],[[698242,970261],[731,-703],[270,-336],[353,-593],[195,-607],[38,-921],[-263,-1623],[83,-877],[480,-696],[706,-370],[940,-119],[931,14],[886,-75],[731,-571],[465,-981],[150,-2132],[-82,-3537],[-323,-1324],[-52,-1093],[600,-848],[728,-210],[881,43],[668,-125],[391,-538],[-218,-988],[-466,-576],[-543,-431],[-405,-460],[-22,-598],[505,-809],[586,-559],[315,-491],[105,-337],[45,-686],[188,-394],[563,-603],[773,-370],[671,-780],[315,-1108],[-518,-5328],[285,-859],[-90,-1688]],[[680931,919361],[-7432,1717],[-1299,728],[-735,700],[-356,1140],[-292,401],[-3359,1281],[-1058,620],[-671,541],[-262,331],[-286,511]],[[652912,960581],[3374,-222],[780,115],[1046,271],[683,368],[676,553],[360,475],[150,572],[30,557],[196,545],[483,525],[885,439],[331,365],[-23,361],[-383,374],[-1136,863],[-217,258],[-98,155],[-7,110],[75,118],[317,359],[2117,1110],[135,-17],[256,-67],[430,-156],[548,-128],[818,68],[451,363],[210,490],[90,685],[188,572],[573,656],[645,155],[571,30],[1151,-250],[480,-196],[368,-254],[713,-637],[1452,-1045],[278,-383],[37,-389],[-210,-441],[-435,-374],[-506,-322],[-105,-97],[-128,-220],[75,-305],[784,-995],[352,-548],[203,-608],[-7,-576],[-338,-1234],[7,-465],[954,-885],[713,-446],[1609,-301],[1051,140],[1264,435],[375,498],[105,713],[-38,620],[181,700],[285,471],[285,311],[473,311],[1579,686],[1782,346],[908,438],[1299,807],[255,204],[135,160],[145,332],[8,385],[-113,480],[-160,454],[-90,450],[-23,382],[68,735],[90,352],[138,316],[653,962]],[[685568,972220],[1103,-360],[256,-963],[67,-710],[293,-843],[460,-444],[563,-277],[518,-82],[578,6],[541,160],[423,272],[773,739],[443,305],[691,258],[525,-103],[1226,-771],[623,-160],[601,-13],[2990,1027]],[[735970,948764],[-413,16],[-758,-151],[-728,-253],[-1459,-771],[-1284,-1064],[-693,-831],[-323,-1101],[120,-1692],[-22,-852],[-278,-857],[-833,-855],[-1369,-874],[-2502,-1023],[-3088,-872],[-2180,-382],[-946,-271],[-570,-343],[-346,-540],[-142,-429],[37,-1495]],[[698242,970261],[1864,422],[586,-77],[918,-228],[744,-363],[1111,-390],[1173,-30],[1697,134],[948,307],[563,486],[255,569],[503,647],[731,476],[1787,704],[971,146],[765,-59],[1674,-476],[2555,-235],[1910,-410],[1534,-146],[863,40],[555,166],[293,308],[278,372],[330,315],[1084,415],[1298,712],[408,10],[293,-151],[270,-681],[211,-267],[427,-210],[6274,-1140]],[[820812,937957],[-1865,694],[-375,202],[-480,334],[-596,603],[-285,63],[-218,-53],[-188,-154],[-135,-89],[-444,-229],[-329,-93],[-1774,-114],[-323,-75],[-563,-223],[-1527,-298],[-2081,-137],[-1682,-351],[-533,-228],[-331,-197],[-242,-216],[-127,-266],[-188,-573],[-120,-269],[-143,-236],[-195,-203],[-444,-333],[-1834,-860],[-510,-361],[-187,-179],[-308,-377],[-496,-756],[-971,-1159]],[[801318,931824],[-3373,3177],[-810,515],[-949,431],[-1223,59],[-744,-440],[-496,-668],[-302,-772],[-405,-626],[-880,-742],[-209,-488],[-46,-654],[-142,-693],[-383,-453],[-895,-176],[-3118,137],[-646,353],[-758,1804],[-421,729],[-798,416],[-1967,516],[-738,363],[-735,545],[-1677,1831],[-923,812],[-1457,1976],[-2096,4261],[45,2617]],[[775172,946654],[974,42],[557,87],[505,281],[361,454],[585,1149],[466,551],[645,408],[3141,624],[948,60],[638,133],[563,299],[712,917],[454,313],[4845,1549],[4824,2239],[1677,118],[833,185],[901,387],[752,559],[271,1095],[-255,842],[-533,805],[-317,573],[-92,558],[-36,578],[-91,458],[-676,1716],[76,326],[346,18],[1968,-579],[1375,98],[5636,2859]],[[807225,966356],[737,-1400],[203,-2552],[278,-370],[494,-107],[812,145],[723,206],[676,273],[697,370],[631,452],[513,488],[991,1349],[691,709],[836,620],[436,236]],[[815943,966775],[-2,-34],[1983,-748],[4204,-505],[936,-444],[916,-233],[745,-420],[411,-1016],[95,-1057],[-75,-2279],[-180,-1050],[-2293,-5922],[-230,-2279],[230,-1094],[361,-1025],[125,-994],[-441,-1044],[-545,-916],[-1021,-4062],[-155,-3040],[-195,-656]],[[584076,925889],[2780,-4371],[618,-711],[3470,-2733],[729,-397],[1158,-831],[5816,-5066],[465,-579],[285,-718],[60,-1031],[-105,-906],[-225,-873],[-353,-668],[-383,-456],[-437,-433],[-301,-482],[-112,-555],[105,-849],[468,-2101],[0,-786],[-221,-639],[-465,-546],[-8798,-7012],[150,-553],[2232,-4386],[488,-773],[368,-125],[525,87],[1782,770],[623,83],[345,-179],[68,-494],[-225,-504],[-413,-530],[-488,-522],[-420,-546],[-233,-464],[-45,-293],[15,-195],[30,-102],[225,-616],[653,-1370],[203,-597],[37,-599],[-240,-1107],[-15,-585],[150,-680],[271,-711],[502,-777],[716,-598],[916,-609],[315,-406],[128,-539],[82,-702],[226,-826],[595,-845],[826,-372],[863,-21],[1594,397],[789,26],[7304,-1556],[405,-221],[248,-370],[45,-637],[-105,-1703],[7,-958],[128,-1075],[2105,-7045],[728,-1556],[2434,-3250],[316,-884],[150,-1014],[7,-994],[-75,-1019],[30,-854],[436,-968],[1008,-1078],[4154,-2622],[736,-724],[1361,-1806],[781,-497]],[[624471,842052],[120,-1417],[-60,-498],[-270,-875],[60,-388],[360,-463],[753,-586],[984,-376],[1609,-389],[548,-328],[330,-564],[180,-635],[893,-5595],[368,-1472],[303,-548],[1021,-1033],[2142,-1642],[34630,-19592]],[[668442,805651],[-5508,-7218]],[[662934,798433],[-1096,-5753],[-1564,-5308],[1219,-22118]],[[661493,765254],[-38839,10425]],[[534597,867478],[593,4605],[3346,3565],[1028,1616],[2262,5606],[796,1509],[142,78],[3411,889],[731,353],[405,448],[-172,620],[-609,696],[-10512,7909],[-375,372],[-175,412],[45,591],[257,721],[-127,789],[-273,734],[-661,1332],[-330,505],[-338,219],[-893,168],[-438,136],[-878,480],[-376,332],[-292,439],[-53,6060]],[[531111,908662],[9294,2979],[2390,450],[112,-47],[3684,-2678],[698,-338],[825,-213],[819,31],[836,230],[780,393],[721,637],[580,709],[819,1370],[232,334],[548,621],[864,808],[5728,4210],[510,536],[248,505],[120,650],[7,765],[-202,1606],[-15,472],[75,1101],[-60,545],[-451,1534],[-180,831],[0,803],[315,616],[421,212],[623,122],[856,66],[1466,323],[1021,-211],[633,-534],[255,-594],[353,-1306],[263,-620],[360,-494],[931,-619],[285,-325],[203,-526],[348,-1488],[450,-402],[789,-214],[4659,776],[886,470],[518,465],[420,782],[693,2925],[526,898],[683,611],[503,106],[408,-229],[623,-1191],[390,-568],[541,-481],[765,-277],[724,-112],[2072,202]],[[529367,915316],[1744,-6654]],[[444265,889193],[1043,2664],[2510,3139],[1301,2883],[564,991],[660,794],[668,485],[701,370],[705,271],[668,158],[481,14],[768,-103],[1742,-613],[693,-331],[661,-159],[698,91],[1141,613],[866,863],[2307,2867],[510,921],[113,643],[-345,355],[-1677,948],[-503,465],[-270,357],[248,1026]],[[460518,908905],[967,-302],[497,-91],[385,-14],[367,128],[361,292],[188,608],[-144,839],[99,386],[291,477],[3360,3432],[510,322],[408,145],[571,39],[381,-128],[279,-151],[278,-277],[210,-137],[195,-6],[271,134],[-61,406],[-360,389],[-255,399],[67,372],[376,188],[1406,29],[2291,1386],[1833,569],[2547,1426],[1001,300],[1907,92]],[[480744,920157],[1166,-1362],[488,-198],[616,-79],[518,324],[315,538],[423,1644],[292,786],[451,594],[615,98],[624,-183],[699,-322],[1278,-223],[2727,-1156],[615,-422],[405,-455],[214,-595],[187,-1253],[316,-631],[443,-72],[668,171],[926,339],[1193,181],[834,-513],[1586,-1697],[1238,-861],[1137,-139],[668,332],[555,1116],[420,349],[376,-90],[318,-332],[255,-499],[270,-278],[556,-283],[788,-95],[5515,217],[4367,910],[4899,166],[496,-214],[248,-551],[45,-544],[179,-405],[465,-14],[1625,601],[2247,294],[4357,-35]],[[790854,976236],[2289,-312],[528,-311],[1614,-1286],[518,-616],[331,-578],[272,-852],[346,-557],[645,-431],[8753,-3402],[436,-271],[188,-229],[67,-126],[135,-415],[249,-494]],[[775172,946654],[-1700,878],[-2449,203],[-796,-160],[-496,-285],[-150,-574],[-165,-1651],[-588,-988],[-1013,-675],[-1955,-847],[-1321,-393],[-1324,-195],[-608,264],[-247,448],[-98,471],[-240,452],[-503,502],[-571,442],[-408,519],[-247,739],[-128,777],[-98,1159],[-165,445]],[[777996,979699],[3516,-1826],[383,-516],[391,-749],[-15,-1188],[150,-540],[265,-261],[751,-183],[263,-112],[833,-471],[705,-266],[693,-126],[721,-38],[1414,172],[510,154],[466,237],[449,381],[398,449],[965,1420]],[[588817,977625],[1489,-2539],[105,-608],[-15,-462],[-548,-327],[-295,-275],[-803,-1150],[-420,-456],[-533,-349],[-639,-235],[-5214,-911],[-664,-315],[-472,-440],[-353,-485],[-533,-1074],[-518,-1323]],[[579404,966676],[-1835,-419],[-1216,-75],[-813,-349],[-405,-401],[-241,-630],[-352,-646],[-984,-852],[-1218,-576],[-1707,-593],[-2357,-1415],[-1369,-1011],[-818,-415],[-571,-174],[-640,80],[-774,328],[-780,643],[-503,858],[-401,841],[-413,550],[-675,120],[-541,-373],[-1113,-1155],[-706,-545],[-766,-468],[-1008,-223],[-931,6],[-1088,145],[-4795,-387],[-1096,121]],[[549288,959661],[-408,1600],[-233,224],[-217,63],[-1209,-605],[-1384,-240],[-2397,-864],[-863,-128],[-413,370],[-128,702],[-150,202],[-473,252],[-285,244],[-243,288],[-548,1068]],[[566915,978811],[1383,-393],[188,-220],[210,-379],[23,-242],[-8,-320],[15,-345],[105,-306],[293,-555],[571,-335],[720,-223],[663,34],[556,153],[570,298],[2300,409],[2322,1049]],[[576826,977436],[2803,1219],[1742,280],[1488,65],[841,-168],[481,-340],[172,-317],[221,-242],[2304,-972],[498,-32],[428,114],[1013,582]],[[790854,976236],[705,1220],[1329,1555],[873,1757],[278,400],[503,332],[1035,335],[256,394],[134,630],[99,5167],[145,351],[120,177],[323,92],[206,83]],[[796860,988729],[1749,-1193],[2739,-758],[2032,-268],[6854,1548],[1115,540],[970,795],[6786,3107],[871,-519],[851,-824],[937,-431],[2188,103],[1099,-103],[875,-413],[717,265],[619,-256],[619,-463],[693,-333],[1670,-146],[1664,146],[5052,1940],[29,10],[153,-1461],[-40,-666],[165,-566],[1662,-2330],[-40,-672],[-866,-566],[-3358,-1238],[-1667,-317],[-1812,113],[-1872,-208],[-1496,-679],[-310,-877],[1691,-817],[976,-1125],[-415,-1941],[-1107,-1933],[-1085,-1103],[-5861,-3269],[-3127,-1085],[-1397,-814],[-1141,-1278],[-99,-1869]],[[708679,525170],[24090,-19268],[2938,-2862],[1624,-4440],[1074,-6696],[-1937,-1655],[-13015,-5109],[-12001,-11663],[-3613,-2651],[-3051,-2725],[-1691,-2789],[-1051,-4687],[1193,-6548],[5328,-18815],[142,-397],[241,-469],[460,-662],[2042,-2159],[9506,-7466],[1772,-1779],[918,-1601],[458,-1545],[173,-1072],[23,-720],[-46,-526],[-217,-875],[-4014,-9788],[-368,-1282],[-202,-1183],[-106,-1766],[98,-878],[180,-619],[225,-325],[256,-250],[317,-234],[5048,-2541],[377,-305],[10225,-14011],[596,-623],[337,-290],[436,-292],[5207,-2267],[1261,-760],[1527,-722],[11946,-3415],[713,-1444],[536,-2425],[540,-10385],[5493,-7094],[1426,-1460],[738,-1141],[488,-961],[210,-585],[128,-635],[-7,-610],[-38,-497],[-90,-474],[-188,-519],[-232,-462],[-2165,-3196],[-255,-473],[-924,-2585],[-97,-360],[-115,-604],[15,-5942],[1008,-4357],[330,-748],[563,-769],[881,-801],[3126,-2187],[788,-824],[668,-860],[1339,-2514],[1449,-1898],[548,-861],[340,-401],[293,-270],[886,-606],[870,-820],[277,-214],[289,-165],[2169,-834],[1887,-291],[1977,159],[330,-13],[301,-65],[255,-106],[443,-299],[851,-819],[285,-205],[308,-138],[569,-175],[263,-114],[279,-164],[683,-584],[295,-201],[300,-121],[300,-2],[631,56],[316,-20],[270,-87],[880,-581],[331,-267],[1254,-1325],[458,-619],[563,-570],[2074,-1302],[232,-104],[1122,-350],[338,-187],[52,-40],[2974,-3184],[564,-482],[994,-525],[434,-311],[1090,-1214],[555,-487],[1497,-994],[232,-124],[143,-56],[3156,-595],[2404,-103],[1264,-216],[3628,-1187],[1766,-1188],[774,-345],[300,-65],[1029,-70],[293,-82],[240,-132],[1481,-1402],[308,-201],[4457,-1420],[3936,-462],[1241,34],[487,-48],[579,-136],[330,-218],[376,-355],[579,-722],[564,-919],[2090,-4708],[1156,-1837],[1291,-1669],[1375,-1467],[489,-392],[338,-141],[668,-115],[145143,-69],[14,0]],[[987471,277318],[5431,-11562],[3394,-7208],[3703,-7875],[-3293,-2218],[-6591,-4429],[-3293,-2212],[-3298,-2215],[-3298,-2214],[-3290,-2212],[-3298,-2214],[-6585,-4430],[-3298,-2212],[-6586,-4432],[-3298,-2215],[-3298,-2214],[-3298,-2215],[-3293,-2212],[-3299,-2215],[-3298,-2216],[-3293,-2212],[-6591,-4426],[-3288,-2214],[-3298,-2214],[-3298,-2218],[-3293,-2214],[-3293,-2213],[-3298,-2213],[-3294,-2216],[-3293,-2214],[-3297,-2212],[-3293,-2215],[-3294,-2216],[-6591,-4425],[-6591,-4433],[-3293,-2214],[-3298,-2212],[-3294,-2216],[-3293,-2212],[-3297,-2215],[-6586,-4429],[-3298,-2211],[-3299,-2216],[-3293,-2214],[-6591,-4432],[-3298,-2216],[-3293,-2210],[-3299,-2216],[-3292,-2214],[-3293,-2213],[-3298,-2213],[-3298,-2214],[-3288,-2216],[-3299,-2212],[-3298,-2214],[-3288,-2217],[-3298,-2216],[-3298,-2212],[-3289,-2216],[-3297,-2214],[-6346,-4259],[-4799,-4465],[-3454,-3212],[-3458,-3217],[-3458,-3212],[-7212,-6708],[-1827,-1757],[-2792,-2738],[-3053,-2996],[-6101,-5983],[-3058,-2991],[-3050,-2995],[-3053,-2993],[-3058,-2994],[-3042,-2993],[-3058,-2994],[-3053,-2993],[-3053,-2992],[-3053,-2995],[-6106,-5986],[-3057,-2993],[-3053,-2994],[-3814,-3733],[-2097,-1592],[-2177,-889],[-6241,-1364],[-4824,-1052],[-10605,-2315],[-10605,-2316],[-4824,-1052],[-9139,-1998],[-9134,-1995],[-9133,-1998],[-9134,-1995],[-8282,-1756],[-8283,-1755],[-4659,-986]],[[603967,4703],[0,106],[-391,82055],[-1489,12632],[-3575,5525],[-5058,5002],[-106734,66722],[-2421,3269],[-917,1821],[345,180549],[-98,795],[-285,515],[-632,599],[-8189,6448],[-609,1170],[-359,1545],[705,5384],[-150,3200],[-165,1196],[-294,1094],[-381,1032],[-491,963],[-7617,10680],[-4119,4000],[-549,795],[-96,734],[494,1180],[947,1243],[445,341],[2207,1130],[3540,1334],[3284,2497],[398,226],[420,144],[3531,267],[2668,-384],[730,64],[1765,627],[423,49],[6678,-56],[533,69],[3916,1189],[1374,721],[833,603],[1302,1483],[3027,4338],[391,328],[323,151],[573,162],[5054,793],[345,141],[228,158],[3088,3314],[1508,1341],[2083,2334],[924,1343],[543,1281],[367,1360],[6109,69821],[2674,11966],[646,11118],[-2652,30071]],[[521117,555281],[43903,4811]],[[565020,560092],[40170,-31881],[45273,-4639],[58216,1598]],[[596129,935361],[30,-669],[233,-1167],[-143,-505],[-262,-512],[-661,-866],[-153,-996],[-292,-291],[-1892,-697],[-1099,-857],[-202,-646],[127,-790],[563,-1331],[221,-763],[90,-850],[-68,-1812],[-220,-721],[-398,-349],[-946,706],[-563,596],[-458,704],[-475,959],[-608,1007],[-2323,2884],[-563,381],[-465,134],[-488,-317],[-323,-350],[-715,-2354]],[[529367,915316],[548,2537],[-315,529],[-586,584],[-1729,658],[-833,521],[-969,1087],[-443,953],[-105,782],[218,593],[541,525],[773,282],[863,140],[881,373],[781,618],[3380,6780]],[[532372,932278],[2082,2633],[3096,2713],[630,789],[393,740],[353,1316],[248,709],[345,486],[398,409],[5035,3018],[457,724],[631,1443],[603,1020],[1577,1364],[225,551],[-68,408],[-285,204],[-383,96],[-1654,4],[-818,406],[-331,-14],[-352,-185],[-1046,-877],[-301,-128],[-187,-23],[-113,56],[-143,122],[-367,455],[-233,474],[-293,442],[-788,647],[-130,266],[-120,431],[52,881],[183,498],[308,364],[623,578],[473,591],[315,291],[420,185],[2961,62],[843,286],[818,491],[818,770],[413,608],[183,397],[45,682]],[[579404,966676],[2847,-1137],[1006,-594],[916,-853],[1144,-1396],[848,-564],[563,-115],[693,750],[466,341],[1576,627],[453,113],[428,-8],[1171,-431],[601,-124],[483,-320],[240,-603],[22,-1102],[135,-971],[834,-1398],[105,-578],[-346,-551],[-923,-801],[-228,-326],[-22,-549],[97,-976],[754,-2230],[187,-1049],[38,-1547],[-563,-4825],[-30,-1455],[127,-1569],[706,-2850],[2397,-4224]],[[765965,838098],[3226,-1632],[3328,-946],[2735,-306],[10197,300],[51,0]],[[785502,835514],[-1054,-1033],[-666,-1494],[-150,-4068],[-1007,-5538],[246,-2146],[661,-3038],[335,-945],[1390,-2573],[497,-2869],[415,-1408],[3078,-5122],[3709,-6172],[730,-2167],[70,-7545],[741,-2580],[1246,-1310],[1782,-517],[2322,-208],[1767,-574],[5365,-3715],[941,-467],[991,-294],[1015,-68],[1011,219],[1081,-635],[4580,-6868],[4913,-7366],[656,-1764],[656,-7757],[466,-5700],[565,-1819],[1392,-1469],[5940,-3655],[7733,-5417],[10129,-7087],[8153,-5706],[670,-778],[545,-1044],[887,-3956]],[[859303,718861],[-10,0],[-84707,115],[-6967,779],[-6733,2018],[-4912,4943],[-3804,5340],[-5981,10416],[-2111,4625],[-10603,35651],[-4176,8823],[-8986,3279],[-57379,3583]],[[668442,805651],[4667,7536],[2555,3154],[2082,2049],[608,1089],[405,1257],[1887,11722],[-45,2724],[-150,1192],[-481,2035],[-783,1910],[-511,933],[-1508,2095],[-1775,2047],[-3433,2825],[-255,288],[-180,415],[112,675],[203,691],[353,677],[345,520],[526,489],[563,316],[1984,739],[871,439],[543,553],[105,764],[-68,899],[316,752],[262,300],[196,85],[172,-47],[3013,-1324],[4629,-1386],[25247,-3030],[9431,1878],[878,-31],[7702,-1983],[2810,-1241],[488,-511],[353,-596],[518,-539],[738,-505],[916,-410],[713,-214],[1039,-175],[1531,27],[1534,272],[1742,618],[1691,998],[1685,1372]],[[454522,949917],[-1083,-1097],[-541,-910],[-570,-723],[-1730,-1489],[-330,-486],[-533,-1179],[-390,-420],[-661,-328],[-1256,-385],[-450,-257],[-263,-319],[-105,-648],[30,-1264],[-60,-387],[-135,-433],[-53,-548],[-8,-519],[-105,-402],[-232,-265],[-567,-264],[-434,-96],[-1337,-134],[-427,52],[-461,-122],[-519,-323],[-622,-1116],[-263,-622],[-142,-642],[30,-288],[150,-179],[382,-198],[195,-129],[121,-118],[38,-152],[-24,-220],[-682,-2824],[-174,-421],[-352,-506],[-535,-597],[-991,-880],[-707,-456],[-720,-181],[-828,87],[-420,-2],[-360,-101],[-571,-284],[-593,-389],[-1511,-1285],[-503,-651],[-601,-416],[-769,-679],[-314,-882]],[[431536,922840],[-1917,-25],[-391,-105],[-549,-214],[-262,-190],[-442,-233],[-180,32],[-188,217],[-766,2330],[-243,508],[-442,720],[-406,244],[-263,70],[-435,-213],[-1421,-900],[-1435,-567],[-2256,-610],[-946,-139],[-437,44],[-260,53],[-189,148],[-235,146],[-1867,840],[-330,345],[-110,342],[67,290],[8,256],[-108,188],[-120,143],[-133,134],[-140,194],[-130,226],[-72,205],[-48,368]],[[414890,927687],[33,277]],[[414923,927964],[1483,309],[2159,1043],[2006,1367],[1529,1392],[1716,3231],[494,1391],[1640,3488],[406,1277],[67,620],[169,342],[402,267],[481,240],[409,278],[2334,2291],[838,552],[3099,989],[532,350],[224,365],[1064,635],[398,337],[170,487],[232,1306],[229,467],[859,437],[1182,227],[2127,92],[1112,196],[820,500],[720,625],[3560,2235],[1836,501],[835,681],[745,759],[816,529],[930,207],[3738,285]],[[616032,989125],[-89,-1866],[-188,-744],[-375,-753],[-1407,-1771],[-1201,-1239],[-825,-329],[-641,-137],[-450,-222],[-91,-427],[121,-408],[270,-478],[408,-590],[810,-837],[53,-399],[-285,-448],[-828,-769],[-473,-583],[-571,-484],[-563,-189],[-963,51],[-1532,517],[-525,117],[-488,-102],[-446,-606],[-262,-524],[-383,-481],[-473,-120],[-421,69],[-262,224],[-218,292],[-315,219],[-438,50],[-451,-38],[-413,-103],[-360,-174],[-308,-461],[-135,-395],[-90,-1831]],[[601224,973156],[-3270,-559],[-721,-7],[-451,169],[-172,387],[157,485],[361,599],[1339,1692],[195,501],[-53,406],[-225,330],[-398,246],[-941,399],[-563,143],[-608,76],[-783,-185],[-1869,-753],[-1474,-103],[-2931,643]],[[576826,977436],[-2697,3116],[-40,57]],[[574089,980609],[295,11],[1505,804],[521,774],[236,816],[59,1442],[508,40],[3157,-1341],[1817,-444],[5820,-311],[958,120],[1867,517],[1005,118],[517,149],[370,343],[299,368],[304,233],[477,78],[1036,-105],[497,27],[1820,850],[2897,2718],[1568,991],[4146,1200],[2246,238],[1876,-310],[1726,-1011],[764,-117],[524,62],[1045,256],[1694,47],[389,-47]],[[603967,4703],[-3619,-767],[-8278,-1756],[-5074,-1073],[-5,0],[-3924,-1037],[-1241,-70],[-711,118],[-485,219],[-1136,776],[-2853,3054],[-2237,1044],[-1026,638],[-961,800],[-866,926],[-810,1254],[-70,995],[440,980],[716,1216],[370,1077],[245,500],[651,457],[1051,1183],[215,942],[240,2142],[441,1009],[900,832],[1026,605],[886,751],[476,1263],[-125,1218],[-521,886],[-616,822],[-425,1013],[10,524],[265,1096],[30,356],[-205,478],[-250,215],[-260,172],[-256,330],[-620,2022],[-55,2132],[896,11129],[-196,757],[-675,704],[-756,397],[-1751,564],[-801,402],[-2803,2410],[-6131,2913],[-13277,3011],[-2657,119],[-4420,926],[-525,43],[-941,231],[-1747,1030],[-940,403],[-1172,287],[-740,292],[-566,598],[-1962,3877],[-1536,2347],[-1787,2085],[-2972,2547],[-841,542],[-891,253],[-1021,-197],[-1121,-783],[-1972,-2018],[-1271,-602],[-721,98],[-3048,1154],[-485,329],[-375,360],[-411,274],[-575,84],[-681,-210],[-821,-828],[-525,-278],[-1067,38],[-365,683],[-171,1043],[-469,1131],[-756,623],[-781,60],[-870,-127],[-1051,70],[-1021,520],[-5762,5144],[-479,806],[40,4135],[-295,1967],[-982,1577],[-3097,2554],[-1907,1075],[-1787,311],[-856,602],[-886,288],[-1951,347],[-2092,700],[-826,630],[-746,1037],[-1016,1920],[-670,594],[-1131,328],[-1021,-23],[-1928,-448],[-1025,-18],[-1101,161],[-676,294],[-355,699],[-130,1368],[35,1085],[1075,4973],[612,6032],[-106,1215],[-901,3543],[-620,1115],[-5675,4229],[-4199,3129],[-4195,3127],[-4193,3125],[-4199,3124],[-4194,3129],[-4194,3129],[-4196,3128],[-4195,3127],[-4198,3124],[-8388,6250],[-4196,3128],[-8393,6256],[-4197,3125],[-4195,3127],[-4195,3125],[-4197,3129],[-4193,3129],[-4199,3127],[-4197,3125],[-4193,3124],[-4197,3125],[-4194,3129],[-4199,3129],[-4194,3125],[-4194,3129],[-4196,3124],[-4199,3124],[-8388,6260],[-4194,3123],[-4199,3127],[-4194,3125],[-4196,3124],[-8393,6259],[-4191,3127],[-4197,3127],[-4196,3123],[-4199,3127],[-4194,3129],[-4194,3126],[-4196,3126],[-4197,3127],[-4195,3125],[-4196,3128],[-4193,3129],[-3866,2875],[-3856,2877],[-3859,2878],[-3861,2873],[-3861,2875],[-3861,2875],[-3855,2877],[-3860,2875],[-3857,2879],[-3861,2878],[-3863,2873],[-3857,2875],[-3861,2876],[-3855,2875],[-3861,2877],[-3860,2875],[-5379,4013],[-3696,2632],[-3695,2630],[-3693,2633],[-3694,2633],[-19,18],[-8405,5905],[-8405,5911],[-8405,5907],[-8409,5909],[-5859,3930],[-1188,796]],[[521409,700008],[-661,-44093],[-6212,-42216],[6581,-58418]],[[685568,972220],[-881,631],[-1179,339],[-247,251],[-23,248],[218,270],[150,343],[60,237],[-338,1423],[-56,301]],[[683272,976263],[281,74],[1501,0],[229,137],[611,691],[335,271],[1938,690],[962,665],[666,2003],[650,849],[859,690],[875,412],[2128,578],[902,431],[1738,1430],[1127,376],[1214,59],[3342,-642],[1986,64],[8149,1692],[7744,2690],[1872,1042],[588,778]],[[488784,930876],[-360,-1381],[-1306,-1571],[-746,-637],[-676,-370],[-683,-58],[-1339,472],[-683,133],[-788,-233],[-383,-611],[-203,-828],[-7,-1762],[-113,-985],[-753,-2888]],[[460518,908905],[-2255,391],[-2675,1125],[-3185,463],[-759,357],[-520,427],[-413,458],[-1036,686],[-736,90],[-873,-95],[-999,-258],[-864,27],[-872,476],[-1510,1355],[-1270,827],[-1096,257],[-1121,83],[-848,-50],[-1720,-421],[-700,-48],[-1186,158],[-683,566],[-574,893],[-367,1064],[-406,2079],[-518,1526],[-1796,1499]],[[358765,731515],[771,5045],[648,1991],[483,977],[783,994],[788,399],[2007,281],[1797,717],[1606,1186],[2808,3033],[-751,1249],[-13535,10039],[-3075,1096],[-1589,1304],[-6559,10555],[2055,1427],[362,377],[286,458],[200,519],[112,566],[153,1207],[15,1288],[-313,1144],[-815,760],[-1412,986],[-1253,1112],[-1001,1359],[-656,1733],[-871,1577],[-2452,2283],[-443,1815],[8,5430],[503,1401],[663,1388],[908,3078],[726,1033],[613,1503],[-223,1819],[-2182,4981],[-525,653],[-846,598],[-1679,573],[-744,490],[-292,871],[220,849],[468,558],[563,469],[490,589],[368,815],[35,608],[-510,1610],[-438,2713],[162,2590],[2258,8892],[120,1105],[-119,708]],[[339461,834316],[669,448],[8638,4988],[1762,452],[661,62],[1466,-80],[2372,121],[1096,-131],[3268,332],[511,111],[370,147],[678,488],[613,574],[235,166],[2943,1223],[556,337],[876,656]],[[366175,844210],[1266,-724],[655,-292],[844,-189],[1043,98],[1411,355],[598,0],[526,-186],[926,-559],[758,-569],[951,-464],[1108,-291],[3676,-279],[2222,356],[1247,464],[1116,631],[3043,2273],[2011,1219],[961,352],[944,147],[950,-43],[1009,-248],[912,-451],[745,-549],[675,-818],[371,-545],[765,-2005]],[[859303,718861],[130,-579],[1381,-6075],[1366,-6075],[1377,-6071],[1371,-6075],[1371,-6074],[1375,-6072],[1368,-6075],[1381,-6072],[1371,-6076],[1372,-6075],[1371,-6072],[1376,-6075],[1376,-6073],[1371,-6071],[1372,-6075],[1371,-6076],[-11290,-6169],[1135,-1808],[2881,-3399]],[[874129,609724],[-107651,-65316],[-10129,1600],[-7252,-5],[-17746,-7561],[-22672,-13272]],[[565020,560092],[17359,10102],[2570,3217],[3974,15012],[2269,3134],[3539,4095],[5905,5272],[3924,6982],[12013,86303],[2916,13129],[4404,10075],[3913,7232],[1910,5256],[1796,3078],[714,941],[1211,1283],[6949,4377],[9514,8628],[11593,17046]],[[820812,937957],[-1027,-3452],[-280,-4392],[211,-2341],[575,-1930],[2367,-3611],[825,-1806],[176,-1699],[476,-4607],[-15,-1631],[-1737,-3913],[-525,-1926],[-100,-2016],[310,-2263],[1116,-1964],[1832,-837],[2016,-587],[1667,-1211],[-480,-1085],[-2928,-4203],[-2287,-2366],[-641,-1952],[-852,-4066],[-1155,-2945],[-490,-2136],[90,-2054],[900,-5568],[-135,-749],[-445,-582],[-1557,-1549],[-570,-824],[-135,-860],[1250,-1850],[-369,-619],[-1743,-1033],[-304,-450],[-340,-961],[-211,-379],[-385,-372],[-1142,-653],[-1994,-1676],[-407,-342],[-4600,-1986],[-2021,-1366],[-4199,-1740],[-1892,-1297],[-951,-1939],[-1822,-6529],[-435,-898],[-607,-692],[-916,-462],[-3076,-469],[-1882,-893],[-1326,-1305],[-1187,-1490],[-1953,-1917]],[[785774,909144],[11165,8050],[758,284],[795,157],[777,246],[833,500],[150,791],[-181,1019],[-757,2332],[-159,1225],[107,1468],[1875,4081],[121,456],[-150,657],[-15,328],[15,192],[210,894]],[[601224,973156],[1366,-2196],[1474,-1162],[1269,-788],[1594,-1444],[1809,-981],[2292,-779],[12114,-451],[766,171],[1549,624],[713,-35],[2052,-543],[878,-8],[2022,439],[961,-294]],[[632083,965709],[458,-907],[993,-1132],[173,-540],[-60,-453],[-165,-382],[-150,-551],[-53,-673],[150,-824],[-112,-418],[-281,-278],[-608,-271],[-608,-400],[-443,-468]],[[618205,941226],[-1864,-4526],[-286,-2088],[106,-773],[-15,-856],[-323,-492],[-623,-219],[-811,241],[-1827,911],[-660,167],[-641,-54],[-751,-315],[-1614,-980],[-941,-285],[-1058,46],[-949,387],[-713,584],[-540,587],[-473,423],[-556,302],[-610,225],[-563,269],[-969,858],[-210,119],[-1406,127],[-3779,-523]],[[564967,984601],[1417,-179],[1632,-923],[1265,-1303],[1348,-1076],[1856,-566],[1604,55]],[[632083,965709],[2697,876],[676,379],[458,202],[175,137],[3606,3698],[465,706],[669,1537],[1961,2893],[293,738],[68,733],[-240,461],[-353,319],[-428,192],[-496,149],[-505,215],[-458,269],[-308,423],[-52,375],[157,697],[451,435],[573,304],[645,100],[533,-68],[1179,-454],[520,-67],[488,261],[271,510],[300,1228],[75,568],[-68,479],[-195,418],[-1992,2740],[-292,612],[-106,875],[-86,384]],[[642764,989033],[1520,62],[3637,-288],[3440,379],[875,-144],[7882,-3070],[890,-780],[260,-372],[584,-101],[669,2],[473,-59],[347,-280],[426,-681],[189,-202],[812,-357],[953,-277],[997,-147],[903,27],[-970,-2689],[260,-874],[1368,-960],[5686,-2674],[1608,-376],[1710,-61],[3295,437],[2694,715]],[[874129,609724],[2529,-2984],[6197,-9184],[5714,-10707],[3836,-13240],[3836,-13241],[1071,-8434],[146,-10471],[-1161,-9237],[-2438,-19376],[626,-3209],[7072,-18915],[-80,-2172],[-144,-482],[-3289,-11005],[-811,-1101],[-1361,-750],[-1191,-883],[155,-1149],[705,-1235],[481,-1151],[-385,-1058],[-2087,-2334],[-691,-1170],[-641,-3250],[-800,-2177],[-226,-895],[-25,-917],[4104,-14721],[941,-5771],[465,-1081],[531,-498],[2167,-1235],[766,-669],[190,-792],[-1216,-5879],[-140,-1921],[555,-1536],[110,-1169],[-2022,-7087],[-910,-1113],[-17101,-8370],[-61,-1101],[-180,-941],[-425,-802],[-1652,-1603],[-886,-2193],[-675,-888],[-1196,-2607],[1131,-3065],[6786,-9771],[7392,-10646],[5946,-8555],[7397,-10657],[1861,-3531],[651,-3498],[199,-7265],[216,-7800],[100,-7657],[606,-1475],[7207,-4399],[911,-1493],[850,-5128],[606,-1923],[876,-1019],[6365,-5335],[907,-370],[1921,200],[11001,4247],[1051,124],[1046,-210],[9233,-3190],[11556,-3983],[15362,-5299],[2004,-690],[1587,-901],[1246,-1693],[3358,-7129],[3567,-7591]],[[412430,891214],[-770,1633],[-654,821],[-943,888],[-140,411],[22,329],[176,215],[180,166],[105,237],[60,337],[-41,740],[56,480],[105,361],[150,235],[115,239],[162,924],[273,1045],[-19,673],[-449,359],[-372,231],[-7537,2692],[-536,44],[-342,-197],[-754,-783],[-646,21],[-1005,259],[-1649,616],[-678,473],[-232,429],[805,984],[530,790],[47,799],[-266,350],[-244,113],[-851,-202],[-970,-358],[-1110,-288],[-988,-113]],[[394020,907167],[166,469],[1116,651],[448,433],[405,799],[30,915],[-37,330],[35,303],[120,197],[280,188],[585,237],[1189,354],[498,413],[360,551],[271,505],[130,318],[260,1028],[290,596],[537,661],[2756,1976],[716,650],[661,851],[470,1232],[476,551],[855,402],[711,120],[483,14],[1093,-82],[824,328],[823,633],[2337,2945],[1982,1952]],[[772111,999009],[182,-72],[205,-203],[197,-95],[304,207],[350,398],[213,124],[245,24],[465,-154],[898,-495],[489,-106],[409,120],[1238,635],[654,2],[134,-49],[31,-220],[347,-488],[201,-622],[312,-354],[658,-153],[973,-13],[426,-109],[433,-255],[792,445],[863,273],[1737,-1205],[1443,-1396],[1595,-1117],[2165,-391],[476,116],[426,198],[469,124],[611,-95],[548,-240],[492,-298],[430,-357],[382,-406],[2325,203],[485,180],[886,907],[461,389],[-367,-1126],[-602,-1219],[-209,-1084],[819,-719],[-858,-1572],[16,-12]],[[624471,842052],[3481,235],[585,140],[728,284],[180,421],[-82,625],[-360,610],[-669,646],[-550,660],[-743,1708],[-1194,1628],[-570,1018],[-1129,4901],[-293,608],[-390,424],[-308,477],[-105,849],[548,968],[1812,2045],[660,974],[571,1421],[713,1084],[3571,3522],[871,1045],[1433,2098],[941,867],[999,572],[873,141],[871,-44],[1426,-238],[626,-9],[758,128],[1984,575],[2207,328],[4157,1366],[751,116],[1293,-210],[781,77],[1329,421],[595,50],[796,-113],[796,-18],[4877,1086],[1294,609],[2019,1348],[1316,1426],[616,1018],[135,1027],[-255,8061]],[[371980,889252],[350,-173],[160,-62],[2751,-1728],[162,-257],[23,-372],[-448,-1049],[-523,-790],[-203,-381],[-555,-2111],[-103,-1095],[-3,-733],[56,-337],[315,-875],[320,-582],[288,-328],[233,-96],[177,0],[195,-35],[261,-94],[242,-264],[-5,-275],[-705,-929],[-200,-463],[77,-483],[258,-188],[395,-3],[636,210],[648,112],[523,-73],[130,-458],[-88,-960],[-352,-1835],[22,-1313],[503,-987],[996,-483],[1259,-119],[3095,294],[240,-121],[173,-199],[400,-702],[18,-386],[-130,-526],[-701,-1406],[-701,-1130],[-940,-1936],[-806,-2147],[-165,-225],[-150,-129],[-378,-171],[-2125,-672],[-560,-324],[-381,-425],[-72,-497],[177,-377],[233,-296],[511,-508],[182,-228],[288,-460],[98,-208],[87,-326],[25,-239],[-15,-375],[-160,-451],[-203,-428],[-770,-876],[-7758,-6210],[-1906,-1904],[-1206,-1845]],[[339461,834316],[-129,768],[-3453,10175],[-1224,2450],[-1854,2084],[5165,5917],[-546,298],[-1764,503],[-5833,5656],[395,935],[2540,3706],[1181,2490],[628,452],[176,403],[-881,846],[-5090,3036],[-1641,1457],[-2568,1501],[-665,750],[-238,764],[-63,752],[-190,653],[-613,446],[-2177,190],[-1632,994],[-1506,1338],[-1804,1219],[-1477,528],[-865,1095],[-458,1464],[-70,2171],[1088,378],[193,-70],[169,-22],[154,-82],[148,-237],[1428,678],[1679,-348],[1750,-700],[1633,-385],[3131,412],[1111,-345],[402,-67],[321,117],[840,638],[4541,1226],[1257,863],[406,87],[1458,-42],[635,126],[752,507],[1589,1753],[3097,984],[540,338],[396,976],[5769,4595],[944,304],[4599,464],[1276,357],[268,137],[99,85]],[[354478,902084],[56,-106],[45,-517],[67,-194],[183,-134],[345,63],[341,14],[350,-102],[290,-231],[260,-440],[63,-345],[-45,-338],[-155,-644],[-68,-1291],[-57,-252],[-73,-157],[-155,-187],[-641,-467],[-95,-221],[118,-504],[47,-588],[81,-276],[220,-207],[325,-142],[596,-19],[395,56],[340,97],[261,122],[595,151],[335,21],[351,-19],[10815,-5428],[2312,-547]],[[371980,889252],[1316,2092],[701,685],[961,437],[785,82],[856,196],[711,509],[601,1112],[132,1087],[-153,936],[-300,807],[-122,647],[307,623],[536,354],[1131,175],[736,11],[815,95],[721,435],[1516,1915],[704,545],[4106,757]],[[388040,902752],[220,-1710],[448,-212],[482,-145],[622,200],[504,300],[489,375],[507,557],[366,618],[251,654],[395,2218],[228,637],[315,551],[413,273],[245,120],[495,-21]],[[354478,902084],[146,129],[1273,1498],[914,241],[918,599],[784,741],[528,680],[414,1103],[575,2619],[497,991],[563,859],[1699,4132],[339,570],[571,252],[1139,59],[252,264],[1249,1655],[517,351]],[[366856,918827],[44,-105],[1356,-3015],[1589,-1305],[1402,-619],[433,-383],[77,-437],[-333,-490],[-392,-437],[-1694,-1281],[-401,-575],[-283,-669],[-127,-1023],[60,-627],[172,-465],[388,-253],[453,194],[503,618],[401,955],[325,509],[315,170],[498,-127],[1096,-639],[611,-189],[878,-69],[10325,2492],[1233,2],[1259,-356],[825,-778],[1847,-2184],[231,-704],[-175,-625],[-1049,-702],[-313,-253],[-85,-311],[105,-296],[300,-429],[148,-450],[-7,-442],[-831,-777]],[[616032,989125],[2228,-267],[938,-462],[2017,997],[631,133],[583,-112],[1233,-492],[651,-115],[599,166],[1280,756],[615,206],[804,-63],[1328,-553],[693,-133],[5829,749],[595,-86],[733,-223],[693,-307],[461,-322],[588,-292],[1564,-41],[686,-268],[1501,618],[482,19]],[[503363,935394],[4454,-1234],[1451,-1428],[376,-549],[540,-262],[593,295],[881,1038],[713,166],[2345,-565],[841,134],[345,424],[218,791],[535,555],[1043,331],[1789,-280],[2577,-87],[2261,387],[1263,-36],[1194,-334],[2292,-1316],[3298,-1146]],[[366856,918827],[1142,778],[1486,1304],[565,853],[361,342],[1756,386],[922,561],[780,634],[739,443],[1143,325],[603,-47],[268,-466],[256,-225],[573,229],[1844,1014],[1185,1889],[1130,295],[395,-210],[358,-385],[434,-370],[636,-166],[485,-63],[946,-279],[549,-66],[574,-166],[262,-406],[220,-484],[430,-419],[477,-106],[1844,106],[875,203],[985,441],[812,638],[585,1562],[591,90],[668,-189],[500,-69],[508,283],[339,375],[2246,4398],[48,592],[-115,152],[-92,345],[-23,366],[65,238],[276,67],[279,-139],[249,-195],[185,-79],[488,30],[1009,-84],[489,54],[2029,913],[1336,372],[599,-344],[229,-623],[520,-300],[558,-162],[352,-198],[166,-574],[-296,-755],[130,-588],[792,-805],[1265,-592],[3456,-678],[2080,-823],[1028,-189],[493,103]]],"transform":{"scale":[0.000020651266581266582,0.00001811839641839642],"translate":[-8.68238521,18.97556122]},"bbox":[-8.68238521,18.97556122,11.96886072,37.09393952]}