{"type":"Topology","objects":{"all":{"type":"GeometryCollection","bbox":[-5.52257808,2.3901689,9.39188263,15.07990753],"geometries":[{"type":"Polygon","properties":{"a":288,"b":"Bougouriba","c":-3.41445,"d":10.88686},"arcs":[[0,1,2,3,4]]},{"type":"Polygon","properties":{"a":263,"b":"Oudalan","c":-0.33408,"d":14.66842},"arcs":[[5,6,7]]},{"type":"Polygon","properties":{"a":287,"b":"Zoundwéogo","c":-1.06944,"d":11.53733},"arcs":[[8,9,10,11,12]]},{"type":"Polygon","properties":{"a":260,"b":"Kossi","c":-3.85482,"d":12.9244},"arcs":[[13,14,15,16,17]]},{"type":"Polygon","properties":{"a":276,"b":"Sissili","c":-2.2615,"d":11.16625},"arcs":[[18,19,20,21,22,23,24]]},{"type":"Polygon","properties":{"a":258,"b":"Kénédougou","c":-4.89811,"d":11.52842},"arcs":[[25,26,27,28]]},{"type":"Polygon","properties":{"a":271,"b":"Kadiogo","c":-1.53519,"d":12.29749},"arcs":[[29,30,31,32,33]]},{"type":"Polygon","properties":{"a":298,"b":"Tapoa","c":1.78044,"d":12.02519},"arcs":[[34,35,36,37]]},{"type":"Polygon","properties":{"a":290,"b":"Tuy","c":-3.53712,"d":11.35614},"arcs":[[38,39,-4,40,41]]},{"type":"Polygon","properties":{"a":255,"b":"Kompienga","c":0.96293,"d":11.43767},"arcs":[[-35,42,43,44]]},{"type":"Polygon","properties":{"a":265,"b":"Nayala","c":-2.96555,"d":12.72927},"arcs":[[45,46,47,-15,48]]},{"type":"Polygon","properties":{"a":285,"b":"Kouritenga","c":-0.2051,"d":12.13014},"arcs":[[49,50,51,52,53]]},{"type":"Polygon","properties":{"a":281,"b":"Sanmatenga","c":-0.97681,"d":13.22992},"arcs":[[54,55,56,57,58,59,60]]},{"type":"Polygon","properties":{"a":269,"b":"Kourwéogo","c":-1.77205,"d":12.65379},"arcs":[[-33,61,62,63]]},{"type":"Polygon","properties":{"a":275,"b":"Sanguié","c":-2.63286,"d":12.2855},"arcs":[[64,-23,65,66,-47,67]]},{"type":"Polygon","properties":{"a":262,"b":"Mou Houn","c":-3.34327,"d":12.24671},"arcs":[[-67,68,-42,69,70,-16,-48]]},{"type":"Polygon","properties":{"a":292,"b":"Komoé","c":-4.43533,"d":10.31631},"arcs":[[71,-2,72,73,74,-26]]},{"type":"Polygon","properties":{"a":257,"b":"Houet","c":-4.32254,"d":11.26549},"arcs":[[-70,-41,-3,-72,-29,75,76]]},{"type":"Polygon","properties":{"a":279,"b":"Yatenga","c":-2.5171,"d":13.65337},"arcs":[[77,78,79,80,81,82]]},{"type":"Polygon","properties":{"a":256,"b":"Gourma","c":0.55765,"d":12.09444},"arcs":[[-45,83,84,-50,85,86,-36]]},{"type":"Polygon","properties":{"a":268,"b":"Boulkiemdé","c":-2.14415,"d":12.17715},"arcs":[[-62,-32,87,88,-24,-65,89]]},{"type":"Polygon","properties":{"a":293,"b":"Poni","c":-3.26046,"d":10.18371},"arcs":[[90,-73,-1,91]]},{"type":"Polygon","properties":{"a":270,"b":"Bazéga","c":-1.45081,"d":11.9563},"arcs":[[92,-13,93,-88,-31]]},{"type":"Polygon","properties":{"a":286,"b":"Nahouri","c":-1.24929,"d":11.18811},"arcs":[[94,95,-19,96,-11]]},{"type":"Polygon","properties":{"a":294,"b":"Gnagna","c":0.05657,"d":13.05236},"arcs":[[97,-86,-54,98,99,100]]},{"type":"Polygon","properties":{"a":280,"b":"Namentenga","c":-0.48153,"d":13.1769},"arcs":[[-99,-53,101,-55,102]]},{"type":"Polygon","properties":{"a":295,"b":"Komondjari","c":0.73737,"d":12.76673},"arcs":[[-37,-87,-98,103,104]]},{"type":"Polygon","properties":{"a":291,"b":"Léraba","c":-5.21383,"d":10.69761},"arcs":[[-75,105,-27]]},{"type":"Polygon","properties":{"a":267,"b":"Bam","c":-1.58512,"d":13.50376},"arcs":[[-59,106,-78,107,108]]},{"type":"Polygon","properties":{"a":282,"b":"Boulgou","c":-0.51985,"d":11.67314},"arcs":[[-51,-85,109,110,-95,-10,111]]},{"type":"Polygon","properties":{"a":259,"b":"Banwa","c":-4.17463,"d":12.19053},"arcs":[[-17,-71,-77,112]]},{"type":"Polygon","properties":{"a":274,"b":"Zondoma","c":-2.29679,"d":13.16805},"arcs":[[113,114,-80]]},{"type":"Polygon","properties":{"a":278,"b":"Loroum","c":-2.0767,"d":13.94553},"arcs":[[115,-108,-83,116]]},{"type":"Polygon","properties":{"a":273,"b":"Passoré","c":-2.1803,"d":12.89781},"arcs":[[-107,-58,117,-63,-90,-68,-46,118,-114,-79]]},{"type":"Polygon","properties":{"a":284,"b":"Ganzourgou","c":-0.77708,"d":12.22772},"arcs":[[-102,-52,-112,-9,-93,-30,119,-56]]},{"type":"Polygon","properties":{"a":266,"b":"Sourou","c":-2.92185,"d":13.2177},"arcs":[[-81,-115,-119,-49,-14,120]]},{"type":"Polygon","properties":{"a":283,"b":"Koulpélogo","c":0.23147,"d":11.41475},"arcs":[[-44,121,-110,-84]]},{"type":"Polygon","properties":{"a":296,"b":"Séno","c":-0.05712,"d":13.9317},"arcs":[[122,-100,-103,-61,123,-6,124]]},{"type":"Polygon","properties":{"a":297,"b":"Yagha","c":0.56204,"d":13.43333},"arcs":[[-104,-101,-123,125]]},{"type":"Polygon","properties":{"a":289,"b":"Ioba","c":-2.9453,"d":11.07963},"arcs":[[126,-21,127,-92,-5,-40]]},{"type":"Polygon","properties":{"a":277,"b":"Ziro","c":-1.87015,"d":11.61314},"arcs":[[-12,-97,-25,-89,-94]]},{"type":"Polygon","properties":{"a":261,"b":"Balé","c":-3.13512,"d":11.69827},"arcs":[[-66,-22,-127,-39,-69]]},{"type":"Polygon","properties":{"a":264,"b":"Soum","c":-1.2914,"d":14.22887},"arcs":[[-124,-60,-109,-116,128,-7]]},{"type":"Polygon","properties":{"a":272,"b":"Oubritenga","c":-1.34003,"d":12.6155},"arcs":[[-57,-120,-34,-64,-118]]}]}},"arcs":[[[312129,237112],[-562,-985],[-1554,-1009],[-2332,-1036],[-5208,-4397],[-8774,-10608],[-4170,-2134],[-2397,-718],[-2566,-1259],[-3413,-2811],[-2530,-1063],[-4660,5624],[-2371,2158],[-2883,1830],[-3746,300],[-6243,-3057],[-2557,-310],[-1627,577],[-2281,2145],[-4036,2317],[-5029,863],[-5277,-890],[-6881,-2504]],[[231032,220145],[-2289,3766],[-1416,1490],[-4876,782],[-2022,944],[-1432,1913],[-569,2249],[163,1935],[497,1589],[1135,1390],[2542,719],[7184,-191],[1763,1425],[-454,3544],[-1097,3807],[-1943,2744],[-1175,2584],[32,1481]],[[227075,252316],[503,3739],[917,1330],[1362,-5],[1447,-413],[2194,2312],[1930,310],[766,1508],[-528,2353],[340,2557],[1442,4230],[1174,1330],[727,281],[657,160],[1067,800],[3652,5005]],[[244725,277813],[900,4988],[-505,1495],[-1095,1553],[-629,1940],[512,1322],[1289,850],[1151,1071],[795,1586],[713,1935],[810,1504],[2348,430],[1494,1886],[2733,6245],[1316,1060],[2255,335],[2409,1904],[1156,3334],[3592,-3320],[4262,944],[2867,2522],[2432,200],[2270,-369],[2746,1591]],[[280546,312819],[2704,1403],[3850,1422],[6896,1508],[4996,-855],[4722,-2166],[431,-4156],[-950,-5770],[-1130,-3569],[281,-3663],[989,-3642],[-852,-4525],[-1659,-4419],[-349,-3439],[-487,-2822],[-833,-2021],[-1717,-6655],[1231,-8598],[-4043,-2091],[-1061,-3407],[1567,-1525],[735,-2026],[-963,-3620],[-252,-3512],[1512,-1082],[1287,2226],[3641,550],[4911,-308],[1646,-623],[1172,-1826],[395,-2390],[960,-1803],[1695,-1095],[258,-1208]],[[723510,886715],[-27,-44],[-2831,-4497],[-2515,-1694],[-2207,-205],[-3919,-13909],[-2935,-4234],[-2560,-5687],[-8712,-13747],[-3680,-1354],[-5427,1764],[-6485,108],[-5764,-1335],[-4810,1471],[-4966,809],[-8935,-5905],[-23455,-2998],[-7987,-41]],[[626295,835217],[-2309,1104],[-3412,4769],[-1747,7559],[-1179,18689],[-1600,2153],[-2008,2208],[-2890,4538],[-3141,7836],[-9258,12178],[-97,4211],[-1313,5014],[-3164,7674],[-7932,15072],[-3971,3438],[-6093,11079],[-7389,7446],[-2688,3779]],[[566104,953964],[26126,31281],[20,18],[6753,9194],[3781,3751],[4193,1537],[27724,220],[4100,34],[1169,-782],[2913,-10602],[1247,-2207],[3547,-82],[4574,2744],[7873,6505],[7896,1912],[8810,-2803],[16882,-9448],[26,0],[31805,-14936],[301,-4003],[-1137,-2357],[-1750,-1936],[-1548,-2743],[-209,-5033],[3664,-10185],[836,-5346],[-8438,-32439],[745,-8894],[3768,-8503],[1735,-2146]],[[585716,438475],[2201,-1290],[1789,104],[1695,695],[1270,-172],[859,-4411],[911,-1713],[1231,-1236],[1342,-467]],[[597014,429985],[-7402,-13923],[-3178,-2554],[-3546,-6354],[-1717,-6738],[7086,-14739],[3934,-3802],[5894,-3098],[5636,-4434],[2939,2888],[258,-190],[2257,508],[9655,-3210],[2423,-1590],[1290,-1482],[4359,-2720],[1398,-1745],[2305,-5278],[-2024,-6306],[307,-4806],[-131,-3170],[-3788,1872],[-3683,-2036],[-3559,-4756],[-4810,-4010],[-4467,-5174],[-3452,-2385],[-1512,-3725],[-1022,-5406],[-1792,-3216],[-921,-1146]],[[599751,317260],[-1911,-3483],[-3363,-1722],[-7621,4934],[-3204,4868],[-1988,1963],[-2280,4929],[-2618,2358],[-1767,1298],[7,4788],[-1470,3712],[-3755,1100],[-3690,-1599],[-2825,2412],[-4418,6858],[-3131,2644],[-4017,1290],[-2416,2271],[-2194,5125],[-2528,4565],[-4160,-122],[-3422,948],[-1335,4815],[-2244,4458],[-1499,1072]],[[531902,376742],[-4290,8666]],[[527612,385408],[3615,16653],[10237,22718],[1557,4252],[4434,6022],[8353,7715],[6518,2806],[3608,-1121],[5254,-3635],[8161,-3680],[6367,1337]],[[258906,663800],[640,-1342],[-3,-2557],[-999,-12964],[1831,-11260],[-1253,-10036],[1435,-19132],[1592,-5134],[1975,-3497],[807,-1086]],[[264931,596792],[-385,-6459]],[[264546,590333],[-1734,-232],[-1562,-650],[-672,-1077],[-464,-2593],[-1080,-318],[-2300,1217],[-3490,0],[-415,-576],[-99,-1277],[-264,-1276],[-2044,-1331],[79,-1650],[1022,-1649],[1721,-749],[660,-1050],[-390,-2361],[-822,-2481],[-663,-1422],[820,-1703],[-363,-1154],[-826,-917],[-571,-1028],[59,-1929],[316,-1581],[-323,-1050],[-614,-1281],[562,-159],[0,-1199],[-1568,-1063],[-134,-1944],[840,-4797],[-418,-2044],[-1835,-2499],[-415,-3285]],[[247559,543225],[-3962,1899],[-7869,5516],[-4902,1826],[-9586,459],[-6155,-1322],[-3031,504],[-3872,1199],[-4572,394],[-3895,-1271],[-1888,-2840],[-868,-4120],[-3047,-6204],[-555,-3298],[36,-1376],[137,-1413],[-621,-1909],[-1587,-2129],[-3007,-2612],[-4056,-1850],[-2991,1205],[-5402,5469],[-2350,4906],[-282,6705],[-1201,7400],[-2028,4192],[-299,2744],[607,3421],[137,6546],[-441,3248],[1224,2610],[1663,1850],[-132,2935],[-2569,1540],[-2099,2675],[-1840,1567],[-2108,-281],[-2750,3270]],[[161398,586680],[190,173],[1243,2185],[2636,11396],[176,2114],[-1613,7967],[420,9976],[-1011,4869],[-2342,4042],[-3673,4271],[-1619,3029],[-3371,10090],[-3660,4605],[-721,1586],[0,2153],[653,1549],[797,1435],[1587,5848],[2128,1231],[8092,-542],[1437,551],[887,1553],[-283,1531],[-2678,2040],[-871,1649],[581,2630],[1861,3112],[2288,2820],[1918,1786],[1221,300],[1185,-329],[1212,-81],[1371,1017],[2391,3771],[1962,4262],[2139,7154],[1312,3193],[2112,2690],[1043,725],[3383,1209],[1143,958],[1932,3003],[1539,746],[1349,658],[1913,1690],[1682,2022],[669,1640],[-992,954],[-1614,150],[-725,754],[1705,2729],[407,514],[444,167],[462,-173],[475,-489],[739,-1468],[657,-3493],[408,-1104],[1084,-609],[3042,-782],[687,-471],[-78,-1890],[-879,-704],[-1185,-250],[-987,-517],[-2562,-3304],[-1088,-848],[-1570,-2085],[1570,-1708],[2933,-1041],[2475,-100],[2521,300],[2057,-537],[4362,-2356],[5178,-1904],[2336,-1327],[9378,-10252],[5777,-4760],[10340,-10961],[895,-355],[1669,335],[839,-445],[2028,-2903],[1119,-1012],[831,-190],[2828,85],[5332,-1107]],[[497234,339397],[-134,-1794],[36,-7209],[-1326,-2686],[-1267,-4683],[-712,-4519],[-1783,-3162],[-2008,-4351],[807,-3462],[3249,-1945],[2416,-2716],[2054,-1671],[1750,-954],[1773,-1368],[5434,-2808],[4774,342],[669,-1777],[355,-2707],[2028,-1562],[2508,667],[1407,-3497],[27,-2346]],[[519291,285189],[-2844,1524],[-15967,680],[-2201,-944],[-908,-3084],[-1476,-1150],[-19638,-264],[-27651,-372],[-28435,-391],[-30571,-413],[-24667,-345],[-11860,-163]],[[353073,280267],[46,1843],[128,1962],[597,2962],[1087,2768],[1738,1685],[4284,104],[1649,890],[911,2576],[754,3294],[451,3764],[-1463,3825],[-2416,3162],[-5957,6032],[-2396,356],[-2756,-6451],[-1561,-1027],[-1457,-1253],[-1260,354],[124,3561],[-986,10299],[-1045,2788]],[[343545,323761],[509,1659],[2214,6823],[1924,3402],[3069,4138],[3393,1803],[3367,-1168],[3807,-698],[4496,-159],[2952,3206],[2374,3362],[3262,758],[2198,1540],[1734,2681],[-52,3856],[-2208,3356],[-10211,8781],[-3565,3758],[-1783,2630],[-588,11437],[-771,3735],[-444,1290]],[[359222,389951],[2750,531],[8202,-199],[1437,4170],[62,8776],[1221,7072],[2178,6232],[2319,5184],[3122,3302],[11797,9194],[4601,1991],[4085,690],[8895,3589],[3275,795]],[[413166,441278],[1728,1344]],[[414894,442622],[1045,-5792],[770,-9208],[-656,-2217],[-150,-3011],[1221,-4179],[212,-4016],[-362,-3797],[-2665,-1858],[-5316,149],[-4653,1213],[-2139,-531],[-1254,-20555],[154,-5419],[1668,-4816],[3109,-3488],[3174,-1594],[6185,399],[3298,-449],[2553,-2090],[2368,-2884],[1443,-2114],[95,-830],[101,-2386],[803,-4868],[1963,-5006],[2455,-4361],[2586,-3107],[2489,-2153],[2919,-1481],[1538,-2839],[558,-3136],[2084,-1826],[2537,-1004],[2057,-254],[1273,1077],[1519,4165],[1809,2972],[3817,4450],[6008,-2188],[1052,-1605],[522,-2911],[1277,-2275],[2159,-2957],[3245,-491],[2289,1498],[2061,1718],[3546,3834],[2531,4333],[3376,2490],[2325,277],[1937,-18],[3327,-950],[1384,-2417],[627,-1943],[4066,-2776]],[[92106,260024],[-972,1263],[-1718,890],[-10847,-103],[-5568,1349],[-2508,-310],[-5626,-6332],[-6643,-3571]],[[58224,253210],[-3316,-85],[-6519,-2371],[-2265,-1219],[-3671,-208],[-2086,2576],[-5216,7959],[-1547,3593],[-1415,4560],[-1625,3603],[-12403,15516],[-3683,2808],[-11098,1300],[-1235,-86]],[[2145,291156],[-219,1575],[391,2766],[1829,1659],[12592,2212],[2162,890],[2115,1254],[3004,2580],[1288,2458],[777,7168],[1194,4057],[3978,5504],[1568,3671],[241,2840],[-876,18334],[556,3192],[1933,2285],[2749,1813],[1026,1530],[-111,2277],[-686,4019],[-7,14550],[-1168,6193],[-4493,4942],[-1424,290],[-1293,-227],[-1136,345],[-968,1972],[-25,1999],[698,1907],[948,1835],[697,1782],[1085,6867],[267,3861],[-124,3090],[-959,3497],[-1495,2417],[-2000,1727],[-2461,1462],[-1313,545],[-1090,110],[-2195,-609],[-490,736],[-3272,2624],[-705,374],[-784,1980],[-20,872],[810,337],[1724,336],[555,-274],[1555,-1508],[725,-362],[673,281],[946,1381],[412,372],[4396,1000],[528,336],[476,626],[575,555],[803,54],[850,-553],[686,-718],[699,-472],[927,172],[874,989],[2529,4817],[4898,5460],[3356,5169],[1907,2243],[3896,1664],[4177,3451],[1848,1146],[1965,217],[4987,-217],[2308,354],[1434,-110],[1322,455],[1228,936],[1146,1354],[2743,1552],[2740,-344],[2704,-881],[2619,-36],[5397,2661],[2654,-63],[2457,-2889],[2184,972],[3568,844],[1819,1491],[1000,1779],[847,2119]],[[99876,465077],[1846,-474],[2113,-1294],[6392,-5038],[1613,-2743],[1795,-10394],[298,-5256],[-1401,-8781],[-190,-7794],[245,-2962],[778,-1891],[-60,-2144],[-1508,-1698],[-2067,-822],[-1257,-1732],[-506,-2529],[-363,-2863],[1815,-1116],[3487,4],[3195,-855],[1632,-1566],[-698,-4666],[-248,-3162],[861,-5269],[1519,-4687],[2122,-3761],[1669,-3825],[378,-3571],[-389,-4919],[-1249,-4329],[-1085,-2512],[-1790,-3339],[-2648,-3089],[-1893,-972],[-1410,208],[-1112,901],[-1391,4082],[-1339,1127],[-8887,-8562],[-1698,-2194],[-1549,-4125],[-241,-3957],[-538,-3879],[-3174,-8294],[-847,-4062],[679,-2871],[813,-2516],[758,-963],[1523,-200],[7950,-7459],[1489,-2507],[1777,-4025],[2154,-3493],[1141,-3489],[414,-3216],[-195,-2581],[-364,-2339],[-753,-1799],[-2635,-581],[-2263,-1753],[-1761,-2153],[-3334,-972],[-2879,-1823],[-892,-3092],[444,-3944],[715,-3420],[-879,-2795],[-1785,-2825],[-1489,-4546],[-618,-887]],[[559201,504206],[85,-3185],[833,-1881],[960,-653],[947,-286],[790,-782],[656,-1562],[239,-1310],[-33,-3728]],[[563678,490819],[-1750,-2381],[-3801,-1103],[-3230,-1854],[-2550,-567],[-5143,-23],[-5509,-1250],[-3539,-2422],[-2087,-971],[-3128,3070],[-2632,-254],[-3233,-1412],[-2677,-1635],[-2632,-2249],[-2237,-23],[-1422,2516],[-2451,10130],[-2155,2307],[-1636,-335],[-1322,-95],[-1793,454],[-2358,-445],[-3086,-1635],[-1952,-2872],[-1786,-4234],[-2449,-1917],[-3076,-1444],[-3187,-3180],[-2645,-1431],[-2561,-986],[-4405,-5987],[-1671,-26],[-2224,2270],[-2577,1387],[-1038,3],[-3771,619],[-2201,2076],[-6198,9089]],[[461566,484009],[1463,3321],[3435,4901],[2887,3108],[1391,2335],[542,2851],[104,3544],[-571,3207],[-2221,3103],[-98,3302],[425,3498],[-1081,1581]],[[467842,518760],[1071,1053],[5104,3507],[7791,3089],[3700,2077],[-444,3157],[-4846,22976],[245,2925],[1567,1168],[2515,1149],[3813,818],[1973,73],[2759,2044],[865,4105],[458,4070],[1116,3922],[742,1970]],[[496271,576863],[1221,-1289],[2018,-3276],[1675,-4157],[101,-3624],[-1339,-3339],[-506,-4260],[725,-3534],[2119,-687],[3419,1441],[2899,2530],[1823,1267],[2165,-3698],[1609,-2148],[504,-3348],[-781,-2689],[-2263,-4638],[-352,-955],[578,-1117],[9662,813],[2524,1291],[2727,3610],[1965,1046],[1627,576],[1410,-836],[5578,-1789],[1701,-3785],[1068,-4829],[-174,-4529],[-2305,-7530],[-313,-3239],[85,-2799],[1681,-399],[3569,-2580],[3034,-5051],[1806,-338],[8421,-5782],[3249,1014]],[[877797,362492],[-198,254],[-1358,1967],[-9052,10052],[-9744,8644],[-3709,7454],[575,15018],[-941,2803]],[[853370,408684],[2025,1854],[2756,6682],[1476,7468],[1854,6496],[1280,8517],[-26,9075],[3305,28801],[117,5442],[-3578,1780],[-4507,1058],[-5486,3994],[-2912,9140],[1436,7586],[823,7745],[-2312,17607],[-65,9488],[2521,7742],[2913,6964],[2730,16011],[1045,3925],[927,5679],[-1424,5306],[-588,4379],[601,3129]],[[858281,594552],[4533,11344],[19,47]],[[862833,605943],[3259,-3750],[10292,-11833],[6962,-7996],[8686,-10003],[3540,-2698],[4193,-1489],[12944,-1544],[16000,-1882],[2234,337],[2142,1926],[1515,3017],[1332,3470],[2142,4306],[862,2353],[562,845],[1032,299],[888,-589],[993,-255],[1397,1281],[2142,3216],[1163,900],[12291,-1400],[5068,-1872],[3304,-5277],[732,-3426],[483,-944],[1345,-1891],[1332,-1452],[2312,-1954],[1137,-1963],[849,-2379],[405,-2218],[966,-10592],[614,-2236],[1032,-2725],[718,-1354],[1607,-2407],[509,-1328],[0,-745],[-405,-1843],[-13,-882],[249,-3869],[-889,-1881],[-1854,-655],[-7511,-871],[-640,154],[-1358,900],[-379,172],[-797,-599],[-914,-1728],[-575,-599],[-7288,-2071],[-1907,-2181],[-301,-5096],[2417,-6161],[5420,-10357],[9444,-18024],[8882,-16998],[10018,-19106],[6583,-7659],[-4558,-16998],[-1777,-4570],[-4859,-7441],[-1358,-4978],[-79,-3072],[105,-1926],[-457,-1671],[-1750,-2325],[-6766,-5188],[-9235,-10340],[-16625,-23232],[-590,-824],[-3461,-2267],[-4467,477],[-5342,2834],[-3279,2112],[-1541,310],[-1215,-1108],[-2194,907],[-2417,-681],[-4963,-2738],[-2390,-237],[-5591,545],[-1972,-855],[-2416,-1593],[-5839,-1694],[-2155,-1572],[-2469,-1158],[-2651,6745],[-2194,-181],[222,1161],[287,2473],[261,1162],[-11886,1312],[-2442,692],[-2064,1593],[-732,-2524],[-1293,-974],[-50,-21]],[[244606,415798],[5301,-4915],[4642,-3070],[7845,-1964],[4101,-2226],[2237,-1638],[555,-1340],[-823,-2299],[-2736,-10089],[911,-2177],[4111,-1507],[1685,-2589],[1877,-1655],[2916,-576],[2423,-1014],[741,-1207],[-88,-6450],[875,-4035],[2600,-3570],[3285,1558],[2638,3048],[1998,-1408],[2205,1027],[2547,3688],[2850,2172],[2965,1198],[2864,2326],[4101,4661],[1473,1191],[1773,681],[3083,-437],[3334,-2511],[2364,-2922],[2364,-1148],[2367,757],[1692,855],[1773,-691],[2093,-1975],[1685,-682],[901,1212],[575,1699],[1446,59],[1754,-1357],[2465,-2507],[92,-2654],[-190,-1680],[-486,-913],[-2103,-2686],[353,-1481],[1609,-2774],[627,-1640],[206,-1818],[-206,-6091],[-271,-1921],[-1185,-3313],[-271,-1967],[261,-5722],[-261,-2082],[-1884,-3923]],[[336665,333306],[-1140,536],[-4225,2671],[-4650,2261],[-5169,1444],[-3341,2363],[-4757,428],[-5147,-2258],[-4039,-777],[-1988,2453],[-3266,1816],[-5189,-2026],[-3836,-4096],[-5251,-8749],[-1679,-3385],[-849,-2938],[-1087,-8377],[-506,-1853]],[[244725,277813],[-1950,-404],[-2948,-178],[-2162,1973],[-7426,9920],[-2475,2558],[-2744,3421],[-2653,4642],[-3419,7549],[-915,814],[-529,567],[-3703,-963],[-3622,-90],[-2040,4015],[-774,6073],[4007,23232],[124,4965],[-2825,472],[-2367,3265],[-592,6628],[-1465,8441],[-1141,1958],[-2503,2683],[-2270,3534],[-2068,4780],[-1296,5733],[-864,5514],[-507,5924],[4161,17215],[-615,11929],[943,5307],[775,3056]],[[198862,432346],[696,-518],[3056,-330],[505,-1599],[386,-1786],[2028,-2007],[2309,-1451],[568,-1570],[-352,-2417],[508,-2108],[1587,-936],[2143,-782],[2765,-1726],[2355,-1916],[1832,-1826],[1852,-1422],[2777,-650],[2368,-254],[1822,1044],[2387,2263],[2639,1771],[2358,790],[7905,574],[1250,308]],[[877797,362492],[-1530,-687],[-1646,-1675],[-1045,-2096],[-157,-1476],[1202,-3747],[-2077,-1757],[-2860,-1723],[-2521,-2248],[-1097,-3329],[731,-3013],[1228,-2407],[248,-2258],[-2207,-2576],[-875,1449],[-902,491],[-888,-491],[-862,-1449],[-797,1894],[-1475,2304],[-1411,968],[-627,-2112],[274,-1395],[1241,-1686],[287,-1725],[-196,-1369],[-1606,-4079],[-4193,2740],[-2051,804],[-2390,164],[-1097,-345],[-653,-550],[-666,-445],[-1110,22],[169,899],[-953,2004],[-1215,1327],[-1319,-2759],[-1306,-1711],[-627,-2204],[2364,-5332],[496,-5993],[653,-3030],[-1306,628],[-2521,1649],[-1345,18],[-562,-900],[-862,-3202],[-731,-708],[-4167,-1291],[-653,-390],[131,-2654],[470,242],[797,985],[1188,-377],[144,-718],[-222,-2185],[78,-809],[366,-345],[1202,-753],[235,8],[261,-2090],[26,-1989],[209,-1912],[797,-1867],[1437,-2030],[-144,-2821],[-418,-796],[-927,1185],[-902,1750],[-339,863],[-1280,608],[-3893,587],[-496,-186],[-1371,-954],[-797,-55],[-222,405],[-666,1716],[-366,381],[-679,383],[-640,822],[-849,826],[-2769,604],[-588,286],[-562,-308],[-836,-1562],[-744,-2122],[-1071,-2231],[-444,-408],[-144,-1776],[65,-1971],[444,-1600],[1006,-655],[732,-943],[117,-2063],[-313,-2053],[-536,-941],[-2259,27],[-1698,318],[-3854,2925],[-16418,-417],[-12160,-323],[-7929,-2102],[-15791,-7618],[1528,7462],[-2037,704],[444,701],[182,718],[92,731],[170,780],[-66,555],[-169,400],[-275,250],[-14133,3974]],[[745298,287257],[357,1426],[4803,13955],[1786,2358],[1711,-1067],[1434,-2894],[2044,-3280],[2194,-845],[1215,2363],[209,4888],[732,4538],[1515,3192],[4715,7387],[0,1963],[-183,1753],[653,2844],[-614,3125],[-1201,2670],[-1215,7586],[757,3381],[3187,2939],[1359,4738],[-640,3587],[-1385,5289],[-2677,6591],[-928,4192],[-496,12187],[-601,4612],[810,11965]],[[764839,398700],[1358,2698],[3814,4324],[4376,2644],[11572,4003],[2978,3329],[-653,4465],[980,5010],[3122,4416],[1606,1694],[5551,4734],[7550,8108],[2991,-313],[2639,-1694],[4153,-864],[3566,-304],[1411,-1222],[1645,-1876],[2560,-541],[1463,-1862],[836,-2798],[1489,-2412],[1555,-840],[4218,-336],[1738,200],[875,-1654],[379,-3057],[1345,-2662],[1868,-2603],[1737,-1277],[940,-1076],[-26,-2790],[601,-1376],[1528,950],[1254,-283],[928,-981],[1358,101],[2011,-1882],[1215,-1989]],[[357955,621495],[-803,-3512],[-1656,-11706],[-147,-5633],[1323,-1849],[3745,-4165],[4249,-6679]],[[364666,587951],[-3664,-7586],[-3125,-3378],[-3426,-2917],[-1972,-2789],[-1796,-3426],[-450,-5287],[1365,-5569],[1613,-4570],[927,-3957],[-5554,-13510],[-9646,-11936]],[[338938,523026],[-823,2275],[-2231,2234],[-2723,129],[-2132,-1372],[-2916,-3554],[-996,-863],[-1809,-1185],[-1035,-1009],[-719,305],[-2246,3167],[-1391,785],[-2567,941],[-5162,4120],[-1800,939],[-1404,192],[-927,518],[-1590,1694],[-219,446],[-353,1439],[-212,513],[-1803,1200],[-5179,12115],[-940,-1313],[-1221,1630],[-715,1596],[-941,1208],[-1868,476],[-3010,-763],[-1476,-95],[-1123,858],[228,855],[-1012,8094],[744,16917],[-1201,1654],[-3935,-1000],[-3412,-1449],[-1267,-1444],[-882,-4775],[-918,-1008],[-1156,136],[-1074,1226],[-643,-531],[-180,-219],[-901,750],[1352,2558],[72,1817],[-3321,7827],[-1251,4406],[-457,1145],[-813,718],[-1623,845],[-1211,159]],[[264931,596792],[1133,1413],[1711,3251],[836,8228],[1218,3321],[2586,3393],[7017,5256],[1241,2412],[477,3770],[3056,3480],[10391,2920],[1900,-1721],[1780,-4311],[1959,-3240],[2322,-431],[2919,704],[2864,186],[3063,-1398],[2625,-2412],[2021,745],[2547,3729],[3939,99],[4068,-3438],[2900,-2998],[3321,-2235],[3876,-1218],[4349,-471],[3560,904],[3898,5318],[3161,931],[1933,-281],[4353,-1203]],[[687240,499081],[1813,-2889],[4091,-4098],[2864,-4560],[5424,-7068],[369,-4724],[-2707,-990],[-3638,-2463],[-4124,-1772],[-3827,-3442],[-2900,-7536],[-558,-6305],[486,-5203],[-545,-3056]],[[683988,444975],[-656,226],[-1734,-921],[-11338,-12633],[-4284,-9448],[-3259,513],[-12963,4360],[-6090,6134],[-3893,7085],[-1263,5433],[930,4279],[-42,4497],[-164,1822]],[[639232,456322],[1140,113],[2403,3399],[1947,6668],[-1104,16649],[875,2367],[-6896,9266],[-925,3757],[-702,5183],[-3356,11787],[1231,6746],[-768,4353],[-1894,5141],[-4248,4888],[-5394,4379],[-1042,5379],[-118,1049]],[[620381,547446],[1349,-150],[20898,-6723],[6133,382],[22959,16108]],[[671720,557063],[-3432,-14645],[1349,-7123],[5110,-3957],[4842,-4602],[-235,-6032],[-3850,-6945],[-764,-7256],[3961,-3934],[8539,-3488]],[[621054,796542],[-6109,-6618],[-1329,-5811],[649,-9457],[-1348,-11566],[-2537,-5895],[-2760,-1400],[-2939,-2984],[-1564,-5679],[209,-10020],[3142,-19079],[2106,-5151],[2367,-2898],[1551,-12197],[1950,-8994],[1348,-9682],[-780,-9348],[-2557,-10075],[-816,-10897],[885,-10508],[-693,-6496],[-1508,-3383],[-3527,-1086],[-8634,7064],[-1998,-950],[-777,-2293],[679,-5056],[2815,-9563],[4689,-10189],[5767,-8712],[3206,-9236],[386,-10951]],[[612927,577432],[-3050,535],[-4872,-826],[-1865,-4243],[686,-6087],[52,-4115],[-4108,-5179],[-4957,-4548],[-3040,-2285]],[[591773,550684],[-3755,1178],[-6426,5455],[-8382,14286],[-5486,3965],[-5473,-326],[-2224,176],[-271,895],[-1146,755],[-1254,-191],[-1022,-772],[-421,-990],[-39,-1958],[-262,-2276],[-764,-1526],[-1525,305],[-1191,1988],[744,1886],[1404,1772],[764,1662],[-382,2239],[-917,964],[-938,395],[-424,549],[147,1862],[-2678,6228],[-5786,6002],[-6204,4120],[-6371,2116],[-3948,1841],[-1587,3484],[-1437,2598],[-2230,45],[-4337,1268],[-4486,259],[-3288,-305],[-3030,2231],[-3341,3084],[-2083,1526]],[[501724,617474],[1241,1213],[1511,6746],[3579,7854]],[[508055,633287],[-186,3483],[-2501,5819],[258,5433],[4255,5657],[7205,3542],[6970,1818],[5290,-96],[4379,-804],[440,4583],[-875,7559],[506,4325],[2087,5250],[682,4893],[-3262,9636],[-4650,7376],[-2370,6996],[3272,5601],[1414,6809],[-1731,7814],[-118,4161],[1790,2880],[1913,5060],[2204,7540],[-1185,5929],[-4382,9697]],[[529460,764248],[5251,572],[5472,2027],[5656,1245],[6515,109],[9554,5260],[3073,-673],[9003,6151],[16291,5057],[17855,12319],[6638,8571],[2028,146]],[[616796,805032],[464,-1540],[1211,-3162],[1665,-2702],[918,-1086]],[[467842,518760],[-2403,244],[-4993,-453],[-4794,-1503],[-4578,-3567],[-4957,-5079],[-4277,-2762],[-4079,1882],[-2403,3311],[1502,4092],[2841,5938],[1352,6787],[1681,5227],[1692,3949],[2570,2811],[4689,218],[3389,-326],[3393,-2059],[2893,-2420],[3755,939],[5078,2957],[1535,2763],[-839,9007],[-1244,6151],[-2897,4883],[-4340,2708],[-4287,1581],[-3161,1662],[-568,3621],[-23,3639],[-1136,1835],[-617,798]],[[452616,577594],[-1114,2477],[-1757,5700],[356,6523],[2577,6356],[10073,12814],[16357,5415]],[[479108,616879],[3327,-4079],[1358,-691],[1757,-232],[2035,-1312],[480,-3974],[-389,-5220],[1140,-9972],[787,-3192],[1446,-1663],[4144,-1255],[1006,-3006],[72,-5420]],[[405963,572462],[584,-2262],[1447,-4279],[1633,-3443],[1482,645],[1600,3570],[2913,2797],[1473,-3297],[-1721,-7386],[-2978,-6550],[-8396,-7478],[-2899,-4533],[-4337,-2903],[-4075,-590],[-1104,-3248],[650,-3134],[1068,-1794],[1865,-19583],[-53,-10893],[-3125,-5166],[-5103,-3820],[-1826,-3248],[3239,-3952],[2322,-4365],[-2723,-4553],[-2521,-2960],[-1055,-950],[39,-3775],[1342,-6123],[3338,-1649],[4003,-727],[5538,-6896],[2857,-2163],[4079,1269],[5381,3597],[3906,-254],[-693,-4616],[-1345,-4488],[398,-1984]],[[359222,389951],[-780,477],[-2283,3720],[-7282,15027],[105,950],[-1505,4910],[-3569,1813],[-7593,-177],[-3644,894],[-3102,2285],[-1133,3094],[2270,3329],[986,-186],[1476,-645],[1338,-64],[591,1550],[4941,8299],[124,2461],[-1247,2063],[-2168,2235],[-2590,4256],[271,1663],[1185,3143],[271,1195],[216,2108],[356,1698],[75,1732],[-647,2212],[-457,167],[-1606,-277],[-529,110],[-235,509],[-624,1889],[-2119,1886],[-941,1508],[-392,2061]],[[328981,467846],[268,1972],[1189,3179],[268,964],[1188,2820],[2701,-766],[7023,-5842],[1457,-341],[653,1726],[258,1840],[1002,4292],[33,1072],[-1665,2686],[-1385,3451],[-855,3852],[-56,2666],[-872,4649],[-1691,2875],[-4774,5192],[-679,3184],[731,4152],[1580,3615],[3974,3071],[118,3449],[-509,1422]],[[364666,587951],[4930,4358],[3684,3929],[1734,2234],[2556,2754],[1467,445],[1636,-183],[2419,-2406],[601,-4408],[-1878,-4015],[-1214,-4415],[552,-3853],[3791,-689],[5456,472],[2815,-1164],[-947,-2661],[-3151,-3644],[-1763,-4614],[868,-2872],[1701,-454],[4043,1141],[3203,1367],[2152,617],[5963,2731],[679,-159]],[[328981,467846],[-1446,-1743],[-2430,-1881],[-4535,-572],[-4412,1449],[-1482,1167],[-1336,1298],[-1678,3417],[-392,2980],[-1489,173],[-3520,-1686],[-3736,-859],[-6472,4466],[-3683,-941],[-2191,-2315],[-284,-9113],[1564,-3135],[3095,-3579],[1343,-3870],[2700,-1967],[4676,-522],[2358,-2989],[1054,-5080],[255,-3388],[-2201,-1998],[-3059,-573],[-7628,5529],[-3507,-1395],[-2580,-2608],[-3546,635],[-2436,2986],[42,5006],[-1064,4523],[-7295,5179],[-2025,-704],[-1143,805],[-3095,331],[-10541,-2426],[-274,-2017],[672,-4174],[-1045,-3040],[-1724,-2134],[-2426,-2199],[-3641,-645],[-2094,-1395],[-1556,-2166],[-1182,-2845],[-350,-3974],[-1874,-5129],[450,-2099],[1444,-1499],[1058,-2998],[286,-2334]],[[198862,432346],[-667,-150],[-476,1618],[484,3053],[124,2271],[-846,5129],[-934,795],[-1156,745],[-568,890]],[[194823,446697],[294,2299],[865,-128],[1104,-1004],[1995,123],[-771,2857],[206,3206],[1139,2608],[2015,1041],[-692,2170],[-336,728],[-699,704],[2668,5892],[495,432],[543,-165],[434,178],[432,3739],[603,2039],[944,0],[1411,-1372],[660,2285],[369,3294],[542,1684],[2305,763],[2096,1935],[1521,2554],[589,2603],[-811,13063],[1255,4084],[4376,1514],[1822,1553],[1237,3612],[1610,6945],[4395,9602],[1401,1532],[4849,3830],[1515,753],[774,-63],[520,-318],[1688,-2677],[1005,-967],[977,-176],[973,-364],[966,-1550],[1666,1587],[401,1629],[-343,3989],[334,2399],[1142,4148],[252,1938]],[[92106,260024],[716,-2471],[3514,-6051],[1368,-2998],[2236,-1371],[3472,-1618],[2836,-2149],[2457,296],[6619,6706],[1006,1789],[2305,3006],[3491,3089],[3255,1618],[3053,-14],[2740,-358],[3111,-1563],[2688,-4092],[3165,-11290],[1492,-3006],[1880,-1100],[3321,-354],[7406,-3148],[1103,-1303],[814,-2026],[1175,-1664],[2012,119],[6838,5152],[1166,1290],[3167,2161],[5319,2409],[3660,2306],[1510,251],[1141,-877],[2914,-4556],[1651,-2158],[1748,-1444],[2844,-1273],[7315,-1853],[2622,-3807],[2311,286],[1832,1481],[4220,1876],[1734,1645],[528,3008],[311,3378],[4402,5961],[1463,3312],[1505,2456],[2138,1163],[5395,78]],[[231032,220145],[140,-1276],[-198,-2962],[-336,-1689],[-245,-1926],[-229,-15350],[496,-4937],[-71,-2898],[-568,-709],[-1072,-1104],[-1312,-2012],[-875,-3790],[-1362,-4133],[-3611,-6278],[-595,-1344],[-644,-1186],[24,-2903],[1051,-2593],[533,-2417],[848,-5946],[858,-3094],[269,-2989],[-879,-3084],[-4000,-7659],[-2308,-6792],[-1428,-2429],[-4084,-3035],[-5430,-2281],[-2956,106],[-3742,1172],[-2806,-200],[-1057,-2776],[-1404,-5587],[-406,-2463],[1148,-4578],[7288,-8040],[3762,-5497],[338,-3408],[-35,-2797],[-18,-1002]],[[206116,88259],[-2334,-952],[-4758,-4243],[-2709,-944],[-1877,-1376],[-533,-2876],[-803,-2466],[-4053,-83],[-1048,-472],[-1939,-1285],[-131,-481],[-46,-919],[-248,-831],[-783,-235],[-738,318],[-1320,1002],[-7191,2922],[-2174,-373],[-2280,-2366],[-3625,-7009],[-2330,-1777],[-4762,-845],[-2178,-1076],[-1682,-2094],[562,-154],[1476,-682],[-3826,-5523],[-696,-1605],[-19,-1548],[374,-4152],[-316,-2212],[-1635,-4411],[-837,-1359],[-3429,1958],[-1939,728],[-379,-2776],[26,-2884],[-425,-1586],[-1729,1136],[-850,1912],[-1084,5774],[-1129,2566],[-3068,1008],[-4528,-299],[-4108,572],[-1796,3634],[288,3221],[1241,4551],[280,3025],[-298,863],[-756,536],[-990,273],[-2295,0],[-400,-335],[-101,-691],[-398,-1190],[-621,-2418],[-58,-2365],[-476,-1818],[-1835,-712],[-1467,721],[-1819,3747],[-1429,1640],[-1634,-2339],[-1489,-1080],[-1563,-296],[-1859,10],[137,-447],[-448,-1044],[-829,-1185],[-1022,-927],[-1032,-618],[-91,137],[32,680],[-639,1001],[-1705,966],[-679,737],[-274,1348],[-183,1854],[-470,1149],[-1463,1803],[-712,1254],[-417,949],[-634,618],[-1304,237],[-1257,-210],[-446,-589],[211,-814],[718,-900],[-1919,-498],[-1672,3693],[-1676,-682],[-362,1412],[-241,690],[-1124,1387],[0,1308],[1228,-119],[1074,219],[2022,995],[-1201,2957],[-622,3989],[-1027,2639],[-2414,-1068],[-850,3607],[-1791,2193],[-2512,1099],[-2958,301],[-1051,368],[-435,827],[-571,826],[-1438,378],[-972,-804],[-666,-1586],[-715,-1144],[-1095,536],[-3715,4751],[-157,1994],[1815,7209],[-235,1113],[-1378,4115],[-1418,2549],[-563,1781],[2677,132],[479,2374],[-875,3221],[-1413,2676],[-1531,1359],[-1663,1090],[-1355,1684],[-641,3177],[-1257,-1472],[-1478,-877],[-1405,281],[-1029,2068],[1721,1094],[-822,355],[-728,471],[-829,355],[-1062,19],[1146,1457],[2961,1413],[-235,1380],[-3193,2894],[-757,1794],[855,3172],[-3382,-196],[71,1912],[1080,3181],[-356,3610],[-368,-1163],[-578,-1139],[-752,-890],[-890,-410],[-1539,192],[-143,780],[480,1022],[330,955],[0,9658],[-934,2616],[-87,78]],[[50892,158595],[3313,3473],[-71,3453],[600,2844],[1254,2752],[290,2241],[-816,6105],[105,2980],[-836,3475],[-2047,3211],[-581,7327],[-2623,1962],[-1894,2708],[1251,3915],[1485,3671],[1275,-1009],[2827,-463],[3818,1826],[3613,1054],[2449,1036],[2015,-995],[1613,-295],[1447,3062],[1930,5296],[810,3238],[597,3375],[-237,6442],[-1115,5587],[893,3853],[280,3779],[-2142,2371],[-2009,-599],[-1953,1217],[-3301,1026],[-3506,1990],[-1402,2707]],[[99876,465077],[904,2260],[1328,1564],[1339,436],[2566,-428],[1280,119],[2511,1653],[124,439]],[[109928,471120],[954,-735],[804,-1171],[2250,-1586],[3068,514],[3021,918],[2626,-278],[2329,373],[3712,3848],[1917,-277],[1806,-1219],[1175,-1770],[-26,-3199],[-637,-4206],[-7,-3297],[1639,-901],[2408,-249],[914,-2085],[-666,-3334],[-1006,-3531],[-385,-3547],[-69,-4002],[-464,-5514],[-835,-5139],[-3445,-11174],[-611,-2952],[428,-4270],[2387,-3289],[2410,-301],[2243,892],[2057,1181],[1620,1363],[2315,1071],[4461,-2617],[2547,454],[2572,2096],[2001,3396],[1370,3831],[975,6037],[664,2803],[3853,11719],[3416,4343],[2498,886],[3102,-500],[3314,-128],[3132,442],[1977,1034],[1696,1723],[2745,690],[3162,-1053],[2077,-1555],[1580,-1484],[1955,298],[1866,1028]],[[460593,729580],[4888,-13665],[-411,-17542],[316,-4157],[2041,-3747],[2874,-4175],[862,-3166],[2942,-278],[3119,-2933],[2099,-5420],[1176,-4597],[78,-5315],[-888,-3588],[-1662,-3057],[-245,-2085]],[[477782,655855],[-4526,-3212],[-6531,-1090],[-2188,5328],[-2971,2326],[-3118,-2568],[-1251,-2965],[-2142,-7705],[-2995,-868],[-2279,1105],[-2031,591],[-1682,-2490],[-1547,-3216],[-1643,-1594],[-7530,499],[-1570,-499],[-1614,3769],[-3294,2380]],[[428870,645646],[-2564,2908],[569,5347],[502,450],[1715,1017],[372,440],[127,264],[735,3939],[774,799],[878,272],[715,505],[301,1481],[-173,1481],[-689,2398],[-82,1577],[1362,5505],[3373,6533],[-1492,4456],[-520,3243],[-68,2880],[-869,2290],[-2723,1099],[-6332,-3521],[-2276,1059],[-3432,54],[-3765,718],[-11085,5260],[-6659,608],[-1668,2344],[-1355,1559],[-4934,-2221],[-2358,-2117],[-931,-1745],[-989,-1530],[-2495,-3121],[-3033,-2118],[-3302,-1548],[-4803,-1381],[-1163,-958]],[[370533,685872],[-878,3706],[-3370,8186],[-574,8185],[22,3226],[-411,3925],[-1074,1744],[-2404,1581],[-2752,817],[-2067,2476],[-1267,3739],[-2998,2339],[-11896,3730],[-4333,2871],[-5238,7285],[-2667,4756],[-814,1750],[-226,403]],[[327586,746591],[4452,2308],[-3556,16594],[-591,9421],[2008,6737],[2237,5033],[4940,22786],[-209,281],[-199,433],[-372,262],[-725,-208],[3340,7464],[18662,14100],[2139,3258]],[[359712,835060],[6808,-8578],[4536,-8241],[1234,-4528],[-163,-3689],[1208,-1458],[2828,-1209],[1871,-40],[1587,1831],[1976,1063],[2214,-941],[1805,568],[1244,2708],[2211,2821],[3057,2420],[4215,-118],[4180,-2671],[5473,-7540],[2958,-1299],[1985,-1318],[781,-9430],[2122,-4339],[3834,-1612],[2403,-3075],[-947,-5528],[-166,-5834],[2635,-7544],[937,-1894],[3863,-15345],[4163,-23076],[2691,-845],[4624,440],[3696,-513],[3031,-1022],[6583,2048],[3983,482],[5421,1826]],[[764839,398700],[-10338,259],[-2753,650],[-13911,13095],[-3781,1736],[-7856,-455],[-4063,2604],[-2318,2652],[-2149,-254],[-6860,1772],[-1966,-818],[-584,-4639],[-1039,-1222],[-1943,156],[-1064,340]],[[704214,414576],[-180,2703],[-1153,6968],[-3079,6942],[-5923,1690],[-4141,3910],[-1286,5941],[-2714,1640],[-1750,605]],[[687240,499081],[1166,1845],[7275,9226],[3442,6005],[3478,1503],[4098,-568],[9744,6709],[13466,305],[5336,4766],[6798,7695]],[[742043,536567],[1280,504],[2547,1581],[9640,8816],[2981,1246],[14590,-12865],[1737,-2871],[5786,-16526],[2913,-2316],[1972,2067],[836,1530],[1437,509],[1737,-77],[1306,1599],[967,2884],[1358,1590],[915,1308],[-27,2331],[288,2230],[1632,1136],[823,1308],[13,1763],[2404,786],[849,2403],[2286,3334],[208,4125],[667,2315],[783,-140],[993,-313],[927,727],[-104,3106],[326,3490],[1947,6322],[1188,1899],[1894,1109],[2848,763],[2690,227],[2482,1049],[2051,3267],[1397,4047],[1620,2676],[1593,799],[1894,590],[2221,-140],[2103,-1422],[1802,-690],[758,-168],[953,-341],[1868,-328],[1868,1681],[1489,2889],[509,3289],[980,2280],[1175,1608],[183,2613],[457,2212],[1581,926],[4010,799],[5172,1745],[2560,255],[875,449]],[[461566,484009],[-3030,-327],[-3524,-2862],[-1841,-2844],[-2747,-1462],[-698,-4580],[-1581,-5840],[-4575,-4965],[-1893,-2695],[-1783,-3115]],[[439894,455319],[-298,-910],[-2592,-2507],[-4154,-3052],[-11070,-5470],[-4966,-1080],[-1920,322]],[[405963,572462],[1593,1312],[951,623],[2272,2199],[3952,1872],[8013,2711],[3745,154],[7651,-1149],[2220,1241],[1535,1576],[6136,-68],[2792,-1867],[1868,-4393],[2400,-541],[1525,1462]],[[328914,231927],[133,-788],[248,0],[545,-141],[581,-381],[366,-782],[3,-1135],[-280,-777],[-356,-672],[-771,-2886],[-1695,-4196],[-359,-1740],[536,-3358],[3787,-9248],[307,-1730],[209,-3754],[340,-1716],[584,-1031],[1708,-2339],[373,-828],[385,-3434],[989,-2221],[4438,-5379],[1554,-1090],[2057,-477],[3089,-108],[490,-755],[-548,-1649],[-1156,-1653],[-1385,-750],[-1636,-181],[-1224,-600],[-973,-1076],[-902,-1635],[-862,-2571],[-633,-3585],[0,-3688],[1025,-2866],[1104,-665],[1293,-198],[1078,-364],[453,-1176],[307,-2004],[820,-418],[1104,46],[1214,-627],[1261,-1078],[823,-526],[431,-936],[72,-2258],[-418,-2339],[-941,-1549],[-2560,-2766],[-1652,-3617],[-59,-3502],[1319,-7939],[0,-15063],[621,-3562],[2867,-5933],[823,-3162],[-151,-4505],[-1175,-7982],[548,-4433],[3005,-6674],[359,-1721],[-803,-1791],[-4370,-6726],[-2116,-5875],[-470,-3678],[862,-3648],[1032,-1586],[692,-164],[706,110],[1103,-763],[640,-1422],[157,-1608],[405,-1613],[1372,-1466],[-1614,-1922],[-1084,-2577],[-627,-2875],[-195,-2830],[222,-2861],[653,-1809],[4525,-5692],[4559,-7935],[-3951,-5188],[-3089,-8984],[-2371,-2853],[-3024,323],[-2883,3057],[-12604,23139],[-6286,16858],[-2266,8185],[-1538,4089],[-1983,2766],[-2396,782],[-4350,-1767],[-2279,149],[-2207,2540],[-1241,4093],[-1584,8466],[-2531,4262],[-2929,907],[-2837,83],[-2205,1793],[-555,3517],[275,4148],[-43,3389],[-1541,1298],[-1956,-1916],[-4274,-8378],[-1744,-2393],[-3017,-410],[-1274,2285],[-222,3595],[105,3505],[-562,1200],[-1306,-709],[-1483,-1266],[-1149,-545],[-1349,966],[-2217,2812],[-1593,836],[-19881,2266],[-7555,-1398],[-2159,627],[-1349,1318],[-825,1430],[-965,1268],[-1703,763],[-428,-409],[-1172,-1994],[-673,-537],[-798,219],[-1648,1289],[-943,183],[-6140,-1046],[-1841,-799],[-1280,-1168],[-2025,-2992],[-1074,-1104],[-2429,-1000],[-8370,-218],[-243,-98]],[[312129,237112],[2968,704],[3148,-337],[2116,-3316],[810,-2838],[1365,-1700],[2811,65],[1760,594],[1807,1643]],[[563678,490819],[555,-2073],[1208,-1657],[1212,-1300],[555,-971],[784,-7913],[414,-1977],[310,-980],[1081,-1845],[2260,-3080],[999,-3394],[3576,-5755],[1714,-2175],[1571,-1581],[976,-763],[807,-814],[2680,-4751],[673,-2048],[274,-2700],[-300,-5033],[689,-1534]],[[527612,385408],[-500,1000],[-9610,6391],[-3461,5483],[-1545,3420],[-2001,2394],[-8572,5656],[-2093,2903],[-2335,2534],[-3001,1972],[-3193,1394],[-3005,3567],[-3043,4378],[-2615,2935],[-10783,16154],[-3027,2153],[-3278,-960],[-3566,-3342],[-4692,-265],[-4578,310],[-2156,-1840],[-1463,164],[-4447,8712],[-4754,4798]],[[599751,317260],[1319,-4379],[2883,-6296],[1522,-4369],[2057,-3026],[2322,-2606],[800,-3399],[-660,-2679],[-1257,-3081],[349,-5714],[2,-19]],[[609088,281692],[-14402,359],[0,46],[-653,1259],[-712,390],[-744,-427],[-725,-1222],[-2704,-623],[-2828,-4270],[-2201,-422],[843,2404],[-1320,-73],[-646,562],[-882,2376],[-960,919],[-1064,295],[-17424,1899],[-3586,-763],[-1117,-2676],[-15229,199],[-16079,219],[-3169,799],[-4195,2247]],[[497234,339397],[2707,4756],[2064,1290],[1972,-481],[2769,1530],[5432,8636],[3416,3439],[2904,1517],[2606,1858],[1998,1989],[1698,2190],[2338,3951],[4764,6670]],[[770521,626246],[-693,-173],[-1175,-718],[-601,-1403],[52,-1867],[457,-2853],[-1267,-2234],[-2403,-955],[-2142,-1603],[-2260,-2204],[-2703,-1943],[-2988,831],[-3455,277],[-3765,1404],[-3980,2361],[-3047,709],[-2785,2476],[-3445,481],[-1130,-1934],[388,-3748],[-796,-5397],[-2649,-4338],[-947,-2517],[3269,-4510],[3536,-8808],[2525,-28792],[3520,-18075],[6,-4146]],[[671720,557063],[1368,7685],[-98,6733],[-1593,6401],[-925,2847],[-623,2498],[2952,13820],[-4915,4915],[-5623,4215],[-2844,2617],[-2217,4551],[-1783,5947],[-673,3047],[-2125,5755],[-938,4630],[702,15363],[2756,8340],[3553,6568],[1088,4925],[-1516,6518],[1205,6828],[3034,8730],[522,7050],[-1789,4525],[-523,5860],[3589,6141],[4559,3693],[1012,2939],[-539,1431]],[[669336,721635],[2132,2729],[2632,6288],[2106,4134],[4343,-177],[5473,-2276],[4565,-2736],[5460,1133],[3631,2344],[6028,2920]],[[705706,735994],[509,-3143],[467,-5787],[43,-4870],[2397,-2363],[4173,-6658],[3628,-11039],[4241,-7959],[7883,-10175],[1391,-6250],[5659,-6770],[16497,-7185],[2700,-4842],[3772,-4575],[3409,-4942],[4402,-7859],[4950,-6960],[1489,-5173],[-1045,-2775],[-1750,-423]],[[620381,547446],[-356,3067],[59,12632],[-2400,8745],[-3249,5259],[-1508,283]],[[621054,796542],[2243,-986],[4912,-3166],[3552,-3675],[7223,-10629],[1852,-5678],[901,-8086],[2821,-5970],[3419,-3860],[3413,-5638],[5002,-3597],[8304,-559],[5479,-1973],[-346,-4886],[-2233,-4812],[-673,-5227],[2413,-6165]],[[770521,626246],[1972,-755],[3083,1014],[3004,2594],[3409,-1090],[4310,1971],[3200,-1735],[3670,-436],[3005,3216],[2416,3670],[3344,-245],[2416,2153],[2443,2897],[11507,8573],[2431,1342]],[[820731,649415],[11,-3245],[366,-3339],[1123,-2808],[3631,-2720],[9039,-1036],[3814,-2594],[7197,-8267],[7563,-8696],[9358,-10767]],[[50892,158595],[-1996,1811],[-2070,237],[-942,-2339],[-1130,-173],[-6210,5029],[-2018,-750],[-5845,1185],[-2128,110],[-948,-814],[-639,-1217],[-798,-1095],[-1462,-472],[-1444,-65],[-666,156],[-555,509],[-654,398],[-470,-680],[-476,-990],[-594,-537],[-2555,137],[-2121,718],[-1731,1225],[-1358,1640],[-393,1068],[-430,1571],[-549,1432],[-752,618],[-1168,73],[-876,213],[-1796,909],[-142,3056],[-1542,4433],[-2228,3981],[-2206,1744],[692,2547],[1025,8959],[483,1449],[2971,6355],[1711,9230],[-371,1677],[-947,1207],[143,2694],[876,2822],[1254,1576],[-1940,1022],[-156,1481],[-628,2884],[-66,1586],[1209,9431],[646,2602],[856,1294],[1038,691],[823,831],[183,1735],[-38,1481],[1756,10143],[-464,2150],[-1508,3707],[-2345,12286],[-1711,4861],[-2867,-936],[784,4570],[-1264,9105]],[[508055,633287],[-1130,318],[-5760,218],[-2021,1376],[-2067,3208],[-937,0],[-663,-791],[-862,-518],[-745,273],[-320,1581],[-453,1467],[-1042,-27],[-1878,-895],[-1694,1376],[-2420,3642],[-2273,4508],[-5120,5682],[-888,1150]],[[460593,729580],[-85,3897],[1378,7369],[4392,5014],[5127,3717],[4741,1871],[3053,2744],[-33,4747],[-1286,2656],[-735,950]],[[477145,762545],[6342,16943],[5113,5538],[5117,746],[10247,7259],[1456,-3802],[1607,-8486],[4735,-7186],[6932,-4238],[6518,-2035],[3748,-1990],[500,-1046]],[[704214,414576],[114,-1740],[-313,-2698],[-1614,-982],[-2109,-44],[-5081,845],[-2116,-1408],[-4173,-4920],[-2423,-6810],[-2283,-2994],[-1795,-2838],[-2949,-8705],[1032,-3815],[2132,-3880],[-620,-2662],[-817,-2398],[-23,-2734],[-538,-6041],[-1529,-2500],[-1191,-2433],[757,-2736],[-356,-2762],[-1580,-2561],[222,-3725],[1544,-1772],[2152,-173],[2426,-880],[2107,489],[2125,1291],[2423,732],[3589,277],[3474,-1750],[1829,-2784],[-98,-2525],[-1336,-2536],[-1312,-1880],[-1816,-2062],[-1299,-2427],[-601,-2566],[-937,-2757],[-1385,-2080],[-2142,-877],[-1097,-1622],[-39,-2576],[-1705,-4729],[-1205,-4824],[-266,-1369]],[[683392,304635],[-6451,1815],[-17133,4915],[-353,-2839],[496,-1650],[284,-1584],[-989,-2612],[-1603,-2141],[-6335,-6354],[-2273,3724],[-2397,2649],[-2442,0],[-2423,-4225],[-588,-2557],[-281,-3988],[-685,-1862],[-1496,-1669],[-3324,-2165],[-1189,-2014],[0,-27],[-313,-445],[-379,-391],[-411,-299],[-445,-195],[-4924,232],[-2625,-386],[-1816,-936],[-1169,-2930],[-921,-4316],[-1280,-3971],[-2214,-1875],[-6067,8021],[379,1227],[947,1395],[542,1408],[-751,1232],[-1175,144],[-882,-444],[-562,163],[-169,1984],[-887,23]],[[597014,429985],[6440,677],[6690,2793],[4944,6719],[2155,4941],[2560,4744],[2720,3983],[3661,1913],[6994,971],[5013,-509],[1041,105]],[[109928,471120],[513,1814],[256,2825],[1332,3436],[4526,3516],[3800,235],[1235,1862],[-3168,8395],[11136,12565],[489,727],[163,1054],[-221,1980],[443,2754],[-26,1417],[320,1208],[1388,1163],[1858,154],[1241,-1391],[993,-1906],[1136,-1354],[3752,1008],[-1167,7532],[-4583,14944],[1005,4244],[2155,3551],[2404,3217],[1789,3252],[829,2417],[-46,663],[-681,609],[-1108,2280],[-2664,8231],[-2096,2825],[-5493,5797],[-1111,2908],[768,9120],[448,483],[854,-291],[1347,263],[3670,1962],[4199,1432],[4193,426],[3716,-1090],[3604,-2948],[1731,-681],[2646,444],[2357,1100],[1538,1408]],[[428870,645646],[-4040,306],[-5123,3042],[-4415,1391],[-11928,-6968],[-4934,-3943],[-6041,-8931],[-3586,-1454],[-5917,-1562],[-4427,-537],[-4686,887],[-6720,-245],[-5862,631],[-2697,880]],[[358494,629143],[-1293,8646],[46,6777],[1623,4847],[2785,772],[5652,-1281],[4108,-181],[4382,1535],[2694,4088],[3886,9040],[5600,10448],[1267,4996],[-2429,2054],[-3775,945],[-3053,-949],[-3331,230],[-3393,2268],[-2730,2494]],[[434434,838213],[5711,-10010],[3954,-2884],[10717,-10612],[7576,-5606],[-121,-2960],[-1074,-6942],[333,-6960],[7037,-17389],[4023,-6358],[4555,-5947]],[[359712,835060],[7141,10878],[2828,3289],[10267,8007],[6883,2295],[9613,-2848],[29539,-19088],[4049,-1294],[1959,421],[2443,1493]],[[501724,617474],[-800,-731],[-3419,959],[-5186,3483],[-4764,432],[-8447,-4738]],[[357955,621495],[307,1325],[268,3825],[-36,2498]],[[559201,504206],[33,518],[228,3938],[-143,3961],[-1290,1713],[-1009,667],[-144,1608],[683,3615],[29,874],[-160,2026],[131,812],[640,726],[816,192],[751,27],[457,255],[2528,6269],[1211,5837],[-888,4910],[-1626,1508],[2968,563],[2567,808],[3004,5475],[4192,203],[4876,-6794],[3833,-3434],[4102,672],[3605,2361],[1208,3880],[-30,3288]],[[258906,663800],[1558,-323],[1531,536],[1264,2821],[-141,3161],[-1477,6097],[471,4969],[2783,1486],[20742,1703],[1740,1557],[-4464,43851],[1868,6486],[666,4143],[529,9784],[-829,4226],[-2613,2710],[2515,3390],[3366,-1594],[5636,-5815],[3524,-490],[2769,799],[2645,108],[3167,-2556],[2253,-2904],[621,-1657],[352,-2576],[885,-2703],[1453,717],[2198,3294],[1473,1014],[992,381],[3076,-445],[1058,-513],[895,-792],[885,-545],[924,210],[4365,2261]],[[745298,287257],[-11023,3098],[-28811,8082],[-15507,4352],[-6565,1846]],[[761113,783949],[-728,-2139],[-1123,-1785],[-2156,-2766],[-2902,-1990],[-5695,-263],[-1581,-2780],[-1485,-3916],[-2201,-2190],[-5695,-264],[-5659,-2915],[-1829,-3234],[-881,-2553],[-670,-2500],[-2576,-2698],[-3285,-590],[-2227,-1726],[-1522,-2362],[-1828,-2276],[-2783,-1930],[-1613,-700],[-1286,-737],[-2129,-1776],[-3553,-3865]],[[616796,805032],[1574,118],[3990,2025],[3416,4480],[1678,6900],[872,7827],[-911,6168],[-1120,2667]],[[723510,886715],[18197,-22498],[5362,-9840],[359,-999],[-131,-1457],[-1198,-2104],[-467,-1594],[-666,-5443],[-601,-2084],[-3024,-6373],[-545,-2068],[558,-2011],[1603,-3276],[784,-1203],[794,-827],[692,-927],[535,-1485],[-143,-1140],[-1045,-2830],[13,-1545],[1162,-1803],[1646,-1095],[1326,-1546],[261,-3115],[1003,-3103],[2086,-1921],[2217,-1567],[1362,-2062],[-56,-1532],[-1035,-3170],[72,-1844],[781,-1277],[2635,-2358],[992,-1513],[1072,-3257],[1002,-1899]],[[761113,783949],[526,-993],[1920,-2413],[4258,-3797],[1293,-2330],[1424,-2068],[2429,-1218],[862,-1649],[-757,-3316],[-1228,-3665],[-549,-2675],[1750,-4379],[3331,-1567],[16771,726],[1280,-364],[366,-1216],[-26,-1431],[104,-1073],[-91,-650],[-431,-726],[104,-1163],[1515,-1957],[2482,-1641],[2247,-163],[4754,626],[5839,-2403],[6831,-5577],[5107,-7400],[653,-7923],[2364,-5342],[4167,-4170],[13767,-8667],[2259,-1008],[5356,-904],[2129,-736],[1933,-1850],[2416,-3693],[-3435,-1848],[-2456,1594],[-2063,2512],[-2286,917],[-666,-953],[-601,-1948],[-1267,-6010],[-875,-373],[-2808,1595],[-6792,2320],[-10110,5498],[-2678,626],[-1659,-7045],[53,-14909],[65,-16549],[41,-11186]],[[336665,333306],[-1332,-2771],[-1166,-3766],[1326,-1649],[5551,-174],[2501,-1185]],[[353073,280267],[-2769,-37],[-52,1867],[-10897,272],[177,-1017],[-350,-1249],[758,-3358],[1384,-3116],[758,-3365],[-712,-4025],[-1701,-2576],[-2015,-2121],[-1698,-2684],[-934,-3663],[-1394,-8153],[-2126,-4761],[-457,-4015],[-692,-1667],[-1352,-1840],[-385,-1053],[298,-1779]],[[434434,838213],[6204,3791],[1091,1212],[489,1849],[2325,43177],[1006,4653],[3795,2293],[6054,373],[10383,-1104],[8882,631],[8817,2276],[43808,38476],[5375,3460],[24144,8050],[4820,2799],[4454,3788],[23,27]]],"transform":{"scale":[0.000007912754892754892,0.000005688030588030588],"translate":[-5.52257808,9.39188263]},"bbox":[-5.52257808,9.39188263,2.3901689,15.07990753]}