{"type":"Topology","objects":{"all":{"type":"GeometryCollection","bbox":[29.54845951,35.00647262,-1.47520599,4.21969188],"geometries":[{"type":"Polygon","properties":{"a":3397,"b":"Masaka","c":31.80074,"d":-0.35956},"arcs":[[0,1,2,3]]},{"type":"Polygon","properties":{"a":3362,"b":"Bamunanika","c":32.60097,"d":0.85235},"arcs":[[4,5,6,7,8]]},{"type":"Polygon","properties":{"a":3401,"b":"Ibanda","c":30.54963,"d":-0.07081},"arcs":[[9,10,11,12]]},{"type":"Polygon","properties":{"a":3354,"b":"Nebbi","c":31.22842,"d":2.43238},"arcs":[[13,14,15]]},{"type":"Polygon","properties":{"a":3360,"b":"Nakasongola","c":32.40696,"d":1.39384},"arcs":[[16,17,-9,18,19,20]]},{"type":"Polygon","properties":{"a":3352,"b":"Bujenje","c":31.44,"d":1.96536},"arcs":[[21,22,23,24]]},{"type":"Polygon","properties":{"a":3383,"b":"Manafwa","c":34.33142,"d":0.92175},"arcs":[[25,26,27,28]]},{"type":"Polygon","properties":{"a":3336,"b":"Kaberamaido","c":33.24378,"d":1.70031},"arcs":[[29,30,31,32,33,34]]},{"type":"Polygon","properties":{"a":3353,"b":"Gulu","c":31.84596,"d":2.70096},"arcs":[[35,36,37,38,-24,39,-16,40,41,42]]},{"type":"Polygon","properties":{"a":3373,"b":"Oyam","c":32.43682,"d":2.30042},"arcs":[[43,44,45,46,-38,47]]},{"type":"Polygon","properties":{"a":3407,"b":"Kabale","c":29.98857,"d":-1.22781},"arcs":[[48,49,50,51,52]]},{"type":"Polygon","properties":{"a":3376,"b":"Kabarole","c":30.26641,"d":0.55747},"arcs":[[53,54,55,56,57]]},{"type":"Polygon","properties":{"a":3367,"b":"Apac","c":32.61691,"d":1.9866},"arcs":[[58,59,-21,60,-46,61]]},{"type":"Polygon","properties":{"a":3381,"b":"Budadiri","c":34.35412,"d":1.19101},"arcs":[[62,-29,63,64,65]]},{"type":"Polygon","properties":{"a":3398,"b":"Bushenyi","c":30.17087,"d":-0.35932},"arcs":[[66,-11,67,68,69,70,71]]},{"type":"Polygon","properties":{"a":3343,"b":"Busiki","c":33.6511,"d":0.86827},"arcs":[[72,73,74,75,76]]},{"type":"Polygon","properties":{"a":3394,"b":"Moroto","c":34.39044,"d":2.37995},"arcs":[[77,78,79,80,81,82,83,84,85]]},{"type":"Polygon","properties":{"a":3389,"b":"Usuk","c":34.05327,"d":1.92227},"arcs":[[86,87,88,-80]]},{"type":"Polygon","properties":{"a":3359,"b":"Kiboga","c":31.75399,"d":1.00674},"arcs":[[89,90,91,92,93,94]]},{"type":"Polygon","properties":{"a":3348,"b":"Mpigi","c":32.00916,"d":0.11446},"arcs":[[95,-4,96,97,98,99]]},{"type":"Polygon","properties":{"a":3341,"b":"Bulamogi","c":33.48943,"d":1.07958},"arcs":[[-76,100,101,102]]},{"type":"Polygon","properties":{"a":3408,"b":"Kisoro","c":29.66988,"d":-1.18555},"arcs":[[-51,103,104]]},{"type":"Polygon","properties":{"a":3395,"b":"Nakapiripirit","c":34.66544,"d":1.71617},"arcs":[[105,106,-66,107,-78,108]]},{"type":"Polygon","properties":{"a":3333,"b":"Kalangala","c":32.41877,"d":-0.58285},"arcs":[[109,110,111,112,-1,-96]]},{"type":"Polygon","properties":{"a":3339,"b":"Kamuli","c":33.16544,"d":1.13388},"arcs":[[-32,113,114,-102,115,116,117,118]]},{"type":"Polygon","properties":{"a":3349,"b":"Adjumani","c":31.78389,"d":3.21877},"arcs":[[-42,119,120,121]]},{"type":"Polygon","properties":{"a":3385,"b":"Busia","c":34.00121,"d":0.4754},"arcs":[[122,123,124]]},{"type":"Polygon","properties":{"a":3393,"b":"Labwor","c":33.74214,"d":2.59},"arcs":[[-83,125,126,127]]},{"type":"Polygon","properties":{"a":3409,"b":"Kanungu","c":29.69606,"d":-0.93443},"arcs":[[-52,-105,128,129]]},{"type":"Polygon","properties":{"a":3335,"b":"Kumi","c":33.95694,"d":1.43421},"arcs":[[-79,-108,-65,130,131,132,133,-87]]},{"type":"Polygon","properties":{"a":3382,"b":"Bungokho","c":34.19558,"d":1.04135},"arcs":[[-64,-28,134,135,136,-131]]},{"type":"Polygon","properties":{"a":3377,"b":"Kyenjojo","c":30.75211,"d":0.59251},"arcs":[[137,138,139,140,-54,141]]},{"type":"Polygon","properties":{"a":3365,"b":"Nakaseke","c":32.13163,"d":1.11039},"arcs":[[-8,142,143,-90,144,-19]]},{"type":"Polygon","properties":{"a":3371,"b":"Pader","c":33.1354,"d":2.84564},"arcs":[[145,-127,146,-44,147,148]]},{"type":"Polygon","properties":{"a":3391,"b":"Amuria","c":33.66894,"d":2.08637},"arcs":[[-89,149,-30,150,-81]]},{"type":"Polygon","properties":{"a":3356,"b":"Yumbe","c":31.30562,"d":3.54082},"arcs":[[151,152,153,154,155]]},{"type":"Polygon","properties":{"a":3369,"b":"Lira","c":33.22679,"d":2.36641},"arcs":[[-126,-82,-151,-35,156,-62,-45,-147]]},{"type":"Polygon","properties":{"a":3355,"b":"Moyo","c":31.7445,"d":3.61982},"arcs":[[-121,157,-152,158]]},{"type":"Polygon","properties":{"a":3361,"b":"Wakiso","c":32.44468,"d":0.07066},"arcs":[[-7,159,160,161,-110,-100,162,-143]]},{"type":"Polygon","properties":{"a":3372,"b":"Masindi","c":31.99891,"d":1.90901},"arcs":[[-47,-61,-20,-145,-95,163,-25,-39]]},{"type":"Polygon","properties":{"a":3357,"b":"Maracha","c":31.10185,"d":3.18897},"arcs":[[-154,164,165,166]]},{"type":"Polygon","properties":{"a":3406,"b":"Kashari","c":30.60808,"d":-0.55012},"arcs":[[167,168,-68,-10,169]]},{"type":"Polygon","properties":{"a":3392,"b":"Kaabong","c":34.02422,"d":3.5782},"arcs":[[-85,170,171,172]]},{"type":"Polygon","properties":{"a":3379,"b":"Kapchorwa","c":34.54147,"d":1.38351},"arcs":[[173,174,-63,-107]]},{"type":"Polygon","properties":{"a":3342,"b":"Budaka","c":34.04607,"d":1.09499},"arcs":[[-137,175,176,-132]]},{"type":"Polygon","properties":{"a":3366,"b":"Kitgum","c":32.97826,"d":3.50518},"arcs":[[-172,177,-149,178,-36,179]]},{"type":"Polygon","properties":{"a":3374,"b":"Bundibugyo","c":30.07824,"d":0.814},"arcs":[[180,-57,181,182,183]]},{"type":"Polygon","properties":{"a":3388,"b":"Tororo","c":34.08596,"d":0.71108},"arcs":[[-27,184,-125,185,186,-135]]},{"type":"Polygon","properties":{"a":3344,"b":"Soroti","c":33.48317,"d":1.58675},"arcs":[[-88,-134,187,-114,-31,-150]]},{"type":"Polygon","properties":{"a":3370,"b":"Dokolo","c":33.10379,"d":1.95095},"arcs":[[-34,188,-59,-157]]},{"type":"Polygon","properties":{"a":3375,"b":"Hoima","c":31.02013,"d":1.38806},"arcs":[[-164,-94,189,-184,190,-22]]},{"type":"Polygon","properties":{"a":3386,"b":"Bunyole","c":33.87942,"d":0.88061},"arcs":[[-187,191,-73,192,-176,-136]]},{"type":"Polygon","properties":{"a":3346,"b":"Pallisa","c":33.76386,"d":1.19256},"arcs":[[-177,-193,-77,-103,-115,-188,-133]]},{"type":"Polygon","properties":{"a":3364,"b":"Busujju","c":32.10491,"d":0.3829},"arcs":[[-144,-163,-99,193,-91]]},{"type":"Polygon","properties":{"a":3350,"b":"Arua Municipality","c":31.10893,"d":2.8764},"arcs":[[-120,-41,-15,194,-165,-153,-158]]},{"type":"Polygon","properties":{"a":3351,"b":"Koboko","c":30.98893,"d":3.55079},"arcs":[[-167,195,-155]]},{"type":"Polygon","properties":{"a":3405,"b":"Rukungiri","c":29.92467,"d":-0.76371},"arcs":[[196,-53,-130,197,-70]]},{"type":"Polygon","properties":{"a":3378,"b":"Kibale","c":31.06061,"d":0.95771},"arcs":[[-93,198,-142,-58,-181,-190]]},{"type":"Polygon","properties":{"a":3368,"b":"Aswa","c":32.42362,"d":2.84746},"arcs":[[-148,-48,-37,-179]]},{"type":"Polygon","properties":{"a":3396,"b":"Rakai","c":31.4466,"d":-0.71717},"arcs":[[-2,-113,199,200,201,202]]},{"type":"Polygon","properties":{"a":3347,"b":"Sembabule","c":31.30347,"d":0.03426},"arcs":[[-97,-3,-203,203,-139,204]]},{"type":"Polygon","properties":{"a":3340,"b":"Kyoga","c":32.73819,"d":1.57455},"arcs":[[-189,-33,-119,205,-17,-60]]},{"type":"Polygon","properties":{"a":3387,"b":"Mayuge","c":33.53053,"d":-0.25119},"arcs":[[206,207,208,209,210]]},{"type":"Polygon","properties":{"a":3363,"b":"Mubende","c":31.57088,"d":0.50687},"arcs":[[-194,-98,-205,-138,-199,-92]]},{"type":"Polygon","properties":{"a":3390,"b":"Jie","c":34.01913,"d":3.01195},"arcs":[[-84,-128,-146,-178,-171]]},{"type":"Polygon","properties":{"a":3402,"b":"Bukanga","c":30.88066,"d":-0.84468},"arcs":[[211,-201,212,213,-168]]},{"type":"Polygon","properties":{"a":3403,"b":"Mbarara","c":30.85015,"d":-0.22851},"arcs":[[-140,-204,-202,-212,-170,-13,214]]},{"type":"Polygon","properties":{"a":3334,"b":"Jinja","c":33.30742,"d":0.50683},"arcs":[[215,-209,216,217,-117]]},{"type":"Polygon","properties":{"a":3358,"b":"Kampala","c":32.61472,"d":0.34199},"arcs":[[-161,218]]},{"type":"Polygon","properties":{"a":3399,"b":"Kasese","c":29.99227,"d":0.07965},"arcs":[[-56,219,-72,220,-182]]},{"type":"Polygon","properties":{"a":3400,"b":"Kamwenge","c":30.55557,"d":0.2609},"arcs":[[-215,-12,-67,-220,-55,-141]]},{"type":"Polygon","properties":{"a":3345,"b":"Mukono","c":33.01668,"d":-0.01105},"arcs":[[-217,-208,221,-111,-162,-219,-160,-6,222]]},{"type":"Polygon","properties":{"a":3337,"b":"Kayunga","c":32.86823,"d":0.95346},"arcs":[[-218,-223,-5,-18,-206,-118]]},{"type":"Polygon","properties":{"a":3404,"b":"Ntungamo","c":30.29374,"d":-0.93747},"arcs":[[-169,-214,223,-49,-197,-69]]},{"type":"Polygon","properties":{"a":3338,"b":"Iganga","c":33.42733,"d":0.72191},"arcs":[[-75,224,-210,-216,-116,-101]]},{"type":"Polygon","properties":{"a":3384,"b":"Bugiri","c":33.78878,"d":-0.15599},"arcs":[[-192,-186,-124,225,-211,-225,-74]]},{"type":"Polygon","properties":{"a":3380,"b":"Kongasis","c":34.6944,"d":1.26028},"arcs":[[226,-174,-106]]}]}},"arcs":[[[437374,236781],[-2899,-1307],[2671,-898],[1080,-191],[-890,-2604],[-1611,-7097],[6364,2115],[1836,173],[1666,-1198],[-75,-2713],[-1022,-4483],[909,-1751],[889,-672],[1080,-54],[1553,82],[1381,-463],[454,-1135],[191,-1361],[530,-1179],[1495,-1951],[1592,-2768],[1173,-2967],[5377,-2160],[474,-4619],[-2897,-3702],[-4337,-2314],[-3862,-2305],[-3863,-2776],[0,-63338]],[[446633,123145],[-16398,0],[-6742,463],[-5794,1387],[-3371,1381],[-6761,2314],[-3861,1823],[-4280,4964],[-3825,8094],[-3200,3512],[-2520,4473],[285,4501],[1250,1153],[720,1324],[-1440,4565],[1609,4582],[-5396,7595],[682,5036],[-4772,1651],[-5341,890],[-4165,-1925],[-2765,-4817],[-4014,-3775],[-23103,-9147],[-2821,-2858],[929,-4356],[-9525,9447],[-10170,7640],[-12478,4482],[-9373,7904],[-4828,1207],[-777,2369],[1023,2622],[2594,3974],[3673,3095],[6570,8103],[2955,516],[2537,2624],[1212,1959],[1969,1316]],[[316921,213233],[3485,-9028],[7043,-5826],[7424,2967],[7422,3730],[3997,-463],[4032,-871],[10282,218],[2728,-1526],[833,-1996],[3920,972],[4222,-563],[852,4964],[-758,4373],[-2763,4019],[-5076,12941],[-2840,27784],[5055,7324],[7595,5454]],[[374374,267706],[5302,-1089],[5150,698],[4185,2695],[4657,2287],[10871,-1588],[10339,-4374],[12288,-13420],[10208,-16134]],[[592117,448898],[-719,-20816],[2993,-20616]],[[594391,407466],[-7519,-10036],[-491,-15372],[-1155,-7150],[-3276,-6698],[-9999,-11460]],[[571951,356750],[-8369,-54],[-8180,2686],[-7008,-4973],[-6855,1714],[-9032,-71],[-17308,1896],[-2764,-1216],[-2745,-1797]],[[509690,354935],[832,6888],[3467,6288],[2782,2768],[3371,2241],[4280,789],[4449,191],[3618,-336],[2025,1842],[2007,3294],[2387,2741],[-739,2940],[-2424,1923],[-1572,2977],[-700,3375],[-16910,30018],[-3106,17458],[1630,18158]],[[515087,458490],[8463,-7977],[11495,-12921],[2613,-5100],[4072,-3992],[5207,-2541],[4772,4510],[360,11323],[1855,4547],[700,5282],[4319,4283],[3312,4518],[4148,-1941],[1249,-3958],[1705,-3193],[3446,-1996],[9412,-1497],[9902,1061]],[[196603,219140],[-11060,-1397],[-10546,-3638]],[[174997,214105],[-3447,1315],[-4015,-789],[-1911,-1416],[-644,-2323],[-1459,-2296],[-2765,-526],[-1988,1624],[-1288,2314],[-4885,5164],[-2007,4291],[-2936,3467],[-3768,1261],[-3843,589],[-2879,-1841],[-2745,318],[-1912,6805],[-4034,5926]],[[128471,237988],[5264,-410],[5189,-961],[15053,-6489],[5056,-1423],[4260,1733],[4470,1225],[-3238,3984],[-3447,2177],[-2158,10008],[-3976,8921],[-1989,1216],[-1249,1869],[2064,2341],[7555,6198],[3540,4746],[606,4328],[4262,-789],[5528,2413],[5397,4166],[5189,2223],[5530,1606]],[[191377,287070],[1590,-2114],[549,-2024],[2367,-1842],[2612,-1615],[-1059,-2877],[739,-4129],[5908,-3411],[4866,-4057],[-512,-4673],[-1116,-5009],[-816,-20962],[-1003,-4518],[-4563,-2341],[-3334,-3403],[-1002,-4955]],[[317015,637628],[-2063,3025],[-10368,5635],[-3805,2841],[-1402,3021],[-624,3694],[-275,7576],[-8852,-3203],[-3050,-453],[-2480,108],[-8029,1325],[-2669,1343],[-948,1588],[607,708],[1022,517],[284,1008],[-435,1297],[-417,735],[-10339,11134],[-3087,1897],[-6798,27],[-3010,-4819],[-2548,-5653],[-5274,-2441],[-3085,1343],[-3409,2922],[-3031,3448],[-1854,2877],[-494,2568],[30,2668],[-407,2141],[-1819,1007],[-12838,118],[-2633,763],[-530,3012],[1666,3657],[2311,3575],[1402,2822],[151,3149],[-701,6497],[228,3267],[757,1797],[3579,5353],[426,1369],[139,735]],[[222343,723626],[7189,637],[8483,2684],[8673,850],[3636,-59],[1798,2445],[2292,1570],[2897,-1130],[4204,2006],[2405,-6462],[-19,-7984],[4563,-5572],[12838,-6197],[13976,1089],[7177,2876],[5263,5100],[4394,6356],[6571,4914],[1930,2532],[-301,3607],[965,2645],[2631,1954],[1592,2742],[833,2372],[3427,1452],[8161,4111]],[[337921,748164],[3560,-2368],[2765,-1362],[1799,-2073],[1003,-6184],[739,-1992],[473,-2111],[-322,-2113],[-1003,-953],[-3144,-1579],[-965,-952],[-588,-4144],[1308,-3706],[2367,-3257],[2594,-2790],[2196,-3654],[2783,-7530],[3202,-2605],[1570,136],[2045,627],[1781,95],[758,-1457],[-247,-1973],[-777,-1761],[-1362,-1279],[-2007,-490],[-2746,-1239],[-1819,-3067],[-909,-3951],[-37,-2532],[-683,-4741],[-757,-4501],[-2820,-2591],[-4299,-2473],[-9468,-4287],[-6742,-6928],[-4800,-16144],[-6354,-2607]],[[504653,548523],[2727,-4355],[12118,-3630],[8333,-5081],[8425,-3966],[13710,-4446],[10889,-11139],[14354,1352]],[[575209,517258],[510,-14505],[5341,-1778],[3350,-1851],[1971,-572],[1420,-2563],[1742,-573],[1193,-775],[644,-1897],[208,-2368],[-170,-2150],[378,-3793],[2727,-17714],[-2406,-17821]],[[515087,458490],[-2197,11297],[-6761,8820],[-11834,5835],[-30185,22708],[-22362,11057]],[[441748,518207],[6457,9205],[4316,1588],[4054,2387],[5263,6429],[3182,7395],[3238,3176]],[[468258,548387],[6741,3403],[6703,1815],[6306,-204],[4242,-1420],[12403,-3458]],[[334626,557380],[-1534,2087],[-226,2513],[-701,2278],[-3086,6552],[-45541,15955]],[[283538,586765],[4231,5092],[11760,14197],[10907,13162],[5245,9101],[1584,8506]],[[317265,636823],[5299,709],[10396,6547],[1099,544],[4960,1611],[9109,6429],[8862,2205],[6268,3380],[2707,762],[12556,0],[1666,-381],[1988,-1633],[1476,-381],[3428,435],[17269,5558],[2236,1756]],[[406584,664364],[-626,-41473],[-4052,-3058],[-5132,-2473],[-4507,-3716],[398,-5748],[-720,-5563],[-2101,-5399],[-1723,-6139],[-512,-8960],[246,-2582],[2784,-4052],[-398,-1556],[-1098,-1266],[-1667,-2826],[1706,-2369],[3085,-40],[2274,-1470],[-379,-3290],[-1970,-2813],[-9657,-7427],[-4582,2958],[-1762,6593],[-113,3430],[-1950,2409],[-2937,-762],[-1210,-2564],[-2899,-1683],[-3503,104],[-3314,-5177],[-3654,-267],[-3920,472],[-3426,-441],[-5890,-2531],[-3294,236],[-2443,1742],[-3012,717]],[[908575,452637],[-3749,-3522],[-1799,-3138],[-1534,-3576],[-946,-3738],[-114,-7877],[-1079,-3593],[-4754,-11252],[-5283,-6579],[-2632,-7068],[-3142,-2742],[-11759,-5643],[-1516,-1544],[-394,-2201]],[[869874,390164],[-12218,5024],[-12062,9256]],[[845594,404444],[5586,5018],[1819,7713],[1495,3875],[2292,3511],[6514,2995],[-132,3248],[718,3685],[3011,3611],[2310,4102],[4395,5544],[7422,2069]],[[881024,449815],[5795,3348],[15035,-1317],[6721,791]],[[700394,613621],[852,-3616],[1552,-3294],[3429,-1674],[2441,-2232],[171,-7078],[4848,-5263]],[[713687,590464],[1856,-3648],[492,-3911],[-3238,-5626],[-39,-3298],[-150,-3457],[-1269,-4093],[-2821,-9292],[-4054,-3693],[-6210,-2464],[-7045,-1479],[-5207,-3611],[-8483,-3117],[-5245,-3911],[-39,-7377],[5019,-3262],[6552,1288],[2140,-4083],[-2689,-5849],[-12914,-3675],[-18899,-9732]],[[651444,506174],[-6438,4333],[-10018,4896],[-3085,1043],[-3333,-608],[-2746,1951]],[[625824,517789],[190,15608],[-4016,14600],[6534,3285],[1893,8983]],[[630425,560265],[6893,-2695],[6665,427],[2935,1084],[2785,1466],[776,2005],[624,2536],[3731,10095],[1193,5762],[1590,1715],[2330,876],[16473,9818],[2823,3022],[2177,3580],[1705,1288],[1002,1838],[1610,14078]],[[685737,617160],[7669,-127],[6988,-3412]],[[481396,878406],[3696,-4557],[852,-3284],[1931,-2885],[1023,-3526],[7272,-7010],[2215,-5662],[9448,-10571],[12082,-8404]],[[519915,832507],[-12517,-7299],[-5624,-9764],[-2556,-1810],[-3730,354],[-228,-6452],[-4373,-20126],[-2292,-2228],[-3258,-5349],[-718,-2314],[8710,-33026],[2139,-943],[2501,-164],[2101,-1742],[890,-2545],[-2063,-6344],[-96,-6764],[1970,-2291],[2519,-1665],[1078,-3625],[-6191,-4111],[-796,-2169],[361,-3507],[870,-3462],[2841,-4582],[4810,-2985],[5889,-1724],[3408,-3176]],[[515560,692694],[-7575,-835],[-7574,762],[-6912,-1529],[-984,-7191],[870,-14528],[3429,-14042]],[[496814,655331],[-191,81],[-6456,341],[-1780,-341],[-1270,-925],[-2935,-2777],[-2063,-984],[-4241,163],[-6099,4551],[-5812,1665],[-4470,2341],[-1894,762],[-5622,626],[-1875,576],[-7329,6293],[-3881,1647],[-4451,3027],[-1970,1020],[-2064,300],[-1835,-55],[-1742,136],[-1856,926],[-3031,-1361],[-7441,-1225],[-3409,-1121],[-2821,-2069],[-3692,-4564]],[[317265,636823],[63,346],[-313,459]],[[337921,748164],[-3996,6243],[-624,7327],[1666,7151],[4678,9128]],[[339645,778013],[3162,-2572],[4526,-4855],[3275,-2255],[4867,-630],[4790,-1280],[1610,-2486],[2348,-1175],[3408,86],[2557,1552],[4563,6315],[6553,2677],[5605,-201],[6210,950],[23046,5948],[7139,272],[3674,-632],[3502,314],[2576,2726],[-304,3762],[3751,5653],[737,3484],[398,3572],[6760,10530],[247,3748],[1136,3353],[2746,2399],[2196,2796],[1894,3130],[1041,3276],[-890,3770],[397,3648],[3617,6329],[-453,2977],[-1554,3076],[-397,3702],[359,3575],[2273,1171],[1193,2187],[894,25180]],[[459097,884085],[1216,-1864],[2804,-2772],[3087,-1529],[11513,-2228],[2225,82],[1202,1520],[252,1112]],[[570758,716259],[20451,-4428]],[[591209,711831],[8730,-10998]],[[599939,700833],[-2178,-7218],[-6420,-4851],[-7953,2505],[-7726,336],[512,-6448],[-6533,-5966],[-6646,-3171],[-7253,-1933],[5492,-4360],[2613,-3135],[1590,-1012],[1249,-1343],[966,-2527],[474,-2677],[-2992,-3897],[-5492,-1747],[-4278,-3199],[-3276,-3979],[-5436,-10630],[-9809,-7237],[-11606,-2976],[-12536,-2378]],[[512701,622990],[-1477,3762],[-2027,2776],[-1306,2809],[-1874,12286],[-3333,6048],[-2841,3299],[-3029,1361]],[[515560,692694],[6533,-168],[5283,-4796],[10831,29254],[15773,2460],[16778,-3185]],[[90617,75823],[1043,-4056],[3598,-3548],[1439,-5090],[2290,-4302],[6250,-1905],[6683,-472],[3656,-1860],[-341,-5128],[5888,1515],[4546,4229],[5567,1642],[4801,-203]],[[136037,56645],[-626,-495],[-530,-1052],[-407,-2523],[-351,-1162],[-1969,-3176],[-2395,-2939],[-8152,-7422],[-2831,-1616],[-1355,-381],[-1457,-109],[-1458,-237],[-1440,-815],[-1306,-2397],[-1118,-6805],[-946,-2667],[-1988,-1779],[-7481,-2795],[-6362,-3267],[-2386,-2360],[-1667,-3828],[-1892,-381],[-12442,-6606],[-4024,-1435],[-3853,-398],[-3578,979],[-3144,2814],[-1781,3719],[-434,7223],[-816,3685],[-5149,7169],[-2007,980],[-21,3]],[[50671,26572],[-558,1530],[-9468,19646],[4868,3529],[-5643,4202],[-6534,7105],[-548,1924],[2821,2559],[2158,3094]],[[37767,70161],[266,2251],[1988,1461],[908,5181],[9923,-572],[3883,-3847],[4127,-2423],[2349,3021],[3219,463]],[[64430,75696],[5793,-1025],[1553,6288],[5662,-1542],[5738,63],[3824,-1315],[3617,-2342]],[[182647,422256],[-4318,-3965],[-3711,-4437],[-2878,-5027],[737,-1281],[967,-1051],[-2292,-5909],[-3617,-5080],[-4071,-2668],[-1061,-9882],[-1116,-5317],[-2840,-2568],[-2993,-3602],[228,-4438],[2822,-2740],[7819,-5499]],[[166323,358792],[-2574,-871],[-2576,-3848],[-2215,-2214],[-4602,-3248],[-2688,-4347],[643,-2695],[133,-2704],[-2727,-5481],[3824,-4682],[494,-4555],[-1856,-10517],[2252,-2205],[-1742,-7323],[-2272,-2541],[-1401,-2550],[-870,-2912],[-2083,-2396],[-5682,-1044],[-6041,935]],[[134340,293594],[2122,8657],[984,10299],[-946,5236],[-9753,2622],[-4128,3557],[-8692,5354],[-10831,200],[-10415,2341],[-10300,3312]],[[82381,335172],[1913,4219],[2706,3694],[2424,916],[2102,1289],[1762,2504],[1875,2187],[3540,8285],[4508,7549],[3882,3993],[1723,5417],[2290,4764],[2840,4546],[2633,6143],[1743,2088],[1495,1506],[1268,8439],[3200,4011],[4622,2096],[5036,136],[4393,2704],[6628,8167],[4810,3049],[4299,3520],[8805,2260],[1685,1842],[1250,2132],[605,5690],[9525,1043],[7214,8303]],[[183157,447664],[-1155,-4383],[-2688,-11115],[3333,-9910]],[[611869,623349],[-1534,-8053],[-2823,-7664],[720,-6202],[8162,-1179],[6229,-2709],[-625,-10635],[-2157,-7200],[-1269,-2146]],[[618572,577561],[-6667,-1017],[-13027,6389],[-8028,-7550],[-14279,-12082],[-12080,-10712],[-6363,-3485],[-12876,145],[-16665,6679],[-7270,-1888],[-8333,-4355],[-8331,-1162]],[[468258,548387],[-493,3131],[1875,5531],[-1382,3216],[2063,2396],[5644,5072],[1155,1634],[1875,1919],[8483,1719],[2272,1865],[2065,-844],[1496,490],[1438,939],[1874,504],[2103,817],[720,1951],[245,2246],[682,1746],[3125,1144],[4752,1184],[3485,1987],[-720,3530],[929,1143],[340,1516],[-20,3883],[361,1525],[946,1225],[2557,2591],[-2386,775],[-1989,422],[-1363,871],[-512,2128],[532,2314],[2498,4660],[720,2123],[-95,3312],[-832,3938]],[[599939,700833],[6324,-3131],[2404,-7014],[304,-2346],[1420,-1184],[1478,146],[1343,-304],[1231,-12795],[-2386,-2645],[-2727,-2133],[-1269,-3085],[-1060,-3475],[-2934,-1257],[-2368,2010],[-2139,-209],[-1345,-1747],[-758,-6370],[3352,-5199],[-1173,-3267],[-5056,-4945],[-1931,-2709],[36,-6098],[5397,-4101],[2803,-2645],[3220,-1833],[4014,208],[3750,-1356]],[[884792,532480],[8010,-5072],[5756,-7237],[-3597,-7286],[-8653,-3748],[-5682,-3525],[-4676,-4620],[-2841,-4678],[-891,-5266],[3561,-3739],[18804,-7232],[12346,-6506],[4752,-4437],[-38,-6007],[-3068,-10490]],[[881024,449815],[-5890,2204],[-6077,1407],[-2747,-608],[-2555,126],[-2652,1725],[-2935,799],[-2745,3339],[-2198,3648],[-4714,-871],[-4166,1706]],[[844345,463290],[6400,5235],[4090,8539],[3088,4247],[2157,4664],[967,4855],[1666,4623],[2007,9360],[-4678,8612],[-2386,2931],[-321,4192],[341,11669]],[[857676,532217],[2860,849],[2859,394],[2480,-1560],[2652,-1108],[16265,1688]],[[120574,245120],[-870,-1561],[-701,-1669],[9468,-3902]],[[174997,214105],[-1970,-10508],[720,-11942],[-5454,-5036],[550,-5889],[-209,-7269],[-4052,-12867],[-1155,-5589],[-2803,-6643],[-15888,-14727],[-12043,-7160]],[[132693,126475],[-6344,-154],[-5302,1089],[-3995,4356],[-5567,1488],[-4469,-3421],[-4165,-3820],[-4887,326],[-4563,-753]],[[93401,125586],[-10888,7586],[-3389,7550],[-5284,5807],[-6987,3367],[-2916,6569],[2443,1362],[2784,989],[492,2550],[2139,4101],[416,4891],[588,2686],[360,4437],[-872,3748],[-8881,1343],[-2252,2922],[-1610,2994],[-5037,5544],[-30089,8557],[-5634,883]],[[18784,203472],[549,3074],[3040,17222]],[[22373,223768],[6628,-18],[23063,463],[7972,1279],[1421,1162],[1003,1351],[9885,354],[18482,10826],[16227,6597],[9412,-9],[4108,-653]],[[768488,423418],[4336,-4192],[1534,-5682],[-285,-6423],[588,-6152],[2613,-5971],[1419,-5572],[1780,-1606],[2595,-1680],[2745,-6006]],[[785813,380134],[-5756,-1715],[-5661,-181],[-5662,7695],[-3428,-4311],[-5472,681],[-6097,2441],[-5832,2994]],[[747905,387738],[-1440,6960],[-8293,3231],[-4034,1098],[-2444,3158],[-1873,11542]],[[729821,413727],[8122,19781],[3088,3567],[2272,3965],[2101,4664],[2935,4319]],[[748339,450023],[8674,-6043],[2821,-2832],[-38,-8475],[2101,-3302],[6591,-5953]],[[981276,654877],[-5174,-1520],[-6761,-7867],[-5131,-11919],[-3522,-3026],[871,-2655],[1458,-2663],[-9241,-3103],[-13540,-8475],[-3975,-3984],[-456,-1987],[-1305,-1547],[-6476,-831],[-3296,-2123],[-3030,-2486],[-6097,1048],[-1193,-5104],[2917,-4556],[-10662,-7014],[-4449,-6043],[-6098,-5000],[-7575,-2473],[-5794,-2881],[-7952,-12495],[-4734,-5948],[-5927,-3253],[-5568,-2323]],[[858566,544649],[-1780,689],[-2404,146]],[[854382,545484],[36,75705],[-1646,8598],[-6893,5444],[-47567,28434]],[[798312,663665],[-28764,17196],[-4583,1869],[-9259,-8938],[-6476,-281]],[[749230,673511],[3484,8076],[-1022,8793]],[[751692,690380],[5662,354],[5321,1506],[11096,5989],[11986,-127],[11779,-1325],[13538,1556],[5644,123],[2536,1411],[-453,2114],[-4186,3285],[-2139,4932],[-4071,4437],[-1856,3920]],[[806549,718555],[8086,11882],[11721,8489],[7687,2659],[8010,663],[14960,-4792],[4697,19006],[1173,7818],[3012,7109],[11284,13743],[9185,15036]],[[886364,800168],[7214,-967],[6913,1539],[4032,381],[4167,-1470],[3426,1120],[3314,2128],[121,48]],[[915551,802947],[12,-20],[5321,-26561],[1837,-3059],[5814,-6196],[2745,-4192],[1666,-1652],[2500,-635],[1135,372],[2047,1605],[756,355],[455,308],[815,1370],[454,282],[700,-318],[397,-608],[303,-609],[361,-316],[341,-472],[5188,-2387],[965,-226],[1251,-1489],[738,-1551],[3731,-11072],[2783,-15253],[7725,-15389],[1725,-1615],[2518,-183],[1476,1298],[1213,1462],[1666,245],[1837,-2396],[1042,-8738],[1059,-3349],[5000,-4918],[1685,-2994],[-492,-3984],[-2709,-3112],[-3691,-2015],[-3314,-2450],[-1610,-4337],[1193,-6897],[7087,-16374]],[[854382,545484],[-31055,1941],[-8712,-1147],[-9127,-2196],[-8975,2663],[-7195,4496],[-8427,740]],[[780891,551981],[-947,3053],[662,3979]],[[780606,559013],[6893,4710],[4261,6352],[-247,6909],[-3085,6107],[2233,4492],[6061,4505],[169,3480],[-1041,3666],[814,7936],[-1382,2667],[113,2904],[986,1801],[1193,1706],[-379,1847],[-1269,1815],[-323,3307],[1119,3008],[1855,3798],[-265,4056],[-1799,7681],[-2064,2319],[-1117,2935],[1496,8498],[3484,8153]],[[416601,497336],[3407,-9219],[5170,-8348],[3560,-4338],[2499,-4900],[1990,-19219],[2460,-2804],[13389,-10190],[359,-3212],[-170,-3685],[3294,-10988],[4527,-1679],[5358,-617],[9317,-3212],[7896,-5817],[5303,-7922],[-379,-9119],[-1137,-4782],[-625,-4900],[-1779,-4056],[-2348,-3793]],[[478692,374536],[-4186,-1534],[-4259,-127],[-4395,245],[-3521,-2441],[-1571,-2033],[-95,-2994],[-2823,-1670],[-3729,-255],[-5739,4829],[-3124,3303],[-1344,3375],[-3294,5880],[-6591,-1297]],[[434021,379817],[-1610,998],[-1494,1225],[3181,3829],[1627,4483],[-415,2087],[94,2042],[984,1415],[285,1670],[-1212,1751],[-1876,1261],[-2859,735],[-2802,-771],[-3900,681],[-3200,2686],[-3296,-744],[-1629,-3294],[-3882,-3349],[-6059,2677],[-11665,-518],[-5301,2279],[-5245,1007],[-5341,2305],[-5643,3176],[-26548,2867]],[[346215,410315],[19,5679],[-2007,5682],[2878,3366],[4621,2877],[1553,2350],[2991,535],[2898,1307],[1874,2677],[416,4655],[-3275,3548],[-10092,8339],[-7500,10617],[-5036,1978],[-5454,1416],[-5661,3039],[-5265,3748]],[[319175,472128],[4980,3793],[6193,1797],[10490,5063],[5321,1978],[13918,13321]],[[360077,498080],[28725,-3521],[8371,-2277],[8180,-826],[4052,4242],[3522,1075],[3674,563]],[[494636,231226],[-45920,47],[-6325,1542],[-5017,3966]],[[374374,267706],[-13540,8801],[-14353,7550],[-3749,1534],[-4129,6161],[-3048,1915],[-8275,590],[-8314,-345]],[[318966,293912],[2311,7341],[3560,6787],[6382,2459],[7214,318],[15811,4092],[14544,7514],[1551,-1507],[948,-2604],[1836,-3040],[3976,-1579],[3050,-2250],[1741,-3593],[3655,-2042],[4432,-1180],[5415,-3629],[6363,508],[14693,7232]],[[416448,308739],[4715,-1398],[4281,-6488],[3313,-1860],[4186,-1152],[3541,326],[2631,1888],[4109,-898],[3296,1061],[1949,1851],[3864,236],[9126,4111],[2785,5081],[8313,-1669],[5945,-5626],[5151,1706],[3635,6805],[2348,-2050],[2462,108],[3408,2196],[2841,2596],[-435,6914],[359,3466],[0,3503]],[[498271,329446],[17460,-4954],[11190,-11742],[-133,-7205],[-2518,-6679],[-2424,-3339],[-4355,-1942],[-2707,-2305],[-1497,-3557],[-2328,-3920],[-3503,-2831],[-4016,-1171],[-3294,-1923],[-1836,-4882],[-3959,-3031],[-3617,-2214],[-1267,-3639],[776,-8239],[4469,-7160],[586,-8303],[-662,-9184]],[[729821,413727],[-7120,-3467],[-2955,345],[-3124,1017],[-5947,435],[-5301,2287],[-1137,5590],[3106,12095],[-2897,5817],[-1951,2650],[-1666,2804],[-2669,3275],[-3713,1978]],[[694447,448553],[4848,3830],[341,2332],[-321,2640],[2745,4574],[3314,4428],[2480,5009],[3599,4464],[1514,4392],[493,4909]],[[713460,485131],[5492,-3947],[4808,-4673],[4659,-6261],[1970,-336],[2632,-681],[4734,-3729],[3882,-4165],[2727,-6080],[3975,-5236]],[[50671,26572],[-1628,232],[-1589,-454],[-1696,-1015],[-1657,-1888],[-1098,-3466],[-1514,-854],[-1270,437],[-3900,2267],[-2178,473],[-4450,-763],[-3068,-1523],[-2831,-1960],[-3777,-2033],[-3409,-890],[-3843,-273],[-7366,383],[1723,10308],[-38,3357],[-720,1977],[-2139,3521],[-96,1869],[1734,4448],[179,1487],[-1080,3794],[-1883,2685],[-1506,2832],[-18,4229],[2233,10852],[171,3158],[-757,3394],[-2699,6750],[-501,3086],[529,2104],[31,50]],[[560,85146],[5205,-2190],[1913,-1189],[871,-2015],[1628,-889],[2254,-163],[7593,-2877],[2102,-1179],[2708,-1035],[4412,81],[8521,-3529]],[[958642,499920],[-94,111],[-6969,8258]],[[951579,508289],[-11172,16601],[-16626,9741],[-3314,-200],[-3276,164],[-2045,1479],[-2498,1138],[-4925,1348],[-12762,-6411],[-10169,331]],[[857676,532217],[890,12432]],[[981276,654877],[3309,-7645],[8275,-19105],[18,-3399],[-1723,-7831],[-284,-3416],[228,-3630],[758,-3516],[1305,-3076],[1610,-1824],[4299,-3848],[928,-1955],[-683,-1883],[-3427,-4156],[-794,-2137],[-190,-34128],[-1099,-3811],[-5812,-11801],[-1326,-1992],[-1875,-1683],[-1818,-798],[-3844,-753],[-1836,-885],[-4223,-6025],[-3863,-14179],[-10888,-8539],[321,-2942]],[[494636,231226],[25526,-244],[19352,-580]],[[539514,230402],[64874,0],[0,-147410]],[[604388,82992],[-22893,0],[-33242,0],[-33565,0],[-33544,0],[-34511,0]],[[446633,82992],[0,40153]],[[651444,506174],[5359,-5072],[5927,-4334],[7518,-3326],[7327,-1169],[7537,4764],[8238,2273],[8331,404],[2651,-2791],[2253,-3371]],[[706585,493552],[1819,-6379],[5056,-2042]],[[694447,448553],[-3275,-3901],[266,-2360],[1040,-2504],[-2252,-4401],[-2785,-4347],[-605,-6288],[-20,-6379],[-568,-3067],[-1155,-2895],[-397,-2577],[1023,-2641],[-644,-2068],[-1289,-1688],[-737,-4029],[-2254,-3249],[-2557,-1406],[-2347,-1653],[-1382,-2848],[-2007,-8050],[415,-5189]],[[672917,377013],[-4166,1007],[-3048,1288],[-4393,-925],[-4507,318],[-1003,-3686],[-5662,1009],[-4014,-2497],[-4772,1961]],[[641352,375488],[321,7886],[-832,8374],[-2312,7469],[-3541,6797],[-8747,13067],[-2216,6787],[-3352,23284],[587,3784],[3958,3058],[814,3430],[0,3974],[-738,3140],[-5530,8639],[-1684,5690],[-4262,4854],[-1023,3594],[-1363,0],[-662,980],[-700,617],[-966,435],[-1420,472],[700,-2668],[662,-1071],[1251,-1161],[-3806,1933],[-2197,4904],[-2879,11361],[-3597,12963]],[[597818,518080],[28006,-291]],[[339645,778013],[2405,6733],[2708,3689],[8331,8462],[6741,9753],[2216,4579]],[[362046,811229],[4886,10041],[2159,7436],[794,4728],[569,1379],[946,1183],[1250,1184],[1099,1335],[1572,6052],[2687,3267],[6325,6053],[1174,3293],[891,4443],[1250,3897],[3200,2414],[909,1647],[1212,1647],[1931,748],[4034,353],[4165,849],[1781,1061],[4468,3839],[3862,1393],[2084,327],[-265,-1116],[-113,-1175],[1854,-327],[3314,245],[1667,-1415],[2083,-1280],[2235,-1007],[2159,-545],[4165,341],[3597,1892],[2539,3052],[946,3812],[2045,2482],[9259,2603],[2458,1439]],[[453237,888799],[1452,-85],[2083,-1068],[2325,-3561]],[[839705,359030],[-4411,-17334],[-569,-1488],[-1287,-1833],[-3162,-3593],[-814,-1597],[188,-3231],[2065,-6406],[-511,-3575],[-1572,-2323],[-6590,-4900],[-14727,-18823]],[[808315,293927],[-1634,1264],[-2821,3330],[-5756,7586],[-4223,8113],[-814,5263],[2252,4401],[3069,2876],[2158,3194],[-530,4465],[-4110,7840],[399,3884],[6476,8411],[3427,663],[1533,2885]],[[807741,358102],[3523,-463],[3485,-18],[3048,1625],[3238,1089],[17742,-1144],[928,-161]],[[751692,690380],[-3902,5131],[-5490,3879],[-12044,15571]],[[730256,714961],[-1742,12686],[5113,11738],[9373,8398],[18,6070],[-1325,5304],[-2745,4501],[-720,5272],[-1193,4713],[303,5237],[-2575,31696]],[[734763,810576],[7044,-2350],[14163,444],[4963,-1075],[-4243,-6388],[-1457,-5912],[6267,-4378],[2046,-6066],[18027,-24451],[4847,-4001],[3938,-4429],[5360,-2536],[-3030,-2640],[-4260,63],[-3201,1947],[-3408,-1384],[-2310,-6243],[814,-11016],[2745,-1738],[4563,-798],[4413,-1602],[14505,-7468]],[[560,85146],[917,1494],[701,1706],[-218,2595],[-711,3303],[-113,1742],[245,1597],[2045,3086],[5416,1760],[2064,2359],[511,2540],[475,10563],[-417,3703],[-1628,6841],[151,3667],[2291,13829],[605,907],[1024,726],[890,889],[237,1361],[-426,1053],[-1421,1869],[-304,1053],[739,1923],[1704,472],[1951,127],[1478,962],[397,2450],[-607,10762],[-852,2704],[-1919,3853]],[[15785,177042],[4051,2888],[4714,2033],[5056,1162],[151,-10281],[-1116,-10353],[737,-5808],[3372,-4709],[4355,-889],[4544,199],[-529,-5254],[1666,-4691],[663,-9310],[6930,-20580],[3521,-3784],[701,-3993],[-2443,-3212],[-529,-3666],[12801,-21098]],[[844345,463290],[-3862,690],[-3542,1887]],[[836941,465867],[-8596,2132],[-3617,1933],[-3731,1289],[-15964,3148]],[[805033,474369],[-2877,3494],[-3465,2604],[-5095,753],[-4828,1307],[-3523,3084],[-3218,3612],[-5056,473],[-5492,-962],[-3464,2754],[-1799,2940],[-4357,-95],[-3749,-1743],[-3407,-3621],[-11174,890],[-6380,-1234],[-663,4428],[-1628,-454]],[[734858,492599],[2045,4370],[3465,3833],[2121,1298],[2253,191],[2234,1302],[7593,3589],[10151,35820],[2102,5050],[3843,2822],[5700,-985],[4526,2092]],[[845594,404444],[-2063,4891],[-3447,3666],[-4204,2549],[-4714,1934]],[[831166,417484],[2973,6878],[568,7549],[1307,3231],[852,3339],[-3883,1652],[-4714,481]],[[828269,440614],[1496,2976],[3805,390],[2803,2704],[3011,8058],[-322,4283],[-1969,3176],[-152,3666]],[[305220,368329],[4696,-4310],[2480,-5481],[-607,-2722],[-1249,-2623],[132,-2150],[-2575,-1325],[-12857,-2115],[-4052,-3384],[-1628,-5799],[-3523,-6016],[190,-6760],[1742,-3031],[1136,-3021],[-1969,-2224],[-2539,-2105],[-3901,-5426],[-4676,-4927],[-5226,-4020],[-3238,-5554]],[[267556,295336],[-1478,-771]],[[266078,294565],[-10584,191],[-10340,1197],[-10509,-544],[-11210,1524]],[[223435,296933],[909,3322],[2708,2595],[2593,6524],[2179,2695],[1136,3122],[2196,2549],[2461,2015],[1231,3357],[454,3449],[-416,2450],[-720,2359],[513,1914],[1211,1824],[1212,3430],[-946,3539],[-4261,472],[-4508,-390],[-3427,-1733],[-3428,-1343],[-3673,2450],[-4090,1769],[-4222,-816],[-3863,-1479],[-1174,-4320],[-2633,-2032],[-2290,-3231],[-2652,-2967],[-3219,-2822],[-4090,-490],[-11229,-9283],[-492,6706],[-2179,6207],[-37,5916],[1249,5553],[-1193,2087],[-2442,962],[-2273,2133],[-2026,9791],[-5681,3575]],[[182647,422256],[15963,-6869],[17382,-4101],[8163,-3802],[8615,-1707],[7139,-5952],[9128,-11642],[2271,-3947],[3143,-2659],[3693,-2132],[3409,-2560],[3654,-1823],[4337,-672],[4090,-1344],[7878,-1605],[8142,1253],[4979,-627],[4148,-2132],[3408,263],[3031,-1869]],[[509690,354935],[-5113,-1206],[-4393,1987],[-4886,2876],[-5340,1262]],[[489958,359854],[-1136,4727],[-7291,6269],[-2839,3686]],[[416601,497336],[11304,11189],[7480,4292],[6363,5390]],[[733153,833016],[1610,-22440]],[[730256,714961],[-10472,-467],[-8236,6248],[-2880,-2949],[-3332,-1398],[-4222,1516],[-3958,476],[-3030,-2990],[-3465,-1810],[-7498,2355],[-7726,-663],[-2935,849],[-2955,213],[-4203,-1390],[-3126,1562],[-2650,1906],[-3617,-754],[-8199,-3230],[-7348,-4360],[-5339,-6212],[-5889,-1592],[-2633,2509],[-3655,391],[-2480,8719],[-4848,1552],[-3445,2097],[-4374,471],[-3467,1552],[-2082,2709],[-2386,-59],[-2917,-6299],[-5680,-4082]],[[570758,716259],[285,3217],[2707,2037],[2442,2949],[-909,3893],[-1267,3004],[1608,2277],[4868,1325],[2858,3819],[-2366,2610],[-3465,1710],[-2216,4052],[-1780,4383],[-2272,1945],[-2273,1163],[-2783,3498],[-18406,32998],[-11778,15027],[1875,1420],[3521,9],[2141,2078],[-1042,3879]],[[542506,813552],[37740,4773],[6911,4642],[4411,-1175],[1023,-4370],[3220,-1878],[6873,-921],[5756,1579],[361,2268],[644,908],[832,771],[3655,2772],[1042,1130],[586,1375],[0,2091],[-359,1824],[11040,-7804],[8483,-10852],[3390,-5340],[4052,-4733],[6571,-2146],[7025,-1265],[265,11002],[4469,8864],[5263,20],[4925,-1185],[11701,1207],[7292,2428],[-2973,8824],[10073,3535],[11949,-405],[-5018,6923],[14883,-1473],[3258,-1820],[3028,-2363],[4054,-318],[4222,576]],[[780606,559013],[-1931,2087],[-1552,2024],[-549,3797],[-985,3625],[-5303,5821],[-6324,4919],[-1610,2082],[-1798,1820],[-3958,1901],[-3352,2713],[-720,3030],[-1193,3022],[-3674,1438],[-3937,808],[-6061,3298],[-4543,4796],[-3467,6307],[-7082,1492],[-4373,-3103],[-1042,-5712],[-2120,-7169],[-1345,-7545]],[[700394,613621],[-1213,5808],[948,6932],[7308,5853],[2861,-580],[2044,-2841],[3711,1044],[2576,2931],[-738,1629],[-473,2023],[738,1425],[587,1502],[889,3892],[-1097,3440],[-2841,2250],[-1969,2740],[7366,114],[6476,4373],[5302,4969],[-644,7023],[209,4582],[5471,-3221],[6250,-962],[5075,4964]],[[363879,902696],[497,-2541],[-2765,-3674],[2556,-4328],[1722,-3716],[-1892,-3798],[-13085,-18399],[-5794,-16995],[-1687,-18379]],[[343431,830866],[-4468,-6525]],[[338963,824341],[-5000,608],[-4297,1266],[-2217,4138],[-3426,2854],[-9298,2536],[-7498,5281],[-3636,3607],[-5302,1588],[-4677,726],[-3712,-2023],[-1515,-4152],[-3541,-2640],[-5189,-994],[-3863,3648]],[[275792,840784],[5360,15086],[2878,15497],[1306,41729],[-260,5512]],[[285076,918608],[6794,5082],[4781,1279],[8653,-9],[7499,-998],[7196,-2191],[15149,-7881],[23404,-12196],[3351,-662],[1976,1664]],[[685737,617160],[-2424,3975],[-2897,3439],[-9051,1674],[-7214,3562],[-3296,-1298],[-3521,690],[-3314,-5118],[-5909,-2214],[-4070,-5726],[-5529,-1484],[-6345,3163],[-6115,3793],[-6761,1197],[-7422,536]],[[362046,811229],[-18615,19637]],[[363879,902696],[184,155],[2139,2554],[3219,1548],[19013,2672],[3351,1370],[1704,1484],[14580,15703],[399,1007],[568,-109],[3687,-1641],[1085,-482],[4336,-3486],[13046,-13973],[2633,-4221],[691,-3329],[559,-8080],[1268,-2972],[2499,-1248],[14397,-849]],[[571951,356750],[94,-4827],[-2045,-4437]],[[570000,347486],[-3937,-436],[-3561,-998],[-1173,-3122],[-2765,-1978],[-3295,-227],[-2291,1915],[-3220,1288],[-2481,-3176],[2557,-1760],[-2500,-2241],[1572,-2187],[2764,-2160],[-719,-1270],[208,-1525],[1231,-1007],[303,-1297],[-1117,-4846],[-2538,-3085],[-3958,-7069],[4357,-5199],[8483,-1852],[5490,-7232],[1460,-1152]],[[564870,296870],[-2122,-14346],[323,-23067],[-9999,-11815],[-8218,-10435],[-5340,-6805]],[[498271,329446],[-4601,1198],[-4185,2096],[-1307,2196],[-985,2414],[-4507,2268],[1081,10572],[6191,9664]],[[360077,498080],[-4981,1883],[-4184,3040],[-3182,3298],[-4089,1198],[-341,5104],[-2935,4224],[-1440,-444],[-2254,354],[-927,1470],[75,1719],[1857,8625],[4506,6583],[2405,4515],[-1287,3639],[-4053,-695],[-4299,-1270],[-2404,6547],[2082,9510]],[[338963,824341],[3807,-7590],[890,-7976],[-3238,-1162],[-4073,-1039],[-3843,-1642],[-3295,-2568],[-8219,-2459],[-14314,325],[-4376,-643],[-6608,-9696],[-3219,-766],[-6930,4156],[-4546,431],[-4789,22],[-4640,925],[-2878,2669],[-2254,2699],[-7706,4238],[-8219,2146],[-19807,844],[-8107,246]],[[222599,807501],[7472,21523],[3285,6216],[663,399],[2207,481],[852,408],[586,908],[229,1842],[331,853],[3626,5984],[5283,5562],[1396,1936]],[[248529,853613],[4598,-4672],[4809,-4251],[5718,-2610],[2311,2120],[2273,1369],[7554,-4785]],[[222924,152800],[-6685,81],[-3901,-1651],[-3485,-590],[-7497,925],[-1440,-5998],[247,-3284],[-1005,-3267],[739,-7514],[-3654,-7431],[-5417,-6506]],[[190826,117565],[-4847,-191],[-1401,-989],[-1230,-1225],[-1819,-735],[-1894,-354],[-2650,1379],[-2955,-662],[-2821,-1316],[-4905,989],[-3995,2949],[-3824,1587],[-3694,-2294],[-5396,-1262],[-12233,1026],[-6324,1986],[-738,3422],[2593,4600]],[[196603,219140],[-3012,-10571],[6022,-6206],[5094,-1144],[2499,-3802],[-757,-6306],[4432,-4537],[20204,-14937],[-5511,-8039],[-984,-5336],[-1666,-5462]],[[886364,800168],[-10585,218],[-9373,4823],[-21929,15221],[-22249,7428],[-23822,756],[1307,5264],[-1800,4016],[-5225,1084],[-5341,-2196],[-9297,4428],[-9468,6624]],[[768582,847834],[-5151,9918],[-7461,8412],[-3502,9628],[-4678,8923],[-11948,16190],[-6476,19586],[-300,794]],[[729066,921285],[897,504],[13481,12958],[17536,16855],[20478,19659],[15092,14455],[14847,14283],[5301,-2455],[4128,-3107],[2292,-4075],[-246,-5403],[226,-2391],[1610,-1925],[2045,-1791],[1534,-1974],[569,-2038],[57,-2063],[-532,-4093],[-718,-2445],[-796,-1670],[-76,-1784],[1440,-2789],[2177,-1947],[2689,-1719],[2121,-2019],[455,-2836],[-1951,-4501],[-2329,-4047],[-265,-3044],[4261,-1475],[2877,545],[7272,2485],[3559,-17],[4054,-2028],[473,-2401],[-1989,-2369],[-8748,-4336],[341,-962],[2877,-1035],[2292,-2672],[-3655,-2237],[-1211,-1356],[2328,-844],[1554,99],[3161,780],[3599,227],[3636,985],[1930,155],[115,-859],[4070,-5035],[2765,-7082],[2121,-1153],[852,735],[796,1684],[1913,1715],[4980,1383],[3295,-1265],[5944,-6080],[3447,-1724],[3428,-1007],[2689,-1661],[1231,-3693],[-455,-14120],[-1724,-7037],[-3483,-5127],[-1704,-831],[-1875,-471],[-1666,-698],[-1023,-1538],[151,-1902],[2253,-3761],[759,-1928],[-285,-1665],[-1837,-4301],[-549,-1987],[473,-2101],[1439,-1883],[1723,-1801],[1345,-1879],[2368,-7005],[1817,-21560],[1989,-4020],[3825,-2332],[8634,-2368],[3845,-2441],[2146,-3682]],[[951579,508289],[-2745,-8861],[-5851,-7183],[-3561,-1678],[-3863,-572],[-4866,-1824],[-4488,-2776],[-6097,-7115],[-4034,-8457],[-435,-8912],[2063,-8838],[508,-1081]],[[918210,450992],[-3612,-660],[-2993,1624],[-3030,681]],[[828269,440614],[-10984,-6888],[-9998,-8186],[-9885,-3683],[-10452,2060]],[[786950,423917],[1401,5599],[4772,3875],[9828,10308],[2443,-173],[2197,118],[1552,2895],[1117,2985],[-1117,6643],[-2101,6614],[1911,5119],[-3920,6469]],[[768582,847834],[-1572,-2196],[-1173,-2314],[1155,-4910],[-4279,-4713],[-5492,-3725],[-5473,-208],[-5245,2268],[-6627,1203],[-6723,-223]],[[542506,813552],[-22591,18955]],[[481396,878406],[561,2480],[39,2723],[-796,6284],[199,2273],[2168,2382],[33716,19650],[8019,1797],[33659,2632],[28793,2236],[15376,4438],[14390,7000],[11115,7908],[3239,1112],[3664,-1465],[23131,-18103],[3843,-1938],[5671,-1052],[16693,-794],[29463,-1434],[7936,944],[6791,3806]],[[183499,462971],[-342,-15307]],[[82381,335172],[-3656,-1882],[-1097,-1085],[-2329,-1135],[-2330,-780],[-1419,191],[-1231,617],[-2018,1687],[-1619,1616],[-1558,1590]],[[65124,335991],[3480,3854],[3219,6697],[-454,6842],[-3389,14192],[95,3611],[2252,14837],[-1003,9082],[266,1779],[3483,6951],[2367,1316],[6628,4891],[7688,3330],[19561,4256],[1779,971],[1989,2241],[3313,5916],[569,636],[852,2830],[4128,4157],[1268,3257],[-984,7142],[-56,3393],[2329,2097],[643,1533],[473,1815],[380,3756],[492,1144],[5586,5490],[1582,762],[1562,472],[1685,-291],[1988,-1533],[3163,-1416],[2243,2287],[2226,3539],[3066,2287],[2141,180],[4146,-434],[2462,254],[3466,871],[2555,1016],[2330,1561],[3663,2976],[13822,17033]],[[184178,493571],[-679,-30600]],[[869874,390164],[-723,-4041],[-2954,-7531],[-4412,-4537],[-5927,-2886],[-7441,-2577],[-5417,-3557],[-3142,-5408],[-153,-597]],[[807741,358102],[-11285,7821],[-2386,6943],[-3181,6378]],[[790889,379244],[1382,1544],[171,2087],[9126,19591],[4261,5526],[5927,3847],[3332,400],[3467,17],[3180,1217],[2632,2123],[3068,1615],[3731,273]],[[734858,492599],[-2879,-3557],[-4241,-227],[-4128,1824],[-4357,862],[-3597,-1461],[-2972,672],[-1838,3430],[-4261,-590]],[[630425,560265],[-2462,14828],[-9391,2468]],[[319175,472128],[-7859,1162],[-6911,-109],[-2840,-3258],[-3694,-1552],[-5036,445],[-4923,-308],[-4110,-5554],[-4772,372],[-3483,626],[-7083,-3712],[-8502,-1043],[-9221,-2776],[-3429,1796],[-3332,2694],[-7328,-1532],[-6419,-2958],[-6515,-2296],[-4846,-5100],[-3390,1434],[-3012,2295],[-28971,10217]],[[184178,493571],[7984,9839],[15470,19084],[24787,19169],[25176,19519],[13085,10109],[12858,15474]],[[790889,379244],[-2538,673],[-2538,217]],[[768488,423418],[8747,2232],[9715,-1733]],[[416448,308739],[3656,5463],[6060,1869],[16853,2286],[-2064,8131],[699,4011],[1838,3266],[-1647,5109],[-3126,4637],[-738,3929],[-2953,3548],[416,1779],[1438,1343],[1119,1559],[-247,1870],[-2216,908],[-2499,572],[-1781,4700],[2520,4583],[4638,1551],[2217,3058],[-2121,1460],[-2501,1172],[-1647,1851],[-341,2423]],[[222343,723626],[419,2216],[6116,15798],[228,907],[38,1742],[454,989],[776,490],[2215,409],[720,345],[1251,1742],[4526,11814],[265,6997],[-1990,6950],[-4222,7087],[-3172,2795],[-8530,5689],[-2197,2605],[-227,3366],[739,3730],[2847,8204]],[[248529,853613],[932,1295],[1157,3757],[-341,2050],[-1838,3684],[-284,2009],[1232,4964],[-58,1574],[-2367,4184],[-2972,-975],[-3466,-2845],[-3977,-1406],[776,2758],[4015,7559],[12101,16882],[833,2064],[568,2028],[927,1911],[2026,1706],[1922,635],[3627,-86],[1865,245],[2490,1098],[5643,4291],[1705,663],[3483,658],[1648,626],[4900,3666]],[[93401,125586],[701,-6760],[-871,-6769],[-3068,-6371],[-492,-4845],[3996,-2460],[3313,-2912],[-529,-3857],[265,-3665],[-1515,-3149],[-3579,-2986],[-795,-2758],[-210,-3231]],[[15785,177042],[-505,1011],[-454,3303],[3958,22116]],[[346215,410315],[-2537,-4338],[76,-3294],[-2349,-2041],[-1798,-2595],[-1875,-9446],[-5036,-6851],[-8389,3257],[-8010,-1697],[-11077,-14981]],[[446633,82992],[-32579,0],[-33536,0],[-33545,0],[-29636,0]],[[317337,82992],[-1912,1942],[-3483,3575],[-758,4401],[-1306,4483],[-3807,3620],[-4184,2650],[-2444,3747],[3238,3993],[-2612,7849],[701,4438],[-1648,4980],[-3353,4157],[-7421,6615],[-8674,4982]],[[279674,144424],[7859,13720],[5511,14383],[-1515,6406],[-3447,5690],[-5132,13992],[-3257,5807],[-1741,6106],[-210,11507],[3636,14610],[-1212,14591]],[[280166,251236],[4015,1369],[2519,1616],[4298,-789],[9847,-3103],[586,-3078],[9697,-4454],[2367,6080],[5168,-3176],[3901,-4292],[-776,-4864],[891,-2542],[245,-2630],[-701,-4764],[-1894,-4202],[-1382,-4854],[-2026,-4320]],[[280166,251236],[-6153,1706],[-5170,671],[1155,2931],[2368,2305],[1571,3802],[-152,11298],[-758,6996],[-3805,6588],[-3144,7032]],[[267556,295336],[6779,-163],[6513,1034],[6987,3421],[6951,-608],[5094,-5716],[5963,-4356],[7595,-209],[5528,5173]],[[597818,518080],[-22609,-822]],[[748131,82992],[-32181,0],[-5445,0]],[[710505,82992],[-38,213578],[-7176,15608]],[[703291,312178],[5718,916],[8900,11098],[550,2287],[2518,4365],[2139,1225],[1251,2531],[2348,1643],[3351,-953],[2690,-2378],[3275,5263]],[[736031,338175],[7897,-1479],[189,1969],[-56,1924]],[[744061,340589],[3559,-2468],[2784,-4555],[9619,-1516],[-606,-8321],[-1590,-8203],[1003,-2704],[0,-4664],[-10699,-11188],[0,-213978]],[[222924,152800],[8331,-3657],[6419,-5735],[1534,-3721],[2064,-2704],[4033,871],[3977,173],[8085,-699],[8087,173],[7726,1814],[6494,5109]],[[317337,82992],[-3910,0],[-33534,0],[-33555,0],[-11836,0],[-2916,1379],[-6475,1561],[-6893,-3448],[-6950,-2105],[-2650,-1325],[-6553,-6642],[-2328,-1852],[-4412,1324],[-3996,419],[-9242,-817],[-3408,-762],[-2205,-164],[-1032,453],[-947,981],[-1364,871],[-2273,200],[-1476,-1144],[-213,-213],[-2009,598]],[[167160,72306],[394,1322],[3788,5734],[2707,6207],[512,2804],[1231,2785],[2329,2088],[3712,5072],[2896,1016],[3523,4166],[2348,4546],[-4033,4519],[4259,5000]],[[191377,287070],[3464,2967],[2007,4074],[3769,2115],[4299,716],[9392,-1370],[9127,1361]],[[672917,377013],[12820,-5608],[2045,463],[1023,1098],[4828,-1879],[4451,-2731],[1572,-1234],[1401,-1362],[4090,-2304],[1268,-3104],[890,-3148],[5189,-2060],[6021,-363],[5283,-3466],[3315,3865],[4695,-4128],[-435,-3821],[852,-3629],[2859,-2396],[947,-3031]],[[703291,312178],[-16872,7105],[-1344,6334],[-399,4256],[-6476,1161],[-8483,581],[-3030,2604],[-1192,6515],[-4241,5173],[-10813,8693]],[[650441,354600],[-2518,3049],[-6268,14119],[-303,3720]],[[570000,347486],[2216,-3803],[-908,-3901],[-664,-5899],[852,-5798],[3372,-10290],[-4016,-8249],[-3937,-5226],[-2045,-7450]],[[134340,293594],[-4393,-24809],[-9373,-23665]],[[22373,223768],[1108,6280],[3189,17912],[2746,6461],[976,3303],[-162,3358],[-2168,7658],[266,3031],[1600,4755],[8058,10762],[1002,1978],[2160,-817],[1344,-1107],[1249,-472],[1819,1107],[643,1343],[5861,28892],[1278,3775],[2103,3285],[9679,10719]],[[710505,82992],[-28091,0],[-33554,0],[-33526,0],[-10946,0]],[[594391,407466],[5452,-11035],[6628,-10362],[2424,-10281],[4790,-1316],[2633,-1561],[2292,-1933],[11607,-16578],[5435,-4464],[6003,-2596],[3882,2405],[4904,4855]],[[167160,72306],[-2787,831],[-2490,-326],[-2405,-1034],[-2878,-690],[-3087,380],[-3125,871],[-3028,437],[-2803,-962],[-1543,-2505],[-1184,-7259],[-946,-2668],[-1118,-889],[-3068,-1325],[-661,-522]],[[747905,387738],[1513,-4573],[4981,-4728],[473,-7032],[-1288,-6997],[-3464,-5308],[-4601,-4836],[-1611,-6924],[153,-6751]],[[808315,293927],[-1558,-1993],[-10661,-13612],[-569,-3466],[5700,-18094],[5662,-18039],[189,-6788],[-3370,-27875],[-4356,-36206],[-3029,-25190],[682,-23939],[1042,-35733],[-15017,0],[-34899,0]],[[958642,499920],[361,-3301],[3180,-7141],[1913,-6987],[-2310,-7132],[-5833,-2532],[-15073,-1479],[-3806,-2232],[-6249,-5753],[-8880,-1942],[-1250,-3213],[-304,-3956],[-1969,-3221],[-212,-39]]],"transform":{"scale":[0.000005458018568018564,0.000005694903564903566],"translate":[29.54845951,-1.47520599]},"bbox":[29.54845951,-1.47520599,35.00647262,4.21969188]}