Result,Late,Month,Day,Count,Fraction
0,0,1,1,154817,0.502386724
1,0,1,1,82024,0.266170825
2,1,1,1,28829,0.09355114
3,1,1,1,19794,0.064232241
4,1,1,1,10728,0.034812745
5,1,1,1,3850,0.012493388
6,1,1,1,719,0.002333181
7,1,1,1,854,0.002771261
8,1,1,1,6548,0.021248495
0,0,1,2,128041,0.381050589
1,0,1,2,96099,0.285991054
2,1,1,2,42524,0.126551614
3,1,1,2,32467,0.096621937
4,1,1,2,17385,0.051737838
5,1,1,2,6545,0.019477949
6,1,1,2,1186,0.003529541
7,1,1,2,1165,0.003467045
8,1,1,2,10609,0.031572431
0,0,1,3,122984,0.363054542
1,0,1,3,95752,0.282664399
2,1,1,3,44577,0.131593397
3,1,1,3,36122,0.10663384
4,1,1,3,20470,0.060428401
5,1,1,3,6476,0.019117456
6,1,1,3,1199,0.003539504
7,1,1,3,1081,0.003191163
8,1,1,3,10087,0.029777298
0,0,1,4,133606,0.397903358
1,0,1,4,94061,0.28013104
2,1,1,4,41169,0.12260889
3,1,1,4,30964,0.092216514
4,1,1,4,16894,0.050313454
5,1,1,4,6018,0.017922716
6,1,1,4,1151,0.003427891
7,1,1,4,1087,0.003237287
8,1,1,4,10825,0.03223885
0,0,1,5,136604,0.408342376
1,0,1,5,94212,0.281622441
2,1,1,5,38512,0.115121677
3,1,1,5,30095,0.08996123
4,1,1,5,17441,0.052135365
5,1,1,5,6472,0.019346372
6,1,1,5,872,0.002606619
7,1,1,5,1154,0.003449585
8,1,1,5,9171,0.027414336
0,0,1,6,140364,0.422910515
1,0,1,6,90930,0.273968063
2,1,1,6,36886,0.111135884
3,1,1,6,28277,0.085197349
4,1,1,6,16439,0.049529979
5,1,1,6,5087,0.015326906
6,1,1,6,734,0.002211509
7,1,1,6,1265,0.003811389
8,1,1,6,11918,0.035908406
0,0,1,7,154163,0.463918798
1,0,1,7,90680,0.272881019
2,1,1,7,32764,0.098595872
3,1,1,7,22064,0.066396634
4,1,1,7,10955,0.032966603
5,1,1,7,3961,0.011919737
6,1,1,7,538,0.00161899
7,1,1,7,1131,0.00340349
8,1,1,7,16050,0.048298857
0,0,1,8,157518,0.475042749
1,0,1,8,87098,0.262670129
2,1,1,8,30620,0.092343789
3,1,1,8,21196,0.063922892
4,1,1,8,11544,0.034814393
5,1,1,8,4296,0.012955876
6,1,1,8,845,0.002548351
7,1,1,8,1170,0.003528486
8,1,1,8,17300,0.052173336
0,0,1,9,162238,0.488215752
1,0,1,9,86072,0.259012723
2,1,1,9,30781,0.092627923
3,1,1,9,22902,0.068917992
4,1,1,9,12836,0.038626816
5,1,1,9,4155,0.012503461
6,1,1,9,689,0.002073378
7,1,1,9,1131,0.003403469
8,1,1,9,11504,0.034618486
0,0,1,10,167749,0.504130741
1,0,1,10,89378,0.268604864
2,1,1,10,30575,0.091886076
3,1,1,10,21401,0.064315746
4,1,1,10,11357,0.034130831
5,1,1,10,3087,0.009277263
6,1,1,10,378,0.001135991
7,1,1,10,900,0.002704741
8,1,1,10,7924,0.023813745
0,0,1,11,163542,0.492498479
1,0,1,11,87903,0.264715448
2,1,1,11,29989,0.09031036
3,1,1,11,21102,0.063547608
4,1,1,11,11771,0.035447772
5,1,1,11,4351,0.013102817
6,1,1,11,701,0.002111026
7,1,1,11,1253,0.003773346
8,1,1,11,11454,0.034493143
0,0,1,12,158586,0.479276851
1,0,1,12,85501,0.258400174
2,1,1,12,31171,0.094204651
3,1,1,12,23236,0.070223582
4,1,1,12,13351,0.040349244
5,1,1,12,4602,0.013908113
6,1,1,12,738,0.002230375
7,1,1,12,1441,0.004354974
8,1,1,12,12260,0.037052036
0,0,1,13,164277,0.499320671
1,0,1,13,88225,0.268160279
2,1,1,13,29785,0.09053164
3,1,1,13,20416,0.062054523
4,1,1,13,11429,0.034738496
5,1,1,13,3646,0.011082033
6,1,1,13,446,0.001355619
7,1,1,13,909,0.00276291
8,1,1,13,9868,0.02999383
0,0,1,14,166917,0.504270302
1,0,1,14,90109,0.272226871
2,1,1,14,29098,0.087907506
3,1,1,14,19424,0.058681538
4,1,1,14,10586,0.031981197
5,1,1,14,3268,0.009872903
6,1,1,14,518,0.001564922
7,1,1,14,854,0.002580006
8,1,1,14,10233,0.030914754
0,0,1,15,163469,0.493862556
1,0,1,15,90412,0.273147211
2,1,1,15,30185,0.091193078
3,1,1,15,20769,0.062746034
4,1,1,15,11927,0.036033124
5,1,1,15,3877,0.011712956
6,1,1,15,498,0.001504527
7,1,1,15,721,0.002178241
8,1,1,15,9143,0.027622273
0,0,1,16,162948,0.490460066
1,0,1,16,91257,0.274676058
2,1,1,16,30976,0.09323521
3,1,1,16,21613,0.065053351
4,1,1,16,11372,0.034228784
5,1,1,16,3258,0.009806312
6,1,1,16,475,0.001429711
7,1,1,16,1044,0.003142354
8,1,1,16,9292,0.027968155
0,0,1,17,155893,0.468304655
1,0,1,17,91518,0.274921295
2,1,1,17,32451,0.097483238
3,1,1,17,23018,0.06914638
4,1,1,17,12753,0.038310182
5,1,1,17,4336,0.013025402
6,1,1,17,564,0.001694264
7,1,1,17,1154,0.003466631
8,1,1,17,11201,0.033647954
0,0,1,18,149766,0.452009151
1,0,1,18,88426,0.266878739
2,1,1,18,33379,0.100741246
3,1,1,18,25263,0.076246325
4,1,1,18,14657,0.04423633
5,1,1,18,5189,0.015660934
6,1,1,18,650,0.001961767
7,1,1,18,1444,0.00435814
8,1,1,18,12560,0.037907368
0,0,1,19,159696,0.483815848
1,0,1,19,88023,0.266674948
2,1,1,19,31166,0.094420679
3,1,1,19,22822,0.069141652
4,1,1,19,12719,0.03853355
5,1,1,19,4119,0.012478944
6,1,1,19,528,0.001599632
7,1,1,19,823,0.002493365
8,1,1,19,10180,0.030841382
0,0,1,20,169631,0.516496867
1,0,1,20,87027,0.264982066
2,1,1,20,28784,0.087642269
3,1,1,20,19220,0.058521554
4,1,1,20,10161,0.030938476
5,1,1,20,2907,0.008851309
6,1,1,20,404,0.00123011
7,1,1,20,987,0.003005243
8,1,1,20,9305,0.028332105
0,0,1,21,163364,0.494467044
1,0,1,21,88326,0.267343455
2,1,1,21,30613,0.092658845
3,1,1,21,22129,0.066979636
4,1,1,21,12147,0.036766308
5,1,1,21,4204,0.012724587
6,1,1,21,603,0.001825149
7,1,1,21,809,0.002448666
8,1,1,21,8189,0.024786309
0,0,1,22,164778,0.496622935
1,0,1,22,89776,0.270575081
2,1,1,22,29453,0.088768132
3,1,1,22,20549,0.061932447
4,1,1,22,11302,0.034062996
5,1,1,22,3782,0.011398536
6,1,1,22,540,0.001627501
7,1,1,22,859,0.002588932
8,1,1,22,10758,0.03242344
0,0,1,23,168556,0.506467713
1,0,1,23,91169,0.273939551
2,1,1,23,29026,0.087215714
3,1,1,23,18811,0.056522249
4,1,1,23,9987,0.030008383
5,1,1,23,3271,0.009828519
6,1,1,23,425,0.001277016
7,1,1,23,832,0.002499947
8,1,1,23,10730,0.032240908
0,0,1,24,176529,0.528818098
1,0,1,24,92742,0.277822047
2,1,1,24,29396,0.088059961
3,1,1,24,18053,0.054080367
4,1,1,24,7950,0.023815372
5,1,1,24,2117,0.006341779
6,1,1,24,286,0.000856754
7,1,1,24,607,0.001818356
8,1,1,24,6138,0.018387265
0,0,1,25,176578,0.531581245
1,0,1,25,85050,0.256039738
2,1,1,25,26481,0.079720027
3,1,1,25,18077,0.05442011
4,1,1,25,9426,0.028376609
5,1,1,25,2878,0.008664108
6,1,1,25,398,0.001198164
7,1,1,25,909,0.002736509
8,1,1,25,12378,0.037263491
0,0,1,26,167146,0.505758186
1,0,1,26,87335,0.264262329
2,1,1,26,28918,0.087501437
3,1,1,26,20724,0.062707649
4,1,1,26,11573,0.035018125
5,1,1,26,3685,0.011150245
6,1,1,26,453,0.001370709
7,1,1,26,818,0.002475143
8,1,1,26,9834,0.029756177
0,0,1,27,171691,0.521304148
1,0,1,27,87824,0.26665938
2,1,1,27,27484,0.083449472
3,1,1,27,17729,0.053830435
4,1,1,27,9463,0.028732439
5,1,1,27,3597,0.010921545
6,1,1,27,524,0.001591017
7,1,1,27,928,0.00281768
8,1,1,27,10109,0.030693884
0,0,1,28,177580,0.536805226
1,0,1,28,88033,0.266114283
2,1,1,28,26700,0.080711226
3,1,1,28,16777,0.050715065
4,1,1,28,8733,0.026398919
5,1,1,28,3044,0.009201684
6,1,1,28,380,0.001148699
7,1,1,28,718,0.002170437
8,1,1,28,8844,0.02673446
0,0,1,29,170790,0.515380855
1,0,1,29,89600,0.270379557
2,1,1,29,28239,0.085214825
3,1,1,29,17972,0.054232828
4,1,1,29,9719,0.029328336
5,1,1,29,2872,0.00866663
6,1,1,29,568,0.001714013
7,1,1,29,785,0.002368839
8,1,1,29,10841,0.032714116
0,0,1,30,174932,0.525893013
1,0,1,30,90585,0.272323066
2,1,1,30,28600,0.085979353
3,1,1,30,17494,0.052591706
4,1,1,30,8350,0.025102364
5,1,1,30,2218,0.006667909
6,1,1,30,312,0.000937957
7,1,1,30,679,0.002041258
8,1,1,30,9468,0.028463375
0,0,1,31,176650,0.529161549
1,0,1,31,90916,0.27234221
2,1,1,31,27658,0.082850553
3,1,1,31,18213,0.054557709
4,1,1,31,9197,0.027549951
5,1,1,31,2687,0.008049007
6,1,1,31,425,0.001273103
7,1,1,31,557,0.001668514
8,1,1,31,7527,0.022547404
0,0,2,1,175737,0.529703254
1,0,2,1,89384,0.269419619
2,1,2,1,27769,0.083700812
3,1,2,1,18215,0.05490332
4,1,2,1,9262,0.027917351
5,1,2,1,2766,0.008337227
6,1,2,1,401,0.001208687
7,1,2,1,660,0.00198936
8,1,2,1,7571,0.02282037
0,0,2,2,169170,0.512020388
1,0,2,2,87080,0.263561715
2,1,2,2,29203,0.088387606
3,1,2,2,21151,0.064016925
4,1,2,2,11555,0.034973078
5,1,2,2,3069,0.009288825
6,1,2,2,311,0.000941292
7,1,2,2,729,0.002206436
8,1,2,2,8129,0.024603734
0,0,2,3,166156,0.505294529
1,0,2,3,85654,0.2604811
2,1,2,3,29454,0.089572119
3,1,2,3,21888,0.06656327
4,1,2,3,11465,0.03486604
5,1,2,3,3706,0.011270261
6,1,2,3,595,0.001809446
7,1,2,3,907,0.002758264
8,1,2,3,9005,0.027384971
0,0,2,4,163694,0.495008906
1,0,2,4,89432,0.270441412
2,1,2,4,30544,0.092364729
3,1,2,4,21245,0.064244653
4,1,2,4,10684,0.032308302
5,1,2,4,3014,0.009114304
6,1,2,4,427,0.001291243
7,1,2,4,972,0.002939318
8,1,2,4,10677,0.032287134
0,0,2,5,175071,0.528500272
1,0,2,5,87231,0.263330918
2,1,2,5,27254,0.082273743
3,1,2,5,17768,0.053637626
4,1,2,5,9449,0.028524422
5,1,2,5,3190,0.009629898
6,1,2,5,533,0.001609008
7,1,2,5,868,0.002620298
8,1,2,5,9896,0.029873815
0,0,2,6,173536,0.521536335
1,0,2,6,87292,0.26234297
2,1,2,6,26571,0.079855142
3,1,2,6,18548,0.055743223
4,1,2,6,10598,0.031850694
5,1,2,6,3486,0.010476648
6,1,2,6,610,0.001833263
7,1,2,6,936,0.002813007
8,1,2,6,11163,0.033548717
0,0,2,7,173889,0.521356272
1,0,2,7,92960,0.278713887
2,1,2,7,29331,0.087940587
3,1,2,7,18685,0.056021611
4,1,2,7,8482,0.025430843
5,1,2,7,2088,0.006260269
6,1,2,7,259,0.000776537
7,1,2,7,726,0.002176703
8,1,2,7,7112,0.021323291
0,0,2,8,177429,0.533786406
1,0,2,8,90458,0.272138437
2,1,2,8,27213,0.08186897
3,1,2,8,16703,0.050250153
4,1,2,8,8657,0.026044158
5,1,2,8,2121,0.006380924
6,1,2,8,329,0.00098978
7,1,2,8,846,0.002545149
8,1,2,8,8641,0.025996023
0,0,2,9,173858,0.525550843
1,0,2,9,91117,0.275435218
2,1,2,9,27878,0.084271684
3,1,2,9,17315,0.052341065
4,1,2,9,8496,0.025682338
5,1,2,9,2833,0.008563802
6,1,2,9,492,0.001487254
7,1,2,9,836,0.002527123
8,1,2,9,7986,0.024140672
0,0,2,10,167591,0.508511039
1,0,2,10,90273,0.273909798
2,1,2,10,29582,0.089758839
3,1,2,10,20506,0.062220092
4,1,2,10,10136,0.03075504
5,1,2,10,2702,0.008198512
6,1,2,10,432,0.001310791
7,1,2,10,712,0.002160378
8,1,2,10,7638,0.023175512
0,0,2,11,162445,0.489118325
1,0,2,11,91932,0.276805232
2,1,2,11,30772,0.092653816
3,1,2,11,19920,0.059978682
4,1,2,11,10033,0.030209143
5,1,2,11,3662,0.011026202
6,1,2,11,568,0.001710236
7,1,2,11,856,0.002577397
8,1,2,11,11930,0.035920968
0,0,2,12,155433,0.468218227
1,0,2,12,90095,0.271397458
2,1,2,12,32376,0.097527766
3,1,2,12,22373,0.067395253
4,1,2,12,12488,0.037618197
5,1,2,12,4710,0.014188157
6,1,2,12,941,0.002834619
7,1,2,12,890,0.002680989
8,1,2,12,12661,0.038139333
0,0,2,13,155369,0.466031969
1,0,2,13,94275,0.282779473
2,1,2,13,33060,0.099164035
3,1,2,13,22399,0.067186183
4,1,2,13,11584,0.034746406
5,1,2,13,4301,0.012900923
6,1,2,13,707,0.002120659
7,1,2,13,856,0.002567587
8,1,2,13,10836,0.032502767
0,0,2,14,158947,0.475013149
1,0,2,14,91465,0.273343175
2,1,2,14,31573,0.094355918
3,1,2,14,22795,0.068122863
4,1,2,14,12118,0.036214646
5,1,2,14,4191,0.012524805
6,1,2,14,662,0.001978387
7,1,2,14,876,0.002617926
8,1,2,14,11989,0.03582913
0,0,2,15,154286,0.462375742
1,0,2,15,91260,0.273494745
2,1,2,15,35228,0.105573886
3,1,2,15,26190,0.078488137
4,1,2,15,13450,0.040307959
5,1,2,15,3946,0.011825666
6,1,2,15,697,0.002088821
7,1,2,15,804,0.002409487
8,1,2,15,7820,0.023435557
0,0,2,16,147209,0.441166863
1,0,2,16,91439,0.274031185
2,1,2,16,35103,0.105199277
3,1,2,16,26641,0.079839727
4,1,2,16,15119,0.045309742
5,1,2,16,5677,0.017013255
6,1,2,16,1175,0.003521327
7,1,2,16,1050,0.003146718
8,1,2,16,10268,0.030771905
0,0,2,17,152240,0.458311257
1,0,2,17,94030,0.283072829
2,1,2,17,34025,0.102430639
3,1,2,17,23443,0.070574033
4,1,2,17,12092,0.036402389
5,1,2,17,4407,0.013267063
6,1,2,17,706,0.002125379
7,1,2,17,782,0.002354174
8,1,2,17,10451,0.031462237
0,0,2,18,155465,0.465317789
1,0,2,18,93526,0.279929962
2,1,2,18,32645,0.097708804
3,1,2,18,22751,0.068095359
4,1,2,18,13206,0.039526496
5,1,2,18,5157,0.015435267
6,1,2,18,752,0.002250789
7,1,2,18,909,0.002720702
8,1,2,18,9694,0.029014831
0,0,2,19,163973,0.490226737
1,0,2,19,94858,0.28359503
2,1,2,19,32295,0.096551704
3,1,2,19,21607,0.064598008
4,1,2,19,12028,0.035959867
5,1,2,19,3387,0.010126045
6,1,2,19,386,0.001154016
7,1,2,19,676,0.002021023
8,1,2,19,5274,0.01576757
0,0,2,20,168469,0.50099176
1,0,2,20,95344,0.283533222
2,1,2,20,31601,0.0939748
3,1,2,20,20342,0.060492876
4,1,2,20,10915,0.032458939
5,1,2,20,3548,0.010551014
6,1,2,20,322,0.000957561
7,1,2,20,839,0.002495011
8,1,2,20,4891,0.014544817
0,0,2,21,155780,0.462024866
1,0,2,21,93720,0.277962321
2,1,2,21,33695,0.099935344
3,1,2,21,24657,0.073129716
4,1,2,21,14361,0.04259301
5,1,2,21,5103,0.015134888
6,1,2,21,760,0.002254069
7,1,2,21,1168,0.003464148
8,1,2,21,7924,0.023501637
0,0,2,22,149206,0.443924108
1,0,2,22,93609,0.278509522
2,1,2,22,34973,0.104053174
3,1,2,22,26412,0.078582118
4,1,2,22,15777,0.046940409
5,1,2,22,5140,0.015292749
6,1,2,22,846,0.002517056
7,1,2,22,1208,0.003594094
8,1,2,22,8936,0.026586771
0,0,2,23,156452,0.467459051
1,0,2,23,95338,0.284858046
2,1,2,23,34603,0.103389446
3,1,2,23,23476,0.070143358
4,1,2,23,12047,0.035994933
5,1,2,23,3943,0.011781192
6,1,2,23,453,0.001353507
7,1,2,23,849,0.002536706
8,1,2,23,7525,0.022483761
0,0,2,24,153149,0.459477785
1,0,2,24,95971,0.287932291
2,1,2,24,33673,0.101025769
3,1,2,24,22695,0.068089562
4,1,2,24,12557,0.037673524
5,1,2,24,4168,0.012504838
6,1,2,24,681,0.002043137
7,1,2,24,846,0.00253817
8,1,2,24,9571,0.028714924
0,0,2,25,159269,0.475387279
1,0,2,25,92711,0.276724472
2,1,2,25,31152,0.092982718
3,1,2,25,21532,0.064268871
4,1,2,25,12462,0.037196669
5,1,2,25,4599,0.013727129
6,1,2,25,803,0.0023968
7,1,2,25,956,0.002853476
8,1,2,25,11546,0.034462585
0,0,2,26,160178,0.477312617
1,0,2,26,95230,0.283774804
2,1,2,26,32685,0.097397663
3,1,2,26,22694,0.067625595
4,1,2,26,12341,0.036774807
5,1,2,26,3892,0.011597727
6,1,2,26,513,0.001528683
7,1,2,26,573,0.001707476
8,1,2,26,7477,0.022280628
0,0,2,27,168846,0.501760736
1,0,2,27,96617,0.287117356
2,1,2,27,32191,0.0956622
3,1,2,27,20677,0.061445973
4,1,2,27,9751,0.028977109
5,1,2,27,2744,0.008154362
6,1,2,27,292,0.000867738
7,1,2,27,591,0.001756278
8,1,2,27,4798,0.014258247
0,0,2,28,172150,0.510276673
1,0,2,28,95930,0.284349934
2,1,2,28,30335,0.089917182
3,1,2,28,19157,0.056784027
4,1,2,28,9870,0.02925606
5,1,2,28,2917,0.008646396
6,1,2,28,375,0.001111552
7,1,2,28,675,0.002000794
8,1,2,28,5957,0.017657381
0,0,2,29,52664,0.54299501
1,0,2,29,27505,0.283591785
2,1,2,29,8042,0.082917474
3,1,2,29,4567,0.0470883
4,1,2,29,2117,0.021827443
5,1,2,29,597,0.006155401
6,1,2,29,80,0.000824844
7,1,2,29,113,0.001165093
8,1,2,29,1303,0.013434652
0,0,3,1,169468,0.507200919
1,0,3,1,94523,0.282897966
2,1,3,1,30642,0.091708468
3,1,3,1,19489,0.058328644
4,1,3,1,9487,0.02839365
5,1,3,1,3195,0.009562318
6,1,3,1,460,0.001376734
7,1,3,1,647,0.001936407
8,1,3,1,6213,0.018594893
0,0,3,2,157909,0.469426583
1,0,3,2,94096,0.279725435
2,1,3,2,33066,0.098297497
3,1,3,2,24054,0.071506925
4,1,3,2,13226,0.03931781
5,1,3,2,4193,0.01246481
6,1,3,2,575,0.001709341
7,1,3,2,924,0.002746836
8,1,3,2,8344,0.024804764
0,0,3,3,163613,0.485996049
1,0,3,3,94488,0.280667152
2,1,3,3,32389,0.096208284
3,1,3,3,21646,0.064297278
4,1,3,3,12121,0.036004218
5,1,3,3,3702,0.010996421
6,1,3,3,438,0.001301035
7,1,3,3,804,0.002388202
8,1,3,3,7454,0.022141361
0,0,3,4,167696,0.50082577
1,0,3,4,91274,0.272590708
2,1,3,4,29567,0.088302139
3,1,3,4,20381,0.060868059
4,1,3,4,11203,0.033457871
5,1,3,4,3922,0.011713092
6,1,3,4,463,0.001382754
7,1,3,4,896,0.002675913
8,1,3,4,9437,0.028183694
0,0,3,5,166700,0.494669029
1,0,3,5,91773,0.272329099
2,1,3,5,30940,0.091811996
3,1,3,5,20909,0.062045799
4,1,3,5,10865,0.032241026
5,1,3,5,3773,0.011196078
6,1,3,5,556,0.001649886
7,1,3,5,930,0.002759701
8,1,3,5,10547,0.031297386
0,0,3,6,166899,0.494549258
1,0,3,6,90470,0.268077528
2,1,3,6,30222,0.08955277
3,1,3,6,20209,0.059882599
4,1,3,6,11915,0.03530611
5,1,3,6,4407,0.013058668
6,1,3,6,760,0.002252005
7,1,3,6,837,0.002480169
8,1,3,6,11758,0.034840893
0,0,3,7,165506,0.487250974
1,0,3,7,92687,0.272871261
2,1,3,7,32088,0.094467326
3,1,3,7,22875,0.067344181
4,1,3,7,13235,0.038963945
5,1,3,7,4195,0.012350113
6,1,3,7,408,0.001201155
7,1,3,7,688,0.002025477
8,1,3,7,7991,0.023525567
0,0,3,8,159866,0.475957402
1,0,3,8,92209,0.274527142
2,1,3,8,31147,0.092731695
3,1,3,8,22019,0.065555565
4,1,3,8,13498,0.040186613
5,1,3,8,4928,0.014671776
6,1,3,8,817,0.002432395
7,1,3,8,1190,0.0035429
8,1,3,8,10209,0.030394512
0,0,3,9,161258,0.4770608
1,0,3,9,95043,0.281172343
2,1,3,9,32235,0.095363051
3,1,3,9,21769,0.064400753
4,1,3,9,12373,0.03660391
5,1,3,9,4266,0.012620406
6,1,3,9,477,0.001411142
7,1,3,9,759,0.002245403
8,1,3,9,9844,0.029122193
0,0,3,10,169359,0.502163026
1,0,3,10,95127,0.282059189
2,1,3,10,31086,0.092172485
3,1,3,10,19357,0.057395058
4,1,3,10,10532,0.031228225
5,1,3,10,3883,0.011513407
6,1,3,10,541,0.001604108
7,1,3,10,653,0.001936197
8,1,3,10,6721,0.019928304
0,0,3,11,176475,0.526258503
1,0,3,11,92417,0.275592758
2,1,3,11,28393,0.084669543
3,1,3,11,18111,0.054008034
4,1,3,11,10203,0.030425927
5,1,3,11,3125,0.009318928
6,1,3,11,464,0.001383674
7,1,3,11,715,0.002132171
8,1,3,11,5436,0.016210462
0,0,3,12,175327,0.519596715
1,0,3,12,95274,0.282352732
2,1,3,12,29515,0.087470253
3,1,3,12,18471,0.054740405
4,1,3,12,9714,0.028788278
5,1,3,12,2627,0.007785342
6,1,3,12,386,0.001143944
7,1,3,12,677,0.002006348
8,1,3,12,5438,0.016115983
0,0,3,13,170589,0.505406959
1,0,3,13,92894,0.275218649
2,1,3,13,29528,0.087483113
3,1,3,13,18463,0.054700647
4,1,3,13,9700,0.028738357
5,1,3,13,3616,0.010713185
6,1,3,13,594,0.001759854
7,1,3,13,910,0.002696073
8,1,3,13,11234,0.033283165
0,0,3,14,167647,0.492056224
1,0,3,14,94722,0.278016008
2,1,3,14,31495,0.092440132
3,1,3,14,20508,0.060192482
4,1,3,14,11016,0.032332767
5,1,3,14,3953,0.011602345
6,1,3,14,678,0.00198998
7,1,3,14,875,0.002568189
8,1,3,14,9813,0.028801874
0,0,3,15,164834,0.489412114
1,0,3,15,96802,0.287416865
2,1,3,15,32587,0.096754751
3,1,3,15,20434,0.060671021
4,1,3,15,10873,0.032283254
5,1,3,15,3886,0.011538005
6,1,3,15,576,0.001710214
7,1,3,15,626,0.00185867
8,1,3,15,6182,0.018355107
0,0,3,16,159519,0.471704083
1,0,3,16,97420,0.288074849
2,1,3,16,33442,0.098889336
3,1,3,16,21530,0.063665074
4,1,3,16,11516,0.034053274
5,1,3,16,3747,0.011080029
6,1,3,16,555,0.001641157
7,1,3,16,753,0.002226651
8,1,3,16,9694,0.028665547
0,0,3,17,158729,0.470352745
1,0,3,17,97908,0.290125286
2,1,3,17,34227,0.10142295
3,1,3,17,22907,0.067879029
4,1,3,17,12600,0.037336873
5,1,3,17,3747,0.011103275
6,1,3,17,551,0.001632747
7,1,3,17,606,0.001795726
8,1,3,17,6193,0.01835137
0,0,3,18,154896,0.462348517
1,0,3,18,97453,0.290887111
2,1,3,18,34546,0.103116232
3,1,3,18,22572,0.067375082
4,1,3,18,11693,0.034902394
5,1,3,18,4523,0.013500687
6,1,3,18,697,0.002080473
7,1,3,18,840,0.002507313
8,1,3,18,7800,0.023282192
0,0,3,19,161876,0.479736358
1,0,3,19,95735,0.283720627
2,1,3,19,32454,0.096180804
3,1,3,19,21632,0.064108681
4,1,3,19,12628,0.037424391
5,1,3,19,5031,0.014909892
6,1,3,19,704,0.002086377
7,1,3,19,818,0.002424228
8,1,3,19,6549,0.019408642
0,0,3,20,162882,0.481895131
1,0,3,20,95385,0.282201637
2,1,3,20,32533,0.096250625
3,1,3,20,22585,0.066818934
4,1,3,20,12867,0.038067709
5,1,3,20,4094,0.012112319
6,1,3,20,461,0.001363893
7,1,3,20,656,0.001940811
8,1,3,20,6540,0.019348941
0,0,3,21,169763,0.500064805
1,0,3,21,98048,0.288816491
2,1,3,21,31391,0.092467347
3,1,3,21,19805,0.058338881
4,1,3,21,9609,0.028304888
5,1,3,21,3419,0.010071226
6,1,3,21,637,0.001876388
7,1,3,21,687,0.002023671
8,1,3,21,6123,0.018036302
0,0,3,22,173767,0.516940606
1,0,3,22,96414,0.286822651
2,1,3,22,29349,0.087310536
3,1,3,22,18465,0.054931652
4,1,3,22,9478,0.028196165
5,1,3,22,3335,0.009921314
6,1,3,22,438,0.001303009
7,1,3,22,509,0.001514227
8,1,3,22,4390,0.01305984
0,0,3,23,180837,0.536361614
1,0,3,23,96632,0.286610016
2,1,3,23,27749,0.082303392
3,1,3,23,16249,0.048194451
4,1,3,23,8298,0.024611825
5,1,3,23,2956,0.008767481
6,1,3,23,468,0.001388086
7,1,3,23,420,0.001245718
8,1,3,23,3546,0.010517418
0,0,3,24,177612,0.527260745
1,0,3,24,94608,0.280854247
2,1,3,24,28617,0.08495271
3,1,3,24,18285,0.054281032
4,1,3,24,10109,0.030009678
5,1,3,24,2783,0.008261641
6,1,3,24,391,0.001160726
7,1,3,24,614,0.001822726
8,1,3,24,3839,0.011396493
0,0,3,25,178519,0.533417994
1,0,3,25,93359,0.278958377
2,1,3,25,28535,0.085263095
3,1,3,25,17576,0.052517405
4,1,3,25,8693,0.025974841
5,1,3,25,2955,0.008829593
6,1,3,25,532,0.001589626
7,1,3,25,553,0.001652374
8,1,3,25,3948,0.011796695
0,0,3,26,180106,0.535013872
1,0,3,26,94754,0.281471492
2,1,3,26,28752,0.085409253
3,1,3,26,17420,0.05174698
4,1,3,26,8321,0.024717946
5,1,3,26,2250,0.006683737
6,1,3,26,343,0.001018899
7,1,3,26,642,0.001907093
8,1,3,26,4050,0.012030727
0,0,3,27,179115,0.531277807
1,0,3,27,95645,0.283695201
2,1,3,27,28099,0.083345198
3,1,3,27,16647,0.049377113
4,1,3,27,8718,0.025858694
5,1,3,27,3131,0.009286943
6,1,3,27,600,0.001779676
7,1,3,27,587,0.001741116
8,1,3,27,4598,0.013638251
0,0,3,28,169659,0.500104644
1,0,3,28,95301,0.280919212
2,1,3,28,30826,0.090865947
3,1,3,28,21236,0.062597458
4,1,3,28,12347,0.036395311
5,1,3,28,4264,0.012569013
6,1,3,28,458,0.001350049
7,1,3,28,636,0.00187474
8,1,3,28,4520,0.013323626
0,0,3,29,180096,0.536592488
1,0,3,29,93218,0.277741196
2,1,3,29,28764,0.085701772
3,1,3,29,18253,0.054384454
4,1,3,29,8759,0.026097268
5,1,3,29,2035,0.006063242
6,1,3,29,342,0.001018982
7,1,3,29,569,0.001695324
8,1,3,29,3593,0.010705273
0,0,3,30,178045,0.528160449
1,0,3,30,92991,0.275852556
2,1,3,30,28814,0.085475106
3,1,3,30,18622,0.055241113
4,1,3,30,9941,0.029489416
5,1,3,30,3044,0.009029854
6,1,3,30,423,0.001254806
7,1,3,30,749,0.002221866
8,1,3,30,4475,0.013274835
0,0,3,31,170644,0.506722889
1,0,3,31,92493,0.274655541
2,1,3,31,29970,0.08899513
3,1,3,31,19471,0.057818625
4,1,3,31,11698,0.034736905
5,1,3,31,5214,0.015482836
6,1,3,31,807,0.002396365
7,1,3,31,680,0.002019242
8,1,3,31,5783,0.017172467
0,0,4,1,173231,0.518250708
1,0,4,1,93021,0.278288523
2,1,4,1,29069,0.086964976
3,1,4,1,18467,0.055247247
4,1,4,1,10413,0.031152303
5,1,4,1,3881,0.011610687
6,1,4,1,481,0.001438995
7,1,4,1,654,0.001956555
8,1,4,1,5044,0.015090005
0,0,4,2,179228,0.533467473
1,0,4,2,93410,0.278032432
2,1,4,2,27570,0.082061387
3,1,4,2,17499,0.052085318
4,1,4,2,9345,0.027815149
5,1,4,2,3148,0.00936994
6,1,4,2,564,0.001678731
7,1,4,2,719,0.002140085
8,1,4,2,4485,0.013349486
0,0,4,3,174071,0.516859371
1,0,4,3,94037,0.279218851
2,1,4,3,28461,0.08450767
3,1,4,3,18538,0.055043856
4,1,4,3,11074,0.032881414
5,1,4,3,3941,0.011701793
6,1,4,3,624,0.001852809
7,1,4,3,797,0.002366488
8,1,4,3,5243,0.015567749
0,0,4,4,171300,0.505463312
1,0,4,4,97090,0.286488225
2,1,4,4,29626,0.087418891
3,1,4,4,19026,0.056140951
4,1,4,4,11010,0.032487747
5,1,4,4,4270,0.012599698
6,1,4,4,709,0.002092081
7,1,4,4,616,0.001817661
8,1,4,4,5250,0.015491433
0,0,4,5,177263,0.528512224
1,0,4,5,97589,0.290963029
2,1,4,5,28750,0.085718545
3,1,4,5,16534,0.049296363
4,1,4,5,8004,0.023864043
5,1,4,5,2465,0.007349434
6,1,4,5,367,0.001094216
7,1,4,5,681,0.002030411
8,1,4,5,3747,0.011171735
0,0,4,6,171411,0.509461889
1,0,4,6,96892,0.287979076
2,1,4,6,29990,0.089135248
3,1,4,6,19143,0.056896167
4,1,4,6,10543,0.031335543
5,1,4,6,3528,0.0104858
6,1,4,6,330,0.000980815
7,1,4,6,497,0.001477166
8,1,4,6,4121,0.012248295
0,0,4,7,170670,0.507012379
1,0,4,7,97955,0.290996646
2,1,4,7,29123,0.08651621
3,1,4,7,18476,0.054886979
4,1,4,7,10647,0.031629231
5,1,4,7,3467,0.010299478
6,1,4,7,485,0.001440798
7,1,4,7,640,0.001901259
8,1,4,7,5156,0.01531702
0,0,4,8,172986,0.517660226
1,0,4,8,98601,0.295063276
2,1,4,8,29882,0.089421819
3,1,4,8,17420,0.052129312
4,1,4,8,7879,0.02357789
5,1,4,8,2218,0.00663736
6,1,4,8,327,0.000978547
7,1,4,8,586,0.001753604
8,1,4,8,4270,0.012777966
0,0,4,9,178375,0.530508515
1,0,4,9,94525,0.281128619
2,1,4,9,28176,0.083798783
3,1,4,9,16651,0.049522059
4,1,4,9,8487,0.02524135
5,1,4,9,3554,0.01057002
6,1,4,9,573,0.00170417
7,1,4,9,595,0.001769601
8,1,4,9,5298,0.015756884
0,0,4,10,179696,0.534013272
1,0,4,10,94773,0.281642551
2,1,4,10,27822,0.082680289
3,1,4,10,16240,0.048261372
4,1,4,10,8131,0.024163375
5,1,4,10,2900,0.008618102
6,1,4,10,572,0.001699846
7,1,4,10,604,0.001794943
8,1,4,10,5763,0.017126249
0,0,4,11,172132,0.508533563
1,0,4,11,94414,0.278929471
2,1,4,11,29138,0.08608307
3,1,4,11,19475,0.057535444
4,1,4,11,11255,0.033250908
5,1,4,11,4214,0.012449518
6,1,4,11,583,0.00172237
7,1,4,11,762,0.002251194
8,1,4,11,6514,0.019244461
0,0,4,12,169606,0.505610408
1,0,4,12,97791,0.291523574
2,1,4,12,29980,0.089373018
3,1,4,12,18673,0.055665856
4,1,4,12,10407,0.031024183
5,1,4,12,3931,0.011718657
6,1,4,12,517,0.001541222
7,1,4,12,589,0.001755861
8,1,4,12,3954,0.011787222
0,0,4,13,181834,0.53928832
1,0,4,13,95683,0.283779295
2,1,4,13,27432,0.081358586
3,1,4,13,16181,0.047990059
4,1,4,13,8256,0.024485874
5,1,4,13,2869,0.00850896
6,1,4,13,426,0.001263443
7,1,4,13,620,0.001838813
8,1,4,13,3873,0.011486651
0,0,4,14,187910,0.558981453
1,0,4,14,95665,0.284577514
2,1,4,14,25659,0.076328589
3,1,4,14,14463,0.043023515
4,1,4,14,7016,0.020870703
5,1,4,14,1834,0.005455654
6,1,4,14,265,0.000788303
7,1,4,14,447,0.001329704
8,1,4,14,2906,0.008644564
0,0,4,15,182008,0.545949205
1,0,4,15,91020,0.273022596
2,1,4,15,26772,0.080304998
3,1,4,15,17134,0.051394959
4,1,4,15,8559,0.025673483
5,1,4,15,2861,0.008581824
6,1,4,15,373,0.001118847
7,1,4,15,706,0.00211771
8,1,4,15,3946,0.011836378
0,0,4,16,185222,0.551315022
1,0,4,16,92034,0.273940065
2,1,4,16,25409,0.075630127
3,1,4,16,15958,0.047499137
4,1,4,16,8860,0.026371873
5,1,4,16,3540,0.010536843
6,1,4,16,353,0.001050708
7,1,4,16,618,0.001839483
8,1,4,16,3970,0.011816742
0,0,4,17,183886,0.546648513
1,0,4,17,96436,0.286680857
2,1,4,17,26837,0.079779897
3,1,4,17,15260,0.045364282
4,1,4,17,7586,0.02255134
5,1,4,17,2339,0.00695328
6,1,4,17,309,0.000918582
7,1,4,17,575,0.001709336
8,1,4,17,3160,0.009393914
0,0,4,18,189081,0.558281466
1,0,4,18,96117,0.283795514
2,1,4,18,25334,0.07480129
3,1,4,18,14540,0.042930874
4,1,4,18,7460,0.022026432
5,1,4,18,2243,0.006622693
6,1,4,18,249,0.000735199
7,1,4,18,491,0.001449729
8,1,4,18,3169,0.009356805
0,0,4,19,184745,0.551597811
1,0,4,19,93047,0.277812777
2,1,4,19,25773,0.076951097
3,1,4,19,15004,0.044797822
4,1,4,19,8043,0.024014188
5,1,4,19,3436,0.010258952
6,1,4,19,437,0.001304762
7,1,4,19,583,0.001740678
8,1,4,19,3859,0.011521914
0,0,4,20,181716,0.540013016
1,0,4,20,94599,0.281123794
2,1,4,20,27228,0.080914583
3,1,4,20,16454,0.048897038
4,1,4,20,8522,0.025325183
5,1,4,20,3190,0.009479856
6,1,4,20,522,0.001551249
7,1,4,20,581,0.001726582
8,1,4,20,3691,0.010968699
0,0,4,21,182197,0.54221586
1,0,4,21,96932,0.288468349
2,1,4,21,26623,0.079229696
3,1,4,21,15364,0.045723061
4,1,4,21,7410,0.022052062
5,1,4,21,2608,0.007761373
6,1,4,21,533,0.001586201
7,1,4,21,572,0.001702264
8,1,4,21,3784,0.011261134
0,0,4,22,182185,0.545152323
1,0,4,22,93068,0.278487452
2,1,4,22,26230,0.07848805
3,1,4,22,15806,0.047296307
4,1,4,22,8547,0.025575195
5,1,4,22,3253,0.009733955
6,1,4,22,457,0.001367481
7,1,4,22,641,0.001918065
8,1,4,22,4004,0.011981172
0,0,4,23,185277,0.551373695
1,0,4,23,92084,0.274036687
2,1,4,23,25576,0.076112705
3,1,4,23,15455,0.045993191
4,1,4,23,8577,0.025524659
5,1,4,23,3574,0.010636018
6,1,4,23,562,0.00167248
7,1,4,23,733,0.002181366
8,1,4,23,4190,0.012469199
0,0,4,24,187992,0.558947706
1,0,4,24,93423,0.277770179
2,1,4,24,25499,0.075814969
3,1,4,24,15431,0.045880261
4,1,4,24,7406,0.022019909
5,1,4,24,1968,0.005851361
6,1,4,24,273,0.000811698
7,1,4,24,518,0.001540145
8,1,4,24,3822,0.011363772
0,0,4,25,188649,0.557730514
1,0,4,25,92857,0.274526673
2,1,4,25,25118,0.074260002
3,1,4,25,15247,0.045076927
4,1,4,25,8058,0.023823039
5,1,4,25,3068,0.009070375
6,1,4,25,551,0.001629002
7,1,4,25,613,0.001812301
8,1,4,25,4083,0.012071168
0,0,4,26,184682,0.551689733
1,0,4,26,92911,0.277547594
2,1,4,26,25522,0.076240377
3,1,4,26,15953,0.047655464
4,1,4,26,7852,0.02345582
5,1,4,26,2730,0.008155169
6,1,4,26,494,0.001475697
7,1,4,26,599,0.001789358
8,1,4,26,4014,0.011990787
0,0,4,27,190599,0.565887998
1,0,4,27,93899,0.278785917
2,1,4,27,25066,0.074420897
3,1,4,27,14046,0.041702542
4,1,4,27,6900,0.020486084
5,1,4,27,2497,0.007413587
6,1,4,27,292,0.000866947
7,1,4,27,438,0.001300421
8,1,4,27,3077,0.009135606
0,0,4,28,183318,0.545590909
1,0,4,28,92212,0.274441293
2,1,4,28,26185,0.07793178
3,1,4,28,16857,0.050169792
4,1,4,28,9079,0.027020914
5,1,4,28,3787,0.011270867
6,1,4,28,381,0.001133932
7,1,4,28,525,0.001562505
8,1,4,28,3655,0.010878009
0,0,4,29,190691,0.571680827
1,0,4,29,89326,0.267794293
2,1,4,29,24236,0.072658157
3,1,4,29,15077,0.045199993
4,1,4,29,7950,0.02383365
5,1,4,29,2203,0.006604469
6,1,4,29,324,0.000971334
7,1,4,29,590,0.001768787
8,1,4,29,3165,0.009488491
0,0,4,30,181417,0.540538044
1,0,4,30,93501,0.27858937
2,1,4,30,27317,0.081391919
3,1,4,30,16346,0.048703456
4,1,4,30,8169,0.02433981
5,1,4,30,3125,0.009311042
6,1,4,30,513,0.001528501
7,1,4,30,731,0.002178039
8,1,4,30,4504,0.013419819
0,0,5,1,181919,0.542597994
1,0,5,1,93725,0.279547475
2,1,5,1,26866,0.080131475
3,1,5,1,15860,0.047304593
4,1,5,1,8407,0.025075013
5,1,5,1,3090,0.009216342
6,1,5,1,415,0.001237794
7,1,5,1,622,0.001855199
8,1,5,1,4370,0.013034115
0,0,5,2,181704,0.538819664
1,0,5,2,93210,0.276402175
2,1,5,2,25803,0.076515453
3,1,5,2,16497,0.048919716
4,1,5,2,10220,0.030306086
5,1,5,2,3985,0.011817001
6,1,5,2,446,0.001322555
7,1,5,2,688,0.002040175
8,1,5,2,4673,0.013857176
0,0,5,3,184320,0.552158818
1,0,5,3,94401,0.282792668
2,1,5,3,25659,0.076865468
3,1,5,3,14898,0.044629243
4,1,5,3,7840,0.023485922
5,1,5,3,2215,0.006635372
6,1,5,3,283,0.00084777
7,1,5,3,488,0.001461879
8,1,5,3,3713,0.011122861
0,0,5,4,184270,0.549253037
1,0,5,4,94005,0.280200422
2,1,5,4,26112,0.07783196
3,1,5,4,15939,0.04750933
4,1,5,4,8015,0.023890287
5,1,5,4,2304,0.006867526
6,1,5,4,340,0.001013437
7,1,5,4,627,0.001868897
8,1,5,4,3880,0.011565104
0,0,5,5,177682,0.530544483
1,0,5,5,94418,0.281924725
2,1,5,5,28366,0.084698646
3,1,5,5,18301,0.054645347
4,1,5,5,9023,0.026941969
5,1,5,5,2314,0.006909422
6,1,5,5,282,0.00084203
7,1,5,5,634,0.001893074
8,1,5,5,3885,0.011600305
0,0,5,6,180959,0.543291531
1,0,5,6,91884,0.275862483
2,1,5,6,26618,0.079914975
3,1,5,6,16847,0.050579592
4,1,5,6,8611,0.025852726
5,1,5,6,2814,0.008448446
6,1,5,6,406,0.00121893
7,1,5,6,598,0.00179537
8,1,5,6,4342,0.013035946
0,0,5,7,181626,0.541423717
1,0,5,7,93485,0.27867704
2,1,5,7,26818,0.079943958
3,1,5,7,16680,0.049722769
4,1,5,7,9213,0.027463781
5,1,5,7,2900,0.008644846
6,1,5,7,297,0.000885351
7,1,5,7,443,0.001320575
8,1,5,7,3998,0.011917963
0,0,5,8,188306,0.561015576
1,0,5,8,92169,0.274596904
2,1,5,8,24996,0.074469987
3,1,5,8,14797,0.044084349
4,1,5,8,7593,0.022621644
5,1,5,8,2501,0.00745117
6,1,5,8,396,0.001179793
7,1,5,8,743,0.002213602
8,1,5,8,4151,0.012366975
0,0,5,9,181265,0.537078299
1,0,5,9,94234,0.279210197
2,1,5,9,26271,0.077839539
3,1,5,9,16524,0.04895971
4,1,5,9,9184,0.027211691
5,1,5,9,3796,0.011247341
6,1,5,9,632,0.001872581
7,1,5,9,691,0.002047395
8,1,5,9,4905,0.014533247
0,0,5,10,173563,0.519671483
1,0,5,10,91772,0.274777985
2,1,5,10,28103,0.084144246
3,1,5,10,18781,0.056232896
4,1,5,10,10101,0.030243783
5,1,5,10,3898,0.011671148
6,1,5,10,836,0.002503099
7,1,5,10,759,0.00227255
8,1,5,10,6173,0.018482811
0,0,5,11,174156,0.518457215
1,0,5,11,94612,0.281657101
2,1,5,11,27783,0.082709162
3,1,5,11,18001,0.05358844
4,1,5,11,10519,0.031314749
5,1,5,11,4339,0.012917074
6,1,5,11,395,0.001175903
7,1,5,11,731,0.002176165
8,1,5,11,5376,0.016004192
0,0,5,12,175628,0.524089033
1,0,5,12,95408,0.284705665
2,1,5,12,27241,0.081289483
3,1,5,12,17262,0.05151129
4,1,5,12,10041,0.029963206
5,1,5,12,3976,0.011864725
6,1,5,12,558,0.00166512
7,1,5,12,719,0.002145558
8,1,5,12,4278,0.012765919
0,0,5,13,185219,0.556403694
1,0,5,13,92617,0.278224377
2,1,5,13,23891,0.071769314
3,1,5,13,14319,0.043014726
4,1,5,13,7827,0.023512554
5,1,5,13,3115,0.009357558
6,1,5,13,664,0.001994677
7,1,5,13,626,0.001880524
8,1,5,13,4608,0.013842577
0,0,5,14,185245,0.552386433
1,0,5,14,93913,0.280041389
2,1,5,14,24559,0.073233061
3,1,5,14,15013,0.044767619
4,1,5,14,8496,0.025334423
5,1,5,14,3100,0.009243963
6,1,5,14,386,0.001151023
7,1,5,14,663,0.001977015
8,1,5,14,3979,0.011865074
0,0,5,15,178036,0.530959411
1,0,5,15,95959,0.286179953
2,1,5,15,27541,0.082135934
3,1,5,15,17068,0.05090215
4,1,5,15,9118,0.027192747
5,1,5,15,3040,0.009066237
6,1,5,15,306,0.000912588
7,1,5,15,597,0.001780442
8,1,5,15,3645,0.010870538
0,0,5,16,174760,0.518155915
1,0,5,16,96216,0.285276319
2,1,5,16,28375,0.08413066
3,1,5,16,18184,0.053914781
4,1,5,16,10238,0.030355232
5,1,5,16,4038,0.011972497
6,1,5,16,570,0.001690026
7,1,5,16,798,0.002366036
8,1,5,16,4094,0.012138535
0,0,5,17,170609,0.510817624
1,0,5,17,93472,0.279862991
2,1,5,17,28523,0.085400249
3,1,5,17,19542,0.058510383
4,1,5,17,10919,0.0326924
5,1,5,17,4305,0.01288953
6,1,5,17,738,0.002209634
7,1,5,17,783,0.002344368
8,1,5,17,5101,0.015272821
0,0,5,18,170510,0.507990323
1,0,5,18,96110,0.286334819
2,1,5,18,28839,0.085918321
3,1,5,18,18706,0.055729676
4,1,5,18,10408,0.031007937
5,1,5,18,3892,0.011595205
6,1,5,18,839,0.002499583
7,1,5,18,777,0.00231487
8,1,5,18,5575,0.016609267
0,0,5,19,172170,0.513978655
1,0,5,19,95010,0.283633107
2,1,5,19,28621,0.085442197
3,1,5,19,18638,0.055639973
4,1,5,19,10160,0.030330622
5,1,5,19,4165,0.012433764
6,1,5,19,688,0.002053885
7,1,5,19,736,0.002197179
8,1,5,19,4787,0.014290619
0,0,5,20,180832,0.542436332
1,0,5,20,95502,0.286474488
2,1,5,20,26374,0.079113298
3,1,5,20,15375,0.046119927
4,1,5,20,8020,0.024057354
5,1,5,20,2910,0.00872904
6,1,5,20,355,0.001064883
7,1,5,20,545,0.00163482
8,1,5,20,3457,0.010369859
0,0,5,21,182324,0.543098081
1,0,5,21,95949,0.285808329
2,1,5,21,26570,0.079145455
3,1,5,21,15724,0.046837905
4,1,5,21,7767,0.023135971
5,1,5,21,2752,0.008197527
6,1,5,21,424,0.001262991
7,1,5,21,527,0.001569803
8,1,5,21,3674,0.010943937
0,0,5,22,179179,0.534032147
1,0,5,22,96475,0.287537889
2,1,5,22,26874,0.080096328
3,1,5,22,16714,0.049815064
4,1,5,22,9167,0.027321688
5,1,5,22,2807,0.008366093
6,1,5,22,367,0.001093821
7,1,5,22,534,0.001591555
8,1,5,22,3404,0.010145416
0,0,5,23,177726,0.52848872
1,0,5,23,97251,0.289187043
2,1,5,23,27997,0.083252302
3,1,5,23,17897,0.05321879
4,1,5,23,9248,0.027499993
5,1,5,23,2511,0.007466748
6,1,5,23,352,0.001046713
7,1,5,23,617,0.001834721
8,1,5,23,2692,0.008004972
0,0,5,24,172080,0.521149752
1,0,5,24,91945,0.278458356
2,1,5,24,27508,0.083308853
3,1,5,24,17641,0.053426329
4,1,5,24,9908,0.030006693
5,1,5,24,4620,0.013991817
6,1,5,24,944,0.002858934
7,1,5,24,779,0.002359226
8,1,5,24,4768,0.01444004
0,0,5,25,171625,0.523767525
1,0,5,25,89724,0.273820932
2,1,5,25,27852,0.084999115
3,1,5,25,19589,0.059781978
4,1,5,25,11008,0.033594365
5,1,5,25,3557,0.010855301
6,1,5,25,472,0.001440456
7,1,5,25,580,0.001770052
8,1,5,25,3267,0.009970275
0,0,5,26,177391,0.543427381
1,0,5,26,91146,0.27922066
2,1,5,26,26156,0.080127439
3,1,5,26,16368,0.05014245
4,1,5,26,8979,0.027506663
5,1,5,26,2863,0.00877064
6,1,5,26,433,0.001326471
7,1,5,26,471,0.001442882
8,1,5,26,2623,0.008035413
0,0,5,27,183889,0.569497394
1,0,5,27,87962,0.272415043
2,1,5,27,23027,0.071313763
3,1,5,27,13379,0.041434265
4,1,5,27,7415,0.022963979
5,1,5,27,2816,0.008721047
6,1,5,27,601,0.001861275
7,1,5,27,776,0.002403243
8,1,5,27,3032,0.009389991
0,0,5,28,190793,0.587603212
1,0,5,28,83481,0.257104316
2,1,5,28,23013,0.070875308
3,1,5,28,14076,0.043351186
4,1,5,28,7366,0.022685765
5,1,5,28,2431,0.00748698
6,1,5,28,268,0.000825385
7,1,5,28,570,0.001755483
8,1,5,28,2699,0.008312365
0,0,5,29,195956,0.599815118
1,0,5,29,82552,0.252689061
2,1,5,29,21542,0.065939381
3,1,5,29,12950,0.03963954
4,1,5,29,6917,0.021172718
5,1,5,29,2639,0.008077896
6,1,5,29,523,0.001600886
7,1,5,29,639,0.001955959
8,1,5,29,2976,0.009109442
0,0,5,30,192947,0.582720755
1,0,5,30,86316,0.260683632
2,1,5,30,22337,0.06746015
3,1,5,30,13563,0.040961723
4,1,5,30,7238,0.021859541
5,1,5,30,3128,0.009446897
6,1,5,30,465,0.00140435
7,1,5,30,724,0.002186558
8,1,5,30,4396,0.013276394
0,0,5,31,180315,0.544736914
1,0,5,31,87818,0.265300759
2,1,5,31,24100,0.072806808
3,1,5,31,16502,0.049853027
4,1,5,31,11385,0.03439442
5,1,5,31,5062,0.015292451
6,1,5,31,709,0.00214191
7,1,5,31,825,0.002492349
8,1,5,31,4297,0.012981363
0,0,6,1,177244,0.525586319
1,0,6,1,92571,0.274503234
2,1,6,1,27471,0.081460483
3,1,6,1,17985,0.053331396
4,1,6,1,10994,0.032600799
5,1,6,1,4587,0.013601952
6,1,6,1,753,0.002232891
7,1,6,1,886,0.002627279
8,1,6,1,4740,0.014055647
0,0,6,2,181798,0.539613658
1,0,6,2,92287,0.273926697
2,1,6,2,26616,0.079001733
3,1,6,2,16737,0.04967884
4,1,6,2,9075,0.026936457
5,1,6,2,3738,0.011095149
6,1,6,2,584,0.001733431
7,1,6,2,788,0.002338945
8,1,6,2,5281,0.015675088
0,0,6,3,179396,0.535296329
1,0,6,3,92650,0.276456582
2,1,6,3,26569,0.079278736
3,1,6,3,17281,0.051564449
4,1,6,3,10233,0.030534055
5,1,6,3,3626,0.010819553
6,1,6,3,359,0.001071213
7,1,6,3,690,0.002058878
8,1,6,3,4330,0.012920205
0,0,6,4,174580,0.51724189
1,0,6,4,93359,0.276602048
2,1,6,4,28077,0.083185935
3,1,6,4,18988,0.05625724
4,1,6,4,10943,0.032421686
5,1,6,4,4907,0.014538355
6,1,6,4,841,0.002491697
7,1,6,4,959,0.002841305
8,1,6,4,4867,0.014419844
0,0,6,5,176566,0.522404708
1,0,6,5,95938,0.283851154
2,1,6,5,28050,0.082991358
3,1,6,5,17977,0.053188436
4,1,6,5,10442,0.030894679
5,1,6,5,3529,0.01044123
6,1,6,5,480,0.001420173
7,1,6,5,665,0.001967531
8,1,6,5,4340,0.012840731
0,0,6,6,174576,0.512593445
1,0,6,6,95504,0.280420702
2,1,6,6,29202,0.08574348
3,1,6,6,19089,0.056049493
4,1,6,6,10734,0.031517379
5,1,6,6,4176,0.012261652
6,1,6,6,908,0.002666087
7,1,6,6,833,0.002445871
8,1,6,6,5552,0.01630189
0,0,6,7,174876,0.516589862
1,0,6,7,97101,0.286839773
2,1,6,7,28921,0.085433652
3,1,6,7,18188,0.053727992
4,1,6,7,9923,0.029312891
5,1,6,7,3637,0.010743826
6,1,6,7,507,0.001497696
7,1,6,7,650,0.001920123
8,1,6,7,4717,0.013934184
0,0,6,8,168580,0.496216124
1,0,6,8,97416,0.286744513
2,1,6,8,30004,0.088316933
3,1,6,8,19884,0.058528659
4,1,6,8,11304,0.033273384
5,1,6,8,5108,0.015035425
6,1,6,8,1035,0.003046528
7,1,6,8,980,0.002884635
8,1,6,8,5420,0.015953799
0,0,6,9,167453,0.49256967
1,0,6,9,96047,0.282526077
2,1,6,9,30720,0.090364104
3,1,6,9,20718,0.060942822
4,1,6,9,12748,0.03749875
5,1,6,9,5112,0.015037152
6,1,6,9,841,0.002473835
7,1,6,9,958,0.002817995
8,1,6,9,5361,0.015769595
0,0,6,10,168260,0.496443229
1,0,6,10,96476,0.284647908
2,1,6,10,29921,0.088280505
3,1,6,10,19822,0.05848388
4,1,6,10,11744,0.034650121
5,1,6,10,5188,0.01530695
6,1,6,10,946,0.002791129
7,1,6,10,916,0.002702615
8,1,6,10,5658,0.016693663
0,0,6,11,166117,0.486714151
1,0,6,11,95544,0.27993894
2,1,6,11,30722,0.090013859
3,1,6,11,22698,0.066503957
4,1,6,11,13722,0.040204745
5,1,6,11,5157,0.015109741
6,1,6,11,857,0.002510965
7,1,6,11,991,0.002903578
8,1,6,11,5495,0.016100064
0,0,6,12,160783,0.470586686
1,0,6,12,97034,0.284003337
2,1,6,12,31567,0.09239167
3,1,6,12,22701,0.066442275
4,1,6,12,14696,0.043012893
5,1,6,12,6185,0.018102527
6,1,6,12,1114,0.003260504
7,1,6,12,1169,0.00342148
8,1,6,12,6416,0.018778628
0,0,6,13,158876,0.462305767
1,0,6,13,96063,0.279529186
2,1,6,13,31480,0.091602165
3,1,6,13,24103,0.070136181
4,1,6,13,16411,0.047753594
5,1,6,13,6931,0.020168189
6,1,6,13,1122,0.003264855
7,1,6,13,1319,0.003838096
8,1,6,13,7355,0.021401967
0,0,6,14,156850,0.460124499
1,0,6,14,98171,0.287987773
2,1,6,14,32657,0.095800356
3,1,6,14,24172,0.070909336
4,1,6,14,14729,0.043207993
5,1,6,14,5752,0.016873676
6,1,6,14,1069,0.003135946
7,1,6,14,1017,0.002983402
8,1,6,14,6469,0.018977019
0,0,6,15,161349,0.471485679
1,0,6,15,100548,0.29381615
2,1,6,15,32682,0.095501645
3,1,6,15,22289,0.06513176
4,1,6,15,12733,0.037207712
5,1,6,15,4842,0.014149041
6,1,6,15,804,0.002349407
7,1,6,15,762,0.002226677
8,1,6,15,6205,0.018131929
0,0,6,16,157079,0.459402784
1,0,6,16,99119,0.289889448
2,1,6,16,33635,0.098370964
3,1,6,16,23641,0.069141905
4,1,6,16,14389,0.042082943
5,1,6,16,6245,0.018264506
6,1,6,16,1193,0.00348912
7,1,6,16,1056,0.003088442
8,1,6,16,5563,0.016269888
0,0,6,17,164897,0.48415814
1,0,6,17,98135,0.288136589
2,1,6,17,30622,0.089910008
3,1,6,17,20454,0.060055493
4,1,6,17,12953,0.038031622
5,1,6,17,5512,0.016183919
6,1,6,17,1184,0.003476372
7,1,6,17,990,0.002906763
8,1,6,17,5838,0.017141095
0,0,6,18,167947,0.491315884
1,0,6,18,97829,0.28619113
2,1,6,18,31312,0.09160082
3,1,6,18,21472,0.062814666
4,1,6,18,11756,0.034391264
5,1,6,18,4623,0.013524227
6,1,6,18,814,0.002381294
7,1,6,18,936,0.002738195
8,1,6,18,5142,0.015042521
0,0,6,19,162594,0.475252908
1,0,6,19,98976,0.289301154
2,1,6,19,31719,0.092712812
3,1,6,19,21954,0.064170279
4,1,6,19,13665,0.039942009
5,1,6,19,5601,0.016371401
6,1,6,19,893,0.002610188
7,1,6,19,1027,0.003001862
8,1,6,19,5692,0.016637389
0,0,6,20,165188,0.479559192
1,0,6,20,102260,0.296872188
2,1,6,20,32779,0.095161094
3,1,6,20,21832,0.063380731
4,1,6,20,12160,0.035301837
5,1,6,20,4229,0.012277259
6,1,6,20,605,0.001756382
7,1,6,20,816,0.002368939
8,1,6,20,4589,0.013322379
0,0,6,21,158058,0.462403969
1,0,6,21,100591,0.294282337
2,1,6,21,33558,0.098175052
3,1,6,21,23298,0.068159079
4,1,6,21,13527,0.039573691
5,1,6,21,5681,0.016619956
6,1,6,21,848,0.002480852
7,1,6,21,1072,0.003136172
8,1,6,21,5185,0.015168891
0,0,6,22,156199,0.455865142
1,0,6,22,98611,0.287795169
2,1,6,22,32826,0.095802337
3,1,6,22,23265,0.067898658
4,1,6,22,15881,0.046348532
5,1,6,22,7280,0.021246604
6,1,6,22,1174,0.003426307
7,1,6,22,1299,0.003791118
8,1,6,22,6108,0.017826134
0,0,6,23,163431,0.477526333
1,0,6,23,100985,0.2950664
2,1,6,23,32499,0.09495829
3,1,6,23,21476,0.062750369
4,1,6,23,12599,0.03681281
5,1,6,23,4921,0.014378588
6,1,6,23,604,0.001764818
7,1,6,23,892,0.00260632
8,1,6,23,4838,0.014136072
0,0,6,24,166156,0.487785975
1,0,6,24,99799,0.292981009
2,1,6,24,32133,0.094333197
3,1,6,24,21750,0.063851711
4,1,6,24,11661,0.034233324
5,1,6,24,3595,0.010553881
6,1,6,24,497,0.001459048
7,1,6,24,796,0.002336826
8,1,6,24,4246,0.012465028
0,0,6,25,156053,0.455436385
1,0,6,25,98109,0.286328416
2,1,6,25,32985,0.096265814
3,1,6,25,24553,0.071657255
4,1,6,25,15604,0.045539844
5,1,6,25,7249,0.021156007
6,1,6,25,1240,0.003618906
7,1,6,25,1286,0.003753156
8,1,6,25,5566,0.016244218
0,0,6,26,149808,0.437779077
1,0,6,26,99469,0.290675044
2,1,6,26,34291,0.100207481
3,1,6,26,25359,0.074105786
4,1,6,26,16996,0.049666861
5,1,6,26,7088,0.020713033
6,1,6,26,1141,0.003334307
7,1,6,26,1309,0.003825248
8,1,6,26,6739,0.019693162
0,0,6,27,150108,0.435497067
1,0,6,27,99638,0.289072246
2,1,6,27,34052,0.09879251
3,1,6,27,25026,0.072606054
4,1,6,27,16660,0.048334407
5,1,6,27,8559,0.024831584
6,1,6,27,1665,0.004830539
7,1,6,27,1343,0.003896345
8,1,6,27,7631,0.022139247
0,0,6,28,148394,0.433909466
1,0,6,28,100366,0.293473843
2,1,6,28,35193,0.102905615
3,1,6,28,25557,0.0747296
4,1,6,28,17276,0.050515654
5,1,6,28,6796,0.019871752
6,1,6,28,1112,0.003251529
7,1,6,28,1053,0.00307901
8,1,6,28,6246,0.018263532
0,0,6,29,155832,0.45469851
1,0,6,29,99617,0.29067009
2,1,6,29,34263,0.099975198
3,1,6,29,24134,0.070420028
4,1,6,29,14664,0.042787739
5,1,6,29,6357,0.01854894
6,1,6,29,1230,0.003588988
7,1,6,29,995,0.002903287
8,1,6,29,5623,0.016407219
0,0,6,30,154240,0.450680521
1,0,6,30,99924,0.291972253
2,1,6,30,35701,0.104316295
3,1,6,30,25213,0.073670954
4,1,6,30,15032,0.04392265
5,1,6,30,5635,0.01646515
6,1,6,30,779,0.002276194
7,1,6,30,931,0.002720329
8,1,6,30,4783,0.013975654
0,0,7,1,161898,0.475255023
1,0,7,1,98853,0.290185085
2,1,7,1,31880,0.093584418
3,1,7,1,21669,0.063609811
4,1,7,1,12998,0.038155906
5,1,7,1,5868,0.017225639
6,1,7,1,1142,0.003352365
7,1,7,1,974,0.002859198
8,1,7,1,5373,0.015772556
0,0,7,2,174994,0.519867028
1,0,7,2,93936,0.279062306
2,1,7,2,27960,0.083062746
3,1,7,2,18449,0.054807747
4,1,7,2,10509,0.031219828
5,1,7,2,4561,0.013549685
6,1,7,2,787,0.002337996
7,1,7,2,986,0.00292918
8,1,7,2,4431,0.013163484
0,0,7,3,186084,0.578936234
1,0,7,3,83262,0.259041017
2,1,7,3,22983,0.071503684
3,1,7,3,14653,0.045587759
4,1,7,3,7663,0.023840784
5,1,7,3,2584,0.008039225
6,1,7,3,371,0.001154239
7,1,7,3,578,0.001798248
8,1,7,3,3246,0.01009881
0,0,7,4,206917,0.687802073
1,0,7,4,62023,0.206167439
2,1,7,4,13396,0.044528949
3,1,7,4,8460,0.028121447
4,1,7,4,4932,0.016394206
5,1,7,4,1724,0.005730659
6,1,7,4,222,0.000737939
7,1,7,4,519,0.001725181
8,1,7,4,2645,0.008792107
0,0,7,5,180394,0.548005213
1,0,7,5,85601,0.260040768
2,1,7,5,24810,0.075368412
3,1,7,5,17324,0.052627262
4,1,7,5,11427,0.034713214
5,1,7,5,4334,0.013165929
6,1,7,5,495,0.001503723
7,1,7,5,834,0.002533545
8,1,7,5,3964,0.012041934
0,0,7,6,183149,0.534513755
1,0,7,6,93789,0.273719816
2,1,7,6,26036,0.075985128
3,1,7,6,17611,0.051397069
4,1,7,6,10777,0.031452286
5,1,7,6,4887,0.014262533
6,1,7,6,769,0.002244299
7,1,7,6,916,0.002673313
8,1,7,6,4712,0.013751802
0,0,7,7,172379,0.501317427
1,0,7,7,97125,0.28246164
2,1,7,7,29534,0.085891605
3,1,7,7,20206,0.058763654
4,1,7,7,12600,0.036643672
5,1,7,7,5428,0.015785861
6,1,7,7,799,0.002323674
7,1,7,7,973,0.002829706
8,1,7,7,4808,0.01398276
0,0,7,8,170180,0.49758779
1,0,7,8,97508,0.285102775
2,1,7,8,30195,0.088286892
3,1,7,8,20832,0.0609105
4,1,7,8,11979,0.035025292
5,1,7,8,4752,0.013894331
6,1,7,8,749,0.002189994
7,1,7,8,911,0.002663665
8,1,7,8,4904,0.014338762
0,0,7,9,168478,0.49156642
1,0,7,9,96747,0.282277665
2,1,7,9,30379,0.088636476
3,1,7,9,20751,0.060544966
4,1,7,9,13637,0.039788526
5,1,7,9,5515,0.016091055
6,1,7,9,848,0.0024742
7,1,7,9,910,0.002655097
8,1,7,9,5472,0.015965595
0,0,7,10,172243,0.500937934
1,0,7,10,97610,0.283881213
2,1,7,10,28840,0.083875978
3,1,7,10,19071,0.05546459
4,1,7,10,11826,0.034393804
5,1,7,10,6107,0.017761116
6,1,7,10,1095,0.003184611
7,1,7,10,1002,0.002914138
8,1,7,10,6047,0.017586617
0,0,7,11,174866,0.504475967
1,0,7,11,98133,0.283106722
2,1,7,11,29898,0.086253603
3,1,7,11,20885,0.060251739
4,1,7,11,12399,0.035770233
5,1,7,11,4010,0.011568565
6,1,7,11,505,0.001456889
7,1,7,11,790,0.002279094
8,1,7,11,5143,0.014837189
0,0,7,12,171918,0.500411872
1,0,7,12,97007,0.282364002
2,1,7,12,30427,0.088565665
3,1,7,12,21163,0.061600394
4,1,7,12,12346,0.035936231
5,1,7,12,4524,0.013168274
6,1,7,12,686,0.001996781
7,1,7,12,803,0.00233734
8,1,7,12,4679,0.013619442
0,0,7,13,175282,0.508610709
1,0,7,13,98337,0.285341628
2,1,7,13,29470,0.085512247
3,1,7,13,19374,0.056216975
4,1,7,13,10591,0.030731598
5,1,7,13,4411,0.012799271
6,1,7,13,1218,0.003534235
7,1,7,13,803,0.002330042
8,1,7,13,5143,0.014923294
0,0,7,14,163758,0.476317627
1,0,7,14,95874,0.27886562
2,1,7,14,30722,0.089360093
3,1,7,14,22503,0.065453752
4,1,7,14,15522,0.045148342
5,1,7,14,6354,0.018481675
6,1,7,14,1260,0.003664921
7,1,7,14,1106,0.003216987
8,1,7,14,6701,0.019490983
0,0,7,15,169670,0.495379629
1,0,7,15,97321,0.284144757
2,1,7,15,30721,0.089695041
3,1,7,15,21431,0.062571349
4,1,7,15,12046,0.035170289
5,1,7,15,4676,0.013652355
6,1,7,15,698,0.002037926
7,1,7,15,879,0.002566386
8,1,7,15,5063,0.014782266
0,0,7,16,177435,0.515697478
1,0,7,16,97131,0.282301754
2,1,7,16,29239,0.084980295
3,1,7,16,19396,0.056372578
4,1,7,16,10639,0.030921213
5,1,7,16,4272,0.01241615
6,1,7,16,638,0.001854285
7,1,7,16,794,0.002307683
8,1,7,16,4524,0.013148564
0,0,7,17,170294,0.494750176
1,0,7,17,98351,0.285736283
2,1,7,17,30029,0.087242375
3,1,7,17,20380,0.059209418
4,1,7,17,12553,0.036469864
5,1,7,17,5490,0.015949936
6,1,7,17,990,0.002876218
7,1,7,17,984,0.002858786
8,1,7,17,5131,0.014906944
0,0,7,18,163387,0.471493171
1,0,7,18,98025,0.282875125
2,1,7,18,32275,0.093137411
3,1,7,18,23046,0.066504873
4,1,7,18,14507,0.041863499
5,1,7,18,6381,0.018413937
6,1,7,18,1002,0.002891516
7,1,7,18,1224,0.003532152
8,1,7,18,6684,0.019288318
0,0,7,19,161168,0.468972421
1,0,7,19,97826,0.2846576
2,1,7,19,31601,0.091953722
3,1,7,19,23384,0.068043601
4,1,7,19,15260,0.044404095
5,1,7,19,6384,0.018576392
6,1,7,19,927,0.002697418
7,1,7,19,1170,0.003404508
8,1,7,19,5942,0.017290244
0,0,7,20,164709,0.478862306
1,0,7,20,96553,0.280710782
2,1,7,20,32354,0.094063537
3,1,7,20,23932,0.06957806
4,1,7,20,13863,0.040304222
5,1,7,20,5314,0.015449516
6,1,7,20,1048,0.003046875
7,1,7,20,744,0.002163049
8,1,7,20,5442,0.015821653
0,0,7,21,161071,0.468784288
1,0,7,21,97076,0.282531949
2,1,7,21,32905,0.095767376
3,1,7,21,24676,0.071817528
4,1,7,21,14539,0.042314599
5,1,7,21,5591,0.016272159
6,1,7,21,1005,0.002924972
7,1,7,21,1135,0.003303327
8,1,7,21,5595,0.016283801
0,0,7,22,161161,0.470673617
1,0,7,22,97214,0.283915247
2,1,7,22,31881,0.093109038
3,1,7,22,22642,0.066126371
4,1,7,22,14486,0.042306625
5,1,7,22,6666,0.019468174
6,1,7,22,991,0.002894233
7,1,7,22,1226,0.003580555
8,1,7,22,6138,0.01792614
0,0,7,23,158739,0.461091359
1,0,7,23,96111,0.279174945
2,1,7,23,32291,0.093796112
3,1,7,23,23971,0.069628894
4,1,7,23,14983,0.043521326
5,1,7,23,7078,0.020559564
6,1,7,23,1657,0.004813111
7,1,7,23,1330,0.003863269
8,1,7,23,8108,0.023551419
0,0,7,24,172393,0.5006418
1,0,7,24,100156,0.290860302
2,1,7,24,30927,0.089814256
3,1,7,24,20611,0.059855842
4,1,7,24,10923,0.031721186
5,1,7,24,3367,0.009778013
6,1,7,24,494,0.001434612
7,1,7,24,543,0.001576911
8,1,7,24,4930,0.014317078
0,0,7,25,170643,0.492562904
1,0,7,25,100727,0.290749598
2,1,7,25,30914,0.089233602
3,1,7,25,21186,0.061153623
4,1,7,25,12175,0.035143272
5,1,7,25,4567,0.013182696
6,1,7,25,533,0.00153851
7,1,7,25,858,0.002476626
8,1,7,25,4836,0.013959167
0,0,7,26,165238,0.480600088
1,0,7,26,98212,0.285652791
2,1,7,26,31349,0.091179584
3,1,7,26,22504,0.065453615
4,1,7,26,13329,0.038767829
5,1,7,26,5483,0.015947484
6,1,7,26,902,0.002623496
7,1,7,26,1085,0.003155758
8,1,7,26,5714,0.016619355
0,0,7,27,164264,0.476678826
1,0,7,27,95425,0.27691446
2,1,7,27,30865,0.089567355
3,1,7,27,22065,0.064030574
4,1,7,27,14396,0.041775851
5,1,7,27,7494,0.02174689
6,1,7,27,1741,0.00505222
7,1,7,27,1134,0.003290762
8,1,7,27,7217,0.020943062
0,0,7,28,165969,0.482362857
1,0,7,28,96743,0.28116835
2,1,7,28,30800,0.089515367
3,1,7,28,22066,0.064131367
4,1,7,28,13358,0.038822931
5,1,7,28,5986,0.01739737
6,1,7,28,1201,0.003490518
7,1,7,28,1080,0.003138851
8,1,7,28,6872,0.01997239
0,0,7,29,168861,0.493188974
1,0,7,29,97498,0.284760475
2,1,7,29,30098,0.087906632
3,1,7,29,20814,0.060791037
4,1,7,29,12347,0.036061638
5,1,7,29,5211,0.015219664
6,1,7,29,928,0.002710391
7,1,7,29,920,0.002687026
8,1,7,29,5709,0.016674163
0,0,7,30,169434,0.492110101
1,0,7,30,98026,0.284710181
2,1,7,30,31212,0.090653237
3,1,7,30,21647,0.062872312
4,1,7,30,12480,0.036247353
5,1,7,30,4585,0.013316836
6,1,7,30,650,0.001887883
7,1,7,30,828,0.002404872
8,1,7,30,5439,0.015797224
0,0,7,31,165368,0.48019467
1,0,7,31,98383,0.285684003
2,1,7,31,31818,0.09239293
3,1,7,31,22170,0.064377122
4,1,7,31,13241,0.038449141
5,1,7,31,5784,0.016795547
6,1,7,31,858,0.002491456
7,1,7,31,843,0.002447899
8,1,7,31,5912,0.017167232
0,0,8,1,163768,0.472239684
1,0,8,1,100733,0.29047262
2,1,8,1,32403,0.09343695
3,1,8,1,22004,0.063450503
4,1,8,1,13921,0.040142449
5,1,8,1,6055,0.017460134
6,1,8,1,894,0.002577929
7,1,8,1,885,0.002551977
8,1,8,1,6127,0.017667753
0,0,8,2,166101,0.482910704
1,0,8,2,99224,0.288477082
2,1,8,2,32027,0.093113113
3,1,8,2,21476,0.062437856
4,1,8,2,12161,0.035356061
5,1,8,2,4756,0.01382727
6,1,8,2,892,0.00259334
7,1,8,2,967,0.00281139
8,1,8,2,6354,0.018473186
0,0,8,3,165982,0.481059838
1,0,8,3,99559,0.288548375
2,1,8,3,32233,0.093419779
3,1,8,3,22362,0.064811004
4,1,8,3,12417,0.035987758
5,1,8,3,4638,0.013442154
6,1,8,3,943,0.002733064
7,1,8,3,1057,0.003063466
8,1,8,3,5843,0.016934563
0,0,8,4,159510,0.463633906
1,0,8,4,100032,0.290754353
2,1,8,4,33264,0.096685589
3,1,8,4,24329,0.070714998
4,1,8,4,13951,0.040550164
5,1,8,4,5239,0.015227748
6,1,8,4,1005,0.002921146
7,1,8,4,920,0.002674084
8,1,8,4,5793,0.016838012
0,0,8,5,165902,0.484171942
1,0,8,5,98320,0.286939189
2,1,8,5,31686,0.092473099
3,1,8,5,22284,0.065034102
4,1,8,5,12767,0.037259486
5,1,8,5,4642,0.013547312
6,1,8,5,734,0.002142121
7,1,8,5,836,0.0024398
8,1,8,5,5480,0.015992949
0,0,8,6,173905,0.505147183
1,0,8,6,99825,0.289964737
2,1,8,6,30542,0.088716283
3,1,8,6,20050,0.058239849
4,1,8,6,10835,0.031472757
5,1,8,6,3759,0.010918882
6,1,8,6,470,0.001365223
7,1,8,6,723,0.00210012
8,1,8,6,4157,0.012074965
0,0,8,7,170656,0.495055422
1,0,8,7,99012,0.287223581
2,1,8,7,30991,0.089901689
3,1,8,7,20921,0.060689659
4,1,8,7,12469,0.036171281
5,1,8,7,4476,0.012984413
6,1,8,7,567,0.001644808
7,1,8,7,967,0.002805167
8,1,8,7,4662,0.01352398
0,0,8,8,172498,0.497050798
1,0,8,8,100246,0.288857577
2,1,8,8,30661,0.088349282
3,1,8,8,20588,0.059324061
4,1,8,8,12643,0.036430644
5,1,8,8,4348,0.012528707
6,1,8,8,616,0.001774996
7,1,8,8,844,0.002431975
8,1,8,8,4599,0.01325196
0,0,8,9,166584,0.483735517
1,0,8,9,100125,0.290748323
2,1,8,9,32090,0.093184656
3,1,8,9,21850,0.063449197
4,1,8,9,12792,0.037146093
5,1,8,9,4633,0.013453553
6,1,8,9,925,0.002686064
7,1,8,9,715,0.002076255
8,1,8,9,4656,0.013520341
0,0,8,10,162178,0.470237905
1,0,8,10,99411,0.288243907
2,1,8,10,32289,0.093622512
3,1,8,10,22168,0.064276498
4,1,8,10,13725,0.039795874
5,1,8,10,6307,0.018287255
6,1,8,10,1379,0.003998434
7,1,8,10,1060,0.003073488
8,1,8,10,6368,0.018464126
0,0,8,11,165075,0.479820367
1,0,8,11,99237,0.288450303
2,1,8,11,31588,0.09181624
3,1,8,11,21425,0.062275641
4,1,8,11,12701,0.036917755
5,1,8,11,5785,0.01681515
6,1,8,11,1237,0.003595564
7,1,8,11,1062,0.003086895
8,1,8,11,5925,0.017222085
0,0,8,12,166022,0.484639546
1,0,8,12,99568,0.290651783
2,1,8,12,32754,0.095613134
3,1,8,12,22131,0.064603232
4,1,8,12,12396,0.036185516
5,1,8,12,4130,0.012056001
6,1,8,12,519,0.001515028
7,1,8,12,668,0.001949978
8,1,8,12,4380,0.012785783
0,0,8,13,169238,0.491756502
1,0,8,13,100283,0.291393288
2,1,8,13,32019,0.09303792
3,1,8,13,20952,0.06088043
4,1,8,13,10543,0.030634898
5,1,8,13,4009,0.01164899
6,1,8,13,736,0.002138602
7,1,8,13,874,0.00253959
8,1,8,13,5496,0.015969781
0,0,8,14,166246,0.483028933
1,0,8,14,98596,0.286471378
2,1,8,14,31715,0.092148158
3,1,8,14,20842,0.060556579
4,1,8,14,12540,0.036435059
5,1,8,14,5214,0.015149314
6,1,8,14,1157,0.003361672
7,1,8,14,1177,0.003419782
8,1,8,14,6687,0.019429126
0,0,8,15,167394,0.483319955
1,0,8,15,100720,0.290810817
2,1,8,15,32816,0.094750276
3,1,8,15,21644,0.062493143
4,1,8,15,12167,0.035130016
5,1,8,15,4451,0.012851459
6,1,8,15,648,0.001870983
7,1,8,15,895,0.002584151
8,1,8,15,5607,0.0161892
0,0,8,16,165307,0.48162025
1,0,8,16,99429,0.289685372
2,1,8,16,32439,0.094510694
3,1,8,16,21896,0.063793772
4,1,8,16,12670,0.036913915
5,1,8,16,5046,0.014701469
6,1,8,16,756,0.002202598
7,1,8,16,976,0.002843566
8,1,8,16,4712,0.013728364
0,0,8,17,170200,0.494428241
1,0,8,17,97407,0.282965756
2,1,8,17,31423,0.091283306
3,1,8,17,21287,0.06183839
4,1,8,17,12587,0.036565031
5,1,8,17,4613,0.01340069
6,1,8,17,761,0.002210693
7,1,8,17,926,0.002690015
8,1,8,17,5032,0.014617878
0,0,8,18,171759,0.499077445
1,0,8,18,100442,0.291852752
2,1,8,18,31956,0.09285405
3,1,8,18,20887,0.06069103
4,1,8,18,10312,0.029963417
5,1,8,18,3350,0.009734043
6,1,8,18,421,0.001223293
7,1,8,18,732,0.002126961
8,1,8,18,4294,0.012477009
0,0,8,19,170934,0.500155079
1,0,8,19,97194,0.284390892
2,1,8,19,30446,0.089085387
3,1,8,19,20063,0.058704596
4,1,8,19,12252,0.035849509
5,1,8,19,4069,0.011905946
6,1,8,19,481,0.001407412
7,1,8,19,694,0.002030653
8,1,8,19,5629,0.016470526
0,0,8,20,169803,0.49494714
1,0,8,20,96162,0.28029603
2,1,8,20,31314,0.091275035
3,1,8,20,22020,0.06418459
4,1,8,20,12989,0.037860747
5,1,8,20,4638,0.013518989
6,1,8,20,665,0.001938363
7,1,8,20,800,0.002331865
8,1,8,20,4682,0.013647241
0,0,8,21,182974,0.533355487
1,0,8,21,96128,0.28020591
2,1,8,21,28487,0.083037468
3,1,8,21,18168,0.052958357
4,1,8,21,9319,0.027164186
5,1,8,21,3106,0.009053757
6,1,8,21,439,0.001279652
7,1,8,21,591,0.001722721
8,1,8,21,3850,0.011222461
0,0,8,22,184875,0.534875782
1,0,8,22,95376,0.275939486
2,1,8,22,27939,0.080832424
3,1,8,22,18504,0.053535316
4,1,8,22,9697,0.028055121
5,1,8,22,3360,0.009721069
6,1,8,22,462,0.001336647
7,1,8,22,856,0.002476558
8,1,8,22,4572,0.013227597
0,0,8,23,181394,0.530773597
1,0,8,23,94535,0.276617099
2,1,8,23,27698,0.081046601
3,1,8,23,17890,0.052347595
4,1,8,23,9773,0.028596593
5,1,8,23,3668,0.010732866
6,1,8,23,657,0.001922435
7,1,8,23,1027,0.003005086
8,1,8,23,5112,0.014958128
0,0,8,24,179788,0.523244917
1,0,8,24,92619,0.269553146
2,1,8,24,28168,0.081978568
3,1,8,24,19548,0.056891403
4,1,8,24,11646,0.033893866
5,1,8,24,4507,0.01311692
6,1,8,24,631,0.001836427
7,1,8,24,730,0.002124551
8,1,8,24,5965,0.017360202
0,0,8,25,186695,0.54449396
1,0,8,25,93835,0.273668768
2,1,8,25,25948,0.075677063
3,1,8,25,17187,0.050125701
4,1,8,25,9415,0.027458746
5,1,8,25,3386,0.009875233
6,1,8,25,457,0.001332836
7,1,8,25,620,0.001808223
8,1,8,25,5335,0.01555947
0,0,8,26,190516,0.557850538
1,0,8,26,90777,0.265804438
2,1,8,26,25100,0.073495394
3,1,8,26,16264,0.047622673
4,1,8,26,8906,0.026077688
5,1,8,26,3093,0.009056624
6,1,8,26,546,0.001598744
7,1,8,26,753,0.002204862
8,1,8,26,5563,0.016289039
0,0,8,27,190108,0.554226492
1,0,8,27,90960,0.265177908
2,1,8,27,25664,0.074818885
3,1,8,27,17637,0.051417576
4,1,8,27,9482,0.027643106
5,1,8,27,3097,0.00902876
6,1,8,27,455,0.001326473
7,1,8,27,803,0.002341005
8,1,8,27,4809,0.014019795
0,0,8,28,189845,0.553200107
1,0,8,28,90384,0.263375061
2,1,8,28,25778,0.075115975
3,1,8,28,17219,0.05017542
4,1,8,28,10026,0.02921533
5,1,8,28,3285,0.009572348
6,1,8,28,344,0.001002401
7,1,8,28,788,0.002296198
8,1,8,28,5507,0.016047159
0,0,8,29,188741,0.54603868
1,0,8,29,91416,0.2644718
2,1,8,29,25736,0.074455743
3,1,8,29,17957,0.051950644
4,1,8,29,10453,0.030241136
5,1,8,29,3518,0.010177778
6,1,8,29,421,0.001217977
7,1,8,29,761,0.002201617
8,1,8,29,6652,0.019244623
0,0,8,30,187831,0.553252843
1,0,8,30,91337,0.269031496
2,1,8,30,25368,0.074720989
3,1,8,30,15877,0.046765419
4,1,8,30,8297,0.024438665
5,1,8,30,2908,0.008565462
6,1,8,30,404,0.001189975
7,1,8,30,823,0.002424132
8,1,8,30,6658,0.01961102
0,0,8,31,188957,0.569926948
1,0,8,31,85181,0.256920608
2,1,8,31,22805,0.068783819
3,1,8,31,14780,0.044579033
4,1,8,31,9072,0.027362719
5,1,8,31,3311,0.009986548
6,1,8,31,526,0.001586507
7,1,8,31,626,0.001888124
8,1,8,31,6288,0.018965694
0,0,9,1,192895,0.586883171
1,0,9,1,83843,0.255092386
2,1,9,1,22713,0.069104318
3,1,9,1,13897,0.042281632
4,1,9,1,7031,0.021391822
5,1,9,1,1970,0.005993726
6,1,9,1,243,0.000739328
7,1,9,1,466,0.001417805
8,1,9,1,5619,0.017095811
0,0,9,2,195734,0.599941763
1,0,9,2,82139,0.251763191
2,1,9,2,20947,0.06420438
3,1,9,2,13113,0.040192487
4,1,9,2,6734,0.020640297
5,1,9,2,1811,0.005550873
6,1,9,2,255,0.000781597
7,1,9,2,486,0.001489632
8,1,9,2,5036,0.015435779
0,0,9,3,197015,0.604639101
1,0,9,3,80851,0.248131746
2,1,9,3,20397,0.0625984
3,1,9,3,11942,0.036650002
4,1,9,3,6473,0.019865639
5,1,9,3,2252,0.006911389
6,1,9,3,417,0.001279773
7,1,9,3,623,0.001911987
8,1,9,3,5869,0.018011963
0,0,9,4,201975,0.616307313
1,0,9,4,79841,0.243627143
2,1,9,4,18875,0.05759525
3,1,9,4,11190,0.03414521
4,1,9,4,6130,0.018705106
5,1,9,4,2115,0.006453719
6,1,9,4,236,0.000720131
7,1,9,4,549,0.001675221
8,1,9,4,6807,0.020770907
0,0,9,5,205592,0.623157129
1,0,9,5,81635,0.247438773
2,1,9,5,19003,0.057598812
3,1,9,5,10621,0.032192653
4,1,9,5,4874,0.014773278
5,1,9,5,1239,0.003755456
6,1,9,5,156,0.000472842
7,1,9,5,367,0.001112391
8,1,9,5,6433,0.019498666
0,0,9,6,201878,0.612419609
1,0,9,6,82718,0.250934353
2,1,9,6,19456,0.059021963
3,1,9,6,11181,0.033918821
4,1,9,6,5537,0.016797112
5,1,9,6,1749,0.005305788
6,1,9,6,211,0.000640092
7,1,9,6,537,0.00162905
8,1,9,6,6373,0.019333212
0,0,9,7,195685,0.580884841
1,0,9,7,87924,0.260999662
2,1,9,7,22984,0.06822729
3,1,9,7,14420,0.042805322
4,1,9,7,7631,0.022652386
5,1,9,7,2315,0.006872006
6,1,9,7,305,0.000905383
7,1,9,7,407,0.001208167
8,1,9,7,5203,0.015444944
0,0,9,8,193335,0.575940015
1,0,9,8,89725,0.267288478
2,1,9,8,23259,0.069287966
3,1,9,8,14376,0.042825736
4,1,9,8,7688,0.022902355
5,1,9,8,1742,0.005189373
6,1,9,8,224,0.00066729
7,1,9,8,538,0.001602688
8,1,9,8,4799,0.014296098
0,0,9,9,190998,0.573010044
1,0,9,9,87503,0.26251635
2,1,9,9,22526,0.067579892
3,1,9,9,13763,0.041290156
4,1,9,9,7911,0.023733665
5,1,9,9,3203,0.009609269
6,1,9,9,451,0.001353038
7,1,9,9,783,0.002349066
8,1,9,9,6186,0.01855852
0,0,9,10,191650,0.573222308
1,0,9,10,86611,0.259052217
2,1,9,10,22451,0.067150608
3,1,9,10,14030,0.041963522
4,1,9,10,8296,0.024813213
5,1,9,10,3377,0.010100557
6,1,9,10,595,0.001779636
7,1,9,10,588,0.001758699
8,1,9,10,6740,0.02015924
0,0,9,11,179671,0.540952857
1,0,9,11,81067,0.244076257
2,1,9,11,21297,0.064120938
3,1,9,11,13917,0.041901258
4,1,9,11,8798,0.02648899
5,1,9,11,3365,0.010131331
6,1,9,11,659,0.001984115
7,1,9,11,1416,0.004263288
8,1,9,11,21948,0.066080966
0,0,9,12,178322,0.528428807
1,0,9,12,88064,0.260963619
2,1,9,12,23352,0.069199928
3,1,9,12,13645,0.040434781
4,1,9,12,7693,0.022796979
5,1,9,12,2206,0.006537129
6,1,9,12,282,0.000835662
7,1,9,12,418,0.001238676
8,1,9,12,23475,0.069564419
0,0,9,13,177411,0.532709775
1,0,9,13,83831,0.251718288
2,1,9,13,22639,0.06797784
3,1,9,13,14792,0.044415752
4,1,9,13,9128,0.027408531
5,1,9,13,2301,0.006909184
6,1,9,13,269,0.000807723
7,1,9,13,517,0.001552389
8,1,9,13,22147,0.066500518
0,0,9,14,171600,0.511975941
1,0,9,14,87127,0.259947132
2,1,9,14,25175,0.075110689
3,1,9,14,17034,0.050821668
4,1,9,14,10394,0.031010944
5,1,9,14,4634,0.013825737
6,1,9,14,591,0.001763274
7,1,9,14,942,0.002810497
8,1,9,14,17675,0.052734119
0,0,9,15,174371,0.522054795
1,0,9,15,90616,0.271298079
2,1,9,15,25092,0.075123724
3,1,9,15,16032,0.047998707
4,1,9,15,9724,0.029112988
5,1,9,15,4006,0.011993689
6,1,9,15,517,0.001547862
7,1,9,15,573,0.001715523
8,1,9,15,13078,0.039154634
0,0,9,16,188872,0.569068115
1,0,9,16,86224,0.259791441
2,1,9,16,22235,0.066993676
3,1,9,16,12818,0.038620415
4,1,9,16,6177,0.018611196
5,1,9,16,1722,0.005188357
6,1,9,16,343,0.001033453
7,1,9,16,567,0.001708361
8,1,9,16,12939,0.038984986
0,0,9,17,187168,0.560388267
1,0,9,17,87943,0.26330476
2,1,9,17,23632,0.070755127
3,1,9,17,14224,0.042587209
4,1,9,17,7566,0.022652898
5,1,9,17,2782,0.008329416
6,1,9,17,550,0.001646721
7,1,9,17,574,0.001718578
8,1,9,17,9558,0.028617024
0,0,9,18,187379,0.56133261
1,0,9,18,87306,0.261543209
2,1,9,18,23790,0.071267873
3,1,9,18,14711,0.044069848
4,1,9,18,7696,0.023054962
5,1,9,18,2348,0.00703392
6,1,9,18,287,0.000859768
7,1,9,18,564,0.001689579
8,1,9,18,9730,0.029148231
0,0,9,19,186148,0.55249419
1,0,9,19,88925,0.263932709
2,1,9,19,24472,0.072633807
3,1,9,19,16105,0.047800239
4,1,9,19,9248,0.027448408
5,1,9,19,3036,0.009010961
6,1,9,19,395,0.001172375
7,1,9,19,607,0.001801599
8,1,9,19,7987,0.023705713
0,0,9,20,189398,0.56981341
1,0,9,20,89500,0.269265252
2,1,9,20,24056,0.072373686
3,1,9,20,13829,0.041605242
4,1,9,20,6271,0.018866619
5,1,9,20,1740,0.005234878
6,1,9,20,225,0.000676924
7,1,9,20,552,0.00166072
8,1,9,20,6815,0.02050327
0,0,9,21,187610,0.559478722
1,0,9,21,90030,0.268481794
2,1,9,21,25717,0.076691617
3,1,9,21,15503,0.04623207
4,1,9,21,7129,0.021259655
5,1,9,21,1831,0.005460293
6,1,9,21,185,0.000551695
7,1,9,21,542,0.001616318
8,1,9,21,6783,0.020227835
0,0,9,22,179601,0.538154524
1,0,9,22,89463,0.26806598
2,1,9,22,26010,0.077936087
3,1,9,22,16992,0.050914648
4,1,9,22,9298,0.027860428
5,1,9,22,3132,0.009384691
6,1,9,22,621,0.001860758
7,1,9,22,691,0.002070505
8,1,9,22,7927,0.023752378
0,0,9,23,188070,0.567904217
1,0,9,23,88429,0.267023991
2,1,9,23,23658,0.071438709
3,1,9,23,13554,0.040928238
4,1,9,23,6659,0.020107801
5,1,9,23,2267,0.00684553
6,1,9,23,295,0.000890795
7,1,9,23,563,0.001700059
8,1,9,23,7670,0.02316066
0,0,9,24,191244,0.5750333
1,0,9,24,89394,0.268790272
2,1,9,24,23223,0.069827019
3,1,9,24,13669,0.041100009
4,1,9,24,6611,0.019877984
5,1,9,24,1806,0.005430289
6,1,9,24,366,0.00110049
7,1,9,24,476,0.001431239
8,1,9,24,5790,0.017409397
0,0,9,25,189501,0.569958674
1,0,9,25,87959,0.264552668
2,1,9,25,23822,0.071648992
3,1,9,25,14159,0.042585764
4,1,9,25,7106,0.021372586
5,1,9,25,2198,0.006610884
6,1,9,25,239,0.000718836
7,1,9,25,567,0.001705355
8,1,9,25,6931,0.020846241
0,0,9,26,192995,0.575266477
1,0,9,26,88125,0.262677056
2,1,9,26,22972,0.068473388
3,1,9,26,14409,0.042949375
4,1,9,26,7609,0.022680394
5,1,9,26,2072,0.006176078
6,1,9,26,220,0.000655761
7,1,9,26,398,0.001186332
8,1,9,26,6688,0.019935139
0,0,9,27,190435,0.575821165
1,0,9,27,87092,0.263341386
2,1,9,27,22842,0.069067698
3,1,9,27,14021,0.042395508
4,1,9,27,6865,0.020757803
5,1,9,27,2340,0.007075493
6,1,9,27,451,0.001363695
7,1,9,27,658,0.001989604
8,1,9,27,6015,0.018187646
0,0,9,28,194628,0.583872323
1,0,9,28,88367,0.265095698
2,1,9,28,22464,0.067390652
3,1,9,28,13084,0.039251215
4,1,9,28,6856,0.020567589
5,1,9,28,2335,0.00700486
6,1,9,28,331,0.00099298
7,1,9,28,623,0.001868963
8,1,9,28,4652,0.013955721
0,0,9,29,194676,0.585720733
1,0,9,29,89608,0.269603153
2,1,9,29,22620,0.068056684
3,1,9,29,12747,0.038351837
4,1,9,29,6040,0.018172519
5,1,9,29,1548,0.00465746
6,1,9,29,159,0.000478383
7,1,9,29,361,0.001086139
8,1,9,29,4611,0.013873093
0,0,9,30,200137,0.607119672
1,0,9,30,86588,0.262666464
2,1,9,30,20688,0.06275747
3,1,9,30,11458,0.034758077
4,1,9,30,5337,0.016189898
5,1,9,30,1299,0.003940543
6,1,9,30,157,0.000476263
7,1,9,30,409,0.00124071
8,1,9,30,3577,0.010850902
0,0,10,1,203417,0.586912992
1,0,10,1,96204,0.277574527
2,1,10,1,23504,0.067815389
3,1,10,1,12894,0.037202673
4,1,10,1,5238,0.015113045
5,1,10,1,1286,0.003710457
6,1,10,1,167,0.00048184
7,1,10,1,482,0.0013907
8,1,10,1,3396,0.009798377
0,0,10,2,202197,0.582438443
1,0,10,2,95254,0.27438385
2,1,10,2,23539,0.067805252
3,1,10,2,12207,0.035162866
4,1,10,2,5975,0.017211283
5,1,10,2,2234,0.006435147
6,1,10,2,484,0.001394186
7,1,10,2,690,0.001987579
8,1,10,2,4576,0.013181394
0,0,10,3,202966,0.581983031
1,0,10,3,98424,0.282220164
2,1,10,3,24387,0.069927082
3,1,10,3,12329,0.035352073
4,1,10,3,4871,0.013967065
5,1,10,3,1269,0.00363872
6,1,10,3,209,0.000599285
7,1,10,3,561,0.001608607
8,1,10,3,3733,0.010703973
0,0,10,4,184511,0.534229163
1,0,10,4,96133,0.278341411
2,1,10,4,27771,0.080407553
3,1,10,4,17491,0.050643064
4,1,10,4,9703,0.028093857
5,1,10,4,3539,0.010246744
6,1,10,4,490,0.001418735
7,1,10,4,875,0.002533456
8,1,10,4,4865,0.014086016
0,0,10,5,189778,0.543753134
1,0,10,5,98901,0.283371775
2,1,10,5,27432,0.078598341
3,1,10,5,16487,0.047238657
4,1,10,5,7601,0.021778434
5,1,10,5,2422,0.00693953
6,1,10,5,298,0.000853831
7,1,10,5,632,0.00181081
8,1,10,5,5464,0.015655488
0,0,10,6,188904,0.542567216
1,0,10,6,100283,0.288031318
2,1,10,6,28065,0.080607869
3,1,10,6,16048,0.046092823
4,1,10,6,7598,0.021822861
5,1,10,6,1968,0.00565246
6,1,10,6,209,0.000600287
7,1,10,6,394,0.001131641
8,1,10,6,4698,0.013493525
0,0,10,7,193219,0.55934009
1,0,10,7,99002,0.286595974
2,1,10,7,26212,0.075879817
3,1,10,7,13956,0.040400531
4,1,10,7,6008,0.017392261
5,1,10,7,1976,0.005720224
6,1,10,7,269,0.000778715
7,1,10,7,582,0.001684803
8,1,10,7,4217,0.012207584
0,0,10,8,185046,0.532393102
1,0,10,8,100685,0.28967932
2,1,10,8,29246,0.084143233
3,1,10,8,16876,0.048553689
4,1,10,8,8153,0.023456875
5,1,10,8,2399,0.006902127
6,1,10,8,240,0.0006905
7,1,10,8,582,0.001674464
8,1,10,8,4347,0.012506689
0,0,10,9,191370,0.550858801
1,0,10,9,100706,0.289882356
2,1,10,9,26834,0.077241705
3,1,10,9,14593,0.04200597
4,1,10,9,6725,0.019357921
5,1,10,9,2077,0.005978647
6,1,10,9,353,0.001016111
7,1,10,9,423,0.001217606
8,1,10,9,4322,0.012440883
0,0,10,10,190017,0.543813105
1,0,10,10,101485,0.290441766
2,1,10,10,27231,0.077932894
3,1,10,10,15166,0.043403851
4,1,10,10,7814,0.022363029
5,1,10,10,2373,0.006791332
6,1,10,10,371,0.001061772
7,1,10,10,485,0.00138803
8,1,10,10,4474,0.012804222
0,0,10,11,189301,0.547590672
1,0,10,11,99728,0.288483011
2,1,10,11,26421,0.07642798
3,1,10,11,14742,0.042644158
4,1,10,11,7450,0.021550602
5,1,10,11,2710,0.007839212
6,1,10,11,434,0.001255431
7,1,10,11,485,0.001402959
8,1,10,11,4427,0.012805975
0,0,10,12,192230,0.551154463
1,0,10,12,99069,0.284046826
2,1,10,12,26240,0.075234319
3,1,10,12,15348,0.044005195
4,1,10,12,7870,0.022564561
5,1,10,12,2947,0.008449525
6,1,10,12,442,0.001267285
7,1,10,12,667,0.001912397
8,1,10,12,3964,0.011365428
0,0,10,13,192508,0.553408134
1,0,10,13,100765,0.289671965
2,1,10,13,26016,0.074788923
3,1,10,13,14067,0.040438798
4,1,10,13,6844,0.019674638
5,1,10,13,2607,0.007494416
6,1,10,13,428,0.001230384
7,1,10,13,535,0.001537979
8,1,10,13,4089,0.011754763
0,0,10,14,183779,0.532399548
1,0,10,14,101640,0.294446537
2,1,10,14,28234,0.081792636
3,1,10,14,16396,0.047498479
4,1,10,14,8040,0.023291521
5,1,10,14,2815,0.008154929
6,1,10,14,333,0.000964686
7,1,10,14,513,0.001486138
8,1,10,14,3440,0.009965526
0,0,10,15,177811,0.512110757
1,0,10,15,102636,0.295600382
2,1,10,15,30906,0.089011901
3,1,10,15,18178,0.052354181
4,1,10,15,9082,0.02615693
5,1,10,15,2952,0.00850201
6,1,10,15,606,0.001745331
7,1,10,15,710,0.00204486
8,1,10,15,4331,0.012473647
0,0,10,16,176435,0.50822241
1,0,10,16,103964,0.299469122
2,1,10,16,31446,0.090580451
3,1,10,16,18413,0.053038792
4,1,10,16,8996,0.025913049
5,1,10,16,2614,0.007529648
6,1,10,16,534,0.001538191
7,1,10,16,591,0.00170238
8,1,10,16,4168,0.012005957
0,0,10,17,173626,0.498086555
1,0,10,17,103688,0.297453139
2,1,10,17,32559,0.093403063
3,1,10,17,20290,0.058206583
4,1,10,17,9742,0.027947192
5,1,10,17,3028,0.008686522
6,1,10,17,499,0.001431498
7,1,10,17,751,0.002154418
8,1,10,17,4403,0.012631029
0,0,10,18,171517,0.4977278
1,0,10,18,100656,0.292095183
2,1,10,18,31597,0.091691817
3,1,10,18,20250,0.058763784
4,1,10,18,11281,0.032736506
5,1,10,18,3640,0.010562972
6,1,10,18,517,0.00150029
7,1,10,18,694,0.002013929
8,1,10,18,4448,0.012907719
0,0,10,19,175795,0.504682368
1,0,10,19,102580,0.294492547
2,1,10,19,30514,0.087601341
3,1,10,19,19213,0.055157782
4,1,10,19,10332,0.029661698
5,1,10,19,4229,0.012140856
6,1,10,19,583,0.00167371
7,1,10,19,626,0.001797157
8,1,10,19,4456,0.01279254
0,0,10,20,174999,0.504045347
1,0,10,20,100824,0.290400906
2,1,10,20,31106,0.089593852
3,1,10,20,20300,0.058469594
4,1,10,20,11258,0.032426143
5,1,10,20,3640,0.010484203
6,1,10,20,367,0.001057061
7,1,10,20,598,0.001722405
8,1,10,20,4097,0.011800489
0,0,10,21,177819,0.515753752
1,0,10,21,103391,0.299879632
2,1,10,21,30595,0.088739033
3,1,10,21,18068,0.052405192
4,1,10,21,8148,0.023632804
5,1,10,21,2311,0.006702922
6,1,10,21,364,0.001055761
7,1,10,21,683,0.001981002
8,1,10,21,3396,0.009849902
0,0,10,22,176766,0.508920783
1,0,10,22,104427,0.300652108
2,1,10,22,30872,0.088882491
3,1,10,22,19134,0.055088027
4,1,10,22,9525,0.027423093
5,1,10,22,2353,0.00677444
6,1,10,22,375,0.001079649
7,1,10,22,676,0.001946248
8,1,10,22,3207,0.009233161
0,0,10,23,182888,0.526843714
1,0,10,23,104941,0.302302536
2,1,10,23,29240,0.084231389
3,1,10,23,16006,0.046108331
4,1,10,23,7600,0.021893247
5,1,10,23,2209,0.006363445
6,1,10,23,240,0.000691366
7,1,10,23,531,0.001529647
8,1,10,23,3484,0.010036326
0,0,10,24,180641,0.51789426
1,0,10,24,103463,0.296626424
2,1,10,24,29092,0.083406202
3,1,10,24,17137,0.049131448
4,1,10,24,9390,0.026920949
5,1,10,24,3553,0.010186382
6,1,10,24,340,0.000974773
7,1,10,24,547,0.001568238
8,1,10,24,4636,0.013291323
0,0,10,25,179022,0.518663808
1,0,10,25,103242,0.299113455
2,1,10,25,29931,0.086716305
3,1,10,25,16597,0.048084946
4,1,10,25,7940,0.023003824
5,1,10,25,2285,0.006620118
6,1,10,25,289,0.000837293
7,1,10,25,555,0.00160795
8,1,10,25,5299,0.0153523
0,0,10,26,179329,0.514370206
1,0,10,26,102838,0.294970715
2,1,10,26,29311,0.084072878
3,1,10,26,17172,0.049254528
4,1,10,26,9115,0.026144597
5,1,10,26,3410,0.009780919
6,1,10,26,670,0.001921764
7,1,10,26,729,0.002090994
8,1,10,26,6064,0.017393399
0,0,10,27,175365,0.505402313
1,0,10,27,102139,0.294364821
2,1,10,27,30631,0.088278609
3,1,10,27,19283,0.055573648
4,1,10,27,10125,0.029180272
5,1,10,27,3659,0.010545246
6,1,10,27,369,0.001063459
7,1,10,27,642,0.001850245
8,1,10,27,4768,0.013741386
0,0,10,28,184786,0.536546273
1,0,10,28,99430,0.288705832
2,1,10,28,27873,0.080932291
3,1,10,28,16002,0.04646355
4,1,10,28,8121,0.023580208
5,1,10,28,2607,0.007569708
6,1,10,28,331,0.000961095
7,1,10,28,638,0.001852502
8,1,10,28,4611,0.013388541
0,0,10,29,193756,0.558477644
1,0,10,29,97046,0.279723061
2,1,10,29,26615,0.076714437
3,1,10,29,15786,0.045501188
4,1,10,29,7508,0.021640879
5,1,10,29,1875,0.005404455
6,1,10,29,222,0.000639887
7,1,10,29,466,0.001343187
8,1,10,29,3662,0.010555261
0,0,10,30,197338,0.569357007
1,0,10,30,96035,0.277078921
2,1,10,30,26207,0.075612092
3,1,10,30,14479,0.041774621
4,1,10,30,6402,0.018470966
5,1,10,30,1494,0.004310469
6,1,10,30,136,0.000392385
7,1,10,30,461,0.001330071
8,1,10,30,4046,0.011673466
0,0,10,31,202188,0.583665068
1,0,10,31,90140,0.260211136
2,1,10,31,24098,0.069564766
3,1,10,31,14466,0.041759644
4,1,10,31,7188,0.020749918
5,1,10,31,2104,0.00607371
6,1,10,31,236,0.000681272
7,1,10,31,691,0.00199474
8,1,10,31,5300,0.015299745
0,0,11,1,183585,0.53483406
1,0,11,1,96726,0.281789685
2,1,11,1,28172,0.082072855
3,1,11,1,17088,0.049782087
4,1,11,1,8933,0.026024308
5,1,11,1,2955,0.008608735
6,1,11,1,291,0.000847764
7,1,11,1,697,0.002030554
8,1,11,1,4809,0.014009952
0,0,11,2,191467,0.551642969
1,0,11,2,96775,0.278822191
2,1,11,2,27300,0.078655084
3,1,11,2,16089,0.046354639
4,1,11,2,8152,0.023487042
5,1,11,2,2197,0.006329862
6,1,11,2,231,0.000665543
7,1,11,2,489,0.001408877
8,1,11,2,4385,0.012633793
0,0,11,3,193354,0.559332575
1,0,11,3,98216,0.284118292
2,1,11,3,27263,0.078866142
3,1,11,3,14401,0.041659073
4,1,11,3,6146,0.017779089
5,1,11,3,1807,0.005227272
6,1,11,3,238,0.000688484
7,1,11,3,401,0.001160009
8,1,11,3,3861,0.011169063
0,0,11,4,195028,0.567793551
1,0,11,4,95572,0.278242946
2,1,11,4,26068,0.075892909
3,1,11,4,14241,0.041460446
4,1,11,4,6157,0.017925144
5,1,11,4,1844,0.005368518
6,1,11,4,251,0.000730747
7,1,11,4,458,0.001333395
8,1,11,4,3865,0.011252344
0,0,11,5,183543,0.531421821
1,0,11,5,96399,0.279109158
2,1,11,5,29958,0.086738993
3,1,11,5,18081,0.052350882
4,1,11,5,9179,0.026576447
5,1,11,5,2908,0.008419687
6,1,11,5,283,0.000819385
7,1,11,5,768,0.002223631
8,1,11,5,4262,0.012339996
0,0,11,6,187191,0.540776884
1,0,11,6,96508,0.278802376
2,1,11,6,28640,0.082738219
3,1,11,6,16857,0.04869826
4,1,11,6,8852,0.025572581
5,1,11,6,2646,0.007644041
6,1,11,6,373,0.001077561
7,1,11,6,632,0.001825788
8,1,11,6,4453,0.012864291
0,0,11,7,190117,0.546537801
1,0,11,7,97114,0.279177938
2,1,11,7,28485,0.081887097
3,1,11,7,17601,0.050598378
4,1,11,7,7883,0.022661611
5,1,11,7,1878,0.00539877
6,1,11,7,279,0.000802054
7,1,11,7,555,0.001595483
8,1,11,7,3945,0.011340867
0,0,11,8,187925,0.545571991
1,0,11,8,97033,0.281700077
2,1,11,8,28481,0.08268424
3,1,11,8,16114,0.046781147
4,1,11,8,7801,0.02264737
5,1,11,8,2635,0.007649766
6,1,11,8,310,0.000899972
7,1,11,8,526,0.00152705
8,1,11,8,3630,0.010538387
0,0,11,9,186703,0.538083106
1,0,11,9,99151,0.285755869
2,1,11,9,29467,0.084924693
3,1,11,9,17280,0.049801428
4,1,11,9,8090,0.023315599
5,1,11,9,2334,0.006726651
6,1,11,9,197,0.000567759
7,1,11,9,476,0.001371845
8,1,11,9,3280,0.009453049
0,0,11,10,183156,0.529766002
1,0,11,10,98415,0.284658549
2,1,11,10,29996,0.086761346
3,1,11,10,17481,0.050562578
4,1,11,10,8251,0.023865444
5,1,11,10,2714,0.007850056
6,1,11,10,442,0.001278454
7,1,11,10,726,0.002099905
8,1,11,10,4549,0.013157666
0,0,11,11,193908,0.563789299
1,0,11,11,94927,0.276001128
2,1,11,11,25195,0.073254695
3,1,11,11,15009,0.043638806
4,1,11,11,7380,0.021457418
5,1,11,11,2003,0.005823741
6,1,11,11,228,0.000662912
7,1,11,11,607,0.001764858
8,1,11,11,4680,0.013607143
0,0,11,12,183826,0.531530203
1,0,11,12,96801,0.279898682
2,1,11,12,29128,0.084223188
3,1,11,12,18124,0.052405282
4,1,11,12,9025,0.026095656
5,1,11,12,3050,0.008819031
6,1,11,12,407,0.001176835
7,1,11,12,725,0.002096327
8,1,11,12,4757,0.013754796
0,0,11,13,186576,0.538525704
1,0,11,13,99285,0.28657236
2,1,11,13,27860,0.08041402
3,1,11,13,16033,0.046277027
4,1,11,13,8583,0.024773637
5,1,11,13,2835,0.008182834
6,1,11,13,308,0.000888999
7,1,11,13,510,0.001472044
8,1,11,13,4467,0.012893375
0,0,11,14,182943,0.526104949
1,0,11,14,99506,0.286157978
2,1,11,14,29330,0.084346808
3,1,11,14,17443,0.050162338
4,1,11,14,9821,0.028243096
5,1,11,14,3031,0.008716508
6,1,11,14,282,0.000810972
7,1,11,14,672,0.001932528
8,1,11,14,4703,0.013524822
0,0,11,15,171556,0.498432556
1,0,11,15,98343,0.285722172
2,1,11,15,31016,0.090112757
3,1,11,15,19930,0.057903896
4,1,11,15,11533,0.033507558
5,1,11,15,4168,0.012109555
6,1,11,15,520,0.001510789
7,1,11,15,816,0.002370777
8,1,11,15,6309,0.018329939
0,0,11,16,170099,0.49047306
1,0,11,16,98478,0.283957025
2,1,11,16,32363,0.093317301
3,1,11,16,21540,0.062109652
4,1,11,16,12462,0.035933634
5,1,11,16,4164,0.012006713
6,1,11,16,698,0.002012653
7,1,11,16,756,0.002179893
8,1,11,16,6246,0.018010069
0,0,11,17,176741,0.510530314
1,0,11,17,99786,0.288239729
2,1,11,17,32083,0.092674275
3,1,11,17,19401,0.056041318
4,1,11,17,9781,0.02825319
5,1,11,17,2819,0.008142904
6,1,11,17,348,0.001005225
7,1,11,17,713,0.002059557
8,1,11,17,4519,0.013053488
0,0,11,18,188445,0.547599883
1,0,11,18,98516,0.286276367
2,1,11,18,28093,0.081635085
3,1,11,18,15272,0.044378707
4,1,11,18,7187,0.02088461
5,1,11,18,1944,0.005649044
6,1,11,18,215,0.000624766
7,1,11,18,616,0.001790026
8,1,11,18,3841,0.011161512
0,0,11,19,179495,0.519041698
1,0,11,19,98364,0.28443699
2,1,11,19,30248,0.087467469
3,1,11,19,18934,0.054751027
4,1,11,19,9854,0.028494593
5,1,11,19,2945,0.008515991
6,1,11,19,498,0.001440056
7,1,11,19,757,0.002189
8,1,11,19,4725,0.013663177
0,0,11,20,179296,0.516999663
1,0,11,20,101093,0.291501466
2,1,11,20,31546,0.090962829
3,1,11,20,18303,0.052776664
4,1,11,20,8547,0.024645258
5,1,11,20,2618,0.007548998
6,1,11,20,345,0.000994807
7,1,11,20,620,0.001787769
8,1,11,20,4433,0.012782547
0,0,11,21,172776,0.494786551
1,0,11,21,101531,0.290758979
2,1,11,21,34078,0.097590731
3,1,11,21,21205,0.06072573
4,1,11,21,10593,0.03033566
5,1,11,21,3783,0.010833551
6,1,11,21,474,0.001357416
7,1,11,21,658,0.001884345
8,1,11,21,4095,0.011727039
0,0,11,22,169303,0.508449482
1,0,11,22,92827,0.27877734
2,1,11,22,30682,0.092143949
3,1,11,22,20438,0.061379246
4,1,11,22,11095,0.03332042
5,1,11,22,3259,0.009787404
6,1,11,22,401,0.00120428
7,1,11,22,727,0.002183321
8,1,11,22,4247,0.012754558
0,0,11,23,180022,0.562514256
1,0,11,23,83898,0.262155854
2,1,11,23,24271,0.075839528
3,1,11,23,14947,0.04670485
4,1,11,23,8527,0.026644294
5,1,11,23,2998,0.009367842
6,1,11,23,496,0.00154985
7,1,11,23,677,0.00211542
8,1,11,23,4195,0.013108105
0,0,11,24,182113,0.568749434
1,0,11,24,81854,0.255634777
2,1,11,24,23960,0.074828466
3,1,11,24,15512,0.048444873
4,1,11,24,8559,0.026730252
5,1,11,24,3270,0.010212399
6,1,11,24,761,0.002376647
7,1,11,24,543,0.00169582
8,1,11,24,3627,0.011327331
0,0,11,25,182063,0.56322312
1,0,11,25,86167,0.266562929
2,1,11,25,26067,0.080639872
3,1,11,25,15478,0.047882148
4,1,11,25,7515,0.023248116
5,1,11,25,2487,0.007693688
6,1,11,25,323,0.00099922
7,1,11,25,555,0.001716927
8,1,11,25,2597,0.00803398
0,0,11,26,173687,0.531552789
1,0,11,26,90062,0.275626312
2,1,11,26,28835,0.088246816
3,1,11,26,17826,0.054554803
4,1,11,26,9121,0.027913966
5,1,11,26,3412,0.010442106
6,1,11,26,437,0.001337398
7,1,11,26,623,0.001906633
8,1,11,26,2751,0.008419178
0,0,11,27,162595,0.505572035
1,0,11,27,88889,0.276390988
2,1,11,27,31322,0.097392462
3,1,11,27,20707,0.064386237
4,1,11,27,11031,0.034299733
5,1,11,27,3208,0.009974938
6,1,11,27,436,0.001355696
7,1,11,27,750,0.002332046
8,1,11,27,2668,0.008295865
0,0,11,28,165341,0.508509971
1,0,11,28,89680,0.275812861
2,1,11,28,31551,0.097035811
3,1,11,28,20402,0.062746811
4,1,11,28,10475,0.032216099
5,1,11,28,3675,0.011302545
6,1,11,28,347,0.001067206
7,1,11,28,629,0.001934504
8,1,11,28,3048,0.009374193
0,0,11,29,167444,0.497993974
1,0,11,29,98138,0.291871507
2,1,11,29,32731,0.097345027
3,1,11,29,19642,0.058417128
4,1,11,29,9530,0.028343103
5,1,11,29,3663,0.010894101
6,1,11,29,525,0.001561399
7,1,11,29,750,0.00223057
8,1,11,29,3814,0.011343189
0,0,11,30,165322,0.473965471
1,0,11,30,103899,0.297870449
2,1,11,30,35601,0.102065331
3,1,11,30,22231,0.063734569
4,1,11,30,11149,0.031963326
5,1,11,30,4384,0.012568591
6,1,11,30,607,0.001740222
7,1,11,30,709,0.002032649
8,1,11,30,4904,0.014059391
0,0,12,1,166443,0.482496623
1,0,12,1,100638,0.291736481
2,1,12,1,33225,0.096314956
3,1,12,1,19951,0.057835356
4,1,12,1,11005,0.031902065
5,1,12,1,4668,0.013531925
6,1,12,1,898,0.002603185
7,1,12,1,732,0.002121973
8,1,12,1,7402,0.021457436
0,0,12,2,175220,0.511319532
1,0,12,2,99492,0.290333312
2,1,12,2,31232,0.091139891
3,1,12,2,18388,0.053659078
4,1,12,2,8779,0.025618503
5,1,12,2,3115,0.00909006
6,1,12,2,589,0.001718795
7,1,12,2,667,0.001946411
8,1,12,2,5200,0.015174418
0,0,12,3,175785,0.511343307
1,0,12,3,96871,0.281789331
2,1,12,3,31963,0.092977593
3,1,12,3,21082,0.061325708
4,1,12,3,9479,0.027573588
5,1,12,3,2281,0.006635231
6,1,12,3,256,0.000744682
7,1,12,3,624,0.001815162
8,1,12,3,5430,0.015795399
0,0,12,4,182068,0.529299754
1,0,12,4,95937,0.278903654
2,1,12,4,30100,0.087505342
3,1,12,4,17856,0.051910146
4,1,12,4,9030,0.026251603
5,1,12,4,2898,0.008424933
6,1,12,4,317,0.000921568
7,1,12,4,580,0.001686149
8,1,12,4,5193,0.015096852
0,0,12,5,174803,0.505835236
1,0,12,5,95055,0.275064892
2,1,12,5,29585,0.085611434
3,1,12,5,20602,0.059616926
4,1,12,5,12253,0.035457052
5,1,12,5,3941,0.011404247
6,1,12,5,696,0.002014046
7,1,12,5,797,0.002306314
8,1,12,5,7841,0.022689851
0,0,12,6,175926,0.514587075
1,0,12,6,95602,0.279637766
2,1,12,6,29411,0.086027764
3,1,12,6,19568,0.057236792
4,1,12,6,10189,0.029803029
5,1,12,6,2895,0.008467933
6,1,12,6,373,0.001091032
7,1,12,6,705,0.002062139
8,1,12,6,7209,0.021086469
0,0,12,7,173340,0.503351027
1,0,12,7,97750,0.283850023
2,1,12,7,31765,0.092240368
3,1,12,7,21051,0.061128663
4,1,12,7,10214,0.029659787
5,1,12,7,2621,0.007610956
6,1,12,7,263,0.000763709
7,1,12,7,713,0.002070435
8,1,12,7,6655,0.019325032
0,0,12,8,175420,0.510244447
1,0,12,8,95072,0.276536085
2,1,12,8,31103,0.090469348
3,1,12,8,20255,0.058915752
4,1,12,8,10255,0.029828736
5,1,12,8,3024,0.008795914
6,1,12,8,431,0.00125365
7,1,12,8,833,0.002422948
8,1,12,8,7403,0.021533118
0,0,12,9,172933,0.506106359
1,0,12,9,93700,0.274222767
2,1,12,9,30630,0.089641872
3,1,12,9,19940,0.058356478
4,1,12,9,10966,0.032093136
5,1,12,9,3577,0.010468461
6,1,12,9,560,0.001638898
7,1,12,9,730,0.002136421
8,1,12,9,8657,0.025335608
0,0,12,10,166593,0.484937488
1,0,12,10,95305,0.277424425
2,1,12,10,32482,0.094552229
3,1,12,10,22097,0.064322413
4,1,12,10,13090,0.038103832
5,1,12,10,4629,0.01347461
6,1,12,10,478,0.001391416
7,1,12,10,822,0.002392769
8,1,12,10,8039,0.023400818
0,0,12,11,169743,0.493360073
1,0,12,11,95067,0.27631338
2,1,12,11,32027,0.093086861
3,1,12,11,20502,0.05958931
4,1,12,11,10743,0.031224659
5,1,12,11,3426,0.00995771
6,1,12,11,436,0.001267239
7,1,12,11,1032,0.00299952
8,1,12,11,11079,0.032201247
0,0,12,12,175552,0.507871852
1,0,12,12,96533,0.279269923
2,1,12,12,31456,0.091002193
3,1,12,12,20892,0.060440546
4,1,12,12,9982,0.028877921
5,1,12,12,2425,0.007015524
6,1,12,12,268,0.000775324
7,1,12,12,727,0.002103211
8,1,12,12,7827,0.022643507
0,0,12,13,166852,0.487778639
1,0,12,13,95796,0.280052037
2,1,12,13,32218,0.094186777
3,1,12,13,21484,0.062806776
4,1,12,13,11398,0.033321152
5,1,12,13,3724,0.01088682
6,1,12,13,518,0.001514332
7,1,12,13,750,0.002192566
8,1,12,13,9325,0.027260901
0,0,12,14,155589,0.452007158
1,0,12,14,96826,0.281292669
2,1,12,14,35690,0.103684293
3,1,12,14,25399,0.073787542
4,1,12,14,14406,0.041851385
5,1,12,14,5006,0.014543109
6,1,12,14,807,0.002344445
7,1,12,14,1058,0.003073634
8,1,12,14,9437,0.027415766
0,0,12,15,145532,0.422482139
1,0,12,15,96234,0.279369116
2,1,12,15,38183,0.110845969
3,1,12,15,29096,0.084466236
4,1,12,15,17545,0.050933466
5,1,12,15,6016,0.017464561
6,1,12,15,758,0.002200488
7,1,12,15,1047,0.003039461
8,1,12,15,10058,0.029198564
0,0,12,16,151992,0.4437321
1,0,12,16,99427,0.290271537
2,1,12,16,37528,0.109560886
3,1,12,16,26206,0.076506944
4,1,12,16,13888,0.040545235
5,1,12,16,3988,0.011642742
6,1,12,16,615,0.001795458
7,1,12,16,825,0.002408541
8,1,12,16,8062,0.023536556
0,0,12,17,152778,0.441949602
1,0,12,17,101500,0.293614818
2,1,12,17,38350,0.110937224
3,1,12,17,27242,0.078804481
4,1,12,17,13779,0.039859296
5,1,12,17,3726,0.010778412
6,1,12,17,447,0.001293062
7,1,12,17,947,0.002739441
8,1,12,17,6922,0.020023663
0,0,12,18,150302,0.432912428
1,0,12,18,103656,0.298558706
2,1,12,18,39823,0.114701545
3,1,12,18,27550,0.079351821
4,1,12,18,13208,0.038042789
5,1,12,18,4317,0.012434186
6,1,12,18,651,0.001875065
7,1,12,18,949,0.002733389
8,1,12,18,6732,0.019390071
0,0,12,19,133514,0.381983704
1,0,12,19,102229,0.292477284
2,1,12,19,44665,0.127786615
3,1,12,19,34356,0.098292555
4,1,12,19,18011,0.051529491
5,1,12,19,5789,0.016562335
6,1,12,19,1204,0.003444645
7,1,12,19,1068,0.003055549
8,1,12,19,8692,0.024867822
0,0,12,20,122432,0.35218143
1,0,12,20,103686,0.298257675
2,1,12,20,48315,0.138980379
3,1,12,20,36721,0.105629691
4,1,12,20,19641,0.056498264
5,1,12,20,6966,0.020038028
6,1,12,20,1229,0.003535277
7,1,12,20,1118,0.00321598
8,1,12,20,7531,0.021663277
0,0,12,21,119689,0.342936633
1,0,12,21,98981,0.283603429
2,1,12,21,48023,0.137596988
3,1,12,21,38755,0.111042027
4,1,12,21,23008,0.065923235
5,1,12,21,9322,0.026709683
6,1,12,21,1383,0.003962614
7,1,12,21,1143,0.003274959
8,1,12,21,8708,0.024950432
0,0,12,22,111627,0.320298758
1,0,12,22,97349,0.279329946
2,1,12,22,50893,0.146030662
3,1,12,22,43647,0.125239233
4,1,12,22,26047,0.074738386
5,1,12,22,8858,0.025416847
6,1,12,22,1412,0.004051545
7,1,12,22,1298,0.003724438
8,1,12,22,7378,0.021170185
0,0,12,23,113250,0.32884803
1,0,12,23,96803,0.281090295
2,1,12,23,47740,0.138624326
3,1,12,23,39372,0.114325869
4,1,12,23,23740,0.068934678
5,1,12,23,9884,0.02870052
6,1,12,23,2859,0.008301779
7,1,12,23,1432,0.004158149
8,1,12,23,9304,0.027016354
0,0,12,24,148752,0.484262889
1,0,12,24,81133,0.264128892
2,1,12,24,30395,0.098951076
3,1,12,24,21587,0.070276588
4,1,12,24,11978,0.03899444
5,1,12,24,5093,0.016580287
6,1,12,24,1070,0.00348339
7,1,12,24,875,0.002848567
8,1,12,24,6289,0.020473871
0,0,12,25,175336,0.582140296
1,0,12,25,71539,0.237519589
2,1,12,25,22075,0.073292119
3,1,12,25,14042,0.046621424
4,1,12,25,7205,0.023921618
5,1,12,25,2681,0.008901299
6,1,12,25,507,0.001683312
7,1,12,25,884,0.002935005
8,1,12,25,6923,0.022985338
0,0,12,26,142930,0.414716592
1,0,12,26,99076,0.287472617
2,1,12,26,40302,0.116937719
3,1,12,26,29226,0.084800302
4,1,12,26,16056,0.046587068
5,1,12,26,6362,0.018459574
6,1,12,26,1101,0.003194592
7,1,12,26,1025,0.002974075
8,1,12,26,8567,0.024857462
0,0,12,27,133891,0.387064415
1,0,12,27,98642,0.285163364
2,1,12,27,44040,0.127314882
3,1,12,27,34065,0.098478234
4,1,12,27,18711,0.054091479
5,1,12,27,6559,0.01896136
6,1,12,27,976,0.002821511
7,1,12,27,1141,0.003298508
8,1,12,27,7889,0.022806247
0,0,12,28,132011,0.381935383
1,0,12,28,96416,0.278951617
2,1,12,28,43596,0.12613233
3,1,12,28,34062,0.098548477
4,1,12,28,20630,0.059686897
5,1,12,28,7608,0.022011532
6,1,12,28,1151,0.003330083
7,1,12,28,1348,0.003900045
8,1,12,28,8815,0.025503635
0,0,12,29,144081,0.417653931
1,0,12,29,97023,0.281244837
2,1,12,29,40495,0.117384637
3,1,12,29,30594,0.088684173
4,1,12,29,16732,0.048501784
5,1,12,29,5743,0.016647487
6,1,12,29,913,0.002646553
7,1,12,29,1485,0.004304635
8,1,12,29,7911,0.022931964
0,0,12,30,139872,0.410002667
1,0,12,30,94413,0.276750042
2,1,12,30,39565,0.115975717
3,1,12,30,30699,0.089987073
4,1,12,30,17682,0.051830725
5,1,12,30,6522,0.019117746
6,1,12,30,992,0.00290782
7,1,12,30,1623,0.004757452
8,1,12,30,9781,0.028670757
0,0,12,31,158001,0.50905992
1,0,12,31,81858,0.263736476
2,1,12,31,28663,0.092348685
3,1,12,31,19711,0.063506434
4,1,12,31,10089,0.032505526
5,1,12,31,3551,0.011440888
6,1,12,31,634,0.002042671
7,1,12,31,947,0.003051118
8,1,12,31,6924,0.022308282


	Dataset from the ASA Section on Statistical Computing and Statistical Graphics.
	The large data set shows many details on airline delay factors. This roll-up
	has created the following columns:
	
		Result: A level of lateness measure (ordinal). 0 means no delay, and 8 is 
			a cancellation. Intermediate values give bands for delay times.
		Late: 0/1 flag where 1 means "any delay at all -- same as Result>0
		Month: Which month the row measures
		Day: Which day the row measures
		Count: Total number of delays over the many year period for this day/month/result
			combination.
		Fraction: Count for this result as a proportion of the total flights for
			that day/month

	Original data: http://http://stat-computing.org/dataexpo/2009/the-data.html
	 
