{"type":"Topology","objects":{"all":{"type":"GeometryCollection","bbox":[88.02178959,92.6428512,20.73871491,26.62354401],"geometries":[{"type":"MultiPolygon","properties":{"a":301,"b":"Barisal","c":90.2564,"d":22.38981},"arcs":[[[0]],[[1]],[[2]],[[3]],[[4]],[[5]],[[6]],[[7]],[[8]],[[9]],[[10]],[[11]],[[12,13,14]]]},{"type":"Polygon","properties":{"a":304,"b":"Rajshahi","c":88.9502,"d":24.70543},"arcs":[[15,16,17]]},{"type":"MultiPolygon","properties":{"a":300,"b":"Khulna","c":89.34758,"d":22.94791},"arcs":[[[18]],[[19,-14,20,-17]]]},{"type":"Polygon","properties":{"a":303,"b":"Sylhet","c":91.68416,"d":24.78737},"arcs":[[21,22,23]]},{"type":"MultiPolygon","properties":{"a":299,"b":"Dhaka","c":90.44426,"d":24.35277},"arcs":[[[24]],[[-23,25,26,27,-15,-20,-16,28]]]},{"type":"MultiPolygon","properties":{"a":302,"b":"Chittagong","c":91.945,"d":22.79786},"arcs":[[[29]],[[30]],[[31]],[[32]],[[33]],[[34,26,-27,-26,-22]]]}]}},"arcs":[[[555,202],[-10,-10],[-8,4],[3,9],[15,6],[3,-7],[-3,-2]],[[498,188],[-1,12],[6,10],[10,4],[-15,-26]],[[501,209],[7,13],[2,-4],[-9,-9]],[[521,197],[-8,4],[3,9],[0,10],[13,-6],[2,-9],[-10,-8]],[[560,242],[-5,-10],[-2,4],[-5,-18],[-8,-5],[-3,6],[7,6],[-12,-6],[2,9],[26,14]],[[633,248],[0,-14],[-7,3],[4,13],[3,-2]],[[641,261],[-8,-9],[-3,1],[9,22],[2,-14]],[[565,287],[5,-8],[-4,-4],[-8,15],[7,-3]],[[607,239],[-13,-12],[-5,0],[-13,-13],[-8,-1],[-2,3],[8,16],[-11,-13],[-5,3],[7,12],[-4,4],[12,21],[3,19],[-8,29],[-16,9],[-5,0],[0,13],[6,14],[15,5],[11,-22],[10,-11],[3,-13],[21,-14],[-6,-17],[0,-32]],[[558,362],[15,-12],[-18,2],[-13,-8],[-2,-9],[-13,10],[0,13],[18,5],[13,-1]],[[566,380],[-1,-4],[6,-6],[-8,1],[-5,5],[-18,0],[-3,4],[16,10],[13,-10]],[[531,385],[-5,10],[13,-2],[-8,-8]],[[524,391],[5,-9],[15,-15],[-13,-4],[-15,-19],[-8,-1],[13,-4],[3,3],[10,-7],[3,-19],[-11,-5],[-3,-12],[3,2],[3,10],[8,2],[11,-3],[10,-17],[-5,-3],[8,-15],[-8,-20],[-6,-7],[-10,-2],[-13,-18],[-13,4],[8,15],[-6,13],[-2,-10],[5,-7],[-8,-6],[0,-9],[-15,-18],[-3,-15],[-16,-13],[-7,-3],[-19,6],[5,10],[1,7],[-13,-14],[-8,3],[2,14],[11,9],[3,9],[15,10],[5,0],[8,5],[2,9],[-7,-10],[-13,-4],[-14,-13],[-7,-9],[-11,3],[6,9],[0,5],[-9,-6],[0,-11],[-12,3],[-3,10],[0,13],[-8,19],[5,14],[18,19],[-2,4]],[[422,293],[-7,8],[2,14],[-11,11],[5,5],[-8,2],[9,6],[-5,5],[5,8],[7,2],[-7,8]],[[412,362],[12,0],[8,5],[8,12],[14,10],[5,6],[13,0],[5,-10],[10,-6],[11,11],[-8,0],[8,5],[21,-8],[5,4]],[[383,792],[-8,-4],[-5,-10],[3,-8],[-14,-20],[-5,-18],[-2,-15],[5,-19],[5,-7],[18,-10],[3,-9],[-10,-55],[2,-18],[11,-7],[5,-8],[-3,-17],[-7,-6],[-19,-11],[-3,-6],[3,-15],[-18,-2],[-13,-5],[-18,8],[-27,9]],[[286,539],[-10,4],[-31,-1],[-19,10],[0,9],[-7,10],[-13,8],[-9,4],[-5,-4],[-18,-5],[-15,5],[-6,6]],[[153,585],[3,4],[-2,13],[-4,5],[-12,4],[-11,-8],[-10,3],[-19,1],[-17,9],[-56,22],[-12,7],[0,8],[-6,8],[-7,2],[5,10],[2,8],[5,1],[14,14],[-6,13],[19,5],[7,-5],[1,-6],[18,-2],[12,13],[8,13],[3,15],[0,10],[10,4],[17,-5],[7,4],[10,0],[32,-5],[5,6],[26,-5],[0,10],[13,9],[-2,4],[-11,-1],[-16,5],[-7,5],[-5,9],[4,9],[-10,8],[-13,-3],[-7,-5],[-17,5],[-15,1],[-11,12],[-12,5],[0,10],[-42,26],[-21,-5],[-10,8],[-3,15],[8,12],[10,8],[-2,8],[2,9],[13,7],[21,5],[5,4],[3,13],[21,9],[11,0],[-4,13],[-10,6],[-26,2],[11,20],[7,3],[0,-10],[14,-5],[20,-10],[11,-3],[12,-5],[3,-10],[8,-4],[-2,-5],[-11,-5],[3,-3],[18,6],[8,-2],[10,-10],[5,6],[11,2],[16,-8],[13,4],[-11,6],[-5,8],[-16,6],[5,9],[6,3],[15,-8],[8,-1],[1,-6],[12,-3],[-8,-8],[8,-10],[3,-13],[20,-9],[6,-6],[21,-10],[11,2],[4,-3],[19,1],[10,-8],[3,12],[13,7],[-11,5],[6,3],[-6,5],[11,4],[0,9],[8,1],[2,-11],[13,-2],[6,-11],[0,-8],[8,-9],[9,-4],[-7,-1],[8,-4],[-11,-19],[5,-16],[6,-16],[-3,-24],[-5,-14]],[[242,169],[-8,-1],[-12,10],[2,9],[-3,10],[3,3],[8,-22],[10,-4],[0,-5]],[[286,539],[3,-10],[-11,-22],[9,-10],[15,0],[19,-20],[-3,-7],[18,-3],[6,-7],[4,-14],[-5,3],[3,-13],[11,-4],[-9,-8],[13,-2],[3,-9],[13,0],[-13,-13],[8,-4],[5,-7],[11,-8],[5,-9],[21,-10]],[[422,293],[-13,-13],[-10,4],[2,-13],[-8,-11],[5,-10],[1,-21],[-8,-6],[5,-8],[-3,-6],[10,-13],[-18,-10],[-8,1],[-12,-2],[-13,5],[2,6],[-3,5],[-7,-10],[18,-13],[-7,-6],[-16,1],[-1,-10],[-10,9],[-2,14],[7,7],[0,17],[3,13],[5,14],[-8,11],[8,7],[1,10],[-6,-5],[0,-7],[-6,-6],[6,-10],[-5,-24],[-6,1],[3,14],[-10,18],[0,15],[-5,3],[0,-32],[5,5],[5,-9],[-6,-10],[6,-10],[-2,-9],[-9,-9],[0,-13],[-5,-6],[-10,-6],[-8,8],[2,12],[3,7],[-5,17],[-3,-3],[3,-10],[-11,-14],[-5,1],[1,-10],[-4,-19],[-13,0],[1,10],[-8,18],[-5,-4],[-11,4],[-7,18],[2,18],[-5,6],[3,15],[-3,11],[-11,12],[3,2],[-8,15],[3,5],[-6,19],[-10,4],[5,3],[0,7],[-8,19],[8,16],[-3,7],[-10,3],[-10,15],[2,19],[3,4],[18,13],[1,5],[-8,0],[-16,5],[-15,-2],[-14,3],[-5,9],[8,9],[10,21],[-2,6],[-8,-6],[-3,5],[-13,6],[-8,9],[-8,0],[-2,8],[-5,1],[5,18],[-3,4],[5,15],[19,4],[12,8],[-4,11],[5,8],[-10,6],[2,15],[10,4]],[[711,552],[-9,28],[10,4],[-6,5],[9,4],[-6,1],[-10,-5],[-22,8]],[[677,597],[6,9],[13,5],[2,6],[-8,8],[3,8],[-10,2],[10,14],[-10,8],[8,10],[-3,5],[-13,0],[0,19],[-5,12],[-26,-3],[-5,3],[-14,16],[6,12],[-1,19]],[[630,750],[8,1],[56,7],[10,-4],[42,-8],[20,4],[6,-5],[15,0],[14,6],[13,-1],[25,4],[11,-3],[10,3],[13,-2],[11,-5],[13,-1],[8,-6],[21,-4],[36,-23],[5,-8],[-5,-6],[-21,-3],[-26,11],[-8,-6],[3,-15],[-11,-23],[-2,-13],[-13,-10],[0,-14],[-5,-9],[-13,-1],[-18,1],[5,-10],[-11,5],[-5,-1],[2,-13],[-5,-15],[-3,-4],[-12,6],[0,4],[-18,4],[-1,-14],[-13,0],[-5,10],[-10,-18],[-16,-4],[-34,4],[-5,-19],[-6,0]],[[544,442],[9,-7],[-11,5],[-5,-4],[-8,4],[-10,7],[7,2],[18,-7]],[[677,597],[-20,-7],[-13,-9],[8,-12],[-13,-10],[-1,-11],[-13,-16],[-28,0],[-6,-4],[1,-8],[-8,-13],[5,-6],[-3,-5],[8,-8],[-15,-10]],[[579,478],[0,0]],[[579,478],[-1,-9],[-7,3],[-13,-5],[-3,7],[6,10],[-14,-1],[1,-4],[-16,0],[7,-2],[11,0],[3,-18],[-6,-10],[-7,2],[-43,5],[-15,7],[2,-4],[27,-13],[8,-7],[18,-4],[13,-2],[8,-7],[2,-9],[-5,4],[2,-17],[-7,-8],[-3,7],[-7,-7],[-13,0],[-3,-5]],[[383,792],[3,-18],[5,-4],[16,3],[49,-14],[34,-5],[16,-5],[29,2],[33,0],[14,-2],[9,2],[8,-4],[31,3]],[[847,165],[10,-17],[-5,-18],[-12,1],[-3,-4],[-8,0],[3,12],[0,11],[-6,10],[6,12],[13,5],[2,-12]],[[826,168],[-5,1],[3,14],[0,9],[7,10],[4,-11],[-9,-23]],[[662,230],[-16,0],[-2,3],[13,14],[2,8],[0,24],[5,1],[11,-5],[5,-7],[3,-16],[-13,-16],[-8,-6]],[[678,290],[-11,2],[3,5],[16,4],[0,-8],[-8,-3]],[[764,282],[-11,-2],[-13,10],[-5,12],[10,11],[19,-19],[0,-12]],[[711,552],[-9,0],[-11,-14],[2,-14],[-7,-13],[-13,-2],[0,-7],[8,-5],[-8,-2],[0,-8],[13,-19],[7,-7],[3,-10],[10,-7],[-5,-4],[3,-5],[5,-27],[8,-13],[7,0],[-4,18],[4,14],[9,-1],[10,-12],[13,-32],[13,-3],[2,-6],[8,8],[18,1],[19,17],[-5,6],[-6,25],[9,16],[10,8],[15,5],[8,9],[0,6],[-5,19],[0,11],[3,2],[15,-13],[8,-1],[15,13],[9,2],[10,-14],[10,12],[5,-5],[-2,-13],[8,-19],[2,-12],[11,-15],[0,-14],[-5,-14],[5,-24],[0,-12],[5,-10],[11,-5],[2,-13],[3,-9],[8,-5],[3,-16],[-1,-11],[5,-10],[13,-56],[-2,-5],[-8,-1],[5,-12],[8,-24],[-5,-32],[7,-52],[9,-22],[-6,-5],[-10,-4],[-10,20],[-22,0],[-10,4],[-2,8],[-10,5],[-8,-8],[-11,0],[-11,-16],[0,-27],[10,-12],[8,-5],[-2,-14],[3,-12],[7,-8],[4,-14],[0,-6],[-24,33],[-3,10],[-13,9],[-19,20],[0,22],[-12,17],[-8,5],[5,11],[5,3],[-2,10],[10,13],[-3,6],[-5,-5],[-3,8],[-7,1],[3,14],[5,1],[-21,0],[5,13],[-8,23],[-7,23],[-3,-4],[-5,15],[5,11],[-5,6],[13,5],[7,15],[-4,0],[-6,-12],[-13,-7],[5,-6],[-2,-7],[-8,4],[-6,27],[-15,21],[-29,28],[-7,2],[-13,12],[9,16],[-7,-7],[-10,-7],[0,-7],[-14,3],[3,-6],[-11,0],[1,-8],[-16,2],[-3,3],[-10,0],[3,-3],[-6,-3],[19,-4],[2,-4],[-5,-11],[-8,-5],[-18,-3],[-8,4],[-5,10],[-10,9],[5,-10],[-5,-5],[-14,0],[-10,8],[-8,11],[-8,0],[-2,6],[-11,11],[-12,26],[-16,17],[-3,6],[3,23],[5,9],[-14,22],[0,9],[8,8],[16,1],[-2,10]]],"transform":{"scale":[0.004625687297297295,0.0058907198198198205],"translate":[88.02178959,20.73871491]},"bbox":[88.02178959,20.73871491,92.6428512,26.62354401]}