{"type":"Topology","objects":{"all":{"type":"GeometryCollection","bbox":[0.75988082,3.83741907,6.21389923,12.39924428],"geometries":[{"type":"Polygon","properties":{"a":249,"b":"Ouémé","c":2.56407,"d":6.55264},"arcs":[[0,1,2,3,4]]},{"type":"Polygon","properties":{"a":250,"b":"Zou","c":2.12576,"d":7.29853},"arcs":[[5,-5,6,7,8,9]]},{"type":"Polygon","properties":{"a":252,"b":"Mono","c":1.83389,"d":6.52596},"arcs":[[10,11,12]]},{"type":"Polygon","properties":{"a":254,"b":"Donga","c":1.76069,"d":9.50611},"arcs":[[13,14,15,16]]},{"type":"Polygon","properties":{"a":245,"b":"Collines","c":2.15897,"d":8.11782},"arcs":[[17,18,-10,19,-15,20]]},{"type":"Polygon","properties":{"a":244,"b":"Alibori","c":2.81525,"d":11.29793},"arcs":[[21,22,23]]},{"type":"Polygon","properties":{"a":251,"b":"Plateau","c":2.60961,"d":7.26518},"arcs":[[24,-1,-6,-19]]},{"type":"Polygon","properties":{"a":247,"b":"Littoral","c":2.42406,"d":6.36362},"arcs":[[25,26,-3]]},{"type":"Polygon","properties":{"a":248,"b":"Kouffo","c":1.77831,"d":6.93771},"arcs":[[27,-13,28,-8]]},{"type":"Polygon","properties":{"a":243,"b":"Borgou","c":2.6989,"d":9.81429},"arcs":[[-21,-14,29,-22,30]]},{"type":"Polygon","properties":{"a":253,"b":"Atakora","c":1.53856,"d":10.69171},"arcs":[[-23,-30,-17,31]]},{"type":"Polygon","properties":{"a":246,"b":"Atlantique","c":2.21618,"d":6.59581},"arcs":[[-27,32,-11,-28,-7,-4]]}]}},"arcs":[[[571,125],[3,-16],[15,-18],[7,-19],[27,-15],[13,-11]],[[636,46],[-5,-22],[-71,-2]],[[560,22],[-7,7]],[[553,29],[8,10],[-2,7],[-12,6],[-5,46],[-15,15]],[[527,113],[10,11],[34,1]],[[541,196],[1,-10],[17,-24],[16,-6],[8,-22],[0,-9],[-12,0]],[[527,113],[-98,0]],[[429,113],[-15,0],[-14,6],[-36,22],[-8,15],[-24,17],[-8,2],[-7,13],[-26,24],[-11,2]],[[280,214],[0,13]],[[280,227],[72,2],[32,-5],[24,-10],[52,-2],[23,-3],[58,-13]],[[410,80],[-2,-8],[-9,-11],[2,-13],[-12,-19],[10,-18]],[[399,11],[-35,-2],[-86,-9],[5,5],[49,4],[-13,24],[-8,8],[-12,3],[0,6],[-10,7],[-17,4],[0,6],[-11,7],[8,8]],[[269,82],[19,-6],[43,4],[21,4],[28,1],[30,-5]],[[431,617],[3,-19],[-6,-17],[6,-11],[17,-9],[4,-5],[-15,-44],[-7,-3],[-27,0],[-7,-2],[-7,-13],[3,-19],[23,-11],[-7,-17],[0,-9],[14,-11],[43,-7],[-2,-6]],[[466,414],[7,-24],[-6,-23],[-22,-3],[-41,7],[-17,8],[-17,0],[-21,8],[-39,-5],[-35,2]],[[275,384],[-3,73],[-11,15],[-47,25],[-11,11],[-2,16],[-17,10],[8,12],[-2,57]],[[190,603],[22,3],[30,0],[34,-3],[30,5],[11,5],[23,5],[91,-1]],[[637,412],[6,-38],[-1,-10],[-11,-8],[-1,-21],[11,-12],[-9,-12],[-6,-33],[-6,-6],[19,-17],[-3,-22]],[[636,233],[-67,0],[-10,-6],[1,-11],[-8,-2],[-14,-11],[3,-7]],[[280,227],[0,87],[1,18],[-6,24],[11,8],[-9,11],[-2,9]],[[466,414],[171,-2]],[[998,712],[-123,-5],[-78,-8],[-79,-3],[-65,5],[-51,-5],[-51,3],[-50,-4],[-16,0]],[[485,695],[4,1],[-3,52],[6,7],[26,12],[-11,5],[-20,3],[-15,10],[-65,58]],[[407,843],[43,21],[23,10],[23,5],[4,11],[13,7],[16,20],[-5,7],[18,7],[9,0],[-3,5],[-14,6],[-11,15],[0,15],[35,4],[3,3],[14,-2],[29,6],[16,-1],[10,9],[7,-1],[14,6],[25,3],[25,-11],[6,-5],[20,-4],[21,-13],[61,-28],[2,-8],[10,-10],[17,-4],[13,1],[39,-11],[30,-22],[-7,-2],[-23,-19],[-12,-20],[6,-8],[58,-39],[20,-5],[-5,-10],[15,-23],[-8,-14],[16,-18],[14,-1],[4,-13]],[[636,233],[0,-11],[24,-19],[-2,-8],[-16,-3],[8,-39],[-9,-12],[14,-7],[-20,-10],[7,-20],[-3,-13],[14,-4],[1,-9],[-14,-9],[2,-10],[-6,-13]],[[560,22],[-41,-2]],[[519,20],[7,6],[27,3]],[[429,113],[4,-3],[-19,-19],[-4,-11]],[[269,82],[3,3],[-6,10],[4,11],[-13,7],[-7,12],[31,0],[-1,89]],[[431,617],[6,8],[31,2],[21,6],[-2,16],[-14,20],[-11,5],[1,10],[22,11]],[[998,712],[-1,-9],[-12,-11],[0,-10],[-8,-5],[-25,5],[-13,0],[-27,-24],[6,-7],[22,-11],[2,-9],[-17,-9],[-4,-16],[-27,-19],[-20,1],[-36,-8],[-9,-7],[8,-14],[-14,-8],[-16,0],[-1,-8],[-21,-11],[-10,-4],[-7,-9],[7,-12],[0,-10],[-23,-33],[-31,-4],[-17,3],[-22,-6],[-31,1],[1,-13],[-7,-9],[5,-3],[-5,-17],[-8,-4]],[[190,603],[-5,7],[-108,36],[-75,25],[-2,6],[9,32],[-2,14],[5,6],[17,8],[11,15],[-3,10],[9,10],[20,-3],[-5,9],[9,7],[19,-4],[17,1],[8,-5],[-10,17],[11,8],[14,-2],[-9,13],[9,6],[5,-4],[20,0],[11,-2],[5,11],[6,-5],[15,3],[-3,10],[19,5],[-3,4],[17,8],[11,-3],[31,0],[9,-11],[39,6],[21,0],[32,4],[22,-5],[21,3]],[[519,20],[-44,-4],[-76,-5]]],"transform":{"scale":[0.003080618868868869,0.006191536586586587],"translate":[0.75988082,6.21389923]},"bbox":[0.75988082,6.21389923,3.83741907,12.39924428]}