{"type":"Topology","objects":{"all":{"type":"GeometryCollection","bbox":[43.43629399,46.60261235,38.86370127,41.29045237],"geometries":[{"type":"Polygon","properties":{"a":113,"b":"Lori","c":44.45975,"d":40.96521},"arcs":[[0,1,2,3,4]]},{"type":"Polygon","properties":{"a":109,"b":"Tavush","c":45.20749,"d":40.84464},"arcs":[[5,6,-1,7],[8],[9]]},{"type":"Polygon","properties":{"a":114,"b":"Erevan","c":44.51343,"d":40.17366},"arcs":[[10,11,12,13]]},{"type":"Polygon","properties":{"a":108,"b":"Shirak","c":43.86449,"d":40.92508},"arcs":[[14,15,-4]]},{"type":"Polygon","properties":{"a":106,"b":"Aragatsotn","c":44.08544,"d":40.3484},"arcs":[[16,-13,17,18,-15,-3]]},{"type":"Polygon","properties":{"a":115,"b":"Syunik","c":46.07497,"d":39.39361},"arcs":[[19,20]]},{"type":"Polygon","properties":{"a":110,"b":"Ararat","c":44.79511,"d":39.9508},"arcs":[[21,22,23,24,-11,25]]},{"type":"Polygon","properties":{"a":107,"b":"Armavir","c":44.03688,"d":40.10971},"arcs":[[-12,-25,26,-18]]},{"type":"MultiPolygon","properties":{"a":111,"b":"Gegharkunik","c":45.39947,"d":40.24686},"arcs":[[[27]],[[28,29,-22,30,-6]]]},{"type":"Polygon","properties":{"a":112,"b":"Kotayk","c":44.69632,"d":40.3088},"arcs":[[-7,-31,-26,-14,-17,-2]]},{"type":"Polygon","properties":{"a":116,"b":"Vayots Dzor","c":45.39732,"d":39.762},"arcs":[[31,-20,32,-23,-30]]}]}},"arcs":[[[446,971],[8,0],[15,-12],[-3,-7],[-9,-8],[-3,-7],[4,-13],[12,-8],[2,-11],[-20,-15],[-8,-1],[-6,4],[-6,-2],[-11,-13],[4,-10],[14,-9],[9,0],[8,-4],[7,-9],[1,-4],[-12,-12],[-8,-24],[-5,-8],[-23,-7],[-1,-10],[6,-16],[0,-23]],[[421,742],[-9,-3],[-18,2],[-29,12],[-11,-3],[-10,5],[-9,-1],[-26,-6]],[[309,748],[-6,12],[-7,4],[-18,7],[-9,2],[-8,-8],[-9,-2],[-6,1],[-6,7],[-11,2]],[[229,773],[-13,-2],[-5,3],[-7,10],[-14,3],[-7,22],[5,17],[2,4],[8,-2],[10,2],[2,11],[5,5],[2,16],[-15,0],[-6,8],[6,8],[-1,4],[-11,10],[-9,13],[-15,7],[5,34]],[[171,946],[19,9],[20,-3],[12,4],[5,4],[4,11],[3,3],[12,-3],[15,-12],[14,-1],[8,7],[7,2],[24,-13],[14,2],[6,6],[6,2],[5,-10],[7,-2],[5,4],[7,12],[7,3],[19,-7],[47,-1],[8,1],[1,7]],[[610,735],[-6,2],[-11,13],[-11,4],[-12,12],[-23,2],[-12,-8],[-14,-9],[-7,-15],[-8,-4],[-17,-2],[-12,7],[-11,6],[-38,-9]],[[428,734],[-7,8]],[[446,971],[-13,8],[-2,7],[6,5],[29,-4],[12,1],[16,11],[12,-24],[-3,-15],[6,-2],[26,-1],[17,-14],[5,-12],[-11,-7],[-31,1],[-5,-14],[5,-6],[6,-6],[6,0],[4,12],[21,-17],[11,-10],[14,-1],[14,-6],[7,0],[18,9],[10,1],[1,-10],[-2,-14],[3,-4],[17,-9],[18,-22],[14,-2],[5,-3],[1,-10],[-6,-16],[-8,-11],[-37,-17],[-13,-9],[-9,-14],[0,-11]],[[497,889],[5,8],[-4,12],[-11,3],[-5,-3],[-1,-5],[6,-11],[10,-4]],[[559,865],[4,6],[-10,7],[-5,-1],[4,-11],[7,-1]],[[382,514],[-15,-18],[-8,-5],[-7,-1],[-10,14],[-14,3],[-5,7],[2,13],[-9,3]],[[316,530],[-7,15]],[[309,545],[3,5]],[[312,550],[2,4],[30,1],[14,6],[6,-2],[8,-11],[-7,-10],[-5,-12],[4,-3],[12,0],[6,-9]],[[229,773],[-9,-22],[-17,-17],[-1,-3],[8,-6],[10,-19],[16,3],[3,-4],[-5,-21],[6,-6],[-12,-10],[-7,-1],[-17,-9],[-8,-6],[-6,0],[-9,15],[-16,1],[-6,-6],[-13,-1],[-8,2],[-11,6],[-14,3],[-10,-5],[-19,-9],[-4,-9],[-15,-13],[-6,0]],[[59,636],[0,4],[-19,18],[-1,7],[16,17],[9,1],[-3,5],[6,-3],[0,11],[4,7],[13,16],[-1,10],[8,14],[-1,32],[-4,15],[-16,27],[-4,27],[-3,7],[-10,12],[-13,12],[-13,5],[-13,2],[-6,7],[-5,11],[-3,13],[1,10],[7,-1],[20,7],[12,1],[52,-7],[13,3],[16,13],[13,5],[30,0],[7,2]],[[309,748],[4,-29],[20,-15],[19,-4],[-2,-17],[-16,-45],[4,-8],[-1,-7],[-9,-4],[-11,-21],[-9,-7],[-1,-4],[8,-13],[-7,-6],[0,-9],[4,-9]],[[309,545],[-19,5],[-6,3],[-24,14],[-16,-8],[-11,9],[-5,-2],[3,-16],[-10,-7],[-38,0],[-18,14],[-12,4],[-13,11],[-15,4],[-5,9],[-5,-1],[-6,-10],[-8,4],[-5,-1],[-17,-10]],[[79,567],[-3,9],[-15,20],[-8,8],[-3,5],[4,11],[5,16]],[[716,290],[-2,8],[8,33],[2,15],[-6,12],[1,4],[19,35],[11,10]],[[749,407],[2,-6],[13,-14],[18,-9],[19,-6],[9,-9],[12,-24],[11,-9],[12,-2],[10,-10],[7,-14],[12,-7],[10,2],[23,13],[9,-1],[12,-14],[11,-5],[20,2],[11,-4],[5,-12],[-4,-7],[-7,-6],[1,-15],[-6,-4],[-22,-4],[-10,-7],[-5,-11],[5,-12],[10,-9],[22,-9],[5,-6],[7,-18],[22,-18],[6,-7],[-10,-3],[-19,-10],[-19,9],[-11,1],[-7,-6],[0,-13],[8,-7],[18,-13],[6,-26],[-1,-10],[-6,-27],[1,-10],[11,-22],[-6,0],[-32,16],[-7,0],[-9,-2],[-11,0],[-10,-4],[-23,-15],[-21,-3],[-18,36],[-17,46],[-6,12],[-9,12],[-6,12],[-2,11],[2,10],[10,16],[-10,13],[-23,11],[-13,12],[-7,6],[-18,4],[-1,6],[1,9],[11,17],[1,7],[-2,19],[1,18],[-4,5],[-15,9],[-10,-1]],[[502,535],[-6,-31],[17,-42],[7,-4],[0,-16],[3,-13],[2,-10],[2,-7]],[[527,412],[-9,-23],[-2,-25]],[[516,364],[-13,9],[-12,-5],[-21,-15],[-11,-2],[-13,0],[-15,-3],[-10,-3],[-5,8],[-21,30],[-7,0],[-6,5],[-11,12],[-5,-3],[-2,12],[-7,5],[-6,16],[-9,10],[-19,16],[-26,16]],[[297,472],[0,6],[-8,26],[9,14],[17,8],[1,4]],[[382,514],[7,-10],[7,-2],[29,6],[23,14],[33,13],[21,0]],[[297,472],[-16,9],[-12,5],[-11,0],[-19,-7],[-16,-3],[-13,6],[-7,-2],[-15,-9],[-38,6],[-35,19],[-29,9],[-15,7],[-4,12],[5,4],[14,4],[2,9],[-10,13],[-3,7],[4,6]],[[665,723],[-11,-7],[-9,2],[-4,9],[4,7],[7,5],[10,-1],[8,-5],[-5,-10]],[[610,735],[0,-7],[5,-10],[18,-18],[4,-17],[9,-8],[12,-26],[19,-17],[74,-43],[13,-15],[20,2],[5,-2],[12,-15],[1,-6],[-6,-28],[-3,-9],[-14,-14],[-4,-23],[-6,-7],[-23,-2],[-51,7],[-20,-13],[1,-4]],[[676,460],[-11,6],[-11,-11],[-16,-9],[-40,-4],[-26,0],[-14,-5],[-15,-15],[-16,-10]],[[502,535],[-27,35],[1,6],[5,7],[-16,59],[-3,6],[-11,7],[1,17],[-6,12],[-12,1],[-5,6],[-3,26],[3,10],[-1,7]],[[676,460],[0,-5],[9,-4],[34,-4],[8,-5],[7,-6],[15,-29]],[[716,290],[-39,-9],[-7,-4],[-25,-16],[-12,-5],[-6,3],[-15,13],[-21,4],[-7,12],[-9,14],[-9,-3],[-8,-7],[-12,-4],[-7,5],[0,5],[4,25],[-5,14],[-22,27]]],"transform":{"scale":[0.0031694878478478457,0.0024291802802802773],"translate":[43.43629399,38.86370127]},"bbox":[43.43629399,38.86370127,46.60261235,41.29045237]}