{"type":"Topology","objects":{"all":{"type":"GeometryCollection","bbox":[2.52179993,6.37452519,49.49522288,51.49623769],"geometries":[{"type":"Polygon","properties":{"a":236,"b":"Namur","c":4.88439,"d":50.26873},"arcs":[[0,1,2,3,4]]},{"type":"MultiPolygon","properties":{"a":233,"b":"Limburg","c":5.424,"d":50.98546},"arcs":[[[5,6]],[[7,8,9,10]]]},{"type":"Polygon","properties":{"a":238,"b":"East Flanders","c":3.81722,"d":51.03575},"arcs":[[11,12,13,14,15]]},{"type":"Polygon","properties":{"a":235,"b":"Flemish Brabant","c":4.77458,"d":50.87473},"arcs":[[16,17,18,-13,19,-9],[20]]},{"type":"Polygon","properties":{"a":234,"b":"Brussels","c":4.37124,"d":50.83057},"arcs":[[-21]]},{"type":"MultiPolygon","properties":{"a":232,"b":"Hainaut","c":4.08434,"d":50.45097},"arcs":[[[-19,21,-4,22,23,-14]],[[24,25]]]},{"type":"Polygon","properties":{"a":239,"b":"West Flanders","c":3.00995,"d":51.01296},"arcs":[[-15,-24,26,-25,27]]},{"type":"Polygon","properties":{"a":242,"b":"Walloon Brabant","c":4.6113,"d":50.67135},"arcs":[[28,-5,-22,-18]]},{"type":"Polygon","properties":{"a":240,"b":"Antwerp","c":4.76067,"d":51.22573},"arcs":[[-10,-20,-12,29]]},{"type":"Polygon","properties":{"a":237,"b":"Luxembourg","c":5.41014,"d":50.02004},"arcs":[[30,-2,31]]},{"type":"Polygon","properties":{"a":241,"b":"Liege","c":5.6598,"d":50.57299},"arcs":[[-6,32,-32,-1,-29,-17,-8,33]]}]}},"arcs":[[[637,572],[0,-12],[13,-14],[6,-23],[-4,-6],[14,-1],[3,-11],[11,2],[-5,-4],[3,-7],[5,0],[2,-10],[8,5],[5,-7],[6,-14],[-4,-9],[3,-7],[13,-5],[0,-9],[3,-5],[14,12],[11,-5]],[[744,442],[3,-6],[-6,-10],[4,-6],[-15,-12],[3,-3],[3,5],[6,0],[3,-7],[-1,-7],[-8,-9],[-17,-16],[-6,5],[-6,-5],[0,-7],[-6,2],[-6,-4],[11,-7],[0,-10],[9,-13],[-2,-9],[-9,-3],[8,-9],[-2,-5],[-6,1],[-7,-7],[-31,-3],[-6,2],[0,14],[-4,-18],[1,-3],[-2,-9],[-9,-11],[-4,2],[-2,-7],[-6,0],[8,-7],[3,-18],[14,2],[1,-7],[9,-4],[-1,-12],[4,-7],[-12,-7],[-6,-7],[3,-5],[-18,-18],[1,-14],[-4,0],[-2,-13]],[[634,150],[-16,-5],[-13,0],[-3,4],[0,21],[-3,5],[8,27],[-5,15],[-12,6],[-3,7],[0,9],[11,30],[-2,10],[6,18],[5,-4],[1,20],[-1,12],[-11,0],[-1,7],[-8,-3],[-27,-36],[-2,-8],[2,-9],[-2,-16],[-4,-14],[-3,-2],[-11,-2],[-36,-23],[-10,0]],[[494,219],[4,13],[-7,19],[-3,25],[-3,1],[-3,9],[0,20],[4,9],[-10,21],[9,10],[-1,7],[2,16],[-8,4],[-8,-7],[-8,7],[-6,7],[12,9],[8,1],[3,7],[5,0],[2,9],[15,-1],[4,10],[8,2],[4,-9],[18,5],[-1,18],[6,14],[-5,7],[3,2],[5,9],[-11,10],[6,18],[-3,5],[3,6],[-10,-4],[4,25]],[[532,523],[0,9],[9,5],[8,-4],[6,0],[-3,16],[3,7],[11,-7],[1,6],[6,1],[2,-10],[11,5],[3,-5],[0,7],[28,10],[0,2],[7,0],[6,11],[7,-4]],[[874,627],[5,-9],[-6,-10],[-9,3],[-9,-2],[-11,18],[-7,-2],[-4,5]],[[833,630],[2,6],[5,0],[7,-9],[24,0],[3,0]],[[812,655],[-12,-16],[-23,-9],[0,-7],[-6,-7],[-4,-1],[-5,5],[-2,-7],[-6,-2],[-7,4],[-3,10],[-3,2],[-12,-5],[-7,-11],[-9,5],[-7,-7],[-2,7],[-3,-5],[-14,2],[2,-9],[-3,-5],[-17,7]],[[669,606],[5,12],[-5,5],[3,9],[-3,9],[12,16],[-6,2],[3,17],[3,14],[8,0],[2,13],[-4,5],[-9,0],[-1,4],[-11,-6],[-3,6],[-6,-2],[-4,12],[10,11],[0,12],[12,5],[-3,13],[5,-4],[7,4],[-7,10],[-6,4],[-8,-2],[0,-12],[-4,-4],[-5,4],[-6,-2],[-5,9],[-6,-2]],[[637,768],[8,14],[0,7],[21,4],[9,16],[14,1],[6,11],[9,-3],[6,7],[-1,19],[-11,12],[3,20],[3,3]],[[704,879],[9,2],[29,-2],[6,4],[17,12],[12,-5],[3,-9],[3,-21],[6,-5],[16,-6],[7,-8],[20,1],[4,-3],[8,-13],[9,4],[5,-2],[3,-7],[-5,-11],[6,-8],[-12,-4],[3,-7],[-6,-12],[-3,3],[-3,-7],[3,-12],[-4,-13],[-10,-19],[8,2],[3,-2],[-11,-25],[-7,-3],[-20,-25],[2,-12],[7,-11]],[[460,886],[-3,-7],[6,-21],[-3,-2],[8,-10],[2,-11],[-5,-19],[-11,-4],[-16,0],[-8,-12],[4,-23],[-2,-5],[6,-4],[5,4],[3,-2]],[[446,770],[-6,-25],[-6,-3],[-9,5],[-4,-11],[4,-14],[0,-7],[-7,-5],[-12,7],[3,-9],[-7,-7],[4,-9],[-12,-21],[6,-2],[3,-7],[-4,-14],[-13,-12],[-3,5],[-5,-7],[-7,7],[-6,-12],[6,-9],[-9,-4],[-6,2]],[[356,618],[-4,9],[-13,-4],[-4,4],[-11,-2],[-4,16],[-12,-5],[-1,5],[-9,-5],[-9,-25],[-8,7],[-18,0],[-1,16],[-11,-4],[-8,6]],[[243,636],[16,14],[-5,14],[3,5],[-17,16],[7,9],[-2,9],[-5,2],[-5,-4],[-3,5],[3,6],[-1,5],[7,0],[-3,5],[5,0],[-12,9],[7,4],[-4,7],[6,12],[-8,16],[6,5],[-28,25],[11,9],[8,23],[-5,12],[-8,4],[8,5],[-5,12],[8,7]],[[227,872],[14,-3],[13,1],[0,11],[3,11],[19,3],[13,0],[31,-14],[4,-3],[2,-13],[4,-10],[3,-2],[31,0],[6,3],[11,11],[33,19],[13,13],[11,21],[3,14],[5,-5],[4,-14],[12,-16],[-2,-13]],[[669,606],[-12,0],[-3,7],[0,10],[-6,4]],[[648,627],[-11,9],[-12,-11],[-7,2],[1,9],[-20,-2],[0,5],[-6,0],[-4,11],[-11,5],[-15,-9],[-14,4],[-1,-12],[4,-8],[-4,-7],[-10,0],[0,11],[-6,-9],[-12,-3],[0,-6],[-10,7],[1,6],[-9,0],[-10,-9],[-13,-4],[0,-7],[-6,0],[-4,9],[1,-7],[-7,0],[-1,-11],[-5,-1],[-7,3],[-4,-5],[-9,9],[-7,0],[-9,10],[-5,-7],[-5,0],[-2,-5]],[[409,604],[-7,4],[-5,-9],[0,3],[-7,-3],[-4,1],[-6,-5],[-15,0],[-6,4],[-5,10],[2,9]],[[446,770],[7,2],[7,0],[13,-7],[0,-6],[9,7],[-3,-7],[5,-3],[1,-7],[16,5],[6,-7],[4,9],[9,-9],[5,5],[7,-5],[5,0],[4,9],[17,7],[8,-4],[-3,-9],[10,15],[6,-2],[8,7],[5,-11],[4,-3],[12,7],[4,-2],[7,7],[9,5],[6,0],[3,-5]],[[508,648],[-10,9],[3,4],[6,1],[-4,16],[-12,7],[4,11],[-7,12],[-7,-7],[-11,2],[-10,-7],[-4,-11],[1,-5],[-1,-9],[-6,-2],[-3,-7],[9,-7],[4,4],[8,-18],[7,-7],[11,0],[22,14]],[[409,604],[-3,-7],[0,-20],[3,-8],[5,-2],[5,0],[9,14],[3,2],[4,-9],[0,-9],[14,-5],[-2,-11],[9,-1],[6,-13],[8,2],[-1,-14],[7,10],[13,2],[3,-5],[13,0],[0,-14],[9,5],[-1,-5],[4,-2],[15,9]],[[494,219],[-40,13],[-16,-4],[-6,2],[-14,9],[-2,16],[2,10],[7,7],[13,9],[-4,12],[-4,23],[-11,-3],[-4,3],[1,9],[5,20],[3,12],[8,12],[3,9],[-4,7],[-10,2],[0,-9],[-6,2],[-6,19],[-12,9],[-8,12],[-11,2],[-16,-9],[-6,0],[-14,11],[-12,2],[-10,-2],[-6,-5],[-9,-18],[-10,9],[-3,21],[0,23],[-1,19],[-4,11],[-5,5],[-12,6],[-17,0],[-3,3],[3,9],[-5,5],[-8,-3],[-5,-6],[-11,-7],[-11,2],[-11,7],[-8,9],[-1,23],[-7,28],[-2,14],[2,9],[-5,16],[-6,2],[-10,19]],[[165,625],[16,9],[11,-7],[10,2],[6,-9],[0,-7],[5,-7],[6,3],[12,16],[12,11]],[[89,602],[-6,25],[9,5],[2,-3],[8,0],[2,5],[9,5],[-5,11],[16,7],[3,-4],[3,-17]],[[130,636],[-20,-11],[-5,-5],[-8,-18],[-3,-3],[-5,3]],[[165,625],[-7,16],[-7,2],[-21,-7]],[[89,602],[-20,11],[-5,5],[-7,16],[-9,12],[-5,9],[-13,2],[-6,5],[-3,7],[-5,7],[2,9],[-5,21],[9,16],[-1,9],[-13,21],[-5,32],[-3,11],[5,5],[10,3],[35,32],[54,39],[52,42],[57,23],[3,-21],[0,-23],[3,-12],[8,-11]],[[648,627],[-2,-9],[-6,-5],[6,-11],[-3,-3],[0,-14],[-6,-13]],[[460,886],[5,2],[4,11],[-9,5],[-4,5],[0,16],[-6,11],[9,-2],[14,-7],[12,-2],[4,4],[0,14],[-7,12],[2,13],[-3,3],[13,11],[22,7],[6,-4],[-3,-21],[4,-3],[11,1],[13,-3],[5,5],[21,30],[11,5],[12,-10],[-1,-23],[1,-9],[-14,7],[-1,-7],[5,-2],[19,-2],[14,-7],[6,2],[6,7],[11,18],[1,12],[7,2],[7,-5],[6,-13],[-3,-16],[0,-15],[11,-16],[3,-14],[4,-4],[16,0],[4,-7],[0,-18],[6,0]],[[908,327],[-8,12],[-9,-5],[-4,-18],[-5,-5],[-9,-7],[-5,-7],[-1,-11],[-8,-10],[0,-11],[-1,-7],[-6,-2],[-2,-10],[3,-6],[-6,-10],[-3,0],[-15,-32],[-2,-5],[10,-7],[1,-6],[-6,2],[-1,-7],[3,-3],[-5,-9],[2,-11],[3,-5],[9,-5],[7,-18],[3,-14],[9,-2],[3,-7],[-4,-12],[3,-6],[7,-3],[0,-11],[-5,-5],[-4,-12],[-4,-9],[4,-2],[-3,-9],[-6,-7],[-6,-5],[-9,7],[-5,-2],[-6,-7],[-18,5],[-6,-3],[-4,-11],[-6,0],[-8,4],[-20,-13],[-4,2],[-2,23],[-12,28],[-5,6],[-12,5],[-4,-5],[-7,0],[-1,5],[1,9],[3,3],[-3,7],[-9,14],[-6,0],[-12,-3],[-5,2],[-9,9],[-15,24],[-14,7],[-9,11],[-6,3]],[[744,442],[9,10],[-5,11],[5,3],[11,-10],[10,9],[3,-11],[3,0],[0,-5],[6,-2],[9,5],[14,-16],[9,0],[-3,-5],[14,0],[-5,-18],[5,-10],[7,-2],[-7,-18],[15,2],[6,-5],[3,5],[16,2],[2,5],[-9,2],[6,16],[-6,7],[3,9],[32,-9],[0,-4],[8,-5],[-1,-48],[1,-5],[6,-2],[-4,-5],[1,-21]],[[874,627],[20,-2],[11,-5],[-1,-11],[4,-5],[11,5],[9,-7],[16,-30],[-4,-3],[3,-6],[6,-5],[17,0],[1,-2],[-6,-12],[-13,-11],[-4,-10],[4,-7],[-2,-6],[5,-1],[-2,-4],[5,-9],[4,-1],[9,3],[17,-7],[2,-12],[7,-11],[0,-9],[-4,-23],[9,-21],[1,-5],[-3,-5],[-12,-2],[-2,3],[-9,-7],[-1,-14],[-5,-5],[-16,-7],[-2,-5],[-9,-9],[5,-11],[-2,-11],[-11,-5],[0,-7],[3,-9],[-3,-5],[-4,2],[-2,14],[-3,5],[-6,-5],[-9,0]],[[812,655],[12,-7],[-3,-16],[8,-5],[4,3]]],"transform":{"scale":[0.003856581841841842,0.0020030178278278286],"translate":[2.52179993,49.49522288]},"bbox":[2.52179993,49.49522288,6.37452519,51.49623769]}