{"type":"Topology","objects":{"all":{"type":"GeometryCollection","bbox":[-69.66649227,-57.46566077,-22.89725759,-9.67982147],"geometries":[{"type":"Polygon","properties":{"a":362,"b":"Chuquisaca","c":-64.5048,"d":-20.2126},"arcs":[[0,1,2,3,4]]},{"type":"Polygon","properties":{"a":369,"b":"Tarija","c":-63.8375,"d":-21.5677},"arcs":[[5,6,-4]]},{"type":"Polygon","properties":{"a":365,"b":"Oruro","c":-67.7879,"d":-18.7019},"arcs":[[7,8,9,10]]},{"type":"Polygon","properties":{"a":368,"b":"Santa Cruz","c":-61.2262,"d":-17.9103},"arcs":[[-2,11,12,13]]},{"type":"Polygon","properties":{"a":363,"b":"El Beni","c":-64.945,"d":-13.6526},"arcs":[[-13,14,15,16,17]]},{"type":"Polygon","properties":{"a":361,"b":"Cochabamba","c":-65.6479,"d":-17.2202},"arcs":[[-12,-1,18,-8,19,-15]]},{"type":"Polygon","properties":{"a":367,"b":"Potosí","c":-66.9178,"d":-20.5604},"arcs":[[-5,-7,20,-9,-19]]},{"type":"Polygon","properties":{"a":366,"b":"Pando","c":-67.3789,"d":-11.1226},"arcs":[[-17,21,22]]},{"type":"Polygon","properties":{"a":364,"b":"La Paz","c":-68.177,"d":-15.6452},"arcs":[[-16,-20,-11,23,-22]]}]}},"arcs":[[[354,338],[7,-8],[0,-6],[17,-3],[0,5],[19,8],[13,-7],[6,-8],[9,0],[6,5],[4,-5]],[[435,319],[4,-11],[11,-11],[9,-2],[2,-11],[6,-4],[7,12],[10,-1],[-1,-18],[2,-51],[2,-3],[4,-35],[13,0],[11,8],[6,-9],[88,0]],[[609,183],[-5,-8],[0,-33]],[[604,142],[-130,0],[-9,1],[-8,7],[-9,0],[-2,-17],[-11,0],[-6,4],[-11,0],[-8,11],[-5,1],[-8,-14],[-9,7],[-10,0],[-2,4],[-9,0],[-2,-19],[-2,-24]],[[363,103],[-8,4],[-13,14],[0,14],[4,11],[0,10],[11,23],[-5,20],[3,16],[8,4],[13,2],[17,8],[10,9],[-10,14],[0,9],[-5,6],[-19,-2],[-12,5],[-13,10],[-7,15],[5,7],[-2,6],[8,7],[-4,4],[-13,-6],[0,22],[-6,7],[29,-4]],[[604,142],[-1,-12],[-17,-43],[-7,-26],[-6,-11],[-10,8],[-1,10],[-73,0],[-5,-4],[-5,4],[-11,0],[-4,-7],[-16,-30],[-6,-5],[-5,-23],[-2,8],[-8,8],[2,7],[-13,16],[4,4],[-4,6],[-36,9],[-15,-1]],[[365,60],[0,9],[-11,14],[9,20]],[[218,403],[15,-8],[15,-25]],[[248,370],[-10,-5],[0,-11],[6,-3],[13,-1],[-13,-7],[0,-11],[4,-8],[11,-8],[13,-1],[6,-4],[6,-16],[13,-15],[-2,-1],[-30,-2],[-6,-2],[-19,-14],[-17,-8],[-51,-19],[-15,-3],[-45,12],[-23,9]],[[89,252],[8,13],[-15,8],[-15,15],[-6,1],[-6,10],[4,4],[-6,11],[-5,26],[-2,13],[-4,7],[6,7]],[[48,367],[22,8],[6,4],[11,10],[10,7],[26,0],[13,-5],[17,-11],[4,3],[0,8],[38,22],[15,2],[8,-12]],[[435,319],[4,5],[0,9],[-10,5],[-2,8],[-11,15],[-11,18],[13,9],[13,18],[4,8],[11,0],[-2,9],[-11,10],[-11,5],[-19,15],[-6,12],[4,10],[0,6],[4,3],[3,16],[0,23],[-5,4],[7,6]],[[410,533],[108,-5],[-7,4],[-7,13],[-9,4],[-6,10],[-5,2],[-10,13],[-7,16],[1,20],[-1,7],[32,9],[46,23],[72,38],[43,23]],[[660,710],[5,-3],[16,4],[7,-3],[17,5],[0,-4],[13,-4],[23,-13],[12,-4],[6,-14],[-6,-9],[0,-14],[5,-4],[10,-22],[1,-35],[-26,-2],[11,-8],[17,-21],[6,-59],[118,-4],[24,0],[7,3],[0,-16],[-11,-14],[2,-13],[5,-18],[2,-12],[12,-5],[18,-14],[15,0],[4,-5],[0,-10],[4,-3],[0,-8],[8,-12],[7,-18],[-19,-51],[4,-1],[2,-8],[-5,0],[-12,-19],[-17,-34],[21,-19],[-8,-3],[-17,-9],[2,12],[-2,12],[-19,11],[-8,4],[-30,16],[-16,11],[-40,-1],[-38,0],[-39,-8],[-83,-15],[-20,-3],[-11,-27],[-6,-11],[-22,-25]],[[410,533],[-45,-6],[-6,-12],[-7,-19],[-8,-4],[-28,-6],[-6,0],[-21,5],[-7,5],[-15,14],[-8,12],[-24,22]],[[235,544],[-27,23],[0,8],[-4,9],[-11,12],[-9,3],[-2,18],[-6,5],[-2,7],[4,6],[-6,10],[4,7],[-2,21],[4,12],[0,8],[11,12],[-3,13],[22,27],[6,2],[9,26],[-2,7],[2,4],[0,11]],[[223,795],[4,10],[0,18],[-7,11],[5,2],[0,8],[15,4],[0,7],[6,11],[15,0],[11,3],[6,5],[0,4],[4,9],[0,5],[6,1],[1,8],[6,7],[-4,3],[8,4],[9,-2],[-3,9],[7,-2],[8,2],[0,10],[9,0],[10,6],[5,7],[6,0]],[[350,945],[-4,-7],[0,-10],[4,-6],[-2,-9],[4,0],[5,-12],[-3,-10],[-6,-5],[4,-3],[-2,-5],[4,-4],[-2,-4],[5,-9],[6,-1],[2,-17],[6,3],[5,-4],[6,-19],[15,-1],[17,-15],[11,-4],[-2,-8],[10,-7],[13,0],[6,-4],[7,1],[10,-3],[5,6],[17,0],[27,-17],[9,0],[8,5],[5,-3],[5,-11],[6,-3],[14,-12],[6,4],[3,-5],[14,-3],[8,-6],[18,2],[5,-3],[0,-8],[7,-7],[11,-7],[3,-7],[20,3]],[[354,338],[-8,4],[-6,8],[-15,14],[-15,9],[-4,-3],[-7,10],[-13,0],[-14,-10],[-24,0]],[[218,403],[11,5],[2,8],[-4,17],[-11,8],[5,15],[17,8],[-1,15],[-4,5],[2,15],[-6,6],[-8,11],[2,17],[12,11]],[[365,60],[-25,1],[-20,-3],[-4,3],[-10,11],[-11,1],[-6,8],[-9,3],[-4,-20],[-7,-7],[-21,-4],[-6,0],[-4,-5],[-3,-14],[-19,-7],[0,-8],[-15,-13],[-27,-6],[-21,0],[-9,7],[4,19],[-8,16],[2,7],[-2,11],[-11,9],[-2,15],[-8,16],[2,19],[-20,29],[-6,0],[-6,5],[0,12],[8,7],[-17,8],[-8,8],[8,6],[-4,13],[-4,4],[15,4],[4,8],[0,7],[-13,8],[11,14]],[[223,795],[-83,35],[-7,-5],[-12,-2],[-5,-11],[-14,-9],[-7,-12],[-6,2],[-9,-7]],[[80,786],[-19,31],[-27,41],[-7,14],[-21,31],[15,1],[25,-3],[9,-2],[19,-1],[-2,-9],[13,2],[29,10],[13,20],[6,3],[17,0],[9,-3],[2,8],[9,8],[21,10],[0,4],[12,-2],[9,6],[13,13],[23,14],[17,1],[19,7],[19,2],[13,-1],[7,2],[8,-6],[13,12],[8,-2],[5,-10],[-3,-13],[5,-16],[-9,-13]],[[48,367],[-19,5],[-4,16],[-9,8],[-4,6],[0,13],[-6,8],[-6,0],[4,9],[15,6],[2,7],[15,14],[4,8],[13,6],[-2,3],[0,11],[17,9],[-13,9],[-13,-2],[-6,7],[-13,27],[-4,13],[12,15],[-2,4],[11,8],[0,4],[-17,17],[0,14],[10,4],[1,12],[6,1],[0,5],[13,8],[0,11],[12,4],[-4,14],[-4,2],[-4,18],[-7,8],[5,0],[4,6],[2,22],[-2,6],[0,25],[10,10],[11,5],[-6,3],[10,10]]],"transform":{"scale":[0.012213044544544553,0.013230666786786785],"translate":[-69.66649227,-22.89725759]},"bbox":[-69.66649227,-22.89725759,-57.46566077,-9.67982147]}