{"type":"Topology","objects":{"all":{"type":"GeometryCollection","bbox":[15.71607385,19.61888472,42.55921214,45.28452383],"geometries":[{"type":"Polygon","properties":{"a":343,"b":"Sarajevo","c":18.2122,"d":43.7577},"arcs":[[0,1,2,3,4,5]]},{"type":"Polygon","properties":{"a":338,"b":"West Herzegovina","c":17.49861,"d":43.37029},"arcs":[[6,7,8]]},{"type":"Polygon","properties":{"a":344,"b":"Bosnian Podrinje","c":18.84875,"d":43.66616},"arcs":[[-2,9]]},{"type":"Polygon","properties":{"a":346,"b":"Posavina","c":18.66564,"d":44.98658},"arcs":[[10,11]]},{"type":"Polygon","properties":{"a":339,"b":"Herzegovina-Neretva","c":17.97438,"d":43.51543},"arcs":[[-4,12,13,-9,14,15]]},{"type":"Polygon","properties":{"a":336,"b":"Una-Sana","c":16.34197,"d":44.75278},"arcs":[[16,17,18]]},{"type":"Polygon","properties":{"a":337,"b":"Central Bosnia","c":17.59243,"d":44.09096},"arcs":[[19,-5,-16,20,21]]},{"type":"Polygon","properties":{"a":345,"b":"Posavina","c":18.30153,"d":45.07453},"arcs":[[22,23]]},{"type":"Polygon","properties":{"a":340,"b":"Tuzla","c":18.58976,"d":44.48679},"arcs":[[24,25]]},{"type":"Polygon","properties":{"a":335,"b":"West Bosnia","c":16.90776,"d":43.9802},"arcs":[[-21,-15,-8,26,-18,27]]},{"type":"Polygon","properties":{"a":341,"b":"Serbian Republic","c":17.49081,"d":44.8857},"arcs":[[-23,28,-11,29,-13,-3,-10,-1,30,-26,31,-22,-28,-17,32]]},{"type":"Polygon","properties":{"a":342,"b":"Zenica-Doboj","c":18.16,"d":44.28562},"arcs":[[-25,-31,-6,-20,-32]]}]}},"arcs":[[[735,546],[-6,-8],[-15,-13],[-3,-6],[3,-45],[-7,-8],[-8,0],[-16,3],[-4,-3],[1,-16],[10,-18],[18,-1],[20,-9],[12,-11]],[[740,411],[-3,-3],[-3,-14]],[[734,394],[-17,8],[-15,13],[-13,0],[-3,-10],[-1,-26],[-2,-2]],[[683,377],[-10,0],[-12,4],[-3,-10],[-6,2],[-18,10],[0,7],[-3,11],[-9,9],[-15,-2],[-7,3],[-7,8],[-2,13],[-6,14]],[[585,446],[6,7],[18,4],[16,13],[2,10],[-5,14]],[[622,494],[-1,3],[12,8],[1,17],[8,3],[19,0],[10,9],[0,16],[3,3],[12,0],[3,3],[7,13],[15,-2],[5,-2],[7,-13],[12,-6]],[[481,187],[-3,4],[-34,24],[-6,7],[-7,18],[-18,16],[-10,17],[-6,18],[4,31],[-3,9],[-9,5],[-25,4],[-15,9],[-4,6]],[[345,355],[13,7],[13,0],[12,2],[5,5],[6,-3],[4,-7],[6,0],[24,12],[13,2],[15,4],[6,10],[1,13]],[[463,400],[11,1],[4,-7],[0,-10],[5,-7],[0,-13],[-15,-1],[-3,-10],[9,0],[10,-15],[6,-5],[3,-11],[5,-3],[10,-1],[3,-23],[9,-22],[0,-7],[-15,0],[-24,5],[-3,-2],[0,-9],[3,-8],[6,-3],[9,-10],[3,-10],[-3,-14],[-6,-15],[-9,-13]],[[740,411],[16,-1],[6,5],[7,20],[5,7],[10,1],[24,0],[13,-2],[12,-15],[15,-1],[3,-7],[3,-10],[0,-6],[-9,-1],[-15,-14],[-19,-10],[-33,-4],[-16,1],[-12,6],[-16,14]],[[799,849],[-2,-7],[-7,-6],[-6,0],[0,16],[-15,4],[0,9],[-7,7],[-12,5],[-10,0],[-11,5],[-9,8],[-13,13],[0,15]],[[707,918],[16,-4],[-3,11],[5,3],[9,0],[4,3],[12,-13],[6,9],[3,-2],[12,-21],[6,-6],[10,-1],[3,-17],[-9,-7],[3,-10],[15,-14]],[[683,377],[-4,-11],[4,-27],[3,-13],[-1,-4],[-9,0],[-27,3],[-21,-1],[-37,1],[-1,-8],[7,-12],[1,-35],[0,-32],[-7,-10],[-9,-10],[0,-10],[12,-3],[4,-4],[-3,-24],[-7,-11],[0,-17],[6,-31],[4,-7],[8,-6],[31,-29],[3,-7],[12,-16],[21,-21],[7,-2],[-1,-25]],[[679,5],[-8,10],[-7,0],[-15,4],[-7,6],[-45,31],[-15,10],[-16,18],[-6,6],[-12,4],[-9,14],[0,13],[-3,8],[-6,-4],[-16,6],[-12,0],[-6,-9],[-25,16],[16,-6],[-10,7],[13,3],[8,7],[-2,10],[-7,19],[-8,9]],[[463,400],[-17,25],[-5,7],[-13,3],[-3,13],[0,15],[3,13],[7,0],[12,-6],[-1,7]],[[446,477],[4,-1],[12,-9],[19,5],[12,-3],[18,-10],[10,1],[6,6],[9,3],[21,-2],[6,-14],[7,-7],[9,-3],[6,3]],[[161,901],[3,-4],[-2,-6],[-18,-7],[-4,-12],[10,-16],[8,-3],[35,-1],[36,-4],[24,-6],[10,-7],[12,-13],[10,-14],[2,-8],[0,-21],[7,-5],[5,-18],[-2,-41],[-6,-18],[-25,-3],[-34,13],[-15,4],[-15,0],[0,-7],[5,-10]],[[207,694],[-12,-18],[-36,-9],[-15,0],[-6,-8],[-13,-3]],[[125,656],[-9,10],[-9,3],[6,5],[0,6],[-12,38],[-7,6],[-9,-4],[-6,1],[-6,4],[10,18],[-1,10],[-6,6],[-12,3],[-3,5],[-5,13],[-9,0],[-2,11],[-7,0],[-5,-7],[-11,-1],[-6,10],[-6,4],[-10,18],[0,7],[4,6],[8,3],[3,7],[-11,21],[0,8],[8,19],[0,5],[-2,19],[6,21],[-1,21],[4,11],[8,9],[14,1],[33,2],[5,-6],[0,-7],[10,-6],[9,-21],[28,-29],[18,-9],[9,-3],[6,3],[2,4]],[[515,666],[5,-14],[10,-13],[2,-41],[3,-8],[15,-16],[12,0],[4,-18],[12,-4],[3,-3],[3,-20],[10,0],[6,-18],[7,-3],[8,-15],[7,1]],[[446,477],[-2,6],[-6,11],[-15,0],[-10,14],[-3,7],[-6,10],[0,6],[-6,8],[-6,13]],[[392,552],[6,28],[-3,14],[-13,18],[-6,10],[-9,24],[-2,40],[2,10],[6,1],[13,0],[11,-7],[26,0],[9,0],[9,-7],[15,-21],[25,0],[24,4],[10,0]],[[699,925],[-3,-12],[-22,-10],[-6,-13],[-19,0],[-6,13],[-9,10],[-6,0],[-7,18]],[[621,931],[13,3],[2,14],[10,4],[6,-3],[10,-8],[23,-3],[4,-3],[10,-10]],[[780,583],[-6,8],[-33,-1],[-4,3],[-3,7],[-8,0],[-6,4],[0,10],[-6,25],[-13,10],[-6,0],[-7,9],[-3,7],[-2,14],[-3,2],[-13,-1],[-8,11],[0,24],[-1,6],[0,18]],[[658,739],[12,-1],[13,4],[2,7],[-2,10],[-7,8],[-22,7],[-23,10],[-12,5],[-10,5],[-5,6],[2,17],[22,1],[20,0],[10,3],[6,10],[10,27],[12,7],[15,-2],[9,-3],[0,-11],[4,-4],[12,0],[11,4],[13,0],[16,-4],[9,-7],[5,-16],[3,-21],[7,0],[-2,-15],[-13,-10],[-4,-13],[3,-7],[10,-10],[13,-17],[9,-2],[6,2],[15,30],[9,3],[9,-3],[3,-6],[0,-21],[0,-25],[-3,-4],[-24,-20],[-10,0],[-12,-3],[-9,-15],[-12,-6],[-3,-7],[2,-14],[7,-20],[3,-11],[-1,-13],[-6,-11]],[[345,355],[-9,8],[-12,14],[-40,44],[-30,22],[-3,6],[-6,21],[-10,10],[-9,11],[-12,13],[-9,17],[-9,7],[-12,4],[-6,17],[-11,0],[-11,8],[-13,29],[-15,18],[-6,15],[-3,17],[6,13],[0,7]],[[207,694],[25,-24],[24,-15],[10,-2],[10,-21],[15,-4],[15,-13],[27,-14],[7,-4],[3,-7],[12,-7],[3,-20],[3,-4],[31,-7]],[[699,925],[8,-7]],[[799,849],[13,-5],[33,1],[16,4],[24,17],[6,-6],[10,3],[12,-3],[6,3],[15,-11],[3,-8],[-3,-3],[-9,-44],[-6,-10],[-9,-11],[-4,-11],[-12,-22],[-6,-7],[0,-5],[-6,-10],[-9,-3],[0,-7],[3,-15],[0,-10],[-6,-10],[-3,-16],[9,-18],[9,-10],[12,-1],[6,-4],[16,1],[5,-3],[7,-15],[2,-13],[4,-4],[18,-13],[4,3],[5,-11],[10,-13],[9,-6],[6,-7],[4,4],[5,-9],[-2,-6],[-15,-14],[-11,-3],[-15,3],[-21,-3],[-16,14],[-8,0],[-7,-4],[0,-10],[-5,-6],[12,-8],[9,-11],[14,-23],[26,-29],[5,-13],[6,-20],[0,-10],[-6,-7],[-2,-10],[3,-14],[-15,3],[-4,-10],[-12,21],[-6,3],[-10,-7],[-14,0],[-9,-21],[-17,3],[-6,-2],[-8,-8],[-10,-3],[-4,3],[-9,13],[-6,0],[-11,-10],[-6,-4],[-3,-8],[9,-4],[3,-4],[0,-8],[5,1],[10,-14],[9,-21],[6,-16],[-12,-4],[-6,-11],[-9,14],[0,7],[-9,8],[-6,3],[-21,-4],[3,-7],[-7,-3],[-31,-24],[-4,-7],[5,-3],[-10,-15],[-4,-10],[-2,-21],[3,-28],[-9,1],[-15,0],[-16,-3],[-6,-8],[-6,-14],[3,-14],[7,-20],[-7,-10],[0,-7],[6,-17],[9,-16],[10,-12],[2,-10],[-2,-14],[-6,-10],[-9,-4],[3,-7],[-13,-2],[-2,-2],[-13,2],[-4,3]],[[735,546],[9,0],[9,6],[19,20],[8,11]],[[658,739],[-21,0],[-18,2],[-13,28],[-9,14],[-9,8],[-24,3],[-8,-3],[-14,-29],[0,-9],[6,-11],[15,-14],[0,-20],[0,-8],[-15,-14],[-12,-6],[-21,-14]],[[161,901],[3,12],[4,8],[3,17],[12,4],[4,6],[9,20],[12,8],[15,0],[50,-17],[11,4],[1,10],[8,7],[16,19],[6,-19],[4,2],[-1,5],[9,-7],[3,3],[0,-10],[7,6],[6,-11],[11,-9],[22,-11],[16,4],[5,11],[14,-8],[15,-10],[14,3],[1,5],[5,-4],[-3,-5],[7,-2],[6,4],[-4,-9],[19,1],[9,4],[15,13],[8,0],[14,-11],[19,-24],[6,-2],[18,4],[6,6],[16,18],[12,0],[13,-12],[14,-3]]],"transform":{"scale":[0.003906717587587588,0.002728039729729728],"translate":[15.71607385,42.55921214]},"bbox":[15.71607385,42.55921214,19.61888472,45.28452383]}