{"type":"Topology","objects":{"all":{"type":"GeometryCollection","bbox":[22.34502323,28.60352624,41.23810415,44.22843454],"geometries":[{"type":"Polygon","properties":{"a":325,"b":"Razgrad","c":26.63928,"d":43.67003},"arcs":[[0,1,2,3]]},{"type":"Polygon","properties":{"a":306,"b":"Haskovo","c":25.82981,"d":41.89192},"arcs":[[4,5,6,7,8]]},{"type":"Polygon","properties":{"a":308,"b":"Pazardzhik","c":24.12994,"d":42.16951},"arcs":[[9,10,11,12]]},{"type":"Polygon","properties":{"a":326,"b":"Targovishte","c":26.41467,"d":43.25567},"arcs":[[13,14,15,16,-2]]},{"type":"Polygon","properties":{"a":309,"b":"Plovdiv","c":24.78576,"d":42.30509},"arcs":[[17,18,-8,19,20,-10,21,22]]},{"type":"Polygon","properties":{"a":321,"b":"Kyustendil","c":22.89405,"d":42.25243},"arcs":[[23,24,25,26]]},{"type":"Polygon","properties":{"a":328,"b":"Dobrich","c":27.92714,"d":43.64935},"arcs":[[27,28,29,30]]},{"type":"Polygon","properties":{"a":317,"b":"Pleven","c":24.69944,"d":43.53844},"arcs":[[31,32,33,34]]},{"type":"Polygon","properties":{"a":331,"b":"Ruse","c":25.85103,"d":43.6061},"arcs":[[-3,-17,35,36,37]]},{"type":"Polygon","properties":{"a":320,"b":"Vratsa","c":23.84426,"d":43.41729},"arcs":[[-34,38,39,40,41]]},{"type":"Polygon","properties":{"a":327,"b":"Shumen","c":26.99629,"d":43.31542},"arcs":[[-29,42,43,44,-14,-1,45]]},{"type":"Polygon","properties":{"a":315,"b":"Gabrovo","c":25.21972,"d":42.92655},"arcs":[[46,47,-18,48]]},{"type":"Polygon","properties":{"a":318,"b":"Veliko Tarnovo","c":25.58202,"d":43.18976},"arcs":[[-36,-16,49,50,-47,51,-32,52]]},{"type":"Polygon","properties":{"a":330,"b":"Silistra","c":27.01948,"d":43.94794},"arcs":[[-30,-46,-4,-38,53]]},{"type":"Polygon","properties":{"a":319,"b":"Montana","c":23.10123,"d":43.4327},"arcs":[[-41,54,55,56,57]]},{"type":"Polygon","properties":{"a":313,"b":"Sofia","c":23.88107,"d":42.70726},"arcs":[[-40,58,-22,-13,59,-24,60,61,62,63,-55]]},{"type":"Polygon","properties":{"a":305,"b":"Sliven","c":26.20609,"d":42.65131},"arcs":[[-45,64,65,66,-50,-15]]},{"type":"Polygon","properties":{"a":310,"b":"Smolyan","c":24.64886,"d":41.68328},"arcs":[[67,68,69,-11,-21]]},{"type":"Polygon","properties":{"a":324,"b":"Yambol","c":26.60329,"d":42.25536},"arcs":[[70,-5,71,-66,72]]},{"type":"Polygon","properties":{"a":316,"b":"Lovech","c":24.46683,"d":43.06056},"arcs":[[-52,-49,-23,-59,-39,-33]]},{"type":"Polygon","properties":{"a":323,"b":"Burgas","c":27.20401,"d":42.69671},"arcs":[[73,-73,-65,-44,74]]},{"type":"Polygon","properties":{"a":307,"b":"Stara Zagora","c":25.52682,"d":42.35731},"arcs":[[-67,-72,-9,-19,-48,-51]]},{"type":"Polygon","properties":{"a":311,"b":"Kardzhali","c":25.62874,"d":41.46705},"arcs":[[-7,75,-68,-20]]},{"type":"Polygon","properties":{"a":314,"b":"Pernik","c":22.88337,"d":42.62295},"arcs":[[76,-61,-27,77,-63]]},{"type":"Polygon","properties":{"a":322,"b":"Vidin","c":22.67529,"d":43.77643},"arcs":[[-57,78]]},{"type":"Polygon","properties":{"a":312,"b":"Grad Sofiya","c":23.30617,"d":42.68681},"arcs":[[-77,-62]]},{"type":"Polygon","properties":{"a":332,"b":"Blagoevgrad","c":23.53815,"d":41.65048},"arcs":[[-12,-70,79,-25,-60]]},{"type":"Polygon","properties":{"a":329,"b":"Varna","c":27.57044,"d":43.15097},"arcs":[[80,-75,-43,-28]]}]}},"arcs":[[[743,821],[1,-10],[-3,-6],[-10,-20],[-6,6],[-15,-19],[3,-6],[-3,-8],[-11,-8],[-1,-8],[2,-7],[-1,-10]],[[699,725],[-7,2],[-1,-14],[-6,-2],[-6,-8],[-8,2],[-10,0],[-2,10],[2,12],[-8,4],[-10,2],[-5,5],[3,12],[-6,10],[-15,12],[-7,-4]],[[613,768],[-5,8],[3,19],[-1,8],[1,6],[5,-6],[6,6],[9,0],[4,12],[3,3],[0,14],[3,4],[-4,4],[-5,0],[-9,6],[0,15],[8,6],[4,12],[12,20]],[[647,905],[11,0],[4,-8],[9,6],[6,-8],[5,-16],[13,-8],[6,0],[4,-13],[2,4],[10,7],[0,-5],[11,-16],[1,-12],[6,0],[2,-8],[6,-7]],[[605,269],[15,-11],[15,-2],[3,-6],[3,-16],[6,14],[6,-2],[3,-8],[0,-14],[3,-6],[9,-7],[3,4]],[[671,215],[-1,-16],[-11,-8],[-16,2],[-6,-10],[-3,-15],[3,-10],[-11,0],[-6,12],[-3,0],[-3,-4],[-13,-2],[-11,-14],[0,-10],[2,-4]],[[592,136],[-8,-4],[-1,-5],[-5,-2],[-1,-8],[-8,-10],[-7,6],[-6,12],[-2,13],[-6,4],[-6,-4],[-4,-11],[-6,3],[-6,-3],[-6,5],[0,8],[5,14],[-5,14],[-3,7],[-3,0],[-6,8],[-3,0],[-3,-6],[-13,10],[-3,16],[-6,-2],[-3,-8],[-5,-2],[-9,2],[-6,20],[2,9]],[[459,222],[7,8],[6,14],[-1,12],[1,4],[-3,23],[0,16],[6,-4]],[[475,295],[6,-4],[5,2],[4,-6],[6,0],[3,23],[6,2],[5,-2],[7,8],[6,-4],[0,-11],[-3,-6],[5,-2],[4,4],[12,-16],[3,-8],[7,6],[12,14],[11,-4],[10,-16],[3,-8],[5,-6],[6,6],[7,2]],[[329,441],[-2,-15],[0,-16],[3,-2],[3,-8],[-1,-11],[1,-14],[3,-2],[5,-10],[-3,-14],[3,-5],[1,-10],[-1,-16],[4,-8],[-1,-4],[-8,-7],[0,-14],[-1,-8],[3,-25],[-2,-14]],[[336,238],[-4,-20],[-11,-11],[-7,-14],[0,-16],[-8,-9],[-9,0],[-3,-6],[-3,2],[3,11],[-6,10],[-9,2],[-6,-2],[2,-8],[4,-9],[2,-12],[-5,-6]],[[276,150],[-6,8],[-18,19],[-4,10],[-6,-2],[-6,10],[-5,12],[-1,15],[-5,12],[2,12],[3,15],[6,8],[-5,6],[0,8],[3,8],[0,8],[-7,7],[-2,8]],[[225,314],[6,4],[0,6],[9,6],[5,12],[1,9],[3,2],[8,-9],[3,5],[0,6],[-3,2],[-3,12],[4,16],[6,2],[6,4],[3,11],[-3,8],[-9,-2],[-6,8],[-7,14],[0,15],[10,2],[12,-8],[6,6],[9,4],[3,10],[12,6],[9,-4],[3,-10],[6,-4],[2,-4],[9,-2]],[[699,725],[8,-2],[0,-12],[-2,-4],[-4,-12],[-1,-7],[5,-16],[0,-14],[-4,-2],[-4,-17],[-5,-2],[-4,-8],[5,-8],[-1,-4],[-4,-2],[-2,-11],[-5,-4],[2,-10],[-9,-6]],[[674,584],[-12,10],[-9,-4],[-9,6],[-3,-4],[0,8],[-4,2],[-5,-4],[-6,2],[0,-14],[-7,-12],[-8,-2]],[[611,572],[-6,6],[-7,2],[0,8],[3,10],[-5,4],[-4,19],[0,8],[4,18],[5,0],[-3,13],[-5,10],[0,8],[3,6],[-4,8],[-6,3]],[[586,695],[0,14],[-8,4],[-4,14],[9,6],[3,7],[4,18],[8,8],[12,-2],[3,4]],[[426,508],[0,-4]],[[426,504],[-2,-12],[3,-23],[-1,-8],[-3,0],[4,-14],[0,-12],[9,-13],[8,0],[4,2],[3,-6],[-3,-12],[6,-12],[0,-5],[-9,3],[-4,-3],[1,-20],[6,-20],[-12,-7],[-1,-12],[3,-14],[4,-2],[9,-11],[2,7],[7,4],[6,-2],[6,-8],[3,-9]],[[459,222],[-5,2],[-9,-15],[-1,-6],[-5,-6],[-1,-12],[-3,0]],[[435,185],[-6,2],[-6,14],[-11,-4],[-3,10],[-10,13],[-6,10],[-8,4],[-16,-4],[-8,-8],[-7,-7],[-18,23]],[[329,441],[6,2],[4,4],[0,8],[-3,4],[-6,10],[-6,7],[-3,14],[6,16]],[[327,506],[6,0],[11,13],[13,-1],[7,-4],[5,-12],[7,-8],[11,-2],[0,2],[9,0],[7,-2],[8,0],[6,6],[4,8],[5,2]],[[139,379],[12,0],[6,-20],[4,-8],[5,-2],[1,-7],[-4,-6],[-8,-16],[3,-8],[15,4],[3,-4],[3,-9],[9,-4],[-2,-8],[-4,-4]],[[182,287],[-7,-10],[-9,-2],[-20,10],[-9,0],[-13,-12],[-11,-2],[-9,6],[-3,0],[-3,6],[-4,0],[-5,-12],[-1,-6],[-3,0],[-6,-9]],[[79,256],[-3,7],[-6,0],[0,6],[-11,0],[-16,12],[-18,22],[-3,15],[-6,8],[-16,33],[2,2],[11,2],[3,16],[9,11],[3,4],[3,20],[-3,10],[-15,21],[1,20]],[[14,465],[8,2],[7,-2],[6,0],[5,-4],[3,-10],[9,-23],[3,2],[3,-6],[0,-12],[9,-18],[3,-3],[6,-14],[9,-2],[6,8],[13,4],[15,-8],[2,10],[4,-6],[9,-6],[5,2]],[[916,707],[-12,0],[-7,12],[-5,0],[-10,-8],[-11,6],[-14,29],[-6,2],[-12,22],[-5,-8],[-9,-8],[-3,4],[-1,8],[-5,10],[-6,2]],[[810,778],[-3,11],[-3,2],[-13,-4],[-5,4],[-3,10],[-9,10]],[[774,811],[6,2],[-3,8],[0,15],[8,10],[4,10],[8,-8],[7,0],[-1,16],[9,7],[7,-5],[6,7],[0,10],[3,10],[3,2],[3,-4],[6,0],[0,10],[5,6],[0,7],[3,4],[4,0]],[[852,918],[6,-13],[10,4],[12,9],[8,2],[4,-9],[8,-40],[4,-5],[33,-24],[35,-8],[22,2],[0,-45],[5,-19],[-2,-12],[-6,-20],[-12,-19],[-1,-10],[-2,4],[-15,14],[-7,2],[-14,-6],[-10,0],[-8,-6],[-6,-12]],[[469,819],[-9,-12],[-3,-14],[-3,-8],[0,-11],[5,-4],[-8,-20],[-6,-8],[2,-7],[7,0],[5,-22],[1,-12],[-12,-17],[-6,-2]],[[442,682],[-7,9],[-6,18],[-2,-8],[-6,-9],[-10,-6],[-5,0],[-3,6],[-19,0],[-12,-18],[-3,4],[-3,-8],[-9,-14],[-3,4],[-9,0],[-10,6],[-5,10],[-6,6],[-7,-6],[-2,-6],[-13,-6],[-9,4],[-5,0],[-3,4],[-18,-14]],[[267,658],[-9,8],[-3,4],[5,16],[13,8],[3,-2],[6,5],[11,0],[7,6],[3,32],[-3,15],[-7,2],[-5,10],[-1,12],[-5,11],[14,20],[4,-2],[9,8],[8,14],[1,17]],[[318,842],[6,2],[9,10],[6,2],[5,0],[32,-20],[8,-2],[33,4],[19,-10],[21,-3],[6,-1],[6,-5]],[[586,695],[-12,4],[-2,14],[-4,0],[-8,-4],[-16,6],[-9,12],[-6,-6],[-9,4],[-9,15],[3,18],[-3,2],[-4,-4],[0,6],[-8,8],[-1,8],[3,4],[4,11],[-4,18]],[[501,811],[12,2],[9,4],[9,11],[10,0],[7,4],[3,12],[11,12],[10,23],[20,22],[0,4],[10,17],[5,4],[13,6],[15,8]],[[635,940],[3,-10],[5,-2],[4,-23]],[[267,658],[3,-11],[-3,-22],[-9,2],[0,-10],[2,-8]],[[260,609],[-6,-11],[-6,4],[-15,4],[-6,5],[-6,-5],[-3,-6],[-8,-2],[-4,8],[-14,-14],[-4,4],[-2,8],[-13,21],[0,6],[6,2],[-6,10],[-6,0]],[[167,643],[0,9],[5,6],[4,0],[3,8],[-10,8],[-12,6],[1,10],[3,7],[8,18],[1,25],[5,12],[7,4],[3,-2],[6,0],[7,10],[3,-2],[2,6],[-9,12],[-2,9],[5,6],[0,8],[6,23],[3,30],[-3,11]],[[203,867],[16,4],[12,-9],[59,-22],[28,2]],[[810,778],[-13,-4],[-8,-12],[6,-4],[-3,-12],[5,-6],[-12,-25],[0,-8],[6,-12],[-8,-7],[0,-16],[-12,-2],[-4,-4],[0,-8],[4,-7],[6,-4],[0,-8],[-6,-4],[-3,-6],[5,-8],[-6,-6],[9,-2],[0,-9],[-8,-2],[-13,-14],[6,-16]],[[761,572],[-6,-4],[-8,-3],[-7,3],[-11,-2],[-6,6],[-12,-2],[-6,-13],[-5,-4],[-6,-2],[-6,4],[-2,13],[-12,-5]],[[674,563],[-3,11],[3,10]],[[743,821],[9,9],[6,-6],[6,-13],[10,0]],[[435,649],[0,-6],[4,-4],[3,-10],[5,-4],[21,0],[4,-16],[5,-3],[10,-2],[11,0],[4,-2],[11,-2],[3,-14],[-5,-18],[12,-17],[0,-16],[-4,-12],[4,-13]],[[523,510],[-1,-10],[-9,12],[-5,-6],[-3,2],[-4,-4],[-5,2],[-4,-6],[-5,0],[-9,6],[-9,2],[-6,-6],[-6,10],[-7,0],[-8,-6],[-9,-4],[-7,2]],[[426,508],[-3,15],[-3,16],[-14,12],[-1,4],[-2,29],[8,16],[-2,11],[2,12],[6,8],[4,23],[14,-5]],[[611,572],[-4,-15],[-11,-6],[-3,-6],[0,-10],[-1,-8],[-8,-2],[-6,-9],[-10,3],[-8,-3],[-7,0]],[[553,516],[-12,2],[-12,-10],[-6,2]],[[435,649],[7,11],[0,22]],[[469,819],[12,-12],[11,0],[9,4]],[[635,940],[46,10],[11,4],[5,5],[11,2],[17,14],[18,2],[4,4],[12,-10],[24,-8],[2,-4],[0,-6],[4,-7],[8,-6],[7,-12],[30,0],[10,4],[4,-2],[4,-12]],[[167,643],[-6,-10],[-6,-4],[-6,2],[-9,-6],[-15,2],[-4,6],[-12,21],[-8,-3]],[[101,651],[0,3],[-13,8],[-12,22],[-3,15],[-12,18]],[[61,717],[6,10],[4,19],[0,6],[9,6],[11,2],[9,4],[0,12],[-5,2],[0,5],[2,18],[6,12],[7,4],[2,6],[-3,13],[-6,4],[0,8],[7,2],[3,19]],[[113,869],[12,2],[11,6],[6,4],[13,4],[27,-2],[16,-15],[5,-1]],[[260,609],[4,0],[9,-21],[-3,-6],[9,-14],[6,-2],[3,-9],[0,-10],[-3,-24],[3,-9],[21,0],[8,-6],[10,-2]],[[225,314],[-7,-6],[-3,2],[-15,-6],[-3,-11],[-6,-10],[-9,4]],[[139,379],[3,11],[-2,14],[3,16],[6,12]],[[149,432],[12,-10],[6,-8],[6,-2],[6,20],[7,-2],[2,-10],[3,-10],[-3,-10],[6,-6],[6,2],[4,-2],[5,6],[-3,10],[-5,8],[-7,23],[-9,32],[3,21],[7,29],[6,18],[-6,-6],[-6,2],[-6,8],[-7,-2],[-9,-6],[-6,4],[-13,14],[-5,-12],[0,-16],[-7,-9],[1,-14],[-4,-6],[-8,4],[-6,-2],[-6,-8]],[[113,492],[-4,16],[-8,0],[-3,6],[-4,0],[-6,13],[-5,-4],[-3,4],[2,10],[-5,-4],[-6,2],[-4,14],[-5,6]],[[62,555],[6,27],[8,4],[10,16],[2,7],[6,8],[6,18],[1,16]],[[674,563],[0,-14],[3,-18],[-3,-11],[2,-8],[-9,-8],[-5,-6],[3,-8],[12,-10],[12,6]],[[689,486],[-1,-21],[-5,-6],[-3,2],[-9,-14],[-9,-4],[-15,0],[-3,-6],[3,-9],[-6,-6],[-3,-14],[-7,-4],[-8,4],[-4,-2],[1,-10],[-4,-5],[-6,-1],[1,-13],[8,-4],[-8,-31],[0,-16],[-1,-12],[-6,-8]],[[604,306],[-8,2],[-10,-2],[-8,14],[2,24],[-3,15],[-9,16],[-2,8],[2,9],[-6,12],[3,14],[-3,8],[-6,8],[9,9],[-2,12],[-3,14],[-6,23],[-1,24]],[[435,185],[-6,-10],[9,-27],[-2,-6],[3,-12],[-6,-7],[-10,-2],[0,-8],[3,-6],[4,-20],[5,-3],[3,7],[7,4],[3,-15],[-1,-16],[-2,-8],[3,-8],[-1,-5],[1,-16],[0,-4]],[[448,23],[-12,8],[-33,23],[-4,-2],[-8,0],[0,-15],[-7,4],[-9,15],[-9,4],[0,2],[-6,0],[-3,6],[0,6],[-6,10],[0,11],[-6,12],[-9,-4],[-3,-6],[-6,0],[-6,-4],[-12,0],[0,8],[-6,8],[-7,-6]],[[296,103],[-20,26],[8,9],[-8,12]],[[750,281],[-3,-2],[-4,-10],[-8,-8],[-3,-9],[-13,-4],[-3,-4],[-11,4],[-7,-8],[-18,4],[-10,-16],[3,-4],[-2,-9]],[[605,269],[0,10],[-1,8],[0,19]],[[689,486],[9,-2],[6,-19],[7,-31],[11,-16],[0,-6],[15,-18],[3,-11],[9,-2],[4,-6],[3,-8],[-1,-10],[-5,-6],[-1,-5],[0,-14],[-3,-16],[1,-10],[5,-9],[-2,-16]],[[883,537],[3,-21],[0,-22],[-10,-4],[-14,4],[-4,-4],[-1,-10],[4,-5],[-15,-6],[-3,-4],[2,-18],[-1,-4],[-16,0],[-3,-4],[-6,-23],[-3,2],[-1,-8],[3,-2],[7,-8],[5,8],[7,-4],[7,4],[2,-14],[6,4],[6,-7],[-4,-4],[2,-4],[1,-12],[4,-6],[7,2],[-1,-8],[1,-2],[-5,-10],[4,-15],[13,-18],[-1,-4],[6,-6],[1,-9],[9,-10],[9,-24],[0,-17],[-7,4],[-9,-2],[-9,6],[-8,0],[-1,-12],[4,-2],[-6,-4],[-10,10],[-6,0],[-12,-6],[-9,-10],[-1,-6],[-8,12],[-12,12],[-7,10],[-8,17],[-9,12],[-6,2],[-4,-4],[-5,-10],[-10,2],[-6,6],[-5,0]],[[761,572],[10,4],[9,8],[9,-4],[6,-10],[5,-11],[7,-2],[6,-8],[9,-2],[14,6],[6,4],[9,-6],[7,-12],[12,-10],[6,2],[7,6]],[[592,136],[10,-13],[2,-18],[4,-4],[2,-8],[-3,-11],[1,-8],[3,-8],[-3,-6],[-6,-21],[-16,-4],[-6,-8],[-6,-2],[-3,0],[-6,-4],[-5,2],[-4,8],[-3,2],[-8,-6],[-7,-2],[-4,-6],[-8,4],[-15,2],[-3,-4],[-3,-6],[-9,-2],[-27,-13],[-7,1],[-3,2],[-8,16],[-3,4]],[[113,492],[17,-23],[1,-18],[6,-2],[9,-12],[3,-5]],[[14,465],[2,12],[-2,5],[8,20],[-3,2],[-6,19],[3,8],[6,6],[3,8],[6,0],[7,6],[12,-6],[11,6],[1,4]],[[61,717],[-11,4],[-4,10],[-6,0],[-6,9],[-5,4],[-4,8],[-5,22],[2,15],[-5,18],[-4,4],[-6,10],[0,21],[-5,6],[-1,10],[3,15],[0,20],[3,8],[0,15],[3,8],[9,4],[6,0],[4,14],[11,2],[0,15],[1,16],[-1,4],[7,14],[8,5],[34,-35],[6,-4],[8,-2],[6,-3],[1,-10],[-3,-12],[-4,-4],[-14,-4],[-4,-4],[-5,-33],[3,-14],[9,-6],[21,2]],[[296,103],[-3,-4],[-2,-8],[-9,8],[-6,0],[-4,-4],[1,-17],[-3,-8],[-6,6],[-6,-10],[-3,0],[-9,10],[-4,-8],[-14,-4],[-4,-10],[-12,0],[-11,-10],[-4,0],[-12,8],[-15,2],[-10,-10],[-3,0],[-8,8],[-6,-2],[-6,-9],[-3,-12],[-12,-4],[-31,8],[4,4],[0,7],[0,16],[0,10],[0,39],[-1,4],[0,16],[6,9],[6,22],[0,8],[-3,7],[-8,2],[-6,30],[-4,4],[-2,17],[-1,16],[-3,12]],[[916,707],[-9,-35],[-4,-10],[-11,-4],[-6,-4],[6,-7],[2,-6],[-3,-14],[-3,-18],[-3,-7],[-2,-12],[3,-14],[0,-29],[0,-6],[-3,-4]]],"transform":{"scale":[0.00626476777777778,0.002993323713713718],"translate":[22.34502323,41.23810415]},"bbox":[22.34502323,41.23810415,28.60352624,44.22843454]}