{"type":"Topology","objects":{"all":{"type":"GeometryCollection","bbox":[-5.52257808,2.3901689,9.39188263,15.07990753],"geometries":[{"type":"Polygon","properties":{"a":280,"b":"Namentenga","c":-0.48153,"d":13.1769},"arcs":[[0,1,2,3,4]]},{"type":"Polygon","properties":{"a":264,"b":"Soum","c":-1.2914,"d":14.22887},"arcs":[[5,6,7,8,9,10]]},{"type":"Polygon","properties":{"a":255,"b":"Kompienga","c":0.96293,"d":11.43767},"arcs":[[11,12,13,14]]},{"type":"Polygon","properties":{"a":288,"b":"Bougouriba","c":-3.41445,"d":10.88686},"arcs":[[15,16,17,18,19]]},{"type":"Polygon","properties":{"a":290,"b":"Tuy","c":-3.53712,"d":11.35614},"arcs":[[20,21,-19,22,23]]},{"type":"Polygon","properties":{"a":298,"b":"Tapoa","c":1.78044,"d":12.02519},"arcs":[[-12,24,25,26]]},{"type":"Polygon","properties":{"a":293,"b":"Poni","c":-3.26046,"d":10.18371},"arcs":[[27,28,-16,29]]},{"type":"Polygon","properties":{"a":257,"b":"Houet","c":-4.32254,"d":11.26549},"arcs":[[30,-23,-18,31,32,33,34]]},{"type":"Polygon","properties":{"a":292,"b":"Komoé","c":-4.43533,"d":10.31631},"arcs":[[-32,-17,-29,35,36,37]]},{"type":"Polygon","properties":{"a":285,"b":"Kouritenga","c":-0.2051,"d":12.13014},"arcs":[[38,39,40,-2,41]]},{"type":"Polygon","properties":{"a":259,"b":"Banwa","c":-4.17463,"d":12.19053},"arcs":[[42,43,-35,44]]},{"type":"Polygon","properties":{"a":284,"b":"Ganzourgou","c":-0.77708,"d":12.22772},"arcs":[[-3,-41,45,46,47,48,49,50]]},{"type":"Polygon","properties":{"a":281,"b":"Sanmatenga","c":-0.97681,"d":13.22992},"arcs":[[-4,-51,51,52,53,-7,54]]},{"type":"Polygon","properties":{"a":297,"b":"Yagha","c":0.56204,"d":13.43333},"arcs":[[55,56,57,58]]},{"type":"Polygon","properties":{"a":276,"b":"Sissili","c":-2.2615,"d":11.16625},"arcs":[[59,60,61,62,63,64,65]]},{"type":"Polygon","properties":{"a":265,"b":"Nayala","c":-2.96555,"d":12.72927},"arcs":[[66,67,68,69,70]]},{"type":"Polygon","properties":{"a":289,"b":"Ioba","c":-2.9453,"d":11.07963},"arcs":[[71,-62,72,-30,-20,-22]]},{"type":"Polygon","properties":{"a":262,"b":"Mou Houn","c":-3.34327,"d":12.24671},"arcs":[[73,74,-24,-31,-44,75,-69]]},{"type":"Polygon","properties":{"a":266,"b":"Sourou","c":-2.92185,"d":13.2177},"arcs":[[76,77,78,-71,79,80]]},{"type":"Polygon","properties":{"a":291,"b":"Léraba","c":-5.21383,"d":10.69761},"arcs":[[-37,81,82]]},{"type":"Polygon","properties":{"a":268,"b":"Boulkiemdé","c":-2.14415,"d":12.17715},"arcs":[[83,84,85,86,-65,87,88]]},{"type":"Polygon","properties":{"a":275,"b":"Sanguié","c":-2.63286,"d":12.2855},"arcs":[[-88,-64,89,-74,-68,90]]},{"type":"Polygon","properties":{"a":270,"b":"Bazéga","c":-1.45081,"d":11.9563},"arcs":[[-48,91,92,-86,93]]},{"type":"Polygon","properties":{"a":256,"b":"Gourma","c":0.55765,"d":12.09444},"arcs":[[-15,94,95,-39,96,97,-25]]},{"type":"Polygon","properties":{"a":273,"b":"Passoré","c":-2.1803,"d":12.89781},"arcs":[[98,-53,99,100,-89,-91,-67,-79,101,102]]},{"type":"Polygon","properties":{"a":296,"b":"Séno","c":-0.05712,"d":13.9317},"arcs":[[-58,103,-5,-55,-6,104,105]]},{"type":"Polygon","properties":{"a":279,"b":"Yatenga","c":-2.5171,"d":13.65337},"arcs":[[106,-103,107,-77,108,109]]},{"type":"Polygon","properties":{"a":277,"b":"Ziro","c":-1.87015,"d":11.61314},"arcs":[[110,111,-66,-87,-93]]},{"type":"Polygon","properties":{"a":272,"b":"Oubritenga","c":-1.34003,"d":12.6155},"arcs":[[-52,-50,112,113,-100]]},{"type":"Polygon","properties":{"a":286,"b":"Nahouri","c":-1.24929,"d":11.18811},"arcs":[[114,115,-60,-112,116]]},{"type":"Polygon","properties":{"a":258,"b":"Kénédougou","c":-4.89811,"d":11.52842},"arcs":[[-38,-83,117,-33]]},{"type":"Polygon","properties":{"a":267,"b":"Bam","c":-1.58512,"d":13.50376},"arcs":[[-54,-99,-107,118,-8]]},{"type":"Polygon","properties":{"a":263,"b":"Oudalan","c":-0.33408,"d":14.66842},"arcs":[[-105,-11,119]]},{"type":"Polygon","properties":{"a":287,"b":"Zoundwéogo","c":-1.06944,"d":11.53733},"arcs":[[-47,120,-117,-111,-92]]},{"type":"Polygon","properties":{"a":282,"b":"Boulgou","c":-0.51985,"d":11.67314},"arcs":[[-40,-96,121,122,-115,-121,-46]]},{"type":"Polygon","properties":{"a":295,"b":"Komondjari","c":0.73737,"d":12.76673},"arcs":[[-26,-98,123,-56,124]]},{"type":"Polygon","properties":{"a":271,"b":"Kadiogo","c":-1.53519,"d":12.29749},"arcs":[[-49,-94,-85,125,-113]]},{"type":"Polygon","properties":{"a":283,"b":"Koulpélogo","c":0.23147,"d":11.41475},"arcs":[[-14,126,-122,-95]]},{"type":"Polygon","properties":{"a":294,"b":"Gnagna","c":0.05657,"d":13.05236},"arcs":[[-124,-97,-42,-1,-104,-57]]},{"type":"Polygon","properties":{"a":261,"b":"Balé","c":-3.13512,"d":11.69827},"arcs":[[-90,-63,-72,-21,-75]]},{"type":"Polygon","properties":{"a":278,"b":"Loroum","c":-2.0767,"d":13.94553},"arcs":[[-9,-119,-110,127]]},{"type":"Polygon","properties":{"a":274,"b":"Zondoma","c":-2.29679,"d":13.16805},"arcs":[[-102,-78,-108]]},{"type":"Polygon","properties":{"a":260,"b":"Kossi","c":-3.85482,"d":12.9244},"arcs":[[-80,-70,-76,-43,128]]},{"type":"Polygon","properties":{"a":269,"b":"Kourwéogo","c":-1.77205,"d":12.65379},"arcs":[[-126,-84,-101,-114]]}]}},"arcs":[[[669,720],[-1,-3],[-8,-10],[2,-18],[-3,-9],[-1,-18],[-4,-6],[-2,-10],[-1,-15],[8,-23],[13,-13],[-3,-13],[3,-12],[-1,-13]],[[671,557],[-23,-17],[-6,0],[-22,7]],[[620,547],[-1,16],[-5,14],[-2,0]],[[612,577],[0,10],[-3,10],[-6,9],[-8,19],[3,9],[8,-8],[4,2],[2,10],[-1,10],[4,30],[-1,10],[-4,21],[-4,8],[-3,19],[1,15],[6,5],[4,18],[0,14],[6,7]],[[620,795],[8,-4],[10,-14],[3,-14],[10,-16],[5,-3],[14,-3],[-4,-14],[3,-7]],[[626,834],[2,-9],[-3,-14],[-3,-6],[-6,-1]],[[616,804],[-8,-9],[-18,-12],[-17,-5],[-9,-7],[-3,2],[-9,-6],[-7,0],[-16,-4]],[[529,763],[-4,4],[-14,6],[-4,7],[-4,11],[-10,-6],[-5,-1],[-5,-6],[-6,-17]],[[477,761],[-9,13],[-7,17],[1,16],[-8,7],[-14,13],[-6,10]],[[434,837],[8,7],[2,42],[1,6],[10,3],[19,-2],[9,2],[44,40],[5,2],[24,9],[10,7]],[[566,953],[10,-11],[6,-12],[4,-3],[11,-22],[1,-10],[9,-12],[10,-17],[1,-18],[2,-9],[6,-5]],[[853,408],[0,-19],[4,-7],[20,-20]],[[877,362],[-3,-3],[0,-7],[-8,-5],[1,-12],[-5,-3],[-4,5],[1,-7],[-2,-5],[-6,5],[-5,-2],[-3,4],[-3,-7],[3,-14],[-5,2],[-6,-5],[4,-7],[0,-10],[-8,0],[-7,5],[-4,-10],[2,-8],[-8,3],[-29,-2],[-23,-8],[0,12],[-14,3]],[[745,286],[6,19],[6,-9],[3,2],[1,10],[6,10],[1,7],[-3,17],[5,8],[-6,19],[-1,17],[1,12]],[[764,398],[1,3],[9,7],[11,4],[3,3],[0,10],[18,18],[14,-3],[7,-5],[2,-5],[8,-2],[2,-7],[14,-13]],[[312,237],[-5,-3],[-14,-15],[-15,-9],[-7,9],[-6,1],[-9,-3],[-13,5],[-13,-2]],[[230,220],[-1,3],[-9,4],[0,9],[9,0],[0,8],[-2,8]],[[227,252],[0,4],[8,3],[2,10],[7,9]],[[244,278],[-1,10],[8,8],[3,7],[8,7],[4,-2],[14,5]],[[280,313],[14,4],[9,-4],[-1,-13],[1,-7],[-6,-24],[1,-8],[-5,-7],[3,-2],[-2,-8],[12,2],[6,-9]],[[244,415],[10,-9],[8,-1],[7,-6],[-4,-11],[9,-9],[6,-2],[3,-15],[6,6],[5,-1],[16,15],[5,0],[8,-6],[4,2],[6,-4],[1,3],[6,-3],[-3,-9],[3,-6],[0,-9],[-2,-3],[0,-10],[-2,-5]],[[336,332],[-5,3],[-18,7],[-9,-2],[-5,4],[-6,-2],[-9,-14],[-4,-15]],[[244,278],[-7,1],[-15,19],[-4,10],[-8,-1],[-4,10],[5,23],[0,5],[-5,4],[-2,15],[-8,13],[-3,17],[5,18],[-1,11],[1,9]],[[198,432],[9,-9],[0,-5],[17,-10],[11,7],[9,0]],[[853,408],[2,1],[6,21],[4,53],[-8,1],[-5,5],[-3,8],[2,17],[-2,17],[0,10],[5,14],[5,26],[-2,13]],[[857,594],[5,10]],[[862,604],[14,-14],[15,-18],[4,-4],[33,-4],[6,4],[4,12],[8,5],[18,-3],[5,-12],[6,-7],[1,-13],[5,-12],[-3,-8],[-8,-2],[-12,-4],[-2,-6],[18,-34],[18,-37],[7,-7],[-6,-22],[-7,-12],[0,-7],[-18,-18],[-16,-24],[-4,-2],[-18,6],[-8,-4],[-8,0],[-15,-6],[-4,11],[-12,0],[-4,3],[-2,-3]],[[329,232],[1,-5],[-3,-10],[5,-14],[0,-5],[4,-10],[6,-7],[6,0],[-9,-10],[0,-8],[5,-7],[5,-2],[0,-6],[-5,-9],[1,-25],[4,-10],[-1,-16],[4,-12],[-8,-18],[5,-7],[2,-7],[-3,-13],[10,-14],[-10,-17],[-6,2],[-12,24],[-10,30],[-5,2],[-4,-2],[-6,7],[-1,10],[-3,3],[-8,4],[0,10],[-4,0],[-6,-12],[-4,2],[0,8],[-4,-1],[-6,5],[-20,1],[-7,-1],[-7,5],[-2,-2],[-11,0],[-8,-7],[-8,0]],[[206,88],[0,7],[-13,17],[3,12],[10,-2],[11,9],[5,13],[2,7],[-4,17],[9,20],[0,25],[1,7]],[[312,237],[6,0],[4,-8],[7,3]],[[195,445],[2,-2],[1,-11]],[[227,252],[-6,0],[-9,-13],[-1,-7],[-10,-5],[-3,3],[-10,4],[-6,8],[-12,-5],[-12,-7],[-5,5],[-12,4],[-5,15],[-2,3],[-9,2],[-9,-7],[-7,-10],[-12,5],[-6,12]],[[91,259],[5,12],[0,7],[2,5],[12,7],[1,5],[-7,16],[-11,9],[-2,5],[5,12],[1,13],[12,11],[4,-6],[6,4],[3,10],[0,8],[-3,7],[-2,11],[1,8],[-12,3],[1,6],[4,1],[0,17],[2,9],[-2,16],[-12,10]],[[99,465],[4,4],[7,1]],[[110,470],[3,-3],[9,0],[6,5],[5,-3],[0,-10],[4,-4],[-3,-25],[-5,-14],[6,-8],[8,5],[8,-2],[6,9],[1,8],[4,12],[5,5],[6,0],[10,4],[12,-4]],[[206,88],[-12,-8],[-1,-5],[-5,0],[-4,-4],[-10,4],[-3,-2],[-6,-10],[-6,0],[-6,-12],[-1,-13],[-7,3],[-3,-5],[-1,8],[-13,2],[-1,3],[1,9],[-4,3],[-2,-8],[-6,5],[-11,-7],[-8,12],[-2,-2],[-6,5],[5,4],[-4,8],[-14,10],[-2,-5],[-4,5],[2,12],[-5,7],[4,7],[-7,10],[-5,-2],[-2,3],[3,4],[-5,8],[0,9],[-4,-2],[-1,14]],[[50,158],[3,3],[3,10],[0,10],[-5,14],[-3,5],[2,8],[3,-1],[11,3],[3,0],[6,15],[-2,12],[1,7],[-13,5],[-1,3]],[[58,252],[7,5],[5,6],[19,-1],[2,-3]],[[687,499],[1,-3],[13,-17],[0,-5],[-14,-7],[-3,-8],[-1,-14]],[[683,445],[-13,-15],[-5,-8],[-16,4],[-6,7],[-5,12],[1,10]],[[639,455],[5,11],[-1,17],[1,1],[-7,10],[-5,20],[1,7],[-2,10],[-10,9],[-1,7]],[[671,557],[-3,-16],[1,-6],[10,-9],[0,-6],[-4,-7],[-1,-7],[4,-5],[9,-2]],[[160,585],[13,-8],[-3,-7],[0,-16],[2,-4],[1,-14],[8,-12],[7,2],[5,5],[1,7],[5,13],[8,2],[7,-3],[16,1],[16,-8]],[[246,543],[-1,-15],[-1,-1],[-7,6],[-8,-6],[-7,-21],[-7,-2],[-1,-20],[-9,-12],[-1,-5],[-6,-14],[0,-6],[-3,-2]],[[110,470],[1,9],[9,5],[-2,9],[11,13],[0,7],[5,3],[2,-5],[5,0],[-1,9],[-5,15],[7,13],[-3,15],[-10,11],[2,10],[14,3],[10,-5],[5,3]],[[639,455],[-13,0],[-4,-3],[-12,-19],[-7,-3],[-7,0]],[[596,430],[-4,6],[-7,2]],[[585,438],[0,7],[-4,8],[-9,12],[-5,11],[0,8],[-4,5]],[[563,489],[0,5],[-4,10]],[[559,504],[0,7],[-3,3],[1,9],[5,8],[1,10],[6,9],[5,0],[8,-10],[8,3],[1,7]],[[591,550],[12,12],[1,15],[8,0]],[[591,550],[-10,7],[-8,13],[-6,5],[-12,0],[-6,14],[-5,6],[-17,7],[-3,7],[-15,0],[-8,8]],[[501,617],[7,16]],[[508,633],[-3,13],[3,7],[9,3],[16,0],[0,17],[3,10],[-3,11],[-5,6],[-2,7],[4,13],[-1,12],[5,15],[-5,16]],[[616,804],[4,-9]],[[820,648],[-22,-14],[-6,-8],[-6,3],[-16,-3]],[[770,626],[3,3],[-11,19],[-10,15],[-17,7],[-7,13],[-8,9],[-4,8],[-3,12],[-7,8],[-1,14]],[[705,734],[9,7],[8,10],[6,3],[3,7],[11,3],[6,10],[5,0],[6,4],[1,5]],[[760,783],[13,-15],[-2,-7],[1,-7],[4,-1],[16,1],[3,-10],[15,-3],[7,-5],[5,-7],[3,-15],[18,-11],[8,-3],[6,-6],[-3,-2],[-7,5],[-2,-8],[-11,3],[-13,5],[-1,-7],[0,-42]],[[497,338],[0,-8],[-7,-20],[0,-3],[17,-11],[5,0],[5,-5],[2,-7]],[[519,284],[-19,2],[-5,-5],[-47,0],[-28,0],[-31,-2],[-36,0]],[[353,279],[0,7],[3,5],[5,0],[3,7],[-1,8],[-8,9],[-10,-8],[-2,16]],[[343,323],[3,9],[8,8],[12,-2],[5,7],[6,2],[-1,10],[-14,12],[-3,20]],[[359,389],[11,0],[1,14],[6,18],[3,4],[12,8],[9,2],[12,5]],[[413,440],[1,2]],[[414,442],[2,-7],[1,-26],[-3,-1],[-12,0],[-1,-26],[1,-4],[7,-6],[6,2],[6,-3],[4,-7],[0,-7],[7,-12],[6,-3],[2,-7],[5,-3],[10,13],[7,-3],[2,-7],[5,-3],[5,3],[9,12],[8,-2],[6,-7]],[[358,621],[-3,-22],[9,-12]],[[364,587],[-6,-12],[-8,-8],[1,-12],[3,-7],[-6,-15],[-9,-10]],[[339,523],[-3,4],[-5,-1],[-8,-7],[-15,11],[-4,5],[-6,13],[-3,2],[-8,0],[-1,10],[1,17],[-1,2],[-9,-4],[-1,-5],[-4,0],[1,5],[-5,12],[-4,3]],[[264,590],[1,5]],[[265,595],[3,6],[0,8],[4,7],[7,5],[5,10],[10,3],[6,-10],[8,1],[6,-4],[8,5],[10,-9],[9,-3],[7,7],[10,0]],[[336,332],[-2,-7],[9,-2]],[[353,279],[-3,2],[-11,0],[3,-12],[-6,-10],[-7,-27]],[[339,523],[0,-5],[-6,-7],[0,-7],[7,-8],[1,-9],[4,-10],[-2,-8],[-9,7],[-4,-4],[-1,-5]],[[329,467],[-9,-5],[-6,4],[-5,8],[-7,-4],[-6,6],[-6,-4],[1,-12],[7,-10],[5,0],[4,-11],[-6,-4],[-7,7],[-6,-4],[-6,2],[-1,10],[-8,5],[-16,-2],[-1,-8],[-4,-5],[-4,0],[-5,-7],[-2,-10],[3,-8]],[[246,543],[4,5],[-1,9],[5,20],[-4,5],[3,3],[7,0],[4,5]],[[327,746],[9,-14],[19,-9],[10,-11],[1,-15],[4,-12]],[[370,685],[6,-5],[7,0],[6,-2],[-1,-5],[-13,-23],[-8,-2],[-6,2],[-4,-7],[1,-14]],[[358,629],[0,-8]],[[265,595],[-5,11],[-1,19],[1,10],[-2,11],[1,17]],[[259,663],[3,0],[-1,12],[4,7],[22,3],[-4,44],[3,20],[-4,7],[3,4],[9,-9],[9,2],[6,-7],[1,-6],[6,6],[6,-3],[5,3]],[[50,158],[-6,0],[-5,5],[-11,1],[-2,-5],[-9,0],[-6,2],[0,5],[-6,2],[-4,15],[1,10],[4,17],[2,10],[-4,5],[1,11],[5,6],[1,12],[-7,24],[-1,-2],[-1,15]],[[2,291],[11,-1],[5,-4],[13,-15],[3,-12],[8,-10],[16,3]],[[452,577],[3,-10],[11,-7],[3,-5],[2,-14],[-6,-6],[-10,3],[-8,0],[-5,-7],[-7,-21],[6,-6],[14,12],[12,2]],[[467,518],[4,-14],[-2,-10],[-8,-10]],[[461,484],[-11,-8],[-2,-10],[-9,-11]],[[439,455],[-2,-5],[-16,-7],[-7,-1]],[[413,440],[1,12],[-4,0],[-9,-5],[-8,8],[-8,4],[-1,10],[6,8],[-5,7],[7,8],[3,5],[0,10],[-3,29],[9,4],[11,11],[5,14],[-2,3],[-6,-6],[-3,10]],[[406,572],[4,3],[12,6],[12,-1],[10,2],[4,-7],[4,2]],[[359,389],[-1,0],[-11,26],[-11,1],[-7,2],[1,7],[4,0],[6,10],[-6,10],[2,15],[-3,-1],[-4,8]],[[364,587],[13,14],[6,-3],[-3,-13],[1,-3],[12,-2],[-6,-10],[3,-5],[16,7]],[[585,438],[-6,-2],[-17,9],[-7,-3],[-13,-14],[-1,-5],[-10,-22],[-4,-17]],[[527,384],[-10,7],[-8,12],[-8,5],[-4,7],[-6,3],[-9,10],[-11,17],[-3,2],[-6,-4],[-10,0],[-3,-3],[-5,10],[-5,5]],[[461,484],[8,-12],[5,0],[7,-5],[4,7],[14,9],[7,9],[9,-3],[4,-12],[13,6],[4,-4],[5,4],[11,1],[11,5]],[[764,398],[-13,1],[-14,13],[-12,1],[-6,5],[-11,2],[0,-5],[-4,-2]],[[704,413],[-5,17],[-6,2],[-4,3],[-1,7],[-5,3]],[[687,499],[11,17],[8,0],[10,7],[13,1],[6,4],[6,8]],[[741,536],[14,11],[3,1],[14,-13],[8,-19],[3,-2],[7,5],[4,11],[8,10],[0,7],[3,0],[0,7],[3,8],[10,3],[5,10],[6,0],[8,-2],[6,12],[0,5],[14,4]],[[477,655],[11,-16],[9,-1],[4,-5],[7,0]],[[501,617],[-9,4],[-5,0],[-8,-5]],[[479,616],[-17,-5],[-10,-13],[-3,-13],[3,-8]],[[358,629],[20,-3],[14,3],[6,10],[17,11],[9,-5],[4,0]],[[428,645],[5,-6],[9,0],[5,7],[8,-1],[3,11],[3,2],[5,-7],[11,4]],[[705,734],[-15,-5],[-10,5],[-4,0],[-7,-14]],[[626,834],[8,0],[23,3],[9,5],[10,-1],[21,1],[9,14],[5,10],[4,12],[5,3],[3,5]],[[723,886],[18,-24],[6,-11],[-7,-20],[5,-10],[-1,-6],[4,-3],[1,-7],[5,-3],[0,-9],[6,-10]],[[460,729],[5,-15],[0,-20],[6,-12],[6,-3],[3,-16],[-3,-8]],[[428,645],[-2,8],[7,9],[0,11],[3,7],[-3,12],[-9,-2],[-9,2],[-11,5],[-7,0],[-3,5],[-5,-2],[-10,-11],[-9,-4]],[[327,746],[5,1],[-4,17],[0,10],[4,11],[7,32],[18,14],[2,3]],[[359,834],[7,-9],[5,-8],[1,-9],[4,-1],[9,1],[7,9],[4,0],[10,-10],[5,-3],[2,-14],[7,-5],[-1,-11],[7,-25],[4,-23],[11,0],[3,-2],[16,5]],[[527,384],[4,-8]],[[531,376],[-8,-12],[-11,-9],[-6,-10],[-7,-1],[-2,-6]],[[559,504],[-4,-1],[-10,6],[-8,7],[3,19],[-3,8],[-11,2],[-2,-4],[-13,-3],[3,13],[-5,6],[-7,-6],[-3,9],[2,8],[-5,7]],[[496,575],[-1,10],[-7,6],[-1,18],[-8,7]],[[599,317],[6,-16],[5,-8],[-2,-12]],[[608,281],[-16,2],[-6,-7],[-6,7],[-18,1],[-5,-3],[-31,0],[-7,3]],[[531,376],[5,-11],[8,-1],[7,-12],[4,0],[11,-12],[7,0],[1,-8],[5,-4],[7,-11],[8,-6],[5,6]],[[2,291],[1,5],[14,2],[8,8],[2,11],[6,10],[-1,20],[5,10],[0,20],[-2,7],[-8,8],[4,13],[-2,11],[-3,4],[-7,2],[-6,4],[15,4],[1,-2],[15,19],[13,8],[9,0],[6,4],[8,-2],[8,3],[1,-3],[7,2],[3,6]],[[460,729],[1,11],[10,9],[8,4],[-2,8]],[[566,953],[26,31],[6,9],[8,5],[32,0],[5,-14],[9,4],[7,6],[8,2],[9,-3],[17,-9],[32,-15],[-5,-16],[5,-16],[-8,-32],[0,-10],[6,-9]],[[596,430],[-7,-14],[-7,-10],[-1,-7],[7,-15],[15,-10],[3,3],[12,-3],[10,-9],[2,-4],[-2,-14],[-4,2],[-20,-19],[-2,-10],[-3,-3]],[[704,413],[-2,-5],[-7,1],[-7,-6],[-9,-22],[3,-7],[-2,-15],[-3,-4],[-1,-11],[9,-4],[8,4],[5,-7],[-5,-7],[-2,-8],[-5,-4],[-3,-15]],[[683,303],[-24,7],[0,-9],[-8,-8],[-5,7],[-5,-4],[-1,-8],[-8,-9],[-9,0],[-6,-13],[-6,8],[2,4],[-5,3]],[[741,536],[-3,22],[-3,29],[-3,8],[-4,4],[4,8],[0,9],[5,2],[10,-6],[10,-3],[10,7],[3,10]],[[820,648],[1,-9],[13,-3],[4,-3],[24,-29]],[[467,518],[7,5],[11,5],[-5,29],[13,5],[3,13]],[[745,286],[-62,17]],[[359,834],[7,11],[14,11],[6,3],[10,-3],[30,-19],[8,0]],[[160,585],[3,2],[2,12],[-1,20],[-4,10],[-3,4],[-5,13],[-4,6],[4,13],[8,-2],[3,5],[-4,5],[7,9],[7,3],[6,15],[8,6],[9,10],[7,-3],[-9,-10],[10,-3],[14,-5],[9,-12],[6,-3],[11,-12],[6,-5],[9,0]]],"transform":{"scale":[0.007920667647647647,0.005693718618618619],"translate":[-5.52257808,9.39188263]},"bbox":[-5.52257808,9.39188263,2.3901689,15.07990753]}