{"type":"Topology","objects":{"all":{"type":"GeometryCollection","bbox":[-84.94961504,-59.42690996,10.04205964,26.92841218],"geometries":[{"type":"MultiPolygon","properties":{"a":220,"b":"Turks and Caicos Is.","c":-71.7596,"d":21.8124},"arcs":[[[0]],[[1]]]},{"type":"MultiPolygon","properties":{"a":57,"b":"Cayman Is.","c":-81.1993,"d":19.3213},"arcs":[[[2]]]},{"type":"MultiPolygon","properties":{"a":228,"b":"Trinidad and Tobago","c":-61.2561,"d":10.4143},"arcs":[[[3]],[[4]]]},{"type":"Polygon","properties":{"a":56,"b":"Curaçao","c":-68.9189,"d":12.1524},"arcs":[[5]]},{"type":"MultiPolygon","properties":{"a":25,"b":"Bahamas","c":-77.1303,"d":26.3431},"arcs":[[[6]],[[7]],[[8]],[[9]],[[10]],[[11]],[[12]],[[13]],[[14]],[[15]],[[16]],[[17]],[[18]],[[19]],[[20]]]},{"type":"Polygon","properties":{"a":34,"b":"Barbados","c":-59.5378,"d":13.1585},"arcs":[[21]]},{"type":"MultiPolygon","properties":{"a":239,"b":"USNB Guantanamo Bay","c":-75.1293,"d":19.9127},"arcs":[[[22,23]],[[24,25]]]},{"type":"MultiPolygon","properties":{"a":55,"b":"Cuba","c":-79.1455,"d":21.9741},"arcs":[[[26]],[[27,28]],[[29,30]],[[31,32]],[[33]],[[34,35,36,-26,37,-23,38]]]},{"type":"MultiPolygon","properties":{"a":65,"b":"Dominican Rep.","c":-70.3937,"d":18.7997},"arcs":[[[39]],[[40,41]]]},{"type":"MultiPolygon","properties":{"a":14,"b":"Antigua and Barb.","c":-61.7892,"d":17.0724},"arcs":[[[42]],[[43]]]},{"type":"MultiPolygon","properties":{"a":183,"b":"Puerto Rico","c":-66.4518,"d":18.2302},"arcs":[[[44]],[[45]]]},{"type":"MultiPolygon","properties":{"a":91,"b":"Grenada","c":-61.6806,"d":12.1184},"arcs":[[[46]]]},{"type":"MultiPolygon","properties":{"a":245,"b":"U.S. Virgin Is.","c":-64.7805,"d":17.7337},"arcs":[[[47]]]},{"type":"Polygon","properties":{"a":217,"b":"Sint Maarten","c":-63.0761,"d":18.0311},"arcs":[[48,49,50]]},{"type":"Polygon","properties":{"a":157,"b":"Montserrat","c":-62.1874,"d":16.7375},"arcs":[[51]]},{"type":"Polygon","properties":{"a":63,"b":"Dominica","c":-61.3486,"d":15.4442},"arcs":[[52]]},{"type":"MultiPolygon","properties":{"a":124,"b":"St. Kitts and Nevis","c":-62.7631,"d":17.3335},"arcs":[[[53]]]},{"type":"MultiPolygon","properties":{"a":4,"b":"Anguilla","c":-63.0331,"d":18.2676},"arcs":[[[54]]]},{"type":"Polygon","properties":{"a":140,"b":"St-Martin","c":-63.049,"d":18.1172},"arcs":[[-51,55,56]]},{"type":"Polygon","properties":{"a":1,"b":"Aruba","c":-69.9764,"d":12.5223},"arcs":[[57]]},{"type":"MultiPolygon","properties":{"a":244,"b":"British Virgin Is.","c":-64.6131,"d":18.435},"arcs":[[[58]]]},{"type":"Polygon","properties":{"a":132,"b":"Saint Lucia","c":-60.9784,"d":13.9084},"arcs":[[59]]},{"type":"Polygon","properties":{"a":113,"b":"Jamaica","c":-77.3188,"d":18.1552},"arcs":[[60]]},{"type":"MultiPolygon","properties":{"a":242,"b":"St. Vin. and Gren.","c":-61.1998,"d":13.2536},"arcs":[[[61]]]},{"type":"MultiPolygon","properties":{"a":100,"b":"Haiti","c":-72.1952,"d":19.1497},"arcs":[[[62]],[[-41,63]],[[64]]]}]}},"arcs":[[[514,698],[6,0],[1,-7],[-8,3],[1,4]],[[509,704],[2,-6],[-6,6],[4,0]],[[140,549],[2,3],[8,-1],[0,-4],[-12,-1],[2,3]],[[941,47],[-6,-13],[0,-12],[4,-5],[-1,-11],[-8,-4],[-29,0],[9,4],[2,5],[6,2],[0,19],[-4,9],[6,0],[2,3],[19,3]],[[955,77],[0,-5],[-10,-7],[-2,0],[6,8],[6,4]],[[633,121],[0,-4],[-8,4],[-7,12],[0,5],[3,-2],[2,-8],[8,-3],[2,-4]],[[466,657],[-4,-9],[-3,-4],[-18,-1],[0,12],[4,0],[7,6],[3,-4],[5,0],[4,10],[4,-1],[-2,-9]],[[466,673],[-2,6],[6,-3],[-4,-3]],[[464,733],[8,-2],[-8,-4],[0,6]],[[435,750],[0,-11],[-6,-11],[-8,-6],[12,17],[-6,5],[4,6],[4,0]],[[421,752],[6,-2],[-2,-2],[-9,1],[-2,8],[6,-1],[1,-4]],[[350,807],[9,-13],[-9,9],[0,4]],[[377,806],[4,-10],[4,-11],[0,-9],[11,-9],[0,-9],[-6,13],[-7,6],[2,9],[-8,15],[0,5]],[[412,827],[-4,-4],[0,10],[2,1],[2,-7]],[[282,834],[4,0],[0,5],[4,-6],[1,-15],[-3,-8],[-4,-1],[-6,9],[0,9],[-2,8],[8,9],[2,-4],[-4,-6]],[[377,839],[0,-5],[-8,1],[4,5],[-2,3],[-12,20],[2,4],[4,-8],[12,-20]],[[297,890],[2,-2],[-6,-4],[-5,2],[9,4]],[[268,894],[4,-1],[0,-8],[4,-10],[6,-7],[0,-14],[-2,-1],[-8,-11],[-2,0],[-4,13],[-4,-2],[-7,8],[6,5],[-1,4],[6,14],[-2,12],[4,-2]],[[323,918],[1,-5],[8,-7],[4,-1],[2,-5],[8,-7],[-2,-12],[0,-6],[-2,-6],[-6,5],[6,0],[0,7],[2,8],[-8,14],[-10,8],[-5,0],[2,7]],[[251,987],[13,-2],[8,2],[2,3],[2,-8],[-6,1],[-19,-6],[-6,-4],[-6,4],[6,0],[4,8],[-2,1],[2,6],[2,-5]],[[301,971],[4,6],[-6,1],[-2,7],[-9,10],[-2,-1],[-12,5],[12,-1],[5,-3],[10,-15],[8,-6],[0,-14],[-6,-3],[0,-18],[-2,-2],[-2,7],[-4,0],[6,9],[0,18]],[[998,184],[-2,-6],[-6,6],[0,9],[2,2],[6,-11]],[[379,583],[4,4]],[[383,587],[-4,-4]],[[385,583],[-2,4]],[[383,587],[2,-4]],[[82,704],[4,-2],[6,-9],[0,-12],[-12,-7],[-8,1],[-2,5],[6,1],[0,4],[-4,7],[4,12],[6,0]],[[280,705],[-6,9]],[[274,714],[12,-5],[0,-5],[-6,1]],[[274,714],[-4,5],[2,5]],[[272,724],[6,-7],[-4,-3]],[[272,724],[-8,2],[-3,7]],[[261,733],[5,0],[6,-9]],[[261,733],[-6,-1],[-10,5],[0,3],[8,-1],[2,2],[6,-8]],[[280,705],[-2,-1],[2,-8],[13,-4],[0,-5],[4,-1],[-4,10],[12,-9],[-4,-5],[2,-7],[4,9],[6,-10],[11,-5],[0,-3],[12,-1],[8,-8],[0,-3],[6,-1],[11,3],[6,-7],[-2,-7],[2,-6]],[[367,636],[-8,3],[0,-6],[2,-3],[4,5],[6,-2]],[[371,633],[10,-3],[9,1],[8,-7],[2,-2],[12,-15],[8,0],[3,-7],[-5,-8],[-6,1],[-16,-3],[-11,-7]],[[383,587],[0,0]],[[379,583],[-12,-1],[-6,5],[-11,-1],[-10,3],[-10,-3],[-11,0],[-12,-4],[-8,2],[-2,-3],[-15,-2],[0,2],[13,20],[8,5],[4,11],[-6,5],[2,4],[-6,6],[-11,-3],[-8,3],[-10,-1],[-17,22],[0,5],[-4,22],[-4,6],[-17,-5],[-10,2],[-8,6],[-10,0],[0,3],[-7,-1],[0,5],[-6,2],[-10,12],[-17,-1],[-8,5],[-2,10],[-6,-11],[-4,5],[-9,2],[-6,-2],[-2,4],[-12,8],[0,3],[14,0],[6,3],[0,6],[-10,6],[-8,-3],[-4,3],[-23,1],[0,-6],[-10,-5],[-4,-10],[-4,-1],[-3,-6],[-6,-3],[-4,4],[-2,-4],[-12,0],[-2,-3],[0,-12],[-5,1],[-8,-3],[-4,-7],[-4,-1],[2,9],[-4,2],[-8,-6],[-6,0],[0,4],[4,0],[12,7],[10,-1],[-6,9],[0,8],[8,13],[0,4],[13,10],[10,2],[4,5],[6,0],[2,5],[17,5],[10,0],[9,6],[8,2],[10,-1],[15,0],[4,-3],[6,1],[4,-4],[18,2],[7,-1],[0,-4],[12,-7],[8,4],[7,-5],[2,-4],[6,-3],[2,-7],[6,-6],[4,-7],[4,-2],[9,1],[14,-3],[15,-11],[6,-1],[4,-5],[6,-11],[4,5]],[[635,481],[6,-5],[-6,2],[0,3]],[[516,472],[0,12],[2,4],[-9,8],[-2,10],[6,0],[5,9],[0,7],[-3,5],[6,11],[0,4],[-5,6],[2,5],[0,9],[-2,10]],[[516,572],[0,4],[4,7],[6,1],[10,-5],[6,5],[10,0],[1,-5],[8,-5],[6,2],[6,-7],[8,-2],[7,3],[2,-4],[0,-11],[4,-7],[12,2],[4,-3],[5,4],[3,-3],[-3,-7],[-7,-1],[-8,4],[0,-9],[6,0],[15,-6],[6,3],[6,-3],[17,-23],[-4,-15],[-7,1],[-2,-9],[-4,0],[-4,9],[-4,4],[-6,-2],[-4,3],[-11,-2],[-4,3],[-10,1],[-7,-7],[-4,-8],[-10,0],[-6,-1],[0,9],[-6,4],[-2,-6],[-8,-4],[-5,2],[0,-10],[-4,-12],[-4,-7],[-4,-12],[-6,9],[-3,-1],[-1,14],[-4,3]],[[907,419],[4,-1],[-2,-7],[-5,1],[1,10],[2,-3]],[[905,453],[4,-4],[0,-5],[-5,2],[1,7]],[[769,479],[-10,-4],[2,5],[8,-1]],[[701,501],[4,-1],[21,0],[12,-4],[9,1],[8,-6],[2,-7],[-6,-3],[-4,-10],[-13,-5],[-10,4],[-14,-3],[-17,3],[2,11],[-4,11],[4,8],[6,1]],[[913,117],[-3,-1],[-2,5],[3,8],[3,-1],[-1,-11]],[[790,456],[8,0],[-4,-2],[-9,-2],[0,4],[5,0]],[[858,472],[-4,1]],[[854,473],[0,0]],[[854,473],[4,-1]],[[893,397],[-4,-4],[0,8],[4,-4]],[[922,305],[-2,13],[-2,3],[0,10],[6,-3],[2,-6],[0,-14],[-4,-3]],[[870,431],[-4,-1],[0,6],[4,-5]],[[858,483],[-5,-2],[5,6],[0,-4]],[[854,473],[0,0]],[[854,473],[4,5],[0,-6]],[[584,150],[6,-9],[-7,5],[1,4]],[[798,497],[-4,-5],[0,5],[4,0]],[[942,235],[0,-11],[-2,-7],[-5,3],[-1,6],[5,13],[3,-4]],[[340,472],[2,-7],[-4,-2],[-12,0],[-5,6],[-6,-2],[-2,-6],[-8,4],[-2,-9],[0,-3],[-10,10],[-11,-1],[-2,2],[-2,8],[-4,0],[-6,11],[-10,1],[0,6],[6,8],[10,-1],[2,4],[29,-6],[10,0],[4,-8],[17,-7],[4,-8]],[[930,184],[-4,3],[4,10],[2,-7],[-2,-6]],[[474,512],[-15,8],[-3,8],[12,-5],[6,-5],[0,-6]],[[516,472],[-7,10],[-6,2],[-18,0],[-11,-5],[-4,2],[-18,3],[4,2],[-15,-2],[-6,-5],[2,-7],[-4,0],[-4,7],[-9,9],[-6,0],[-6,8],[4,10],[4,3],[5,0],[12,-5],[6,-1],[2,-3],[6,1],[15,-3],[6,1],[8,-3],[6,8],[11,-3],[0,11],[-8,5],[-3,5],[-8,11],[4,3],[-2,6],[0,10],[4,2],[-6,5],[-10,8],[-12,0],[-3,6],[2,3],[9,9],[8,-1],[8,2],[9,-4],[8,-9],[14,0],[6,-3],[3,2]],[[476,592],[2,-3],[-10,3],[8,0]]],"transform":{"scale":[0.02554825333333333,0.016903255795795793],"translate":[-84.94961504,10.04205964]},"bbox":[-84.94961504,10.04205964,-59.42690996,26.92841218]}