{"type":"Topology","objects":{"all":{"type":"GeometryCollection","bbox":[14.38726607,27.44130131,2.23645376,11.00082835],"geometries":[{"type":"Polygon","properties":{"a":445,"b":"Sangha-Mbaéré","c":16.0497,"d":3.6175},"arcs":[[0,1,2]]},{"type":"Polygon","properties":{"a":453,"b":"Vakaga","c":22.5579,"d":9.8211},"arcs":[[3,4,5]]},{"type":"Polygon","properties":{"a":456,"b":"Mbomou","c":23.3924,"d":5.5058},"arcs":[[6,7,8,9,10,11,12,13]]},{"type":"Polygon","properties":{"a":444,"b":"Mambéré-Kadéï","c":15.859,"d":4.5861},"arcs":[[14,-3,15,16,17]]},{"type":"Polygon","properties":{"a":441,"b":"Bangui","c":18.0886,"d":5.105},"arcs":[[18,19,20,-18,21,22,23]]},{"type":"Polygon","properties":{"a":452,"b":"Ouham","c":17.6729,"d":6.9101},"arcs":[[24,25,-24,26,27,28,29,30,31]]},{"type":"Polygon","properties":{"a":442,"b":"Basse-Kotto","c":21.1988,"d":4.6316},"arcs":[[32,-12,33,34]]},{"type":"Polygon","properties":{"a":449,"b":"Nana-Grébizi","c":19.4234,"d":7.0128},"arcs":[[35,36,-25,37]]},{"type":"Polygon","properties":{"a":454,"b":"Haute-Kotto","c":22.9769,"d":7.4956},"arcs":[[38,39,-13,-33,40,41,-4]]},{"type":"Polygon","properties":{"a":455,"b":"Haut-Mbomou","c":26.1226,"d":5.6537},"arcs":[[-10,8,-8,6,-14,-40,42]]},{"type":"Polygon","properties":{"a":450,"b":"Kémo","c":19.1263,"d":5.8358},"arcs":[[43,44,-19,-26,-37]]},{"type":"Polygon","properties":{"a":446,"b":"Nana-Mambéré","c":15.5347,"d":5.5615},"arcs":[[-22,-17,45,46]]},{"type":"Polygon","properties":{"a":448,"b":"Bamingui-Bangoran","c":20.503,"d":8.4975},"arcs":[[-42,47,-38,-32,48,-5]]},{"type":"Polygon","properties":{"a":443,"b":"Lobaye","c":17.6234,"d":4.1692},"arcs":[[49,-1,-15,-21]]},{"type":"Polygon","properties":{"a":447,"b":"Ouham-Pendé","c":15.9845,"d":6.7471},"arcs":[[29,-30,-29,27,-27,-23,-47,50]]},{"type":"Polygon","properties":{"a":451,"b":"Ouaka","c":20.7968,"d":6.1529},"arcs":[[-35,51,-44,-36,-48,-41]]}]}},"arcs":[[[180,229],[2,-2],[12,-29],[9,-4],[3,-4],[11,-4],[8,-6],[7,-16]],[[232,164],[-7,-6],[-7,0],[-3,-6],[-11,0],[-3,-4],[-12,2],[-4,-4],[-9,2],[-7,-4],[-3,-4],[-4,-28],[-3,-8],[1,-9],[-3,-13],[2,-14],[-13,-45],[-8,-23],[-6,20],[-3,11],[3,7],[-3,10],[3,5],[-5,0],[0,10],[4,5],[-4,12],[-2,5],[-4,0],[-1,9],[-4,4],[-9,0],[-6,10],[-14,24],[-15,22],[-6,8]],[[66,162],[13,12],[5,2],[1,-4],[5,2],[4,8],[21,16],[16,2],[1,-3],[13,-5],[3,-4],[5,-1],[2,-5],[14,21],[0,14],[6,14],[5,-2]],[[695,788],[-2,10],[-3,0],[-4,-6],[-3,-16],[-4,-7],[-4,0],[-10,-10],[0,-13],[-21,-8],[-12,-3],[-11,-13],[-8,1]],[[613,723],[0,7],[-4,4],[-11,3],[-7,11],[-3,19],[-12,21],[-4,3],[-5,13],[-2,13],[-5,5],[0,6],[-8,11],[-6,0],[-1,17],[-5,2],[-1,-4],[-6,-5],[-5,-8],[-7,-7],[-7,-1],[-7,-4],[0,-6],[-7,-2],[-2,-7],[-7,4]],[[491,818],[2,6],[7,12],[5,4],[0,9],[4,8],[5,1],[2,10],[10,13],[6,-1],[7,9],[3,15],[5,6],[4,-1],[5,4],[4,5],[0,8],[3,6],[-3,6],[0,12],[2,8],[5,4],[6,0],[4,6],[7,2],[2,10],[9,-2],[7,11],[2,-1],[12,11],[21,-4],[7,-5],[4,0],[12,-28],[7,-8],[14,-20],[26,-61],[4,-24],[-5,-15],[0,-11],[3,-5],[-2,-9],[0,-8],[-7,-10],[-5,-3]],[[802,359],[0,0]],[[802,359],[-7,-11],[-5,-3],[-7,0],[-5,-9]],[[778,336],[0,0]],[[778,336],[-1,1],[0,-10],[-6,0]],[[771,327],[-4,-3],[-2,5],[-2,-8],[1,-5],[-7,-1],[-2,-8],[-2,4],[-5,-7],[-3,1],[-14,-8],[1,-4],[-12,0],[-4,-4],[-14,-5],[-5,-7],[-4,-1],[-4,-8],[-10,5],[-7,12],[-5,-4],[-7,6],[-4,9],[-5,-1],[0,-7],[-3,-7],[-5,3],[-2,-8],[-4,-3],[0,-8],[-3,-9],[-7,-1],[3,-11],[-4,-5],[-3,-12],[-8,-11],[-10,0],[-7,1],[-5,7],[-9,3]],[[584,227],[4,6],[-1,8],[6,14],[0,6],[-10,-1],[-6,1],[2,4],[-3,8],[-11,6],[-2,4],[2,10],[1,16],[4,7],[-3,9],[6,8],[1,20],[0,16]],[[574,369],[0,2],[10,10],[0,7],[4,0],[-1,7],[1,20],[5,15],[8,6],[4,-4],[8,2],[5,4],[7,19],[9,3],[13,-1],[4,-9],[7,-3],[20,-7],[4,2],[1,10],[6,0],[4,11],[63,52]],[[756,515],[21,-35],[4,-6],[7,0],[7,9],[9,2],[14,-16],[0,-5],[-5,-2],[-1,-6],[-10,-4],[14,-20],[4,-8],[6,-4],[-3,-16],[-1,3],[-7,-7],[0,-18],[-2,-8],[-4,-4],[0,-5],[-7,-6]],[[203,317],[0,-5],[-11,-8],[-5,-3],[0,-18],[7,-23],[5,-4],[2,-9],[3,-7],[-5,0],[-2,5],[-7,4],[-7,-9],[-3,-11]],[[66,162],[-7,12],[-7,14],[-3,16],[6,-1],[7,4],[-9,8],[-2,22],[-6,12],[-3,2],[-15,16],[-4,10],[-1,28],[-1,11]],[[21,316],[14,-3],[8,3],[5,-8],[8,7],[22,0],[7,6],[3,-4],[12,0],[-3,18],[4,6],[5,0],[1,-13],[3,-4],[8,4],[4,-5],[5,1],[37,21]],[[164,345],[14,14],[7,-4],[9,2],[10,-12],[4,-12],[0,-2],[-9,-6],[4,-8]],[[324,398],[5,-7],[13,-4],[1,-14],[7,-9],[5,-9],[-3,-16],[0,-6],[7,-14],[2,-12]],[[361,307],[-5,-7],[-2,-12],[-5,-4],[-9,-19],[-4,-16],[-8,-8],[-7,3],[-4,-11],[7,-17],[2,-20],[-4,-10]],[[322,186],[-7,4],[-12,19],[0,18],[-5,10],[-6,2],[-5,12],[-7,0],[-7,5],[-3,-3],[-6,0],[-2,6],[-5,2],[-9,-2],[-7,9],[-2,16],[-5,8],[-10,9],[-6,8],[-8,10],[-7,-2]],[[164,345],[-4,14],[2,21]],[[162,380],[4,1],[7,11],[3,6],[4,6],[17,8]],[[197,412],[0,-8],[6,-8],[5,0],[37,0],[16,15],[7,5],[9,-5],[1,-5],[4,2],[3,-4],[11,2],[0,-6],[10,-1],[-1,-8],[1,-11],[2,-1],[14,9],[2,10]],[[357,722],[0,-16],[-1,-15],[-2,-4],[2,-5],[0,-18],[-1,-6],[0,-9],[-3,-3],[-2,-13],[2,-4],[-16,-12],[-3,-9],[8,-35],[-6,-8],[0,-5],[-4,-5],[-2,-13],[-2,-7],[4,-5],[2,-14],[9,-8],[0,-6],[-4,-3],[-4,-11]],[[334,488],[-1,-3],[9,-14],[0,-16],[3,-4],[-11,-15],[-10,-8],[0,-6],[-2,-6],[2,-18]],[[197,412],[-3,10],[-2,20],[4,2],[-2,7],[2,11],[5,4],[0,3],[7,10],[-5,5]],[[203,484],[0,0]],[[203,484],[-6,0],[-5,-3],[-5,8],[-4,3],[-5,24],[0,14],[-2,7],[0,10],[6,7],[-2,13],[3,5],[0,11],[4,8],[-2,14]],[[185,605],[0,1]],[[185,606],[5,9],[13,3],[0,3],[5,0],[10,16],[18,7],[2,5],[7,2],[2,4],[19,-3],[16,6],[33,1],[7,3],[2,15],[4,4],[10,7],[9,18],[8,13],[4,10]],[[359,729],[-2,-7]],[[556,378],[11,-4],[7,-5]],[[584,227],[-10,1],[-11,5],[-9,2],[-7,-6],[-5,3],[-7,0],[-9,7],[-2,-4],[-6,1],[-6,9],[-16,8],[-8,-4],[-15,-1],[-9,13]],[[464,261],[8,4],[10,20],[9,7],[4,-1],[3,5],[0,13],[2,6],[-2,17],[5,9],[0,19],[2,10],[-5,3],[7,5],[3,9],[-1,9],[8,-8],[8,0],[7,8],[5,2],[5,-11],[0,-6],[7,-13],[5,3],[2,7]],[[440,554],[0,-10],[-2,-12],[-7,-13],[-7,-11],[-5,-10],[0,-18],[-9,3]],[[410,483],[-21,3],[-13,-5],[-12,-2],[-5,3],[-3,7],[-6,2],[-16,-3]],[[357,722],[4,-10],[5,-11],[3,-3],[2,-12],[8,-11],[1,-22],[-3,-2],[3,-12],[-3,-4],[3,-6],[6,1],[1,-4],[4,1],[5,-9],[2,-1],[0,-9],[7,-1],[5,-6],[0,-7],[5,-2],[2,-8],[4,-1],[1,-12],[9,-6],[9,-11]],[[695,788],[-3,-15],[4,-7],[4,4],[3,-2],[-3,-14],[-4,-10],[4,-7],[4,4],[10,-4],[4,1],[12,0],[13,-3],[9,1],[1,-3],[-1,-6],[3,-5],[-5,-4],[-4,-12],[-1,-8],[5,-9],[6,-1]],[[756,688],[7,-10],[4,-4],[4,-9],[-1,-16],[4,-23],[0,-14],[7,-13],[-7,-17],[0,-11],[3,0],[1,-24],[-7,-7],[-8,-1],[-3,-4],[0,-10],[-4,-10]],[[556,378],[4,10],[6,4],[6,-6],[2,6],[3,16],[0,11],[-4,15],[-4,1],[-2,13],[-4,4],[4,18],[-1,9],[1,13],[-7,4],[-4,9],[-3,14],[3,8],[-2,13],[-2,3],[-3,20],[2,11],[-4,4],[-9,1],[0,21],[-3,5],[-5,6],[-5,1],[-9,11]],[[516,623],[-2,18],[4,14],[20,3],[-3,16],[10,12],[7,-3],[1,5],[12,6],[5,-7],[2,-7],[8,1],[1,2],[-1,8],[3,10],[-4,13],[1,7],[4,6],[9,-4],[16,-1],[4,1]],[[756,688],[4,-3],[9,3],[8,-8],[6,2],[9,-4],[5,0],[9,-12],[3,-11],[4,-7],[7,-4],[3,1],[7,-5],[3,-10],[1,-12],[-8,-7],[1,-11],[10,-11],[2,-7],[9,-9],[4,1],[3,-6],[18,-10],[7,-9],[10,-6],[0,-9],[4,-9],[14,-16],[10,-6],[0,-3],[-7,-16],[-1,-9],[8,-12],[4,-2],[2,-6],[4,-5],[-6,-6],[-1,-8],[4,4],[4,-8],[6,-2],[8,0],[7,-6],[0,-8],[6,0],[3,-4],[5,0],[3,-8],[8,-1],[0,-3],[7,-12],[0,-6],[3,-4],[-3,-13],[0,-13],[6,-15],[4,-4],[4,-6],[-6,-2],[-2,4],[-14,8],[-7,0],[-6,-5],[-7,-13],[-4,1],[-4,5],[-7,-2],[-5,1],[-5,-4],[-5,1],[-6,11],[-7,0],[-5,4],[-2,5],[-5,4],[-3,-6],[-6,-2],[-4,4],[-5,-8],[-2,7],[-5,-3],[-1,8],[-4,-2],[-4,6],[-6,3],[-2,5],[-3,-2],[-13,-2],[-3,-8],[-2,-12],[3,-1],[-2,-11],[-7,-5],[-8,1],[-3,-8],[-11,4],[-13,-8],[-10,0],[2,4],[-9,10],[-7,8]],[[410,483],[0,-5],[9,-12],[-2,-8],[2,-7],[-2,-9],[-5,-10],[-4,2],[-8,-12],[-2,-19],[5,-3],[0,-8],[-7,-11],[-5,-1],[-2,-4],[2,-5],[38,-1],[2,-5],[-5,-13],[0,-15],[-4,-12],[-3,-4]],[[419,321],[-7,7],[-14,3],[-14,-2],[-2,-4],[-12,-9],[-2,-7],[-7,-2]],[[21,316],[0,17],[-4,8],[-8,6],[6,14],[2,10],[-2,10],[2,15],[0,18],[-3,6],[-7,-1],[-7,13],[11,16],[13,10],[5,9],[2,11],[10,29]],[[41,507],[5,0],[6,5],[8,3],[0,-7],[9,-10],[2,-7],[1,-14],[7,-14],[5,3],[3,-2],[7,7],[7,2],[2,4],[4,-4],[-6,-11],[7,-18],[1,-22],[14,-16],[6,-2],[5,4],[5,11],[4,-3],[2,-8],[12,-14],[5,-14]],[[516,623],[-6,-14],[2,-9],[-5,-5],[-11,-21],[-7,-5],[-7,2],[-2,-2],[-2,-12],[-6,-7],[-8,-5],[-3,2],[-14,0],[-7,7]],[[359,729],[4,5],[-7,8],[-8,6],[-6,6],[5,8],[14,11],[5,-3],[7,4],[9,-4],[18,5],[7,-2],[3,3],[11,0],[16,12],[3,-4],[5,2],[4,-2],[8,0],[6,2],[5,10],[0,5],[3,7],[9,-3],[-1,4],[12,9]],[[322,186],[0,-18],[2,-28],[-3,0],[-6,16],[-3,2],[-6,-6],[-12,0],[0,-6],[-5,-6],[-2,8],[-5,2],[-9,-2],[-3,2],[-6,-2],[-5,10],[-11,0],[-12,6],[-4,0]],[[41,507],[2,5],[6,4],[7,23],[2,11],[2,2],[0,10],[4,9],[16,16],[-1,6],[5,10],[2,-2],[11,1],[5,-6],[6,-1],[10,4],[9,11],[14,4],[2,3],[10,4],[0,11],[4,1],[5,8],[2,1],[0,-8],[5,-5],[0,-9],[7,-3],[7,-12],[2,0]],[[464,261],[1,8],[-6,8],[-2,10],[-8,5],[-6,9],[-7,4],[-6,7],[-8,1],[-3,8]]],"transform":{"scale":[0.01306710234234234,0.00877314773773774],"translate":[14.38726607,2.23645376]},"bbox":[14.38726607,2.23645376,27.44130131,11.00082835]}