{"type":"Topology","objects":{"all":{"type":"GeometryCollection","bbox":[12.07614099,18.83743372,48.55791575,51.04001231],"geometries":[{"type":"Polygon","properties":{"a":677,"b":"Královéhradecký","c":15.68936,"d":50.37454},"arcs":[[0,1,2,3]]},{"type":"Polygon","properties":{"a":667,"b":"Jihomoravský","c":16.67201,"d":48.95582},"arcs":[[4,5,6,7,8,9,10]]},{"type":"Polygon","properties":{"a":665,"b":"Ústecký","c":13.85885,"d":50.50002},"arcs":[[11,12,13,14,15]]},{"type":"Polygon","properties":{"a":678,"b":"Moravskoslezský","c":17.88157,"d":49.83491},"arcs":[[16,17,18]]},{"type":"Polygon","properties":{"a":674,"b":"Prague","c":14.443,"d":50.06775},"arcs":[[19]]},{"type":"Polygon","properties":{"a":669,"b":"Olomoucký","c":17.3005,"d":49.57534},"arcs":[[-18,20,-5,21,22]]},{"type":"Polygon","properties":{"a":668,"b":"Zlínský","c":17.63851,"d":49.20965},"arcs":[[23,-6,-21,-17]]},{"type":"Polygon","properties":{"a":676,"b":"Liberecký","c":14.99717,"d":50.70637},"arcs":[[-3,24,-12,25]]},{"type":"Polygon","properties":{"a":670,"b":"Pardubický","c":16.16096,"d":49.88557},"arcs":[[-11,26,27,-1,28,-22]]},{"type":"Polygon","properties":{"a":666,"b":"Plzenský","c":13.12744,"d":49.59445},"arcs":[[29,30,31,32,-14]]},{"type":"Polygon","properties":{"a":673,"b":"Vysocina","c":15.62842,"d":49.39907},"arcs":[[-10,-9,8,33,34,-27]]},{"type":"Polygon","properties":{"a":675,"b":"Stredoceský","c":14.58398,"d":49.81552},"arcs":[[-2,-28,-35,35,-30,-13,-25],[-20]]},{"type":"Polygon","properties":{"a":672,"b":"Jihoceský","c":14.43311,"d":49.12455},"arcs":[[-34,-9,-8,36,-31,-36]]},{"type":"Polygon","properties":{"a":671,"b":"Karlovarský","c":12.78665,"d":50.16447},"arcs":[[-15,-33,37]]}]}},"arcs":[[[666,632],[-17,9],[-3,-17],[-14,-13],[-7,-15],[-14,-3],[-4,-5],[-17,26],[-2,6],[-10,5],[0,13],[-6,5],[-7,0],[-10,-18],[-7,19],[-7,-3],[-4,-16],[-3,-1],[-7,8],[-5,-3],[-6,5],[-5,-2],[-10,-16],[-9,5]],[[492,621],[-5,16],[-3,2],[3,13],[-4,41],[-13,3],[-8,-2],[-1,13],[-12,12],[-1,10],[6,18],[-2,22],[-3,5],[2,14]],[[451,788],[3,1],[9,-14],[3,0],[7,13],[3,1],[10,-9],[6,-14],[5,4],[1,19],[7,0],[5,-8],[13,-2],[1,10],[-5,21],[0,21],[-4,12],[1,23],[-8,28]],[[508,894],[18,-10],[7,-9],[11,5],[4,-4],[9,-24],[14,5],[5,-4],[4,-18],[-4,-13],[7,3],[9,15],[6,-1],[5,-6],[4,0],[4,12],[7,0],[11,-6],[11,-23],[3,-8],[-5,-2],[0,-17],[-6,-10],[-11,0],[-3,-9],[-9,-13],[0,-14],[5,-1],[4,-16],[11,3],[3,-4],[0,-10],[14,-21],[8,-23],[5,-7],[3,-26],[4,-6]],[[696,423],[-2,-10],[-5,2],[-2,-5],[9,-23],[-2,-4],[5,-26],[-3,-14],[7,-10],[7,8],[3,11],[-5,17],[2,12],[9,-7],[5,-23],[8,-17],[0,-11],[10,-9],[5,-12],[1,-15]],[[748,287],[-2,-9],[1,-14],[5,-12],[4,-3],[1,-11],[-7,-6],[-6,-14],[3,-9],[11,4],[2,-4],[0,-18],[7,-6],[9,-3],[4,-14],[12,-13],[4,5],[8,-4],[5,-15],[7,-4],[6,-14],[1,-9]],[[823,114],[-16,-11],[-6,1],[-7,10],[-12,-10],[-16,17],[-7,2],[-7,-2],[-8,-11],[-2,-10],[-11,-24],[-7,-40],[-6,-18],[-4,10],[-3,27],[-2,9],[-12,-4],[-10,11],[-5,-2],[-7,8],[0,12],[-15,6],[-3,5],[-13,-5],[-7,-23],[-5,-4],[-27,8],[-14,-3],[-7,8],[-15,19],[0,6],[-11,11],[-3,1],[-2,9],[-5,0],[-7,-6],[-8,0],[-13,11],[-8,6]],[[512,138],[5,26]],[[517,164],[0,1]],[[517,165],[5,-1],[4,-8],[6,11],[9,-8],[10,18],[11,2],[2,12],[3,0],[5,9],[3,-6],[8,-2],[3,4],[11,-2],[5,11],[10,6],[5,7],[-1,15],[3,14],[-3,13],[1,16],[3,2],[-1,18],[5,10],[13,14],[1,8],[-4,14],[-1,32],[6,1],[0,12],[-5,9],[4,22]],[[638,418],[21,2],[3,13],[21,-3],[13,-7]],[[374,924],[-3,-8],[-5,-3],[-2,-14],[-4,-2],[-8,14],[-3,-3],[-4,-30],[-4,-7],[-3,-14],[-4,-9],[8,-45],[11,-14],[0,-10]],[[353,779],[-3,-18],[-5,-9],[-9,0],[3,-22],[-5,-11],[-9,0],[-7,-8],[-4,3],[-11,-3],[-17,4],[-4,-4],[0,-14],[-5,0],[-12,-13],[-4,-6],[-4,2],[-14,-13],[-10,-1],[-8,-10],[-10,-6],[-4,-16],[-7,-11],[-9,-8]],[[195,615],[-5,-4],[-7,4],[-4,9]],[[179,624],[-6,9],[3,11],[-6,21],[0,34],[-1,12],[-3,8],[-14,2],[-4,12],[-11,1],[-7,10]],[[130,744],[6,11],[1,24],[10,-1],[5,2],[7,0],[5,4],[6,31],[9,-7],[4,14],[11,8],[3,-9],[5,0],[7,13],[-1,5],[6,8],[-2,11],[13,8],[14,0],[11,5],[10,0],[7,8],[1,15],[4,0],[6,9],[11,0],[22,18],[6,10],[7,4],[11,0],[4,5],[2,10],[-10,7],[-3,14],[-10,5],[4,15],[5,7],[9,-3],[5,-7],[12,2],[2,8],[5,-14],[6,-4],[4,-12],[-4,-16],[1,-8],[7,6],[4,-5],[-4,-21]],[[931,329],[-3,4],[-1,13],[-6,13],[-4,11],[-2,4],[-12,-1],[-6,8],[-24,-4],[-2,1],[-3,11],[-8,0]],[[860,389],[-8,9],[-1,12],[-6,10],[-5,5],[-4,17],[-6,-1],[-3,4],[1,18],[-9,10],[-10,-3],[-5,7],[-4,-6],[-11,3],[-10,22],[-7,-4],[-14,13],[0,5],[-11,5],[0,19],[5,14],[-5,13],[0,9],[11,23],[-2,18],[5,26],[13,10],[5,11],[2,-2],[6,5],[-2,28]],[[785,689],[3,-11],[5,0],[3,9],[7,1],[13,-4],[5,1],[8,21],[7,-9],[-3,-19],[4,-11],[-4,-11],[-10,-9],[-7,0],[-2,-9],[7,-15],[7,1],[8,-8],[-3,-5],[7,-20],[11,-21],[6,-2],[9,10],[14,5],[-1,6],[-4,0],[0,9],[13,-11],[1,-12],[10,-2],[7,-9],[7,-5],[4,-17],[12,10],[16,-14],[12,4],[1,-18],[5,-4],[-5,-8],[0,-11],[6,-24],[3,-16],[9,-4],[5,-9],[11,-1],[0,-18],[7,-32],[-1,-14],[-6,0],[-8,-13],[-6,0],[-9,8],[-5,-4],[-10,-2],[-1,-16],[-8,-5],[-9,-18],[-5,-4]],[[371,578],[-8,1],[-13,-11],[-19,-7],[0,13],[-11,28],[1,9],[-6,10],[10,8],[7,-4],[3,12],[20,10],[9,0],[6,-8],[1,-5],[6,-5],[1,-5],[7,-4],[0,-8],[-6,-10],[0,-23],[-8,-1]],[[860,389],[-2,-10],[-8,4],[-7,-17],[1,-10],[-4,-2],[-17,5],[-4,-4],[3,-10],[-4,-5],[-11,0],[-6,-6],[-5,-11],[-8,6],[-9,12],[-5,0],[0,-13],[2,-10],[-10,-21],[-11,0],[-3,-15],[-4,5]],[[696,423],[3,7],[0,12],[4,9],[0,13],[-6,6],[-1,9],[-7,30],[-1,9],[1,9],[0,23],[-2,24],[13,22],[-1,14],[9,46]],[[708,656],[8,11],[4,-1],[4,8],[3,-8],[3,1],[-3,11],[-2,16],[-7,9],[-10,41],[3,11],[9,-8],[4,1],[15,-8],[6,-6],[8,0],[4,-15],[9,-12],[8,1],[2,-10],[0,-10],[4,-6],[5,7]],[[931,329],[0,-14],[-9,-13],[-20,-14],[-8,-16],[-5,-37],[-1,-30],[-6,-15],[-5,-4],[-8,1],[-6,-5],[-5,-26],[-3,-11],[-11,0],[-7,-18],[-14,-13]],[[451,788],[-6,8],[-3,16],[-4,-1],[-4,8],[-8,3],[-7,0],[-10,-16],[-2,-8],[-8,-10],[-11,-12],[-14,-6],[-4,1],[-1,9],[-16,-1]],[[374,924],[14,-16],[7,-2],[7,9],[2,11],[8,1],[16,-1],[0,22],[3,6],[0,12],[-5,14],[7,10],[9,-6],[6,-9],[3,10],[4,0],[1,-11],[10,0],[4,-4],[2,-10],[-3,-12],[4,-19],[9,-14],[2,-20],[3,-5],[4,12],[6,0],[11,-8]],[[638,418],[-17,14],[-4,11],[-13,13],[-11,0],[-3,9],[-11,6],[-10,-15],[-11,4],[-3,13],[-7,5],[-1,10],[-7,4],[-10,12],[-11,-3],[-9,22],[-6,6]],[[504,529],[2,32],[-7,9],[-5,10],[-10,7],[-2,6],[8,7],[0,17],[2,4]],[[666,632],[5,-9],[5,-6],[6,2],[11,19],[3,13],[5,5],[7,0]],[[195,615],[2,-9],[0,-13],[7,4],[8,-5],[7,-13],[16,-3],[5,-11],[7,-4],[2,-5],[9,-9],[2,-22],[-6,-2],[2,-7],[-3,-11],[1,-9],[-3,-14],[5,-4],[-6,-13],[-10,-6],[-3,-7],[3,-5],[0,-19],[6,-9],[0,-18],[4,-10],[-3,-17]],[[247,374],[4,-20],[-1,-26],[1,-13],[-7,-27],[-4,-2],[0,-14],[-1,-8],[4,-9],[-4,-4],[-6,-15],[-7,-8],[-3,-14],[0,-15],[-7,-17],[-2,-17]],[[214,165],[-6,-6],[0,-6],[-14,15],[-1,6],[-2,18],[-7,13],[-4,10],[-4,4],[-10,1],[-4,6],[-3,14],[-15,33],[-7,13],[-1,10],[-9,13],[-8,5],[-2,-6],[-11,2],[-5,5],[-5,19],[-2,7],[-10,10],[-3,12],[0,20],[-6,1],[-5,20],[0,14],[-7,6],[-1,23],[-9,9],[-8,21],[1,6],[10,9],[0,19],[4,-1],[4,18],[2,14]],[[66,542],[9,-1],[6,7],[10,-1],[4,9],[13,0],[5,-6],[4,6],[9,-4],[3,21],[14,12],[5,9],[11,-3],[5,-11],[5,-1],[0,23],[8,4],[-1,13],[3,5]],[[517,165],[-7,5],[-5,11],[7,20],[0,8],[7,0],[0,9],[-7,11],[-7,-3],[-14,2],[-7,12],[-2,18],[-12,6],[-8,6],[-7,-9],[-6,8],[-11,19],[-4,3],[-4,-5],[-10,13],[-1,18],[-5,6],[4,28],[0,13],[-2,14],[8,9],[-4,9]],[[420,396],[8,14],[0,9],[9,-5],[18,1],[11,10],[0,9],[-10,18],[6,17],[1,9],[7,0],[12,10],[7,9],[7,0],[8,32]],[[420,396],[-6,11],[-8,3],[0,6],[-9,8],[-5,-9],[0,-14],[-7,-5],[-7,-9],[-7,0],[-2,5],[-16,-3],[-11,4],[-7,-6],[-3,0],[-7,11],[-4,3],[-10,-9],[-7,-3],[-10,3],[-4,4],[-4,-3],[-1,-7],[-17,-11],[-3,6],[-8,2],[-10,-9]],[[512,138],[-14,17],[-16,13],[-7,0],[-5,5],[-4,-15],[-14,-5],[2,11],[-2,10],[-11,3],[-8,5],[-5,-1],[-1,-14],[0,-35],[-4,-37],[1,-5],[-1,-8],[-11,5],[-10,0],[-3,-20],[-8,-13],[-3,-9],[-2,-32],[-2,-6],[-6,11],[-4,-1],[-3,9],[-8,-7],[-14,12],[-6,-21],[-12,-10],[-16,9],[-21,4],[-5,4],[-4,15],[4,7],[-7,20],[-19,22],[-9,8],[-11,35],[-7,3],[-8,14],[-2,14],[-12,10]],[[66,542],[-10,10],[1,16],[-33,30],[-1,14],[-9,16],[0,25],[-5,12],[-7,8],[0,10],[2,4],[0,10],[-4,10],[10,-1],[4,-8],[3,-13],[7,-3],[-1,-8],[2,-5],[3,-19],[7,-3],[-1,20],[4,17],[4,9],[7,17],[8,7],[0,9],[6,11],[18,3],[10,-1],[8,17],[10,2],[14,-15],[7,1]]],"transform":{"scale":[0.00676806079079079,0.0024845811411411435],"translate":[12.07614099,48.55791575]},"bbox":[12.07614099,48.55791575,18.83743372,51.04001231]}