{"type":"Topology","objects":{"all":{"type":"GeometryCollection","bbox":[12.21055487,31.28044682,-13.45835052,5.37528025],"geometries":[{"type":"Polygon","properties":{"a":582,"b":"Maniema","c":26.0509,"d":-3.2037},"arcs":[[0,1,2,3,4,5,6]]},{"type":"Polygon","properties":{"a":575,"b":"Équateur","c":20.377,"d":0.848},"arcs":[[7,8,9,10,11]]},{"type":"Polygon","properties":{"a":578,"b":"Kasaï-Occidental","c":21.7638,"d":-5.4594},"arcs":[[12,13,14,15,-10]]},{"type":"MultiPolygon","properties":{"a":579,"b":"Bas-Congo","c":14.195,"d":-5.3593},"arcs":[[[16]],[[17,18,19]]]},{"type":"Polygon","properties":{"a":580,"b":"Kinshasa City","c":15.9005,"d":-4.3665},"arcs":[[-18,20,21]]},{"type":"Polygon","properties":{"a":585,"b":"Nord-Kivu","c":28.6956,"d":-0.5875},"arcs":[[22,23,-1,24,25,26]]},{"type":"Polygon","properties":{"a":577,"b":"Bandundu","c":18.3851,"d":-3.6185},"arcs":[[-16,27,-19,-22,28,-11]]},{"type":"Polygon","properties":{"a":581,"b":"Sud-Kivu","c":28.1476,"d":-3.2114},"arcs":[[29,30,-2,-24]]},{"type":"Polygon","properties":{"a":576,"b":"Orientale","c":27.1141,"d":1.9061},"arcs":[[-27,25,-25,-7,31,-8,32]]},{"type":"Polygon","properties":{"a":584,"b":"Katanga","c":25.0441,"d":-9.126},"arcs":[[-14,33,-3,-31,34]]},{"type":"Polygon","properties":{"a":583,"b":"Kasaï-Oriental","c":23.6046,"d":-4.0115},"arcs":[[-32,-6,4,-4,-34,-13,-9]]}]}},"arcs":[[[813,684],[5,-5],[-3,-11],[-4,-3],[-9,1],[-13,-4],[2,-11],[-4,-5],[16,-20],[9,-8],[3,-10]],[[815,608],[-17,-1],[-4,-6],[-12,-6],[-8,5],[-7,0],[-2,-17],[6,-19],[6,-6],[5,-18],[-3,-22],[6,-10],[15,-5],[12,0],[10,-7],[14,-1],[16,-12],[15,-31],[3,-3]],[[870,449],[-134,0]],[[736,449],[-63,0],[-3,8],[-8,11],[9,10],[-2,3],[1,15],[-13,15]],[[657,511],[0,0]],[[657,511],[1,20],[10,10],[3,15],[5,10],[-2,9],[1,9],[-20,-1],[-12,19],[-2,9]],[[641,611],[20,-1],[10,1],[2,-8],[11,-1],[15,14],[7,-2],[8,3],[1,23],[7,-5],[3,11],[5,3],[0,13],[8,6],[-2,14],[7,10],[-16,12],[3,5],[9,-5],[7,-10],[20,6],[0,3],[12,-5],[3,-6],[20,-4],[12,-4]],[[536,934],[15,-10],[2,-4],[23,0],[15,-6],[-7,-9],[-12,3],[-6,-7],[-5,1],[-13,-5],[-2,-6],[8,-7],[-1,-9],[5,-2],[7,9],[4,-7],[-5,-12],[-1,-8],[7,-8],[14,1],[15,-13],[0,-5],[-16,3],[-12,-8],[-7,5],[-6,-8],[-8,-1],[-5,5],[-5,-10],[-2,-12],[-8,-6],[-2,-5],[8,0],[10,-8],[9,-20],[1,-14],[6,-12],[24,-37],[-5,-5],[-10,2],[-7,-6],[13,-2],[1,-3],[9,3],[11,-10],[-14,-10],[11,-10],[9,-5],[1,-4],[15,-11],[12,0],[5,-7],[3,-15]],[[640,619],[-19,2],[-13,-1],[-7,-13],[-25,-3],[-5,7],[-9,-1],[-6,5],[-10,3],[-6,-8],[-19,2],[7,-26],[-6,-2],[0,7],[-15,-9]],[[507,582],[-4,-2],[-19,10],[-1,-7],[-6,-2],[-16,1]],[[461,582],[-1,6],[-16,19],[-14,-4],[-13,8],[-14,0],[-4,10],[-7,4],[-6,-7],[-4,1],[-1,9],[-8,16],[-13,17],[-2,11],[-13,-7],[3,-13],[-3,-4],[-17,-1],[-6,6],[-9,1],[-15,-14],[-20,-7],[-23,-15],[-13,1],[3,-11],[-14,0],[-5,7]],[[226,615],[5,12],[12,20],[8,9],[18,6],[21,24],[-2,17],[12,37],[-2,5],[-2,23],[4,8],[7,20],[0,32],[2,6],[15,23],[7,19],[4,5],[1,9],[-2,20],[2,12],[-1,13],[-3,10],[11,2],[4,11],[4,3],[11,14],[15,10],[18,0],[32,-19],[5,-7],[-1,-4],[7,-7],[12,2],[15,-3],[4,-5],[7,2],[5,-4],[7,-1],[6,3],[17,-3],[18,-6],[7,1]],[[507,582],[5,-10],[9,-13],[1,-5],[-10,-33],[8,-5],[2,-7],[-8,-6],[5,-3],[10,2],[5,-7],[12,-8],[12,-12],[13,-1],[3,-13],[-11,-4],[0,-8],[11,-8],[4,-7],[7,2],[19,-10],[0,-10],[-4,0],[-14,-8],[-2,4],[-4,-3],[-15,-1],[-2,-14],[7,-8],[-3,-11],[-6,-13],[9,-11],[7,-4],[-2,-11],[1,-14],[-2,-22]],[[574,300],[-12,-5],[-12,1],[-3,7],[-7,-2],[-19,-1],[-17,8]],[[504,308],[1,13],[-3,7],[-26,-1],[-41,0],[0,6],[4,14],[-16,0],[-1,-5],[-17,0]],[[405,342],[-1,9],[-10,15],[-2,22],[10,8],[3,0],[11,14],[-1,20],[2,11],[-6,19],[0,10],[3,6],[-4,10],[5,0],[6,-5],[19,10],[4,6],[-2,40],[9,27],[6,7],[4,11]],[[40,403],[-10,-5],[1,4],[9,1]],[[154,479],[9,-12],[4,6],[15,-1],[3,-8],[-2,-8],[-4,-4],[12,-5],[2,6],[6,-4],[13,0]],[[212,449],[-2,-22],[1,-13],[-7,-11]],[[204,403],[-36,0],[-4,-1],[-33,0],[-25,-1],[-16,3],[-7,-1],[-40,0],[-12,2],[-4,-8],[-15,-4],[-12,15],[3,2],[12,0],[2,30],[-5,6],[6,1],[11,10],[1,5],[13,4],[3,5],[3,-5],[11,-7],[2,-4],[7,7],[10,3],[0,13],[11,-2],[24,10],[3,-7],[-5,-9],[2,-4],[0,-11],[7,2],[8,-3],[9,5],[4,8],[12,12]],[[154,479],[3,4],[15,8],[1,7],[20,7]],[[193,505],[5,-3],[12,0],[9,-6],[8,-10],[-2,-10],[-3,-1],[-11,-15],[1,-11]],[[930,759],[-2,-3],[1,-16],[-6,-8],[-2,-9],[-6,-6],[0,-6],[-4,-35],[1,-8],[-3,-2],[1,-26],[-7,-6],[-6,0],[-8,-12]],[[889,622],[-13,0],[-5,3],[-3,-5],[-7,-1],[-6,-8],[-8,7],[-5,-10],[-18,-3],[-4,5],[-5,-2]],[[813,684],[10,12],[10,6],[-1,17],[3,3],[-6,6],[-1,8]],[[828,736],[0,0]],[[828,736],[-1,3],[-9,1],[-3,5],[6,0],[8,6],[17,2],[6,-6],[6,-2],[8,2],[13,-1],[8,4],[15,-3],[2,4],[-7,3],[3,5],[6,-2],[5,4],[8,0],[6,4],[5,-6]],[[405,342],[-23,0],[-1,-8],[1,-17],[-8,-5],[2,-5],[-3,-10],[1,-8],[-30,0],[-2,4],[-12,0],[0,-3],[-17,0],[-5,-6],[-12,3],[-13,-3],[-17,19],[-4,8],[-2,9],[-10,7],[-4,12],[2,5],[-10,15],[-3,11],[0,15],[-5,7],[0,8],[-5,2],[-21,1]],[[193,505],[16,31],[-1,26],[2,12],[-2,23],[18,18]],[[889,622],[-3,-6],[2,-12],[-1,-7],[-14,-9],[1,-15],[5,-3],[9,-16],[3,0],[-1,-15],[1,-15],[-1,-11],[2,-9],[6,-13],[3,-20],[-5,-14],[0,-8]],[[896,449],[-26,0]],[[641,611],[-1,8]],[[536,934],[9,11],[-1,6],[5,3],[5,11],[10,4],[5,-5],[6,1],[10,-8],[15,10],[38,12],[5,6],[9,-10],[7,0],[9,4],[6,-2],[12,4],[1,13],[13,5],[9,-7],[16,-2],[4,3],[18,-12],[14,2],[8,-2],[2,4],[10,5],[17,-7],[5,-10],[6,0],[6,-6],[0,-9],[12,-3],[9,-11],[7,1],[6,-4],[4,5],[7,2],[7,7],[3,-4],[8,1],[12,-8],[11,9],[2,8],[18,-5],[1,-12],[15,-12],[6,-10],[17,-4],[1,-13],[10,4],[4,-9],[4,1],[1,-7],[-6,-8],[-3,-11],[6,-10],[-7,-15],[0,-7],[7,-5],[6,3],[4,-6],[7,1],[4,-11],[-12,-17],[-18,-15],[-13,-15],[-9,-2],[-6,-14],[-10,-3]],[[574,300],[2,-7],[8,2],[23,0],[8,3],[-1,17],[2,2],[0,16],[8,7],[0,9],[6,-6],[12,-4],[23,15],[2,6],[7,1],[11,-6],[6,2],[6,10],[-8,0],[-4,5],[1,6],[12,-1],[12,8],[8,-1],[3,-5],[10,3],[0,26],[-6,5],[5,10],[-4,3],[10,23]],[[896,449],[15,-33],[0,-9],[-7,-11],[3,-15],[11,-20],[14,-9],[12,-12],[7,-14],[4,-15],[10,-18],[6,-14],[-81,-13],[-16,-2],[2,-6],[-2,-10],[-15,-17],[-10,-5],[-4,-6],[8,-3],[4,-7],[3,-11],[3,-6],[-3,-6],[0,-32],[3,-7],[-6,-6],[-5,-16],[-2,-14],[-5,-6],[6,-19],[11,-9],[4,0],[19,-22],[8,2],[13,-6],[-3,7],[2,6],[16,4],[0,-69],[-10,3],[3,6],[-7,3],[-4,-4],[-15,-7],[-10,3],[-9,21],[-9,7],[-4,-2],[-4,6],[2,5],[-4,7],[-12,8],[-13,1],[-7,6],[-10,-1],[-6,6],[-5,13],[-10,6],[-2,11],[-9,0],[-3,-15],[-5,-4],[-10,-3],[-13,5],[-24,0],[-6,6],[-7,0],[-5,4],[-8,-2],[-8,6],[-2,12],[1,13],[-6,-3],[-13,-1],[-15,-4],[-4,-6],[-8,-1],[-7,3],[5,7],[0,9],[-5,4],[-10,0],[0,7],[-8,1],[-6,-7],[-25,3],[-8,-5],[-14,-2],[-4,3],[-9,-3],[-10,3],[-3,-5],[-9,-6],[-6,21],[9,4],[-3,16],[2,7],[-7,12],[-1,9],[-5,4],[-10,11],[-4,12],[3,9],[0,22],[5,18],[-7,25],[-3,2],[1,12],[3,7]]],"transform":{"scale":[0.019088980930930935,0.01885248325325325],"translate":[12.21055487,-13.45835052]},"bbox":[12.21055487,-13.45835052,31.28044682,5.37528025]}