{"type":"Topology","objects":{"all":{"type":"GeometryCollection","bbox":[124.03003991,127.31324304,-9.50122772,-8.1350237],"geometries":[{"type":"Polygon","properties":{"a":3171,"b":"Lautem","c":126.96261,"d":-8.50744},"arcs":[[0,1,2]]},{"type":"Polygon","properties":{"a":3162,"b":"Aileu","c":125.65114,"d":-8.69969},"arcs":[[3,4,5,6,7,8]]},{"type":"Polygon","properties":{"a":3163,"b":"Ainaro","c":125.49964,"d":-9.02169},"arcs":[[9,10,11,12,13,-6]]},{"type":"Polygon","properties":{"a":3166,"b":"Cova Lima","c":125.1579,"d":-9.27633},"arcs":[[14,15,-12]]},{"type":"Polygon","properties":{"a":3168,"b":"Manatuto","c":125.96322,"d":-8.62166},"arcs":[[16,17,18,19,-4,20,21]]},{"type":"Polygon","properties":{"a":3170,"b":"Viqueque","c":126.30891,"d":-8.79875},"arcs":[[-1,22,-18,23]]},{"type":"Polygon","properties":{"a":3160,"b":"Liquica","c":125.28246,"d":-8.65992},"arcs":[[-8,24,25,26,27]]},{"type":"Polygon","properties":{"a":3165,"b":"Bobonaro","c":125.14202,"d":-8.92645},"arcs":[[28,-13,-16,29,-26]]},{"type":"Polygon","properties":{"a":3161,"b":"Ambeno","c":124.26674,"d":-9.32738},"arcs":[[30]]},{"type":"MultiPolygon","properties":{"a":3159,"b":"Dili","c":125.6462,"d":-8.5573},"arcs":[[[-9,-28,31,-21]],[[32]]]},{"type":"Polygon","properties":{"a":3167,"b":"Ermera","c":125.37254,"d":-8.84089},"arcs":[[-7,-14,-29,-25]]},{"type":"Polygon","properties":{"a":3164,"b":"Baucau","c":126.40216,"d":-8.53123},"arcs":[[-2,-24,-17,33]]},{"type":"Polygon","properties":{"a":3169,"b":"Manufahi","c":125.77323,"d":-8.99912},"arcs":[[-20,34,-10,-5]]}]}},"arcs":[[[820,540],[0,26],[4,22]],[[824,588],[9,34],[9,15],[3,6],[-1,13],[-9,21],[-16,33],[3,10],[2,12],[-5,8],[-4,7],[-2,19],[-5,15]],[[808,781],[7,11],[7,4],[7,-5],[13,7],[14,13],[30,53],[7,8],[6,-3],[3,-9],[22,-25],[7,-4],[14,0],[5,8],[9,15],[6,0],[5,-19],[7,-9],[14,-8],[6,-9],[2,-15],[-4,-13],[-21,-40],[-15,-34],[-28,-50],[-20,-47],[-2,-6],[-24,-13],[-20,-33],[-9,-12],[-36,-6]],[[527,672],[-2,-27],[5,-22],[4,-15],[5,-27],[0,-35]],[[539,546],[-7,3],[-5,-4],[-6,-14],[-10,-14],[-6,-1]],[[505,516],[0,18],[-5,2],[-9,-4],[-7,-11],[-7,-5],[-2,-13],[-7,-17],[-9,-9],[-16,-5]],[[443,472],[-2,10],[-2,15],[-7,9],[-5,10],[5,15],[2,16],[-5,12],[0,9],[10,7],[7,10],[4,23],[-5,15]],[[445,623],[5,20]],[[450,643],[4,-5],[12,5],[9,7],[7,4],[25,30],[11,-1],[9,-12],[0,1]],[[505,516],[-2,-1],[-3,-61],[0,-20],[-5,-6],[-11,0],[-7,-10],[0,-14],[-6,-24],[-1,-14],[1,-23],[4,-18],[18,-18],[3,-10],[4,-16],[-4,-25],[2,-27],[0,-5]],[[498,224],[-18,5],[-5,-2],[-7,-11],[-5,-8],[-20,-19]],[[443,189],[2,20],[5,37],[-5,6],[-6,4],[-5,11],[0,29],[-4,19],[-3,5],[-7,21]],[[420,341],[0,18],[0,20]],[[420,379],[9,6],[0,18],[7,20],[3,11],[4,13],[2,19],[-2,6]],[[443,189],[-34,-29],[-11,-16],[-14,-30],[-9,-9],[-12,-39],[-9,-10],[-14,-4],[-6,-3],[-5,-8],[-5,-13],[-11,-17],[-2,45],[-2,10],[-7,26],[0,17],[-2,10],[-7,9],[-7,16],[-3,20],[-2,25],[0,23],[5,14],[11,3],[7,0],[4,-5],[3,-10],[7,-2],[4,10],[5,6],[11,-1],[2,4],[1,11]],[[341,242],[13,-10],[3,-5],[4,-18],[11,-1],[18,5],[1,22],[-7,25],[4,2],[10,-1],[4,15],[0,28],[2,17],[7,15],[9,5]],[[642,730],[6,-12],[3,-13],[0,-17],[2,-46],[-2,-18],[-9,-25]],[[642,599],[-10,5],[-6,-9],[-3,-24],[-4,-19],[-5,-8],[-4,-13],[0,-15],[6,-25],[7,-29],[0,-15],[5,-38],[4,-19],[9,-24]],[[641,366],[-4,-5],[-23,-36]],[[614,325],[-5,25],[-13,21],[-14,19],[-11,38],[-12,13],[-9,11],[-9,19],[-4,32],[2,43]],[[527,672],[7,5],[7,19],[7,11],[5,15],[-7,16]],[[546,738],[7,5],[15,3],[32,-14],[12,-15],[7,-1],[20,12],[3,2]],[[820,540],[-10,-1],[-6,-3],[-5,-5],[-7,-15],[-5,-5],[-7,0],[-4,-4],[-11,-31],[-12,-45],[-11,-23],[-12,-9],[-80,-25],[-9,-8]],[[642,599],[11,-9],[18,-1],[14,12],[14,3],[13,-8],[11,-7],[8,-9],[4,10],[0,23],[0,21],[2,19],[7,-14],[5,-31],[7,-10],[13,5],[9,-4],[5,-6],[4,5],[3,16],[7,9],[16,-11],[6,-11],[5,-13]],[[445,623],[-7,1],[-11,-10],[-14,-25],[-27,-13],[-9,-10],[-14,-12],[-13,-9]],[[350,545],[-12,0],[-13,10]],[[325,555],[2,39],[2,16],[5,15],[4,10],[7,5],[14,5],[7,9],[11,-4],[5,3],[9,13],[20,13],[5,2],[20,-3],[7,4]],[[443,682],[3,-30],[4,-9]],[[350,545],[2,-13],[11,-5],[5,-6],[4,-15],[16,-80],[3,-37],[2,-16],[20,1],[7,5]],[[341,242],[-3,18],[5,46],[2,15],[-4,15],[-3,12],[-13,17],[-3,12],[-4,-4],[-3,-23],[-4,-10],[-16,-15],[-7,-11],[-4,-4],[-5,-1],[-5,2],[-4,8],[-3,20],[0,12],[5,26],[-2,17],[11,14],[5,15],[16,54],[4,18],[14,11],[4,10],[1,13],[0,26]],[[69,0],[-2,15],[2,17],[-4,25],[-5,23],[-9,14],[-9,-7],[-5,-7],[-5,-20],[-4,-6],[-11,3],[-7,18],[-10,40],[5,5],[25,24],[5,0],[4,5],[10,30],[9,10],[20,15],[30,14],[4,4],[1,9],[6,2],[9,2],[0,-16],[-7,-71],[-9,-24],[-9,-19],[-4,-5],[-3,-8],[0,-22],[-6,-20],[2,-25],[-3,-10],[-4,-7],[-11,-3],[-5,-5]],[[443,682],[16,16],[7,3],[9,-5],[4,0],[7,20],[7,-5],[9,-1],[16,6],[28,22]],[[473,868],[-3,-3],[-4,7],[-9,7],[-5,5],[-4,9],[0,14],[6,17],[12,21],[5,22],[8,19],[8,13],[6,-7],[-2,-22],[-12,-69],[-2,-22],[-4,-11]],[[642,730],[18,1],[13,5],[5,6],[14,24],[9,6],[11,14],[9,1],[3,4],[6,-10],[7,-6],[14,-4],[4,-5],[10,-25],[13,10],[23,26],[7,4]],[[614,325],[-32,-50],[-4,-5],[-19,6],[-6,0],[-3,-5],[-7,-14],[-4,-2],[-12,0],[-6,-4],[-19,-27],[-4,0]]],"transform":{"scale":[0.0032864896196196235,0.0013675715915915912],"translate":[124.03003991,-9.50122772]},"bbox":[124.03003991,-9.50122772,127.31324304,-8.1350237]}