{"type":"Topology","objects":{"all":{"type":"GeometryCollection","bbox":[12.07614099,40.15954309,41.23810415,56.15680593],"geometries":[{"type":"Polygon","properties":{"a":182,"b":"Poland","c":19.0114,"d":52.13},"arcs":[[0,1,2,3,4]]},{"type":"MultiPolygon","properties":{"a":235,"b":"Ukraine","c":32.2454,"d":49.2517},"arcs":[[[5]],[[6,7,8,9,10,11,-2,12,13,14,15,16,17]]]},{"type":"Polygon","properties":{"a":29,"b":"Belarus","c":28.0591,"d":53.5159},"arcs":[[-17,-16,-15,13,-13,-1,18]]},{"type":"Polygon","properties":{"a":101,"b":"Hungary","c":19.0722,"d":47.0518},"arcs":[[-11,19,20,21,22,23]]},{"type":"Polygon","properties":{"a":60,"b":"Czech Rep.","c":15.3743,"d":49.5871},"arcs":[[-4,24,25]]},{"type":"Polygon","properties":{"a":23,"b":"Bulgaria","c":25.2175,"d":42.7685},"arcs":[[26,27]]},{"type":"Polygon","properties":{"a":213,"b":"Slovakia","c":19.3448,"d":48.7888},"arcs":[[-12,-24,22,-22,28,-25,-3]]},{"type":"Polygon","properties":{"a":190,"b":"Romania","c":24.3946,"d":45.7932},"arcs":[[29,30,-8,31,-28,32,-20,-10,33]]},{"type":"Polygon","properties":{"a":143,"b":"Moldova","c":28.589,"d":47.2321},"arcs":[[-31,29,-34,-9]]}]}},"arcs":[[[405,850],[2,-11],[9,-33],[4,-7],[1,-31],[-6,-7],[-13,-7],[-8,-15],[1,-4],[10,-2],[7,-10],[-5,-19],[0,-13],[3,-3]],[[410,688],[2,-11],[-1,-4],[9,-10],[1,-10],[8,-11],[-7,0],[5,-8],[0,-12],[-5,-9],[-7,0],[-6,-9],[-5,-5],[-12,-16],[-12,-19],[-4,-9],[2,-10],[0,-15],[5,-11],[-11,6]],[[372,525],[-4,0],[-15,9],[-2,6],[-10,6],[-12,2],[-10,-4],[-5,-6],[-8,8],[-4,-1],[-10,0],[-5,-5],[-3,-10],[-5,4],[-6,-1],[0,12],[-7,5],[-4,10],[-8,-8],[-3,-7],[-6,0],[0,7],[-5,1]],[[240,553],[-1,12],[-6,2],[-2,13],[-12,3],[-6,3],[-8,-2],[-9,14],[5,2],[-1,7],[-10,-4],[-18,12],[-2,-1],[5,-14],[-3,0],[-7,-8],[-5,3],[-2,5],[-6,11],[-6,3],[9,11],[-5,5],[-10,-3],[-2,6],[-4,-2],[-17,10],[-4,4],[0,7],[-11,1],[0,-9],[-6,0]],[[96,644],[6,14],[2,14],[-2,12],[-9,4],[0,11],[-5,8],[5,7],[3,12],[-3,1],[0,11],[-5,1],[0,10],[3,4],[-1,8],[-8,7],[-9,8],[1,8],[6,7],[4,13],[-5,18],[0,15],[12,-7],[-3,5],[0,10],[-8,1],[0,-4],[-6,7],[8,0],[14,8],[39,13],[11,2],[10,17],[4,3],[13,3],[2,4],[12,5],[20,6],[15,1],[9,-19],[0,-8],[4,-4],[10,-3],[15,3],[8,4],[26,-3],[34,-1],[15,0],[20,-3],[17,0],[8,3],[17,-15],[0,-15]],[[714,329],[-19,7],[12,-3],[7,-4]],[[631,295],[-3,-2],[-3,13],[-2,-18],[6,-5],[0,-11],[-4,-6]],[[625,266],[1,6],[-9,8],[-8,-1],[-10,-8],[-4,3],[-3,-7],[-13,5],[-5,11]],[[574,283],[2,4],[8,-1],[2,4],[-3,5],[4,8],[6,4],[0,8],[7,3],[0,8],[3,4],[-3,4],[-1,14],[10,7],[0,-13],[10,9],[0,-4],[6,-5],[2,7],[4,-5],[9,0],[-6,9],[2,4],[0,11],[-4,7],[-10,5],[1,11],[-4,3],[4,9],[-2,6],[-4,-6],[-11,19],[3,4],[-1,12],[2,3],[-3,9],[-7,-2],[-6,12],[-9,3],[-1,-6],[-6,3],[1,8],[-10,0],[1,4],[-5,3],[-7,8],[-9,0],[-12,-7],[-5,4],[-3,-4],[-7,1],[0,-5],[-5,-3]],[[517,469],[-12,-2],[0,-7],[-5,-10],[-8,0],[-5,-2],[-19,-3],[-4,-8],[-9,-3],[-7,7],[-2,5],[-8,3],[-6,-4],[-16,7],[-16,0],[-7,7],[-3,-7],[-7,-3]],[[383,449],[0,8],[-10,3],[-3,8],[-7,4],[0,8],[-5,0]],[[358,480],[0,11],[5,7],[3,13],[6,7],[0,7]],[[410,688],[1,8],[4,0],[7,-4],[12,11],[4,9],[11,0],[14,5],[8,-3],[16,1],[11,-1],[4,-3],[8,0],[0,-4],[9,0],[9,-4],[9,1],[2,-12],[8,3],[9,-3],[-1,-7],[4,3],[2,7],[9,-4],[3,5],[6,-8],[9,3],[1,-8],[15,13],[6,-6],[3,-13],[12,10],[7,-6],[2,3],[10,1],[5,-4],[2,-8],[6,-4]],[[657,669],[0,0]],[[657,669],[3,7],[-1,8]],[[659,684],[0,0]],[[659,684],[-3,7],[4,9],[1,8],[10,11],[-1,6],[8,1],[3,-4],[6,7],[13,-2]],[[700,727],[5,-5],[12,4],[5,9],[-1,7],[7,0],[14,-5],[8,8],[11,0],[1,-6],[10,6],[9,-11],[1,-12],[6,-10],[7,-6],[-2,-6],[-9,-1],[-1,-3],[5,-8],[0,-11],[3,0],[-4,-8],[15,-1],[1,-3],[11,3],[5,-1],[3,-11],[6,-8],[4,-18],[-3,0],[2,-11],[4,-2],[2,-7],[7,4],[11,0],[7,-10],[8,0],[0,-4],[16,10],[8,1],[7,4],[7,-9],[0,-7],[4,-8],[7,-4],[3,-7],[6,3],[0,8],[4,0],[2,-5],[12,-6],[10,-7],[6,4],[7,-9],[9,0],[2,-8],[6,-4],[6,4],[6,-1],[-3,-9],[3,-8],[0,-6],[-8,-14],[-8,-1],[2,-8],[11,-6],[-4,-3],[-6,2],[-4,-12],[6,-3],[4,-14],[-4,-5],[6,-4],[-8,-13],[1,-10],[-2,-5],[-22,1],[-9,3],[-5,-14],[-13,-4],[-4,-8],[1,-4],[-3,-9],[3,0],[-3,-7],[1,-6],[-3,-5],[-10,5],[-10,-1],[-8,-12],[-4,3],[-11,-7],[-4,-10],[-7,6],[-7,-3],[-5,-8],[-4,4],[-9,-1],[-10,-11],[-9,-8],[-3,-6],[-1,10],[-7,-11],[-6,-1],[-3,-6],[2,-17],[6,-16],[10,-21],[6,-4],[7,2],[6,9],[0,-4],[5,-4],[4,8],[17,-3],[2,-5],[-6,-1],[-2,-6],[0,-12],[-12,-1],[-8,-4],[-8,9],[-5,0],[-3,-8],[-9,-8],[-3,-7],[-2,4],[-9,-1],[-9,-6],[-14,-21],[-6,-3],[-11,3],[-2,5],[-7,4],[5,4],[0,14],[3,1],[0,10],[-3,9],[-5,4],[-4,-3],[-13,14],[-14,0],[0,8],[10,7],[5,5],[16,10],[14,9],[-5,3],[-1,12],[-3,-8],[-4,0],[-3,7],[-11,1],[0,-3],[-10,2],[-8,-4],[-9,2],[0,6],[-5,1],[-11,8],[6,0],[3,4],[-17,10],[23,-3],[5,-3],[1,4],[7,6],[-7,-2],[-8,0],[-7,6],[-2,9],[3,7],[-1,8],[-3,-7],[3,0],[-4,-6],[1,-13],[-8,2],[-3,-3],[-4,4],[-5,-5],[-6,1],[-14,-7],[0,-9],[-7,-12],[-2,-7],[-13,-19],[-6,3],[-2,-8],[-5,-2],[1,-4]],[[405,850],[5,-3],[19,5],[4,-6],[5,0],[5,6],[10,1],[0,11],[8,-2],[5,10],[7,-2],[3,4],[2,-5],[-1,-4],[10,0],[-2,11],[-7,-2],[4,15],[4,3],[-1,14],[5,10],[10,3],[4,11],[12,-2],[6,14],[-12,1],[5,8],[2,17],[8,1],[5,8],[4,0],[5,-3],[13,0],[2,8],[5,7],[11,10],[8,-8],[1,2],[9,2],[4,-11],[13,5],[12,-5],[-3,-10],[6,-8],[6,7],[5,0],[3,4],[10,1],[10,-4],[10,-13],[5,0],[1,-15],[-4,-7],[7,-9],[0,-7],[-6,-7],[-2,-9],[14,-11],[-4,-8],[6,-4],[3,-14],[7,-6],[11,-6],[1,-8],[-3,-9],[13,1],[13,-8],[-3,-7],[6,-7],[5,-1],[0,-11],[-9,-1],[0,-4],[-9,-10],[-15,2],[-2,5],[-11,0],[-2,-8],[-4,-3],[4,-8],[7,-8],[-3,-7],[3,-6],[2,-18],[5,-15]],[[383,449],[-7,-12],[-8,1],[-5,-4],[-5,-9],[-5,-6],[0,-8],[-7,-8],[0,-7],[-5,-8],[0,-6],[-7,-10],[0,-8],[-6,-5],[-5,-22],[-4,-3],[-9,3],[-5,-9],[-8,1],[-7,-3]],[[290,326],[-8,3],[-9,-1],[-5,2],[-13,-13],[-5,3],[-5,-6],[-11,-1],[-2,-7],[-6,-4],[-20,3],[-9,4],[-1,5],[-9,1],[-4,11],[-4,0],[-5,7],[-4,8],[-8,10],[-5,1],[-6,15],[0,8],[-8,1],[5,10],[5,-2],[4,4],[-4,10],[3,5],[-1,10],[6,1],[2,5],[0,7],[-10,3],[4,7],[9,-6],[11,4],[1,16],[1,2]],[[179,452],[8,0],[5,-7],[9,-8],[18,-1],[4,1],[11,0],[6,4],[-4,3],[4,11],[10,2],[5,0],[7,3]],[[262,460],[0,0]],[[262,460],[3,7],[3,1],[10,-8],[14,9],[7,19],[12,3],[10,-5],[6,0],[6,4],[6,-6],[2,-8],[5,-1],[12,5]],[[240,553],[-9,-1],[-8,-10],[-6,-5],[-4,-7],[0,-7],[-6,-2],[-6,-10],[-7,-5],[-11,5],[-4,-2],[-6,-17]],[[173,492],[-3,8],[-2,-1],[-12,7],[-4,-4],[-9,1],[-11,8],[-4,-1],[-7,5],[-19,4],[0,-16],[-6,1],[-3,-6],[0,-7],[-8,4],[-5,-5],[-9,1],[-2,8],[-7,4],[-11,15],[-2,-3],[-5,11],[-6,2],[-8,14],[-6,0],[-5,7],[-5,16],[-3,3],[5,9],[-3,7],[-10,8],[0,7],[-3,3],[0,5],[8,-11],[0,6],[5,9],[11,4],[6,-1],[3,5],[5,0],[3,7],[8,1],[3,7],[11,0],[0,4],[6,2],[13,8],[-5,4],[2,4],[9,-3],[2,-11],[6,2]],[[587,167],[1,-15],[-5,-9],[-5,4],[-6,-3],[-4,-9],[-5,-5],[0,-32],[-7,0],[-9,-15],[2,-4],[5,3],[4,-15],[8,-12],[0,-6],[-6,2],[0,-4],[-5,1],[-5,-4],[-7,11],[-4,3],[-6,-2],[-4,-5],[-14,-4],[0,-7],[-18,-9],[3,-6],[2,-12],[-2,-5],[-10,-4],[-2,2],[-5,-2],[-5,1],[-8,-5],[-15,10],[-2,-2],[-9,5],[-2,8],[-3,-3],[-7,3],[-6,-3],[0,-4],[-5,0],[-12,-5],[-2,1],[-12,-1],[-2,-4],[-8,1],[2,7],[-2,14],[4,2],[-6,12],[0,7],[-12,12],[-6,11],[6,7],[1,7],[-4,4],[2,9],[-2,8],[12,6],[8,14],[-6,14],[-11,9],[-1,11],[-5,11],[3,15],[3,0],[4,12],[3,1]],[[378,199],[7,-6],[5,-3],[-5,-6],[-2,-8],[7,-2],[7,2],[8,0],[24,-9],[9,1],[4,3],[9,-4],[7,0],[8,-1],[7,-4],[7,1],[8,4],[11,17],[8,5],[15,2],[10,6],[7,-4],[5,-7],[10,1],[2,-5],[8,1],[2,-8],[8,-7],[13,-1]],[[179,452],[-5,9],[0,10],[-4,5],[3,16]],[[560,395],[0,0]],[[560,395],[9,-11],[2,-12],[4,-9],[0,-19],[-5,-11],[2,-3],[-3,-10],[2,-6],[1,-20],[-3,-3],[5,-8]],[[625,266],[1,-6],[-2,-19],[-2,-1],[-16,-3],[-2,4],[2,10],[-5,1],[-4,-4],[3,-12],[-5,-3],[-1,-15],[5,6],[-7,-14],[-3,-4],[1,-24],[-3,-15]],[[378,199],[0,4],[-5,4],[-3,7],[3,7],[5,0],[0,5],[-10,7],[-10,-15],[-5,11],[-5,3],[-4,-3],[-6,8],[-6,0],[-1,6],[5,2],[-7,7],[5,7],[-1,5],[-7,3],[-10,8],[-7,8],[1,20],[-3,-2],[-5,9],[-8,7],[-4,9]],[[517,469],[8,0],[8,-9],[-1,-3],[5,-5],[4,-20],[7,-14],[4,-3],[-1,-5],[5,-5],[4,-10]]],"transform":{"scale":[0.028111513613613616,0.014933635415415415],"translate":[12.07614099,41.23810415]},"bbox":[12.07614099,41.23810415,40.15954309,56.15680593]}