{"type":"Topology","objects":{"all":{"type":"GeometryCollection","bbox":[20.62316451,31.56952478,59.81122468,70.07531036],"geometries":[{"type":"Polygon","properties":{"a":901,"b":"Oulu","c":28.2842,"d":64.4438},"arcs":[[0,1,2,3]]},{"type":"MultiPolygon","properties":{"a":904,"b":"Ostrobothnia","c":22.1067,"d":63.0749},"arcs":[[[4]],[[5]],[[6]],[[7,8,9,10]]]},{"type":"Polygon","properties":{"a":905,"b":"Southern Ostrobothnia","c":23.0946,"d":62.6458},"arcs":[[11,12,13,14,15,16,-9]]},{"type":"Polygon","properties":{"a":911,"b":"Southern Savonia","c":28.0114,"d":61.9208},"arcs":[[17,18,19,20,21,22]]},{"type":"Polygon","properties":{"a":907,"b":"Tavastia Proper","c":24.1867,"d":60.8344},"arcs":[[23,24,25,26,27,28]]},{"type":"MultiPolygon","properties":{"a":902,"b":"Northern Ostrobothnia","c":27.1459,"d":65.516},"arcs":[[[29]],[[30,-4,31,32,33,34,35]]]},{"type":"MultiPolygon","properties":{"a":915,"b":"Eastern Uusimaa","c":25.993,"d":60.5495},"arcs":[[[36,37,38,39]]]},{"type":"MultiPolygon","properties":{"a":909,"b":"Southern Finland","c":26.8081,"d":60.8208},"arcs":[[[40]],[[41,42,43,-37,44,-19]]]},{"type":"Polygon","properties":{"a":910,"b":"South Karelia","c":28.2859,"d":61.243},"arcs":[[45,-42,-18,46]]},{"type":"Polygon","properties":{"a":898,"b":"Lapland","c":26.5754,"d":67.7789},"arcs":[[-36,47]]},{"type":"MultiPolygon","properties":{"a":914,"b":"Satakunta","c":22.1383,"d":61.6122},"arcs":[[[48,49,50,51,-10,-17,52]]]},{"type":"Polygon","properties":{"a":912,"b":"North Karelia","c":30.2381,"d":62.9354},"arcs":[[53,-47,-23,54,-2]]},{"type":"MultiPolygon","properties":{"a":913,"b":"Finland Proper","c":22.8296,"d":60.6024},"arcs":[[[55]],[[56]],[[57]],[[58]],[[59]],[[60]],[[61]],[[62]],[[63]],[[-27,25,-25,64,65,66,67,-51,49,-49,68]]]},{"type":"Polygon","properties":{"a":906,"b":"Päijänne Tavastia","c":25.7885,"d":61.2838},"arcs":[[-20,-45,-40,69,-29,70,71]]},{"type":"MultiPolygon","properties":{"a":916,"b":"Southern Finland","c":24.4308,"d":60.3331},"arcs":[[[-39,72,-65,-24,-70]]]},{"type":"Polygon","properties":{"a":908,"b":"Pirkanmaa","c":23.8023,"d":61.6984},"arcs":[[73,-71,-28,-69,-53,-16]]},{"type":"Polygon","properties":{"a":903,"b":"Central Ostrobothnia","c":24.1837,"d":63.5797},"arcs":[[74,-12,-8,75,-34]]},{"type":"Polygon","properties":{"a":900,"b":"Eastern Finland","c":27.3851,"d":63.1684},"arcs":[[-55,-22,76,-32,-3]]},{"type":"Polygon","properties":{"a":899,"b":"Central Finland","c":25.3599,"d":62.3425},"arcs":[[-77,-21,-72,-74,-15,-14,-13,-75,-33]]}]}},"arcs":[[[831,552],[-1,-16],[-13,-9],[24,-2],[-3,-12],[-13,-1],[-7,-9],[9,-15],[8,-4],[26,-1],[12,-11],[-20,-8],[8,-10],[-3,-9],[26,-6],[21,-8],[4,-19],[-36,-24],[-17,-6]],[[856,382],[-21,-3],[-12,15],[-65,-3],[-34,5],[-8,-2],[-10,-10]],[[706,384],[-9,-8],[-17,10],[-30,12],[-18,5],[-63,8]],[[569,411],[-6,1],[-2,19],[-7,6],[-15,2],[-11,11],[-11,4],[13,6],[10,1],[10,9],[11,0],[20,14],[11,4],[23,-1],[4,11],[-12,9],[8,5],[36,3],[11,-2],[8,13],[10,2],[44,4],[11,12],[25,5],[15,0],[12,6],[21,-3],[23,0]],[[41,338],[15,0],[-4,-7],[19,5],[2,-7],[-19,-3],[-13,12]],[[146,341],[-13,-5],[0,5],[13,0]],[[67,341],[-13,0],[12,5],[1,-5]],[[215,386],[23,-7],[7,5],[18,0],[21,-10],[-27,-5],[10,0],[7,-7],[6,-16]],[[280,346],[-13,9],[-23,2],[-14,-11],[-17,-3],[-21,2],[-14,-9],[1,-9],[7,2],[-4,-12],[-11,-5],[-8,-14],[-19,-12],[-19,2],[-21,7],[-4,-9],[4,-7],[-17,-8],[3,-4],[-7,-19],[13,-1],[0,-14],[-4,-19]],[[92,214],[-15,0],[-15,-7]],[[62,207],[-6,4],[4,15],[9,7],[-7,2],[2,12],[-6,5],[-12,0],[0,15],[6,4],[-13,0],[9,12],[6,14],[13,0],[10,8],[-2,9],[6,3],[15,-5],[-13,10],[-4,9],[21,-2],[15,7],[0,-9],[12,7],[15,-1],[17,8],[-17,14],[19,-5],[-11,8],[15,-3],[8,19],[7,5],[10,-2],[2,-7],[9,2],[14,14]],[[280,346],[7,-5],[31,-7],[10,-10],[13,-2]],[[341,322],[-9,-7],[9,-20],[19,-19],[-4,-9]],[[356,267],[0,0]],[[356,267],[-1,-5],[-29,-3],[-16,-12]],[[310,247],[-17,14],[-17,-7],[-21,-4],[-12,2],[-11,-9],[-30,-5]],[[202,238],[-20,5],[-6,-7],[-19,-12],[-15,-3],[-15,-10],[-35,3]],[[815,185],[-3,-3],[-23,-11],[-21,-3],[-21,0],[-1,-4],[-13,-3],[-15,5],[-15,-10],[-14,-4],[-59,-1],[-21,3],[-29,-5],[24,-2],[9,-15],[-12,-2]],[[601,130],[-19,0],[-13,12],[-18,-7],[-5,9],[-8,-2]],[[538,142],[-21,9],[-4,8],[6,16]],[[519,175],[8,5],[9,-4],[3,7],[-14,12],[-4,7],[4,9],[-12,15],[14,9],[21,3],[7,19]],[[555,257],[16,2],[28,-2],[16,5],[12,-3],[18,-9],[12,-10],[13,-2],[10,5],[23,7],[-4,9],[9,-2],[3,10],[18,4],[4,5]],[[733,276],[16,-2],[24,-13],[-1,-7],[15,-2],[15,-16],[4,-13],[17,-14],[-2,-5],[6,-9],[-12,-10]],[[408,97],[8,-8],[-8,-7],[-10,3],[-21,-3],[-13,0],[-4,-7],[-11,-3],[-6,5],[-10,-4],[-7,5],[-27,4]],[[299,82],[-31,3],[-9,6],[-19,-2],[-8,3],[-2,12],[10,2]],[[240,106],[0,0]],[[240,106],[4,5],[-10,5]],[[234,116],[8,2],[17,-7],[17,5],[19,-7],[-5,14],[20,5],[10,0],[38,16],[12,-2],[19,0],[2,5]],[[391,147],[11,-7],[14,-1],[9,-16],[-2,-10],[-9,-4],[-6,-12]],[[387,511],[-21,-9],[-6,6],[8,4],[19,-1]],[[814,643],[9,-13],[23,-17],[6,-14],[11,-15],[2,-15],[-9,1],[-27,-5],[12,-5],[-10,-8]],[[569,411],[-15,-4],[-37,-14],[-4,-7],[4,-19],[-15,-12]],[[502,355],[-14,-4],[-21,9],[-23,2],[-23,7],[-9,-4],[-10,-10]],[[402,355],[-36,19],[-21,17],[-15,5],[-18,19],[-32,9]],[[280,424],[21,11],[7,10],[31,14],[2,9],[21,15],[13,8],[31,6],[17,-10],[8,1],[0,8],[-10,2],[-4,5],[22,-1],[-10,14],[-11,1],[11,9],[2,25],[-23,12]],[[408,563],[27,13],[34,2],[37,6],[2,-10],[59,0],[23,4],[30,20],[19,0],[12,-13],[40,-2],[21,2],[8,4],[-9,11],[28,2],[3,5],[-11,2],[12,16],[-17,5],[-2,10],[15,9],[41,-7],[34,1]],[[509,92],[8,0],[4,-8],[19,-9]],[[540,75],[-8,-7],[0,-10],[-11,-4],[-5,4],[-26,-2],[10,-5],[-6,-3],[-11,5],[0,-12],[-16,0],[-9,5],[2,7],[-13,-4],[-3,-8],[-28,0]],[[416,41],[-6,8],[6,17],[19,-8],[9,2],[-7,10],[9,5],[-7,5],[8,7]],[[447,87],[7,-2],[27,4],[5,-2],[20,-2],[3,7]],[[544,61],[6,-3],[-10,-4],[4,7]],[[601,130],[-7,-19],[7,-5],[18,-5],[9,-5],[17,0],[14,-4],[15,-10]],[[674,82],[-23,-14],[-12,-5],[-15,5],[4,-5],[-31,10],[3,-5],[-16,2],[-4,-5],[-22,-2],[-5,-5],[-9,3]],[[544,61],[-10,4],[14,12],[11,-4],[-4,7],[-15,-5]],[[509,92],[-11,7],[6,7],[-10,5],[8,7],[-8,7],[33,10],[11,7]],[[869,197],[-28,-17],[-6,-7],[-41,-24],[-18,-14],[-31,-10],[-16,-14],[-9,0],[-33,-19],[-13,-10]],[[815,185],[46,12],[8,0]],[[408,563],[-21,6],[-17,-4],[-12,14],[10,13],[-23,-13],[-15,5],[-2,-5],[-15,18],[-3,9],[-11,11],[-17,5],[-6,10],[0,14],[21,13],[0,16],[11,5],[-3,5],[-27,20],[-8,12],[2,7],[12,4],[3,13],[-32,6],[12,11],[-6,12],[0,15],[15,5],[-25,11],[-6,9],[-15,-1],[0,9],[-8,7],[-34,13],[-29,4],[-27,0],[-15,10],[-40,11],[-36,18],[-16,3],[2,6],[-27,7],[8,7],[29,-7],[11,6],[-11,8],[6,7],[19,5],[30,-3],[35,-25],[32,-19],[6,-10],[15,1],[23,-5],[16,1],[15,-6],[27,6],[23,4],[5,8],[31,-3],[4,-4],[44,-6],[23,-11],[4,5],[17,4],[5,16],[22,6],[19,0],[15,13],[-7,18],[5,11],[8,5],[0,15],[10,4],[-3,9],[23,6],[23,14],[4,6],[33,3],[21,-5],[19,4],[29,12],[26,2],[25,-18],[19,-4],[2,-5],[66,-13],[20,-20],[-11,-9],[-33,-15],[-3,-12],[11,-7],[-49,-12],[34,-7],[-6,-10],[-25,-20],[20,-30],[5,-3],[57,-11],[27,-23],[34,-14],[-9,-18],[-36,-20],[-39,-29],[-5,-9],[5,-6],[21,-15],[20,-26]],[[213,120],[-11,5],[-8,-12],[-19,0],[1,-4],[-28,-1],[-8,-4],[-15,2],[-17,12]],[[108,118],[0,0]],[[108,118],[-6,-2],[-23,0],[-8,4]],[[71,120],[4,12],[10,3],[-4,17],[6,4],[-14,7],[12,-2],[-10,8],[25,-3],[-17,12],[-6,12],[2,5],[-17,12]],[[202,238],[1,-8],[-9,-4],[2,-7],[-21,-8],[21,-11],[5,-8],[-17,-12],[8,-2],[-12,-10],[12,-11],[-16,-3],[12,-15],[17,-2],[8,-10],[0,-7]],[[856,382],[0,-3],[44,-24],[30,-9],[15,-7],[20,-8],[6,-12],[19,-9],[9,-10],[-15,-14],[-5,-12],[-11,-12],[-23,-15],[-7,-5],[-23,-11],[-46,-34]],[[733,276],[-2,9],[14,8],[13,-5],[15,7],[-15,7],[10,8],[-15,5],[-23,16],[12,10],[-13,21],[-1,15],[-12,0],[-10,7]],[[167,25],[-2,-8],[-8,8],[10,0]],[[92,32],[-13,-5],[0,5],[13,0]],[[115,36],[-9,-7],[-8,0],[4,8],[13,-1]],[[127,32],[-8,4],[10,3],[-2,-7]],[[202,37],[1,-8],[-11,-7],[-23,-5],[2,15],[-4,4],[32,3],[3,-2]],[[157,46],[-13,-4],[-11,2],[1,5],[23,-3]],[[121,58],[2,-9],[-17,7],[5,7],[10,-5]],[[77,70],[-2,-7],[-11,10],[13,-3]],[[64,104],[-6,9],[11,-4],[-5,-5]],[[299,82],[-4,-16],[-11,-1],[5,-9],[-15,-10],[0,-9],[-17,-3],[-13,2],[-10,-7],[-15,0]],[[219,29],[-6,-2]],[[213,27],[-4,3]],[[209,30],[-4,6],[12,8],[-12,4],[-25,-9],[4,7],[-17,-5],[15,13],[-13,4],[-19,-2],[-14,7],[-7,-2],[-8,7],[-13,-3],[3,15],[-17,-7],[-2,-7],[-11,7],[-8,0],[-6,12],[6,0],[-4,11],[4,12],[-11,13],[9,-1]],[[213,120],[21,-4]],[[447,87],[-8,9],[-10,-4],[-11,7],[-10,-2]],[[391,147],[-4,14],[8,-2]],[[395,159],[42,4],[10,19],[24,1],[6,9],[21,-7],[6,-9],[13,2],[2,-3]],[[416,41],[0,-5],[-21,-4],[-12,2],[-27,-7],[6,-3],[-11,-7],[-10,1],[0,7],[-9,-3],[-29,-5],[-13,-4],[-33,0],[9,7],[-3,5],[-8,-8],[-19,-11],[4,-3],[-33,-3],[25,8],[12,5],[-18,-1],[12,10],[-21,0],[2,7]],[[310,247],[0,-4],[21,-5],[12,-10],[17,3],[15,-15],[14,0],[6,-12],[-2,-9],[5,-8],[-1,-7],[-18,-4],[12,-5],[4,-12]],[[402,355],[-23,-10],[2,-9],[-6,-12],[-19,2],[-15,-4]],[[215,386],[17,10],[13,0],[6,5],[0,11],[21,-2],[-4,7],[12,7]],[[555,257],[-20,5],[9,7],[-2,10],[-8,9],[-11,-2],[-19,9],[-8,8],[20,2],[3,9],[-15,10],[4,9],[-10,13],[4,9]]],"transform":{"scale":[0.010957317587587587,0.01027436004004004],"translate":[20.62316451,59.81122468]},"bbox":[20.62316451,59.81122468,31.56952478,70.07531036]}