{"type":"Topology","objects":{"all":{"type":"GeometryCollection","bbox":[-5.13280189,9.55958093,41.36591218,51.08754088],"geometries":[{"type":"MultiPolygon","properties":{"a":929,"b":"Pays de la Loire","c":-0.9487,"d":47.5037},"arcs":[[[0]],[[1,2,3,4,5]]]},{"type":"Polygon","properties":{"a":926,"b":"Basse-Normandie","c":-0.5899,"d":48.9348},"arcs":[[6,7,-6,8,9]]},{"type":"Polygon","properties":{"a":933,"b":"Languedoc-Roussillon","c":3.7731,"d":43.7375},"arcs":[[10,11,12,13,14]]},{"type":"Polygon","properties":{"a":941,"b":"Champagne-Ardenne","c":4.4295,"d":48.4041},"arcs":[[15,16,17,18,19,20]]},{"type":"Polygon","properties":{"a":946,"b":"Lorraine","c":6.0422,"d":48.7794},"arcs":[[21,22,-16,23]]},{"type":"MultiPolygon","properties":{"a":928,"b":"Poitou-Charentes","c":-0.1752,"d":46.156},"arcs":[[[24]],[[25]],[[26,27,28,-3,29]]]},{"type":"Polygon","properties":{"a":934,"b":"Midi-Pyrénées","c":1.3357,"d":43.7761},"arcs":[[30,-14,31,32,33]]},{"type":"Polygon","properties":{"a":923,"b":"Rhône-Alpes","c":5.4602,"d":45.5788},"arcs":[[34,35,36,-11,37,38]]},{"type":"MultiPolygon","properties":{"a":927,"b":"Bretagne","c":-2.7751,"d":48.1473},"arcs":[[[39]],[[-9,-5,40]]]},{"type":"Polygon","properties":{"a":938,"b":"Haute-Normandie","c":1.0061,"d":49.389},"arcs":[[41,42,-7,43,44]]},{"type":"Polygon","properties":{"a":945,"b":"Alsace","c":7.421,"d":48.382},"arcs":[[45,46,-22]]},{"type":"MultiPolygon","properties":{"a":932,"b":"Provence-Alpes-Côte-d'Azur","c":6.1698,"d":43.9504},"arcs":[[[47,-12,-37]]]},{"type":"Polygon","properties":{"a":939,"b":"Île-de-France","c":2.4937,"d":48.7089},"arcs":[[-19,48,49,-42,50]]},{"type":"Polygon","properties":{"a":937,"b":"Centre","c":1.6295,"d":47.4243},"arcs":[[51,52,53,-30,-2,-8,-43,-50]]},{"type":"Polygon","properties":{"a":942,"b":"Nord-Pas-de-Calais","c":2.4618,"d":50.4601},"arcs":[[54,55,56,57]]},{"type":"Polygon","properties":{"a":930,"b":"Aquitaine","c":-0.209,"d":44.349},"arcs":[[-33,58,-28,59]]},{"type":"MultiPolygon","properties":{"a":931,"b":"Corse","c":9.1143,"d":42.1715},"arcs":[[[60]]]},{"type":"Polygon","properties":{"a":943,"b":"Picardie","c":2.8467,"d":49.63},"arcs":[[-57,55,-55,61,-20,-51,-45,62]]},{"type":"Polygon","properties":{"a":944,"b":"Franche-Comté","c":6.1776,"d":47.1986},"arcs":[[-47,63,-35,64,-17,-23]]},{"type":"Polygon","properties":{"a":936,"b":"Bourgogne","c":4.2091,"d":47.2644},"arcs":[[-65,-39,65,-52,-49,-18]]},{"type":"Polygon","properties":{"a":935,"b":"Auvergne","c":3.1799,"d":45.5754},"arcs":[[-66,-38,-15,-31,66,-53]]},{"type":"Polygon","properties":{"a":940,"b":"Limousin","c":1.5929,"d":45.7851},"arcs":[[-67,-34,-60,-27,-54]]}]}},"arcs":[[[200,577],[-4,-2],[-3,7],[4,0],[3,-5]],[[403,701],[7,-5],[-4,-8],[0,-13],[-4,-3],[-2,-13],[-8,-5],[-1,-6],[-16,-9],[-10,1],[-4,-23],[-5,-7],[-2,-15]],[[354,595],[-5,0],[-4,-8],[-6,-2],[-2,3],[-14,-1],[-12,-2],[-5,-8],[-21,1],[8,-8],[1,-7],[7,-5],[-1,-6],[6,-13],[0,-21],[5,-4],[-13,-7],[-7,3],[-7,-1],[0,4],[-10,-3],[-1,-2]],[[273,508],[-8,-4],[-9,9],[-6,-3],[-2,8],[-8,1],[-10,7],[-12,22],[-8,9],[-5,2],[-1,8],[10,15],[-7,9],[-8,0],[2,5],[0,10],[12,3],[9,-2],[-10,4],[-9,0],[-10,-7],[-7,5],[-3,-3],[-8,11],[7,8]],[[182,625],[8,0],[2,5],[8,-3],[5,6],[3,12],[14,5],[4,-1],[10,5],[2,4],[12,6],[14,-5],[5,18],[9,4],[-2,8],[0,43]],[[276,732],[14,0],[3,-5],[19,3],[3,3],[10,-1],[7,7],[13,-12],[0,-6],[9,0],[8,7],[8,2],[5,-3],[-1,-7],[3,-7],[7,-5],[12,-2],[7,-5]],[[369,829],[2,-15],[4,-3],[-3,-4],[6,-8],[-4,-9],[4,-5],[-2,-11],[14,-3],[4,-7],[7,-5],[-2,-6],[6,-3]],[[405,750],[0,-5],[9,-13],[2,-5],[-6,-9],[-8,-2],[1,-15]],[[276,732],[-13,5],[-11,-9],[-8,9],[-3,10]],[[241,747],[6,-1],[9,4],[-10,3],[-3,4],[-1,11],[1,17],[-3,3],[0,20],[-10,14],[-5,2],[1,5],[-5,9],[3,5],[-2,9],[-5,6],[8,-2],[20,-4],[9,6],[9,-2],[3,-8],[-6,-6],[9,-15],[0,-7],[6,4],[10,0],[8,-2],[28,-3],[13,-6],[13,4],[13,10],[9,2]],[[612,348],[2,-14],[5,-9],[5,-14],[0,-7],[6,1],[7,-5],[10,5],[4,-5],[5,5],[9,-5]],[[665,300],[5,-9],[0,-11],[4,0],[5,-9],[-2,-5],[-13,-9],[1,-7],[-3,-12],[-9,0],[-4,-12],[-9,-5],[-4,-7]],[[636,214],[-4,2],[-4,8],[-8,0],[-17,-15],[-9,-3],[-6,-9],[-13,-3],[-11,-10],[-7,-15],[-1,-9],[0,-34],[1,-5],[6,-4],[2,-8],[-6,0],[-4,3],[-13,-1],[-3,-5],[-6,1],[-3,-7],[-11,-2],[-15,11],[-10,-2],[-5,-6],[-7,2],[-3,8],[-14,5],[4,6]],[[469,122],[13,3],[3,7],[11,0],[-7,9],[-10,0],[-2,10],[7,3],[-4,6],[4,3],[-4,8],[2,7],[-16,7],[-1,13],[7,4],[2,8],[3,-2],[10,2],[3,-2],[10,-1],[1,6],[23,-3],[6,4],[-3,15],[4,4],[7,-2],[12,8],[6,-1],[1,14],[8,0],[6,6],[4,0],[8,14],[-11,7],[7,8],[-2,4],[-8,-1],[-2,5],[-6,2],[2,17],[-4,6],[0,5],[-7,11]],[[552,336],[5,18],[4,9],[3,-4],[12,9],[10,-14],[6,1],[5,6],[1,-6],[5,-1],[9,-6]],[[716,847],[-6,-7],[-12,4],[-4,-7],[3,-9],[-6,-11],[-5,-17],[2,-12],[3,-2],[-1,-8],[-6,-4],[-1,-12],[5,-3],[3,-14],[29,-20],[-2,-9],[6,1],[14,-15],[-4,-11],[8,-8],[0,-5],[8,-4]],[[750,674],[-14,-14],[0,-11],[-8,-4],[-5,4],[-6,-3],[-3,-6]],[[714,640],[-6,-1],[-6,9],[-6,-3],[-10,5],[-2,8],[4,1],[-1,6],[-8,12],[-11,6],[-9,-1],[-1,-4],[-23,-4],[-17,0],[-15,24],[-4,-2],[-6,3],[1,9],[-6,9],[-6,1],[-2,5]],[[580,723],[-1,7],[11,15],[-6,2],[0,9],[-4,3],[5,10]],[[585,769],[14,16],[-6,3],[3,12],[7,0],[-4,5],[-1,12],[13,2],[3,5],[9,-4],[2,29],[3,0],[9,9],[-2,5],[3,9],[-2,10]],[[636,882],[15,-3],[14,7],[2,10],[9,8],[4,-8],[-6,-14],[6,-5],[-1,-12],[9,1],[12,-11],[7,1],[4,-8],[5,-1]],[[869,788],[-6,-10],[-3,2],[-14,-1],[-12,6],[-1,5],[-10,-15],[9,-6],[0,-7],[6,7],[8,-8],[-3,-10],[1,-9],[-5,-5],[-8,-1],[4,-4],[-3,-15],[7,-5],[-8,-14],[-1,-6],[-9,-17],[-1,-10],[-4,-2]],[[816,663],[-12,6],[-5,6],[-5,-5],[-9,5],[-12,-1],[-9,9],[-9,-8],[-5,-1]],[[716,847],[5,-13],[10,5],[11,0],[12,-10],[8,1],[10,6],[5,-4],[14,-3],[5,-7],[-2,-3],[11,-14],[1,-5],[6,-1],[1,6],[13,-2],[4,-4],[14,-4],[6,6],[8,-2],[1,-5],[10,-6]],[[262,475],[7,-9],[-1,-7],[-12,12],[-3,10],[9,-6]],[[249,501],[0,-2],[11,-2],[-2,-4],[-6,5],[-4,-1],[-5,4],[6,0]],[[429,516],[-9,-3],[-4,-9],[-13,-5],[2,-10],[-2,-8],[9,-8],[-9,-5],[0,-12],[-5,-1],[-6,-9]],[[392,446],[-14,-24],[-11,-7],[-1,-12],[-6,-6],[-11,-5],[-4,-8],[-8,-1],[-17,10],[0,7],[-9,3],[-1,4],[-9,0]],[[301,407],[-3,10],[-6,9],[-24,20],[-4,0],[1,9],[7,0],[-1,7],[5,3],[-1,16],[-4,10],[-4,2],[6,15]],[[354,595],[1,-4],[7,-3],[0,-3],[8,-3],[0,-10],[9,0],[9,1],[0,5],[7,-3],[16,-27],[0,-10],[9,-8],[7,-2],[2,-12]],[[489,371],[1,-8],[6,-14],[-2,-7],[3,-7],[10,4],[7,-1],[5,2],[6,15],[9,12],[14,-18],[0,-10],[4,-3]],[[469,122],[-3,5],[-17,3],[-3,-4],[-6,11],[-13,0],[-5,8],[-11,0],[-8,5],[-8,1],[-3,-10],[1,-6],[-18,0],[-6,-1],[-5,5],[-15,-4],[-6,1],[-6,9],[-9,5]],[[328,150],[1,16],[7,5],[0,7],[8,7],[3,7],[0,7],[4,4],[-5,19],[-4,5],[-10,0],[-1,5],[3,6],[2,19],[-2,4],[8,1],[5,5],[6,-6],[4,7],[7,4],[5,-2],[12,6],[10,1],[4,-2],[8,10],[6,0],[4,15],[-3,0],[0,9],[10,-1],[2,6],[-5,11],[9,9],[3,5],[8,5],[1,8],[9,9],[-1,12],[2,1]],[[448,374],[4,4],[8,-2],[9,-9],[20,4]],[[710,523],[5,-11],[6,-3],[3,-6],[9,7],[5,-6],[10,0],[6,5],[7,10]],[[761,519],[5,-6],[-4,-13],[-8,-2],[0,-9],[10,0],[12,11],[-4,9],[5,8],[13,5],[9,1],[12,-5],[-4,-5],[6,-9],[-4,-13],[6,-2],[11,-19],[-7,-10],[-7,-1],[-2,-9],[2,-5],[10,-5],[1,-14],[8,-5],[5,-8],[-4,-6],[0,-7],[-10,-6],[-5,-7],[-10,2],[-7,-3]],[[800,386],[-8,-3],[-2,-5],[-7,3],[-2,3],[-8,-1],[-1,-10],[6,0],[4,-8],[0,-7],[-4,1],[-23,-5],[0,-5],[-9,-1],[-1,-9],[-11,-3],[-4,-10],[4,-5],[-4,-2],[-9,1],[2,-5],[-5,-2],[5,-8],[9,0],[4,-10],[-1,-9],[-6,3],[-6,-7],[-9,9],[-14,4],[-2,5],[-10,0],[-10,-5],[-4,8],[-9,1],[0,-4]],[[612,348],[11,11],[7,0],[6,10],[5,2],[5,6],[0,10],[4,-3],[3,13],[-7,4],[-4,12],[-11,-1],[-1,-2],[-17,0],[6,12],[-3,10],[-8,8],[-8,15],[3,9],[-4,7],[9,4],[-1,19],[-2,5],[8,5]],[[613,504],[1,-6],[6,-4],[5,1],[17,-1],[5,5],[2,6],[12,-2],[3,4],[7,-13],[4,0],[1,7],[10,27],[7,-1],[7,1],[10,-5]],[[137,613],[2,-4],[-10,2],[1,8],[7,-6]],[[182,625],[-3,8],[-19,-3],[-8,5],[9,0],[3,5],[-4,4],[-10,-4],[-3,5],[-1,-6],[-10,-4],[-1,7],[-4,3],[6,5],[-1,5],[-6,-10],[-9,7],[5,7],[-12,-9],[-4,8],[-12,1],[-2,4],[-9,-3],[-4,9],[-5,3],[-3,-7],[-10,4],[-3,-9],[-11,2],[3,3],[-3,9],[-11,9],[-3,-1],[-9,3],[3,3],[20,5],[6,0],[-2,10],[-12,4],[-4,-4],[0,14],[3,-5],[9,-1],[11,1],[-17,5],[3,5],[-12,-5],[-11,0],[-1,15],[4,8],[15,6],[8,5],[4,-4],[8,2],[5,4],[10,3],[2,-7],[7,-3],[3,10],[15,-5],[3,6],[-3,5],[5,6],[6,-3],[15,5],[-1,-5],[7,6],[8,-10],[12,-12],[2,-7],[11,-5],[5,5],[16,9],[1,-6],[4,4],[2,-7],[11,7],[3,-8],[5,-4],[-6,12],[6,4],[7,2],[-2,-8],[5,-2],[14,2]],[[464,808],[-5,-15],[-11,-4],[3,-11]],[[451,778],[-3,-7],[-13,-12],[-11,2],[-7,-6],[-9,-2],[-3,-3]],[[369,829],[8,1],[-20,4],[-3,5],[7,17],[5,3],[24,13],[11,1],[28,9],[13,12]],[[442,894],[10,-7],[11,-11],[5,-13],[-5,-8],[2,-18],[4,0],[-3,-13],[4,-15],[-6,-1]],[[869,788],[19,0],[11,-7],[7,-1],[-7,-16],[-8,-4],[-2,-7],[-9,-8],[0,-10],[-5,-12],[1,-6],[-12,-24],[3,-15],[-3,-4],[-3,-14],[-1,-12],[5,-9],[-7,-4],[-1,-8],[-6,-4],[-9,-2],[-7,8]],[[835,629],[0,5],[-9,8],[3,3],[-2,9],[-10,5],[-1,4]],[[800,386],[-2,-3],[4,-7],[4,-2],[0,-9],[9,-7],[9,0],[4,-16],[-6,-2],[-1,-6],[-8,-9],[6,-10],[-3,-7],[7,-13],[12,-4],[13,-9],[22,7],[2,-9],[-4,-10],[-11,-13],[2,-9],[-8,-2],[-4,-9],[-5,1],[-3,-5],[-5,0],[0,-9],[-11,-1],[-5,-11],[-11,-3],[-1,-6],[-9,-8],[7,0],[-4,-10],[-14,-1],[-4,-7],[-10,2],[-6,-6],[-16,6],[3,-5],[-8,-1],[0,5],[-9,5],[-2,4],[-6,-3],[-3,5],[-12,0],[-1,13],[-3,1],[-12,-3],[-6,2],[-2,5],[4,3],[6,0],[5,7],[-6,1],[-2,5],[-6,1],[3,-11],[-2,-3],[-7,3],[-9,-10],[-16,3],[2,4],[-5,4],[-20,0]],[[580,723],[-3,-3],[-22,-2],[0,-10],[-7,-10]],[[548,698],[-7,-4],[-5,4],[-4,-5],[-16,1],[3,10],[-7,9],[-10,-1],[-3,5],[-5,-5],[-10,-2],[-4,17],[-9,3],[-2,7],[-13,15],[0,17],[-5,9]],[[464,808],[3,-4],[16,-3],[6,4],[12,-5],[7,3],[17,-10],[3,2],[8,-5],[27,4],[1,-9],[17,-16],[4,0]],[[548,698],[7,-4],[6,-11],[-2,-8],[-7,-5],[1,-10],[-12,-6],[6,-5],[4,-13],[-8,-1],[5,-10],[-3,-14],[7,-6],[3,-19],[3,-2],[0,-19],[-3,-8]],[[555,557],[-4,0],[-9,-6],[-8,0],[-10,-8],[3,-10],[-19,-5],[-6,-9]],[[502,519],[-10,0],[-22,4],[-2,-5],[-8,-4],[-8,5],[-7,-7],[-5,5],[-3,-3],[-8,2]],[[630,885],[-10,2],[-2,5],[-19,0],[-14,-4],[-21,0],[-9,7],[-12,-7],[-6,3],[-2,9],[-3,-4]],[[532,896],[0,0]],[[532,896],[-8,5],[-9,-1],[-4,2],[6,4],[-5,5],[-20,-4],[-3,5],[-12,6],[-4,6],[-12,-3],[-4,5]],[[457,926],[-2,3],[1,12],[-1,15],[3,14],[-2,6],[11,8],[16,7],[11,1],[26,6],[7,-14],[-3,-3],[3,-11],[4,0],[7,-8],[8,-3],[5,5],[9,4],[10,-13],[1,-15],[8,-3],[5,3],[3,-4],[10,-3],[0,-9],[3,-7],[3,6],[10,-2],[8,2],[13,-8],[-4,-15],[5,-8],[-5,-7]],[[328,150],[-8,-5],[-7,3],[-2,-3],[-7,9],[-5,1],[-3,8],[-6,-2],[-10,3],[-18,9],[-2,6],[-4,-9],[-8,7],[4,5],[2,11],[-11,4],[-3,-4],[-3,5],[-7,0],[-3,9],[9,1],[5,5],[8,14],[4,25],[2,6],[9,57],[0,13],[4,11],[9,-1],[0,6],[-6,5],[-6,-6],[-2,-9],[4,52],[3,16],[1,21],[4,8],[3,-5],[9,-6],[10,-13],[3,-20],[5,-9],[-4,29]],[[392,446],[7,-1],[3,-10],[16,1],[3,-5],[6,-2],[0,-8],[6,0],[6,-10],[-5,-5],[2,-18],[8,-1],[4,-13]],[[992,131],[0,-5],[5,-4],[0,-21],[2,-5],[0,-19],[-4,-5],[-7,-13],[0,-26],[-7,-10],[4,-1],[-6,-5],[1,-6],[-5,-3],[3,-4],[-4,-4],[-5,6],[-22,13],[0,9],[8,5],[-7,1],[-2,4],[-8,0],[3,6],[5,3],[0,11],[-12,-2],[4,11],[6,2],[-4,8],[-7,1],[-3,12],[10,2],[-9,9],[7,8],[0,8],[10,9],[16,6],[4,8],[6,0],[7,-6],[3,7],[-2,9],[3,10],[-1,6],[6,3],[3,-3],[1,-18],[-2,-17]],[[630,885],[6,-3]],[[442,894],[13,16],[6,-4],[1,4],[-8,5],[3,11]],[[835,629],[-11,1],[0,-5],[-8,-10],[12,-1],[-6,-5],[0,-5],[-19,-19],[-5,-8],[-11,-5],[-1,-19],[-11,-7],[-10,-10],[2,-3],[-6,-9],[0,-5]],[[710,523],[7,1],[-3,5],[4,14],[-5,16],[7,4],[-9,5],[-5,9],[4,8],[5,1],[8,14],[0,16],[-6,13],[6,5],[-3,9],[-6,-3]],[[613,504],[7,4],[0,15],[-17,10],[-1,6],[-8,13],[-7,-9],[-5,5],[-14,-1],[-12,5],[-1,5]],[[489,371],[10,18],[-1,7],[12,15],[-1,5],[8,-4],[3,10],[-3,9],[4,14],[-6,5],[-3,9],[9,6],[5,11],[-3,7],[1,6],[-7,15],[-9,5],[-6,10]]],"transform":{"scale":[0.01470708990990991,0.009731360060060057],"translate":[-5.13280189,41.36591218]},"bbox":[-5.13280189,41.36591218,9.55958093,51.08754088]}