{"type":"Topology","objects":{"all":{"type":"GeometryCollection","bbox":[8.69556725,14.49899052,-3.93685619,2.32249502],"geometries":[{"type":"Polygon","properties":{"a":950,"b":"Estuaire","c":10.1977,"d":0.42155},"arcs":[[0,1,2,3]]},{"type":"Polygon","properties":{"a":951,"b":"Ogooué-Ivindo","c":12.99074,"d":0.58061},"arcs":[[4,5,6,7,8]]},{"type":"Polygon","properties":{"a":957,"b":"Haut-Ogooué","c":13.68432,"d":-1.5095},"arcs":[[9,10,-5]]},{"type":"Polygon","properties":{"a":953,"b":"Moyen-Ogooué","c":10.74488,"d":-0.4192},"arcs":[[11,-7,12,13,-2]]},{"type":"Polygon","properties":{"a":955,"b":"Nyanga","c":11.02457,"d":-3.02192},"arcs":[[14,15,16]]},{"type":"Polygon","properties":{"a":952,"b":"Wouleu-Ntem","c":12.225,"d":1.55699},"arcs":[[-8,-12,-1,17]]},{"type":"MultiPolygon","properties":{"a":956,"b":"Ogooué-Maritime","c":9.44155,"d":-1.05601},"arcs":[[[18]],[[-14,19,-16,20,-3]]]},{"type":"Polygon","properties":{"a":958,"b":"Ogooué-Lolo","c":12.55355,"d":-0.84864},"arcs":[[-11,21,22,-6]]},{"type":"Polygon","properties":{"a":954,"b":"Ngounié","c":11.02589,"d":-1.60861},"arcs":[[-23,23,-17,-20,-13]]}]}},"arcs":[[[295,788],[0,-22],[-8,-24],[6,-12],[95,29],[3,-7],[0,-14],[-3,-11],[-5,-4],[-1,-8],[-8,-12],[-3,-16],[-3,-4],[0,-11],[-5,-7]],[[363,665],[-24,-5],[0,-4],[-7,-6],[3,-10],[-7,-2],[-10,-9],[2,-8],[-28,-20],[-17,-9],[-11,-12],[-22,-12],[-17,-6],[-7,16],[-13,2],[-12,-10],[-10,3],[-9,-4],[-8,0],[-17,-9],[3,-20],[-1,-4]],[[151,536],[-14,13],[-16,6],[-11,14],[-6,16]],[[104,585],[0,11],[5,10],[3,12],[-3,8],[4,5],[-9,43],[2,6],[7,6],[5,-9],[-5,-20],[11,5],[8,-7],[2,-9],[3,-2],[1,14],[11,-3],[3,-9],[11,7],[3,-4],[8,1],[17,-18],[-9,14],[3,4],[8,-3],[14,11],[15,-2],[6,4],[-9,-1],[-6,4],[-10,-4],[-15,-2],[-14,7],[-6,0],[-16,10],[-3,5],[-11,-4],[-7,11],[-10,20],[-9,7],[-8,2],[2,13],[15,4],[10,0],[14,5],[4,-9],[-12,0],[-5,-4],[8,1],[6,-7],[6,3],[0,-16],[5,-2],[0,8],[6,13],[-3,6],[0,8],[-1,19],[-10,25],[3,7],[11,2],[8,7],[11,-1],[6,-14],[3,5],[8,-2],[12,-10],[8,2],[0,7],[6,3],[70,0]],[[894,614],[-13,4],[-12,8],[-39,8],[-41,1]],[[789,635],[-18,3],[-9,4],[-5,16],[-9,6],[-8,-1],[-9,5],[-7,-5],[-18,2],[-11,8],[-12,-5],[-9,4],[-27,-108],[-26,-13],[-127,-43]],[[494,508],[-6,10],[-3,15],[-7,9],[-6,5],[-5,12],[0,11],[-12,17],[0,17],[-3,8],[-7,2],[-1,5],[6,10],[8,6],[34,15],[3,6],[2,9]],[[497,665],[-18,17],[0,4],[125,78],[3,7],[0,17],[6,8],[17,26],[0,2],[143,-1]],[[773,823],[10,0],[16,7],[3,4],[9,0],[13,-2],[11,1],[6,7],[23,8],[5,-1],[6,10],[38,-3],[9,-6],[13,3],[10,-2],[12,-8],[3,-17],[-1,-11],[4,-8],[10,-3],[9,-19],[12,-10],[-7,-5],[3,-9],[-14,-13],[-5,-7],[-1,-12],[-13,-10],[-13,-3],[-18,0],[-6,-6],[3,-7],[-3,-7],[-13,-6],[-16,-28],[4,-25],[6,-3],[-4,-6],[3,-6],[-6,-6]],[[894,614],[-8,-10],[-3,-8],[9,-10],[5,4],[9,0],[4,-4],[6,2],[13,-4],[8,-9],[4,-19],[7,2],[6,-2],[9,3],[12,-4],[18,-15],[6,-12],[-1,-6],[-7,-14],[0,-16],[-7,-11],[-3,-16],[6,-18],[0,-7],[6,-6],[-2,-13],[-6,-5],[12,-13],[-6,-7],[-3,-7],[5,-8],[-17,-10],[6,-9],[8,-3],[-6,-4],[-3,-22],[1,-7],[-6,-4],[-19,-8],[-4,-8],[3,-2],[-2,-14],[-6,-5],[0,-7],[-9,-5],[0,-6],[12,-10],[2,-4],[-15,-6],[-3,-10],[-9,-9],[-6,4],[-9,-4],[-5,6],[-9,-3],[-8,1],[-3,10],[11,10],[-8,5],[-1,7],[-9,13],[-3,10],[-7,6],[-6,-8],[-2,-8],[-16,-14],[0,-5],[-7,-2],[-12,-10],[-3,-5],[-18,-1],[-32,11],[-9,-3],[-21,7],[-9,-4],[9,12],[-12,17],[-7,-3],[-6,21],[-3,5],[-9,19],[-10,5]],[[696,327],[7,16],[-1,6],[13,24],[8,12],[1,9],[7,7],[8,5],[7,0],[19,18],[5,3],[0,24],[18,-6],[26,31],[22,29],[0,7],[-43,78],[-8,4],[-3,14],[-3,3],[10,16],[0,8]],[[363,665],[134,0]],[[494,508],[-22,1],[-19,8],[-27,19],[-43,-3],[-9,-6],[-6,3],[-11,-5],[-6,5],[-14,-2],[3,-7],[-14,-14],[-11,-6],[-1,-14],[-8,-14],[-8,-3],[0,-6],[-6,-14],[-6,-8],[-5,4],[-20,1],[-11,-5],[-14,-15]],[[236,427],[-15,5],[-13,10],[5,12],[1,8],[-3,6],[2,8],[-11,7],[-22,2],[-12,9],[-6,9],[-11,33]],[[489,181],[-3,-6],[5,-4],[12,5],[28,-27],[0,-4],[-13,-4],[-3,-6],[0,-14],[13,-6],[16,-10],[15,-5],[1,-5],[-11,-12],[-11,-21],[2,-8],[13,-7],[-9,-10],[-7,-1],[-9,2],[-13,0],[-8,4],[-12,21],[-16,5],[-12,-13],[-13,-3],[-21,-14],[-3,-5],[-11,-29],[-3,-4],[-17,12],[-5,22],[-30,25],[-28,18],[-2,7],[2,11],[-13,11],[-17,18],[-53,41],[-23,15],[-12,10]],[[218,190],[57,16],[6,0],[5,15],[9,5],[-3,7],[6,11],[6,3],[25,13]],[[329,260],[75,8],[6,-2],[3,-10],[17,-9],[5,-14],[13,-16],[15,-10],[13,-12],[13,-14]],[[295,788],[160,0],[-1,42],[0,125],[-2,19],[6,16],[-1,6],[46,1],[9,1],[5,-3],[12,-3],[34,2],[22,0],[19,-2],[20,6],[11,-5],[15,2],[14,-4],[34,-6],[10,5],[7,-3],[13,3],[8,-3],[4,1],[15,-1],[9,6],[19,-2],[9,-7],[0,-20],[-3,-9],[-13,-10],[1,-3],[-9,-10],[6,-9],[-3,-9],[-4,-5],[0,-20],[-5,-7],[6,-8],[6,-2],[5,-14],[3,-3],[-2,-18],[-7,-3],[-3,-5],[3,-6]],[[56,508],[-9,3],[-3,15],[7,6],[8,-11],[0,-11],[-3,-2]],[[236,427],[-3,-10],[-14,-14],[2,-15],[-5,-15],[-9,-5],[-5,-8],[9,-15],[11,-9],[11,0],[19,-7],[9,-6],[16,-3],[9,4],[18,-9],[-3,-12],[8,-9],[3,-11],[17,-23]],[[218,190],[-10,6],[-31,36],[11,-4],[9,8],[-3,-6],[5,-7],[9,-1],[5,-9],[6,3],[2,-7],[6,-2],[12,9],[11,0],[-3,9],[-11,6],[5,-11],[-16,8],[-3,-8],[-6,2],[0,6],[6,3],[-14,3],[-3,9],[-11,-2],[-12,-7],[-5,7],[0,7],[-6,-1],[3,-5],[-6,0],[-9,5],[-7,10],[-3,20],[-17,17],[-12,10],[-8,12],[-11,12],[12,-5],[19,-1],[3,-6],[-4,-3],[9,-5],[6,-10],[3,3],[-3,7],[-9,8],[4,5],[-9,12],[-6,1],[0,-7],[-9,11],[-7,-7],[-7,6],[-8,-2],[0,23],[-3,12],[-6,11],[-10,9],[-21,28],[-5,11],[9,-12],[8,-3],[6,-14],[17,-15],[8,-2],[2,-20],[12,6],[9,2],[-1,-6],[3,-3],[0,10],[20,-1],[-6,8],[-2,12],[-9,2],[0,-7],[-8,-7],[-15,-2],[-3,11],[-5,3],[9,5],[-3,5],[8,4],[3,11],[-3,8],[0,-11],[-3,-5],[-5,3],[-9,-6],[-8,-2],[-5,3],[-1,10],[-8,-3],[-12,8],[-5,18],[-2,-7],[-4,20],[-17,20],[6,-5],[3,8],[-9,-2],[-2,9],[-6,5],[-19,36],[-3,12],[10,-4],[6,-8],[1,-12],[11,-11],[0,13],[10,0],[-5,8],[6,-2],[6,-11],[8,-8],[2,-8],[1,12],[11,14],[3,15],[9,8],[3,6],[21,22],[1,16]],[[696,327],[-18,10],[-9,0],[-11,-6],[-5,-10],[-7,4]],[[646,325],[0,6],[-19,0],[-20,7],[-13,9],[-14,17],[-5,2],[-4,10],[6,6],[-6,25],[-8,10],[-10,5],[-18,13],[-9,15],[0,8],[-6,0],[-11,-7],[-8,-4],[-9,2],[-3,19],[-5,7],[-3,10],[3,11],[10,12]],[[646,325],[-5,3],[2,-20],[4,-11],[8,-3],[-6,-12],[1,-7],[-4,-15],[1,-4],[-67,-13],[-6,0],[-14,13],[-22,-5],[-9,-7],[-6,-1],[-14,11],[-14,3],[-3,-4],[5,-12],[0,-15],[6,-15],[-2,-10],[-12,-20]]],"transform":{"scale":[0.005809232502502502,0.006265616826826827],"translate":[8.69556725,-3.93685619]},"bbox":[8.69556725,-3.93685619,14.49899052,2.32249502]}