{"type":"Topology","objects":{"all":{"type":"GeometryCollection","bbox":[5.85248987,15.02205937,47.27112091,55.06533438],"geometries":[{"type":"MultiPolygon","properties":{"a":683,"b":"Niedersachsen","c":9.1512,"d":52.7636},"arcs":[[[0]],[[1]],[[2,3,4,5,6,7,8,9,10,11,12,13,14],[15,-16,15,16]]]},{"type":"Polygon","properties":{"a":679,"b":"Nordrhein-Westfalen","c":7.7013,"d":51.6652},"arcs":[[17,18,19,20,21,-12]]},{"type":"MultiPolygon","properties":{"a":682,"b":"Bremen","c":8.8213,"d":53.1082},"arcs":[[[-16,15,-16,-17]],[[22,-14]]]},{"type":"Polygon","properties":{"a":691,"b":"Sachsen-Anhalt","c":11.8057,"d":51.8079},"arcs":[[23,24,25,26,-9,7,-7,27]]},{"type":"Polygon","properties":{"a":680,"b":"Baden-Württemberg","c":9.0399,"d":48.5814},"arcs":[[28,29,30,31,32,33]]},{"type":"Polygon","properties":{"a":692,"b":"Sachsen","c":13.4216,"d":51.1179},"arcs":[[34,35,36,37,-26]]},{"type":"Polygon","properties":{"a":693,"b":"Brandenburg","c":13.3154,"d":52.1513},"arcs":[[38,-35,-25,-24,-28,-6,39],[40,41,42,43]]},{"type":"Polygon","properties":{"a":688,"b":"Saarland","c":6.9304,"d":49.3736},"arcs":[[44,45]]},{"type":"Polygon","properties":{"a":681,"b":"Hessen","c":9.0322,"d":50.6083},"arcs":[[46,47,-33,48,-18,-11]]},{"type":"Polygon","properties":{"a":690,"b":"Berlin","c":13.3972,"d":52.4989},"arcs":[[42,-42,40,-44]]},{"type":"Polygon","properties":{"a":684,"b":"Thüringen","c":11.0936,"d":50.8002},"arcs":[[-38,49,50,51,-47,-10,-27]]},{"type":"Polygon","properties":{"a":689,"b":"Bayern","c":11.928,"d":48.8768},"arcs":[[50,-50,-37,52,-30,28,-34,-48,-52]]},{"type":"Polygon","properties":{"a":687,"b":"Rheinland-Pfalz","c":7.4473,"d":49.8251},"arcs":[[-49,-32,53,-46,54,-21,19,-19]]},{"type":"MultiPolygon","properties":{"a":694,"b":"Mecklenburg-Vorpommern","c":12.5425,"d":53.6804},"arcs":[[[55]],[[56,57]],[[58,59,-40,-5,60,61]],[[62]]]},{"type":"MultiPolygon","properties":{"a":686,"b":"Schleswig-Holstein","c":9.8986,"d":54.1913},"arcs":[[[63]],[[64]],[[65]],[[66]],[[67]],[[-61,-4,68,69]],[[70]]]},{"type":"Polygon","properties":{"a":685,"b":"Hamburg","c":9.9843,"d":53.5069},"arcs":[[-3,71,-69]]}]}},"arcs":[[[96,808],[-8,3],[13,3],[-5,-6]],[[163,826],[-23,-2],[10,4],[13,-2]],[[425,804],[3,-8],[7,-6],[15,-4],[11,5],[9,-5],[18,4]],[[488,790],[21,-9],[7,0]],[[516,781],[16,-3],[0,-5],[21,-10],[15,-10],[10,3],[12,-8]],[[590,748],[11,-7],[5,4],[18,-5]],[[624,740],[-8,-5],[-1,-7],[-9,-6],[-18,-4],[-9,4],[-18,1],[-2,-5],[-9,-3],[-15,-2],[-2,-6],[20,-22],[8,-15],[-8,-5],[16,-11],[-6,-4],[0,-8],[5,-5]],[[568,637],[0,0]],[[568,637],[-5,-8],[4,-4],[-11,-5],[0,-6],[-34,-2],[-9,-5],[9,-17],[-7,-3],[0,-10],[10,-10],[3,-8]],[[528,559],[-9,-5],[3,-5],[-14,0],[-9,5],[-6,-2],[-1,-5],[-14,-10],[-6,2],[-4,-7],[-13,0],[-10,-6]],[[445,526],[-9,5],[2,-5],[-8,3],[-9,-5],[6,-7],[-8,-3],[-12,7],[-2,8],[7,0],[0,8],[-4,7],[4,7],[6,0],[-7,8],[-20,2]],[[391,561],[-7,-2],[1,12],[7,8],[-2,8],[-12,0],[1,5],[-8,3],[3,7],[-12,2],[2,11],[-6,7],[-13,2],[-3,6],[9,5],[-10,4],[3,11],[6,0],[6,8],[2,9],[-6,3],[-10,-5],[-3,-7],[-11,-3],[-17,2],[-3,15],[-20,-2],[-9,-8],[-11,0],[2,-5],[11,-5],[3,-5],[0,-13],[4,-5],[-12,-9],[-14,2],[-6,-5],[-21,-2],[-3,-5],[-8,2],[-2,5],[10,5],[3,5],[-13,5],[3,12],[6,1],[-9,10],[-7,-3],[-13,6],[-4,7],[-7,2],[-4,-13],[-6,0],[-11,-9],[-17,-5],[-15,0],[-10,-3]],[[128,637],[-3,5],[3,13],[-7,8],[-8,-3],[-20,5],[-2,10],[5,3],[-3,7],[7,3],[26,-3],[7,30],[10,10],[2,8],[-2,20],[2,12],[13,11],[-30,2],[0,15],[3,8],[9,4],[-7,5],[17,9],[25,4],[5,-2],[15,3],[33,2],[8,-2],[0,-5],[15,-13],[-3,-6],[-9,-2],[6,-7],[10,-5],[9,2],[4,12],[-10,1],[4,12],[8,1],[5,-6],[19,-4],[1,-3]],[[295,801],[9,0],[-2,10],[-12,2]],[[290,813],[-3,11],[8,20],[12,4],[12,-7],[26,0],[10,3],[19,0],[13,-16],[8,-5],[10,-13],[20,-6]],[[310,741],[1,0]],[[311,741],[17,-1],[6,-4],[8,9],[-8,6],[-36,10],[-8,-1],[12,-5],[8,-14]],[[391,561],[-12,-5],[3,-4],[-7,-8],[-16,-10],[-14,8],[-13,-3],[3,-12],[-26,-3],[-11,-10],[1,-5],[13,3],[3,-13],[-10,-10],[-14,0],[1,-10],[-18,-20],[-9,4],[-17,-14],[4,-5],[-4,-8]],[[248,436],[-9,2],[-7,8],[-1,10],[-14,5],[1,7],[-11,-2],[1,-10],[-10,-2],[3,-5],[-10,-6],[-24,-4],[-2,-8],[-8,-2],[-12,2],[-3,-5],[-11,0],[-13,-5],[-5,-10],[-15,-2],[5,-14],[-20,0]],[[83,395],[0,0]],[[83,395],[-2,3],[-25,-7]],[[56,391],[-3,5],[-2,15],[-13,0],[-5,7],[10,11],[-7,0],[-10,10],[-8,0],[-5,10],[10,10],[0,7],[-7,3],[0,5],[-15,-1],[-1,10],[11,0],[2,4],[18,9],[-6,3],[-2,8],[15,20],[-2,15],[-11,12],[1,7],[-10,3],[2,5],[-10,3],[2,10],[8,3],[15,0],[-3,7],[16,-7],[12,-1],[-2,3],[12,0],[17,5],[11,2],[7,10],[-15,8],[12,8],[8,0],[20,17]],[[295,801],[-5,12]],[[701,672],[0,0]],[[701,672],[-9,-27],[4,-8],[-4,-7],[24,-23],[5,2],[9,-7],[11,3],[24,-10],[10,-1],[11,-7],[19,0],[-9,-10],[2,-10],[-13,-10]],[[785,557],[-9,0],[-12,7],[-9,-7],[-7,2],[-6,-5],[-24,0],[-2,-3],[-21,-2],[-5,-12],[-3,-1],[2,-17],[-5,-3],[9,-27],[6,0]],[[699,489],[0,-10],[-9,-10],[-3,2],[-17,0],[-15,10],[-14,-2],[-8,12],[-25,-2],[-1,8],[-11,7],[14,8],[-9,12],[-9,3],[-31,2],[-11,20],[5,5],[-14,5],[-13,0]],[[624,740],[20,-7],[9,-5],[-3,-3],[18,-7],[13,2],[12,-5],[2,-7],[-5,-8],[5,-7],[-8,-5],[-1,-16],[15,0]],[[485,162],[0,0]],[[485,162],[-16,-10],[-10,2],[-9,-12],[8,-10],[9,-31],[-6,-14],[4,-18],[-6,-3],[6,-3],[0,-12],[-16,-2],[-11,2],[-17,-8],[-11,-2],[-8,-8]],[[402,33],[-30,16],[-30,2],[-12,-2],[-3,5],[-9,4],[-6,-4],[-8,12],[-9,2],[-10,-4],[-9,-13],[8,-5],[15,3],[-3,-8],[-8,3],[-6,-5],[-15,2],[-2,3],[-13,0],[-14,-8],[-14,0],[-2,5],[-9,0],[-2,-5],[-14,-2],[0,7],[-7,0],[-9,10],[2,8],[-1,7],[3,13],[8,10],[-6,17],[4,8],[7,10],[4,8],[5,5],[-2,9],[3,10],[5,3],[0,13],[5,7],[12,6],[2,5],[12,7],[11,18]],[[255,215],[7,5],[10,15],[3,13],[12,12],[-3,2],[5,15],[-5,5],[-5,13]],[[279,295],[6,2],[10,-9],[6,2],[-2,10],[9,0],[4,-10],[13,-7],[-3,-10],[3,-1],[11,8],[2,5],[18,2],[-1,8]],[[355,295],[17,0],[4,8],[12,2],[1,8],[-13,2],[0,5],[19,3],[13,-3],[5,2],[-1,-12],[7,3],[14,-3],[0,-7],[11,-10],[1,-10],[8,0],[8,7],[4,-3],[5,-17],[-5,-2],[3,-10],[0,-11],[7,-7],[7,-13],[7,-2],[13,-15],[-3,-21],[6,-7],[-12,-3],[-9,5],[-3,-4],[6,-6],[-2,-12]],[[785,557],[11,-6],[6,-10],[-3,-15],[7,0],[15,6],[15,-8],[10,-2],[38,2],[15,18],[13,5],[12,-5],[19,7],[10,0],[11,-2]],[[964,547],[3,-3],[20,-7],[5,-3],[0,-13],[7,-9],[-7,-21],[0,-5],[-20,-32],[-18,4],[2,10],[-7,-2],[2,8],[-10,5],[-12,0],[-10,4],[-4,-9],[14,-6],[-5,-5],[-12,-2],[-4,-3],[-17,-5],[-8,0],[-16,-12],[-23,0],[-17,-15],[-8,3],[-7,-6],[-8,0],[-5,-9],[-20,-1],[-1,-8],[-8,-4],[-11,5],[-9,-1],[-5,-5],[-15,1],[-8,-3],[-19,-20],[-1,-8],[-16,20],[-5,0]],[[681,390],[-13,5],[0,3],[-9,5]],[[659,403],[4,3],[-1,7],[7,6],[6,-1],[11,3],[4,8],[8,0],[3,7],[-3,15],[21,8],[17,2],[3,3],[-10,10],[-7,10],[-23,5]],[[930,776],[6,-10],[-7,-8],[1,-7],[-9,-13],[-18,-10],[3,-8],[-5,-5],[28,-15],[7,-8],[12,-4],[10,-8],[-1,-10],[-11,-10],[5,-18],[13,-3],[0,-10],[-3,-7],[10,-7],[-7,-10],[-1,-10],[-12,-11],[6,-7],[1,-8],[8,-5],[3,-8],[-5,-9]],[[590,748],[14,0],[0,3],[17,0],[-2,10],[7,4],[10,0],[6,-4],[10,2],[-2,3],[15,4],[11,10],[14,1],[3,-3],[14,-3],[11,-7],[8,0],[23,-5],[1,-5],[23,0],[6,-3],[17,11],[8,-3],[2,7],[17,-2],[9,7],[4,10],[9,1],[11,9],[11,1],[-3,5],[9,-3],[6,-10],[19,0],[5,3],[11,-3],[0,-5],[-15,-15],[16,-2],[15,10]],[[810,690],[0,0]],[[810,690],[-7,-3],[-1,-7],[-7,0]],[[795,680],[0,0]],[[795,680],[1,-10],[-7,-12],[13,2],[20,-5],[3,3],[22,-3],[2,-5],[7,4],[5,9],[-14,5],[2,5],[-16,12],[-3,5],[-11,-5],[-9,5]],[[165,242],[-10,-7],[-13,0],[-9,5],[-3,-5],[-5,10],[-17,3],[-5,-8],[-10,2],[-7,13],[-10,10],[2,2],[-7,8],[-11,5],[-7,0],[0,8]],[[53,288],[28,2],[12,2],[25,10],[22,-4],[7,-5],[8,2],[3,-10],[-6,-7],[5,-8],[11,-3],[-11,-14],[0,-6],[8,-5]],[[445,526],[-1,-5],[5,-7],[7,-2],[3,-6],[17,-4],[-3,-10],[-3,4],[-3,-12],[8,-3],[-3,-5],[-16,3],[-3,-11],[5,-5],[-5,-7],[-8,-2],[0,-11],[-6,-12],[8,-2],[0,5],[11,2],[0,-20]],[[458,416],[-6,-10],[-10,-3],[-17,-2],[-1,-13],[-9,-5],[-5,-5],[-12,2],[1,-17],[-8,-3],[-12,8],[-15,-2],[-2,-3],[-7,3],[-11,-3],[1,-7],[0,-18],[7,-13],[6,-2],[-3,-28]],[[279,295],[-7,12],[3,6],[10,7],[-6,0],[-8,15],[0,10],[-13,10],[-6,1],[-27,-10],[-17,10],[10,9],[7,-2],[0,12],[22,8],[-2,7],[-9,10],[-4,0],[3,6],[-1,10],[14,2],[4,6],[-5,9],[1,3]],[[659,403],[-9,-2]],[[650,401],[0,0]],[[650,401],[-2,2],[-30,-5],[-5,7],[-7,1],[1,10],[-8,0],[-11,-7],[2,-14],[-1,-10],[-13,3],[-3,8],[-15,-1],[-5,5],[-17,-2],[-6,-7],[14,-10],[-12,0],[-2,-5],[-12,2],[-2,12],[-4,6],[-7,-1],[-18,18],[-11,1],[-11,7],[-7,-5]],[[681,390],[-3,-9],[10,-6],[1,-10],[7,-9],[25,-10],[-2,-6],[8,-2],[-1,-5],[-13,-15],[2,-8],[9,-3],[9,-20],[5,0],[1,-10],[10,-5],[6,-9],[15,0],[9,-5],[22,-23],[9,-1],[9,-7],[3,-8],[8,-5],[5,3],[10,-2],[5,-10],[8,0],[7,-13],[2,-17],[-3,-8],[-8,-8],[-9,6],[-20,2],[2,-8],[-6,-17],[-11,-8],[-19,-3],[-11,-4],[-12,-8],[-6,0],[-14,-12],[2,-5],[18,-18],[6,-10],[-9,-16],[14,-2],[6,-7],[-8,-25],[-9,2],[-15,10],[3,8],[-5,7],[-12,0],[-13,-5],[-6,0],[-6,8],[-23,0],[-4,2],[3,-10],[-3,-3],[-26,1],[-13,-6],[-22,3],[-10,-12],[-10,2],[-7,-7],[-17,-8],[-5,3],[-9,-5],[-11,0],[-3,5],[-11,7],[2,7],[-9,-2],[-20,5],[-9,-3],[-8,1],[-2,-18],[-14,-13],[-16,-3],[6,11],[-16,2],[2,6],[-8,9],[-22,8],[-6,5],[-6,-8],[-17,0]],[[255,215],[-11,4],[-17,6],[-19,2],[-15,-2],[-13,9],[-5,8],[-10,0]],[[53,288],[0,5],[17,17],[1,13],[-13,2],[-18,10],[-12,13],[-2,8],[7,15],[-2,5],[15,7],[0,5],[10,3]],[[615,864],[-6,-8],[-6,7],[12,1]],[[870,843],[11,10],[-4,8],[7,0],[9,-7],[-1,10],[-8,7],[-12,-8],[2,6],[-11,-5],[4,10]],[[867,874],[-6,7],[6,3],[8,-8],[11,-5],[25,-17],[-1,-8],[-17,0],[-6,-2],[-17,-1]],[[867,874],[-8,-8],[19,-12],[-11,-8],[3,-3]],[[870,843],[21,-12],[17,-3],[7,3],[-4,-7],[5,0],[5,-26],[6,-7],[3,-15]],[[516,781],[5,10],[20,9],[1,6],[14,2],[-3,13],[-20,8],[0,15],[15,7],[2,5]],[[550,856],[17,8],[14,0],[7,-5],[-1,-5],[12,0],[11,-5],[3,14],[10,3],[9,15],[17,0],[30,6],[11,7],[17,7],[20,23],[6,-5],[33,0],[1,-3],[-22,1],[-12,-5],[-14,0],[-10,-11],[4,-4],[9,7],[23,8],[14,-5],[20,12],[10,-10],[1,-12],[20,-6],[3,-7],[10,0],[6,-10],[1,4],[25,3],[12,-7]],[[821,946],[4,-9],[22,0],[3,-8],[-9,-7],[4,-8],[10,-2],[4,-5],[-1,-8],[-8,2],[3,6],[-20,0],[-15,-11],[7,-5],[-18,3],[-17,12],[5,5],[11,0],[-7,10],[8,0],[-11,11],[14,0],[6,5],[0,-8],[17,-5],[0,10],[-7,0],[-7,5],[-13,-5],[4,10],[-4,3],[15,4],[0,-5]],[[331,921],[-9,6],[17,2],[-8,-8]],[[589,924],[6,-10],[-34,7],[3,6],[9,4],[16,-7]],[[307,927],[-8,-1],[11,8],[-3,-7]],[[272,952],[3,-8],[-10,3],[7,5]],[[296,951],[-14,0],[-6,3],[9,5],[14,-3],[-3,-5]],[[488,790],[-16,11],[3,15],[-6,10],[-7,0],[-4,-5],[-14,-5],[-13,-6],[-6,4],[-1,-6]],[[424,808],[-11,0],[-11,8],[-3,10],[-9,3],[-8,12],[-11,7],[-30,0],[-7,6],[-9,12],[6,3],[11,-3],[3,8],[-7,7],[-10,-3],[-6,6],[3,10],[14,8],[-27,-3],[-3,-2],[-10,9],[8,3],[0,5],[21,0],[14,7],[2,6],[-17,15],[-5,9],[-13,6],[-5,13],[1,7],[19,2],[40,-9],[6,-6],[22,2],[13,6],[0,-3],[17,-3],[10,-7],[10,5],[13,-15],[0,-15],[-7,-7],[-15,-3],[6,-3],[26,5],[8,-5],[0,-9],[-6,-3],[5,-3],[4,10],[14,3],[26,-10],[11,-7],[12,2],[11,5],[26,2],[-8,-4],[2,-18],[-20,-13],[-11,-2],[-6,-5],[3,-5],[11,-3],[3,-5]],[[275,977],[14,-2],[-7,-3],[-15,0],[-3,-13],[1,18],[10,17],[6,0],[-9,-9],[3,-8]],[[425,804],[-1,4]]],"transform":{"scale":[0.009178748248248247,0.007802015485485488],"translate":[5.85248987,47.27112091]},"bbox":[5.85248987,47.27112091,15.02205937,55.06533438]}