{"type":"Topology","objects":{"all":{"type":"GeometryCollection","bbox":[-15.08112545,-7.66244747,7.19020823,12.67338776],"geometries":[{"type":"Polygon","properties":{"a":1176,"b":"Kankan","c":-9.25124,"d":10.58934},"arcs":[[0,1,2]]},{"type":"Polygon","properties":{"a":1175,"b":"Labe","c":-11.94689,"d":11.73304},"arcs":[[3,4,5,6,7]]},{"type":"Polygon","properties":{"a":1182,"b":"Conakry","c":-13.67362,"d":9.54069},"arcs":[[8,9]]},{"type":"Polygon","properties":{"a":1178,"b":"Boke","c":-14.34854,"d":11.22728},"arcs":[[-7,10,11]]},{"type":"Polygon","properties":{"a":1180,"b":"Nzerekore","c":-8.93655,"d":8.53352},"arcs":[[12,-1,13]]},{"type":"Polygon","properties":{"a":1179,"b":"Kindia","c":-13.0204,"d":10.06204},"arcs":[[-6,14,15,-10,16,-11]]},{"type":"Polygon","properties":{"a":1177,"b":"Mamou","c":-11.99537,"d":10.65435},"arcs":[[17,18,-15,-5]]},{"type":"Polygon","properties":{"a":1181,"b":"Faranah","c":-10.8049,"d":10.33489},"arcs":[[-2,-13,19,-18,-4,20]]}]}},"arcs":[[[931,436],[-7,-4],[-16,-6],[-21,-11],[-11,0],[-6,4],[-3,-8],[3,-24],[-4,-7],[-2,-16],[-9,-19],[0,-10],[-4,-10],[-2,-10],[-8,-4],[-7,1],[-7,-5],[-3,-6],[-1,-10],[-10,2],[-23,-6],[-19,17],[-9,13]],[[762,317],[-8,0],[-4,9],[-10,12],[0,8],[6,7],[0,4],[-7,6],[-10,-1],[-6,9],[3,12],[1,14],[6,9],[11,3],[4,9],[0,8],[-19,1],[-15,-2],[-4,1],[-11,11],[-10,14],[-8,9],[-19,-2],[-9,-15],[-8,-6],[-17,3],[0,4],[0,21],[6,6],[0,13],[5,1],[2,7],[-5,18],[4,7],[0,7],[7,6],[6,11],[2,8],[-2,6],[0,16],[6,-2],[7,16],[-1,8],[3,4],[-2,11],[-2,-8],[-7,-8],[-6,11],[-8,6],[-5,-2],[-10,1],[-3,-5],[-10,14],[-8,4],[0,6],[-9,15],[-6,7],[-25,10],[-4,8],[1,3],[9,6],[4,14],[11,11],[2,18],[14,13],[3,6],[12,0],[7,2],[27,6],[19,-3],[17,-14],[13,0],[4,-3],[4,6],[6,3],[-6,11],[-13,7],[-6,4],[-8,17],[-7,6],[-10,2],[-11,9],[-6,8],[0,17],[4,3],[0,8],[-2,6],[4,10],[5,4],[1,14],[-3,11],[0,9],[-3,5],[3,11],[14,6]],[[672,903],[23,-11],[4,-6],[9,0],[6,-5],[8,0],[5,9],[0,7],[6,9],[15,8],[12,9],[9,-3],[4,5],[4,16],[-6,7],[-3,3],[-5,8],[2,3],[10,5],[4,-4],[4,4],[16,-6],[21,-14],[4,-8],[-1,-8],[-4,-8],[3,-14],[5,3],[5,-9],[-4,-11],[0,-7],[4,-3],[11,-4],[1,-12],[2,-5],[-7,-48],[10,-3],[8,1],[4,-17],[4,-9],[7,-5],[8,2],[1,-8],[3,-4],[11,-3],[8,-7],[-6,-1],[0,-6],[7,0],[-5,-10],[-12,2],[-1,-10],[-7,-3],[-5,-14],[-6,-3],[2,-4],[-8,-13],[-3,-8],[3,-6],[4,3],[10,0],[5,3],[4,14],[22,-3],[5,-7],[0,-24],[-5,-19],[5,-6],[2,-35],[0,-6],[9,-15],[5,-3],[7,3],[2,-9],[4,-5],[9,-2],[6,-5],[3,-14],[-4,-13],[-7,-14],[-13,-8],[-4,-10],[4,-4],[-6,-5],[4,-4],[0,-10],[4,-2],[-6,-48]],[[533,897],[1,-16],[-1,-6],[-9,-11],[4,-17],[-1,-6],[7,-12],[-1,-10],[-12,-23],[2,-8],[8,-6],[-8,-11],[-8,-4],[-13,-24],[-7,2],[-11,-10],[-2,-10],[-10,-7],[0,-3]],[[472,715],[-12,-15],[-16,-3],[-6,-3],[-8,0],[-3,13],[0,19],[-10,6],[-4,14],[-7,0],[-4,3],[-5,-2],[-10,-13],[-21,-11],[-8,-2],[-6,2],[-4,5],[0,7],[-6,17],[-9,-1],[-4,2],[-4,-11],[-8,-3],[-4,-10],[-3,-19]],[[310,710],[-5,7],[-9,1],[-5,-6],[-4,3],[-11,11]],[[276,726],[5,8],[1,9],[3,4],[3,13],[7,11],[12,9],[5,9],[8,7],[0,9],[-8,5],[-6,9],[-1,14],[1,13],[4,9],[-2,7],[-5,-4],[-4,3],[5,14],[2,22],[-3,6],[4,17],[9,6],[6,5],[14,11]],[[336,942],[9,5],[12,-3],[9,-13],[23,9],[8,8],[7,3],[7,-4],[5,0],[9,6],[11,-6],[17,0],[16,7],[11,1],[13,-6],[3,-4],[-7,0],[0,-17],[-8,-17],[5,-11],[10,-8],[8,-11],[10,-6],[10,3],[4,11],[5,8]],[[193,429],[-9,-7],[6,12]],[[190,434],[3,-5]],[[276,726],[-20,-8],[-9,0],[-2,36],[-4,2],[-11,-4],[-5,-6],[-5,3],[2,8],[-4,3],[-14,0],[-10,-7],[-14,0],[-7,-4],[-5,-9],[3,0],[6,-15],[-1,-17],[-7,-7],[6,-17],[-6,-7],[-15,-10],[0,-4],[-5,-18],[7,-11],[5,3],[0,5],[10,4],[12,-2],[7,-13],[21,24],[4,3],[6,-5],[-1,-15],[10,-3],[2,-4],[-7,-13],[3,-7],[-4,-8],[-6,0],[-7,-10],[1,-11],[-8,-10],[0,-6],[-4,-8],[-6,0],[-4,4],[-8,-1],[-6,3],[-7,-17],[-13,-14],[2,-6],[17,-18],[9,0],[3,-7]],[[187,502],[-1,-6],[-4,-8],[-8,-3],[-7,1],[-6,10],[-7,3],[-3,8],[-3,0],[-8,6],[-4,8],[8,9],[-9,3],[5,3],[6,12],[-6,-7],[-7,-3],[0,-12],[-4,-5],[-4,1],[-4,5],[8,14],[-8,-1],[-3,-9],[-5,2],[-3,7],[-4,3],[-12,12],[-9,-4],[-2,1],[1,17],[-12,16],[-2,12],[3,7],[-10,-7],[-8,5],[3,12],[7,8],[-4,6],[2,10],[6,6],[5,23],[-6,-8],[-5,-14],[-7,-11],[-6,-6],[3,10],[-4,1],[0,7],[8,13],[-2,1],[-7,-9],[-5,-12],[-5,13],[4,1],[3,7],[0,7],[-9,-5],[0,11],[-2,4],[3,7],[10,3],[8,14],[-2,2],[-5,-5],[-2,-7],[-9,-1],[0,6],[-6,-9],[-3,1],[-3,12],[-3,-2],[3,-5],[-4,-7],[1,-9],[-9,-5],[1,-13],[3,-1],[-2,-6],[-8,4],[-7,11],[3,12],[4,2],[1,6],[7,14],[14,33],[4,20],[14,27],[5,6],[6,1],[12,-3],[4,3],[26,17],[5,10],[19,0],[3,-4],[17,-1],[8,6],[6,-1],[5,6],[0,9],[6,-8],[0,-3],[11,2],[3,5],[0,10],[-2,22],[2,18],[-3,5],[-9,2],[-4,9],[-14,11],[-3,0],[0,9],[17,15],[5,0],[-1,-4],[9,0],[7,7],[1,18],[2,14],[-9,21],[1,15],[44,-1],[7,-4],[10,2],[8,-4],[10,2],[11,-3],[0,-11],[-3,-9],[3,-8],[11,-1],[4,12],[4,0],[10,-8],[1,-4],[11,-6],[9,1],[6,-2],[8,-12]],[[604,338],[11,8],[5,17],[6,-7],[-1,-14],[5,-4],[10,7],[3,-2],[2,-28],[8,-4],[4,-6],[17,3],[12,10],[7,0],[21,-7],[25,-7],[9,1],[14,12]],[[931,436],[0,-10],[2,-6],[11,-19],[11,-2],[10,7],[7,-2],[-4,-19],[-5,-15],[0,-7],[11,-3],[3,-7],[11,-10],[-10,-3],[-13,-8],[-4,-7],[-3,-29],[1,-6],[17,-7],[2,1],[7,-8],[3,-8],[7,-10],[0,-12],[2,-11],[-2,-8],[3,-11],[-11,-2],[-3,3],[-7,18],[-3,-1],[0,-9],[-7,-1],[-8,14],[-12,-3],[-3,3],[-11,-3],[-6,2],[-8,-9],[3,-8],[-2,-14],[1,-7],[-3,-7],[11,-10],[13,-6],[8,5],[0,-17],[4,-2],[5,-12],[-7,4],[-8,-2],[-1,-12],[-8,-14],[0,-7],[6,-9],[-4,-4],[-2,-11],[-4,-11],[-5,-9],[1,-5],[-4,-5],[-5,2],[-6,5],[-11,0],[-4,5],[-4,-2],[-5,-8],[-12,12],[0,12],[-15,0],[-6,-9],[-2,-15],[2,-6],[-4,-10],[-4,-4],[-1,-8],[-5,-2],[-5,-9],[3,-10],[-3,-4],[-8,-3],[-3,7],[-1,-5],[-11,-4],[-11,-9],[1,9],[-13,11],[-3,15],[-6,-3],[-8,10],[-5,0],[-4,-9],[-4,9],[-6,-9],[2,13],[7,8],[8,25],[-3,3],[3,19],[-8,14],[-6,16],[5,17],[-2,9],[-4,1],[-4,21],[-5,2],[3,15],[-4,8],[6,6],[-11,7],[-4,4],[-8,-4],[-2,4],[4,6],[-2,8],[-5,0],[-2,-8],[-5,5],[-1,13],[-2,4],[-4,-5],[0,-5],[-7,-2],[-2,1],[-10,-1],[-12,-13],[-5,0],[0,14],[-10,4],[-4,-1],[-7,-7],[-2,3],[-7,-2],[-10,3],[-6,-6],[-4,-11],[-15,-18],[-3,0],[-6,4],[-8,0],[-4,-11],[-3,4],[9,20],[2,15],[9,20],[8,4],[6,10],[-6,13],[-10,14],[-1,8],[0,21],[2,13]],[[310,710],[-5,-16],[-5,2],[-11,-12],[0,-7],[-2,-4],[0,-24],[4,-5],[-3,-12],[0,-7],[-3,-3],[0,-19],[8,0],[2,5],[12,-1],[12,-10],[8,11],[10,6],[7,9],[4,2],[0,-11],[7,-6],[1,-6],[7,-5],[-3,-5],[-3,-19],[3,-12],[9,1],[14,-1],[7,-17],[7,-14],[0,-15],[-3,-8],[6,-18]],[[400,489],[-11,2],[-8,8],[-25,-6],[-10,-8],[-3,-25],[-8,-6],[-2,-14],[-4,-1],[-4,-13],[-8,-25],[-5,-3],[0,-6],[-4,-1],[-3,-7],[-5,-4],[-14,-2],[-3,-9],[3,-7],[-3,0],[-6,-12],[-4,-5],[-10,-9],[-12,7],[-11,-7],[-5,6],[13,18],[8,0],[3,4],[-8,-1],[-5,3],[3,12],[-3,-5],[-4,-13],[-4,2],[-3,19],[2,11],[-5,-2],[-2,-12],[-5,3],[1,4],[-4,9],[5,15],[-4,-3],[-11,2],[-3,12],[4,6],[0,7],[-4,-11],[-4,0],[-4,11],[-8,-4]],[[190,434],[5,14],[0,13],[9,9],[-6,1],[-8,11],[2,-11],[-2,-4],[-8,-2],[-4,9],[10,22],[-1,6]],[[472,715],[14,-14],[-16,-10],[-2,-4],[2,-11],[0,-17],[16,-10],[2,-4],[1,-13],[-17,-33],[-2,-10],[2,-9],[4,-5],[15,-9],[7,-8],[-1,-15],[-2,-7],[-6,-9],[0,-6],[-5,-11]],[[484,510],[-57,0],[-2,-12],[-25,-9]],[[604,338],[-5,4],[-11,0],[-4,3],[0,14],[8,11],[0,15],[-11,14],[-10,2],[4,3],[-6,8],[0,11],[-5,11],[-4,3],[-2,9],[-6,5],[-8,21],[-16,16],[-5,21],[-8,1],[-31,0]],[[533,897],[7,6],[4,11],[12,2],[6,-3],[5,-11],[8,-8],[0,-14],[4,-5],[9,-20],[8,3],[8,14],[5,3],[0,7],[6,4],[0,11],[9,0],[8,12],[4,-3],[4,7],[7,3],[13,-7],[7,-1],[5,-5]]],"transform":{"scale":[0.0074261040840840845,0.0054886681981981995],"translate":[-15.08112545,7.19020823]},"bbox":[-15.08112545,7.19020823,-7.66244747,12.67338776]}