{"type":"Topology","objects":{"all":{"type":"GeometryCollection","bbox":[38.77451135,48.55925541,29.0631367,37.37549754],"geometries":[{"type":"Polygon","properties":{"a":1469,"b":"Al-Muthannia","c":45.3913,"d":30.1688},"arcs":[[0,1,2,3,4]]},{"type":"Polygon","properties":{"a":1471,"b":"Dhi-Qar","c":46.3681,"d":31.0188},"arcs":[[5,-1,6,7,8]]},{"type":"Polygon","properties":{"a":1470,"b":"Al-Qadisiyah","c":45.1241,"d":31.8979},"arcs":[[9,-7,-5,10,11]]},{"type":"Polygon","properties":{"a":1472,"b":"Maysan","c":47.0927,"d":31.8317},"arcs":[[12,-9,13,14]]},{"type":"Polygon","properties":{"a":1468,"b":"Al-Basrah","c":47.3898,"d":30.3331},"arcs":[[15,-2,-6,-13]]},{"type":"Polygon","properties":{"a":1476,"b":"Al-Anbar","c":41.3292,"d":33.1359},"arcs":[[16,17,18,19,20,21,22,23]]},{"type":"Polygon","properties":{"a":1466,"b":"Karbala'","c":43.7786,"d":32.4891},"arcs":[[24,25,-21]]},{"type":"Polygon","properties":{"a":1473,"b":"Wasit","c":45.7411,"d":32.6623},"arcs":[[-14,-8,-10,26,27,28]]},{"type":"Polygon","properties":{"a":1462,"b":"Arbil","c":44.0754,"d":36.0706},"arcs":[[29,30,31,32,33,34,35,36]]},{"type":"Polygon","properties":{"a":1477,"b":"Babil","c":44.5934,"d":32.6224},"arcs":[[37,38,-27,-12,39,-25,-20]]},{"type":"Polygon","properties":{"a":1474,"b":"As-Sulaymaniyah","c":45.3679,"d":35.5389},"arcs":[[40,41,42,43,44,-30,45]]},{"type":"Polygon","properties":{"a":1464,"b":"Sala ad-Din","c":43.6992,"d":34.5505},"arcs":[[46,-44,47,48,49,50,51,-17,52,-32]]},{"type":"Polygon","properties":{"a":1460,"b":"Dihok","c":43.0796,"d":37.109},"arcs":[[-36,53,54]]},{"type":"Polygon","properties":{"a":1461,"b":"At-Ta'mim","c":44.0916,"d":35.3491},"arcs":[[-45,-47,-31]]},{"type":"Polygon","properties":{"a":1467,"b":"Baghdad","c":44.3788,"d":33.2949},"arcs":[[55,56,-38,-19,57]]},{"type":"Polygon","properties":{"a":1475,"b":"Diyala","c":44.9998,"d":33.7721},"arcs":[[58,-28,-39,-57,-56,-58,-18,-52,50,-50,48,-48,-43,41,-41]]},{"type":"Polygon","properties":{"a":1465,"b":"An-Najaf","c":43.8737,"d":31.1097},"arcs":[[-11,-4,59,-22,-26,-40]]},{"type":"Polygon","properties":{"a":1463,"b":"Ninawa","c":42.3297,"d":36.1341},"arcs":[[-35,33,-33,-53,-24,60,-54]]}]}},"arcs":[[[716,310],[3,-5],[-3,-3],[1,-15],[-7,-14],[7,0],[-6,-19],[5,-4],[0,-6],[-6,-3],[-3,-11],[2,-17],[50,-7],[17,-6],[13,-24],[6,-2]],[[795,174],[7,-26],[10,-14],[2,-11],[-10,-46],[-1,-30],[-5,-12],[-4,-29]],[[794,6],[-3,-3],[-17,-3],[-125,12],[-9,0],[-35,4],[-38,31],[-11,8],[-40,35]],[[516,90],[1,2],[22,40],[18,54],[4,8],[10,10],[7,2],[10,14],[5,4],[7,14],[7,44]],[[607,282],[25,-18],[4,12],[10,29],[-4,6],[-4,2],[27,7],[25,-6],[17,-5],[9,1]],[[852,248],[1,-11],[-1,-24],[-3,-17],[0,-15],[-20,2],[-34,-9]],[[716,310],[-7,30],[1,6]],[[710,346],[9,-1],[10,2],[14,7],[26,0]],[[769,354],[5,-6],[-6,-3],[11,-19],[2,-11],[18,-18],[0,-17],[10,-6],[4,-4],[0,-13],[11,-8],[11,1],[17,-2]],[[655,399],[16,-3],[5,-4],[-1,-8],[16,-19],[14,-5],[-1,-2],[6,-12]],[[607,282],[-21,9],[-9,12],[3,6],[7,-2],[1,22],[-4,17],[3,8],[8,6],[-2,3],[4,8]],[[597,371],[11,-4],[8,4],[-1,6],[6,2],[31,20],[3,0]],[[909,260],[-15,5],[-18,1],[-18,-6],[-5,-5],[-1,-7]],[[769,354],[18,0],[10,-4],[2,19],[-4,4],[-14,8],[5,15],[-3,7],[3,4],[1,17],[5,21],[7,6]],[[799,451],[12,-8],[4,-4],[30,-28],[7,-4],[12,4],[9,-2],[9,-10],[-3,-7],[12,-13],[-2,-8],[10,-6],[4,-9],[5,-2],[9,-17],[7,-6],[1,-7],[-16,-42],[0,-22]],[[909,260],[0,-28],[32,0],[1,-1],[0,-64],[11,-1],[5,-3],[5,-13],[9,0],[12,-13],[-3,-7],[7,-20],[8,-3],[-1,-3],[-11,1],[-9,3],[-12,7],[-10,2],[-7,-1],[-9,-5],[-24,12],[-4,1],[-33,0],[-16,-8],[-9,-8],[-13,-33],[0,-3],[-13,-26],[-15,-22],[-16,-18]],[[379,710],[1,-1],[0,-27],[3,-17],[21,-17],[7,-2],[12,7],[4,-22],[3,-4],[2,-12],[6,-13],[6,-9],[16,-17],[14,-12],[18,-3],[21,-8],[18,0],[10,-9],[5,-12],[-3,-4],[15,-3]],[[558,525],[4,-6]],[[562,519],[-6,-13],[7,-10]],[[563,496],[-7,-7],[-10,5],[-15,0],[-12,4],[-2,-6],[14,-5],[7,-10],[1,-9],[8,-10],[-1,-11]],[[546,447],[-17,4],[-21,0],[-7,-4],[-20,-17],[-18,-4],[-10,-4],[3,-9],[24,-23],[22,-17]],[[502,373],[11,-11],[-6,-10],[-14,-8],[-15,-4],[-6,-5],[-16,-25],[-2,-14],[-12,-25],[0,-11],[-6,-18],[-12,-22],[-1,-9],[-15,-32]],[[408,179],[-72,62],[-27,17],[-44,27],[-28,17],[-17,9],[-35,22],[-23,12],[-63,11],[-20,4],[-42,7],[15,15],[-5,12],[-20,-4],[-2,2],[-4,17],[7,4],[-12,41],[-4,18],[-12,45],[23,13],[33,21],[56,32],[23,15],[12,6],[22,14],[27,15],[25,7],[4,4],[22,44],[-1,45]],[[246,733],[39,-7],[28,-12],[15,-5],[20,1],[9,-3],[22,3]],[[546,447],[11,-2],[4,-6],[-5,-19],[8,-11],[-1,-8],[3,-7]],[[566,394],[-2,-6],[-6,2],[-56,-17]],[[655,399],[-1,8],[-9,0],[-4,6],[-11,26],[-9,4],[-16,6],[-14,2],[-3,5],[1,17]],[[589,473],[6,8],[7,-6],[15,17],[4,2],[12,-4],[13,2],[39,-11],[15,15],[9,15],[19,12],[6,9]],[[734,532],[7,-9],[0,-6],[12,-13],[2,-10],[-7,-7],[-7,-2],[10,-6],[-7,-7],[4,-4],[17,0],[22,-8],[12,-9]],[[637,896],[-6,-6],[-13,0],[-13,-4],[-5,1],[-11,-10],[5,-11],[3,0],[8,-8],[-9,-6],[1,-3],[13,-8],[12,-13],[9,-6],[0,-4],[-11,2],[-3,-5],[-20,5]],[[597,820],[-21,-3],[-14,-4],[-11,2],[-6,-8],[-6,0],[-15,8],[-16,-17],[5,-8],[-7,-13],[-14,-2],[-7,-8],[-12,-2],[-5,4]],[[468,769],[1,15],[-5,10],[2,5]],[[466,799],[0,12],[4,6],[1,7],[-4,10],[14,5],[4,14],[18,17],[9,7],[2,10],[5,7],[8,4],[9,10]],[[536,908],[0,0]],[[536,908],[12,-1],[16,14],[-6,9],[-13,6],[-6,0],[-5,9],[-18,10]],[[516,955],[5,7],[7,1],[15,16],[-2,12]],[[541,991],[14,-6],[3,-11],[-6,-11],[5,-12],[8,0],[3,8],[12,3],[13,12],[14,0],[5,-4],[-1,-7],[13,-8],[-3,-6],[3,-9],[-7,-12],[11,-2],[9,-5],[3,-8],[-3,-17]],[[563,496],[21,-2]],[[584,494],[5,-11],[0,-10]],[[597,371],[-13,8],[-13,-10],[-6,12],[3,5],[-2,8]],[[716,701],[-1,13],[3,2],[-11,10],[-5,-8]],[[702,718],[0,0]],[[702,718],[-2,-10],[-9,-11],[-7,-13],[-3,-10],[-10,-4],[-10,-13],[-7,0],[2,12],[-2,19],[-2,3],[-10,-1],[-11,7]],[[631,697],[-1,13],[-9,6],[-20,2],[-10,11]],[[591,729],[12,6],[1,7],[4,3],[0,13],[8,11],[-6,8],[3,21],[-10,9],[-6,13]],[[637,896],[6,-13],[14,0],[5,-8],[4,-15],[0,-7],[4,-12],[-3,-9],[4,-2],[10,5],[10,-3],[11,-6],[8,-15],[13,0],[20,6],[7,-2],[3,-6],[15,4],[1,-8],[-9,-7],[-11,-2],[-8,1],[-4,-5],[1,-10],[-4,0],[1,-13],[6,-10],[7,-5],[3,-6],[-3,-5],[6,-8],[-2,-10],[-12,-5],[-12,4],[-5,-8],[1,-9],[-4,-8],[-4,2]],[[468,769],[-4,-4],[-6,4],[0,-7],[11,-8],[-2,-8],[7,-1],[-4,-6],[20,-19],[7,-2],[27,-17],[22,-10],[17,-13],[5,2],[-1,8],[6,9],[5,10],[10,7],[-2,12],[5,3]],[[631,697],[-13,-9],[-4,-10],[-7,-2],[0,-7],[-10,-12],[-10,6],[-3,-2],[0,-15]],[[584,646],[0,0]],[[584,646],[-3,-13],[6,-4],[-5,-8]],[[582,621],[0,0]],[[582,621],[-3,0],[-11,-9],[-5,-19],[8,0],[9,-10],[-8,-15],[5,-7],[-4,-10],[0,-9],[-8,-8],[-7,-9]],[[379,710],[3,12],[12,2],[39,1],[1,6],[-5,8],[-4,13],[-6,6],[0,13],[26,15],[12,6],[9,7]],[[516,955],[-20,4],[-1,-8],[11,-4],[-3,-11],[-8,-4],[-14,4],[-13,9],[-12,-5],[-4,-12],[-37,-9],[-16,11],[-9,-2],[-7,8],[-4,11],[-8,6],[-3,8]],[[368,961],[-2,5],[20,4],[1,5],[16,22],[21,-6],[8,5],[12,1],[13,-6],[8,2],[15,-10],[8,0],[6,-3],[13,1],[6,-3],[9,2],[10,11],[9,0]],[[587,504],[0,0]],[[587,504],[-3,-10]],[[562,519],[6,6],[10,0],[5,-6],[4,4],[2,-8],[-2,-11]],[[716,701],[-3,2],[-1,-10],[-8,-2],[-4,-9],[5,-11],[1,-12],[-19,4],[0,-11],[-9,-6],[2,-10],[12,-5],[-1,-21],[-10,-8],[-4,-11],[2,-6],[6,0],[8,-15],[6,-4],[1,-7],[10,-10],[1,-6],[5,4],[10,2],[3,-11],[-5,-4],[3,-4],[7,2]],[[516,90],[-29,23],[-13,10],[-19,18],[-47,38]],[[246,733],[8,40],[9,15],[0,21],[-2,8],[-7,15],[-4,11],[5,32],[12,21],[43,10],[37,36],[11,11],[10,8]]],"transform":{"scale":[0.0097945385985986,0.008320681521521519],"translate":[38.77451135,29.0631367]},"bbox":[38.77451135,29.0631367,48.55925541,37.37549754]}