{"type":"Topology","objects":{"all":{"type":"GeometryCollection","bbox":[-78.37466387,-76.18797767,17.70319245,18.52509186],"geometries":[{"type":"Polygon","properties":{"a":1537,"b":"Saint Ann","c":-77.26188,"d":18.31253},"arcs":[[0,1,2,3,4]]},{"type":"Polygon","properties":{"a":1539,"b":"Saint Mary","c":-76.90839,"d":18.28085},"arcs":[[5,6,7,-1,8]]},{"type":"Polygon","properties":{"a":1532,"b":"Saint James","c":-77.86818,"d":18.38846},"arcs":[[9,10,11,12,13]]},{"type":"Polygon","properties":{"a":1536,"b":"Portland","c":-76.52221,"d":18.12334},"arcs":[[14,15,-6,16]]},{"type":"Polygon","properties":{"a":1534,"b":"Westmoreland","c":-78.11241,"d":18.2543},"arcs":[[-12,17,18,19]]},{"type":"Polygon","properties":{"a":1541,"b":"Saint Thomas","c":-76.45178,"d":17.94754},"arcs":[[20,21,-15]]},{"type":"Polygon","properties":{"a":1540,"b":"Saint Andrew","c":-76.76302,"d":18.04542},"arcs":[[-16,-22,22,23,24,25,-7]]},{"type":"Polygon","properties":{"a":1535,"b":"Kingston","c":-76.76806,"d":17.97885},"arcs":[[26,-24]]},{"type":"Polygon","properties":{"a":1528,"b":"Clarendon","c":-77.2801,"d":17.99638},"arcs":[[27,28,29,-3]]},{"type":"Polygon","properties":{"a":1531,"b":"Saint Elizabeth","c":-77.78898,"d":18.06724},"arcs":[[30,31,-18,-11,32]]},{"type":"Polygon","properties":{"a":1538,"b":"Saint Catherine","c":-77.03482,"d":18.06548},"arcs":[[-26,33,-28,-2,-8]]},{"type":"Polygon","properties":{"a":1530,"b":"Manchester","c":-77.50992,"d":18.02513},"arcs":[[-30,34,-31,35]]},{"type":"Polygon","properties":{"a":1533,"b":"Trelawny","c":-77.61225,"d":18.35519},"arcs":[[-4,-36,-33,-10,36]]},{"type":"Polygon","properties":{"a":1529,"b":"Hanover","c":-78.13891,"d":18.38677},"arcs":[[-13,-20,37]]}]}},"arcs":[[[596,862],[0,-5],[6,-64],[4,-14],[-1,-32],[10,-28],[1,-29],[5,-13],[9,-22]],[[630,655],[-28,-39],[-9,-9],[-62,-20]],[[531,587],[-41,0],[-22,12],[-10,9],[-3,0],[-16,-8],[-10,-14],[-3,-2],[-13,6],[-9,9]],[[404,599],[18,219],[0,10],[-4,8],[1,31],[-6,46],[2,26]],[[415,939],[4,0],[13,-9],[9,-13],[15,9],[23,0],[23,-8],[17,-10],[2,-5],[3,-16],[5,-4],[3,5],[-1,3],[22,-8],[11,-26],[16,0],[16,5]],[[763,685],[0,-4],[-22,-153]],[[741,528],[-25,32],[-8,4],[-12,-3],[-5,-14],[-6,-7]],[[685,540],[-11,12],[-9,31],[-3,25],[-3,14],[-4,7],[-5,22],[-2,8],[-10,1],[-8,-5]],[[596,862],[8,4],[6,-4],[9,-10],[6,-3],[26,3],[5,6],[7,3],[13,-4],[2,-9],[0,-30],[5,-12],[16,-26],[14,-21],[3,-12],[3,-31],[4,-12],[4,-6],[8,-5],[23,-6],[5,-2]],[[292,977],[0,-3],[-22,-328]],[[270,646],[-52,-49]],[[218,597],[5,33],[0,12],[-4,30],[-1,8],[-6,13],[-5,27]],[[207,720],[-6,30],[-4,9],[-7,8],[-4,20],[-6,23],[-2,26],[-9,16],[-2,9],[4,26],[0,17]],[[171,904],[8,-8],[5,3],[6,9],[0,17],[3,12],[9,33],[5,11],[9,9],[18,9],[20,-2],[38,-20]],[[967,355],[-12,-9],[-5,-2],[-17,6],[-6,4],[-6,19],[-5,5],[-13,11],[-15,5],[-11,16],[-4,1],[-4,-7],[-11,-1],[-8,-13],[-6,-4],[-5,5],[-21,19],[-9,13],[-2,11],[-10,16]],[[797,450],[-21,21],[-4,3],[-4,-15],[-7,-4],[-9,6],[-4,10],[-3,30],[-1,4],[-3,23]],[[763,685],[4,-1],[7,-10],[7,-23],[8,-10],[8,-7],[15,4],[8,-16],[3,-1],[4,-11],[4,-2],[34,0],[2,-4],[5,-22],[34,-16],[17,-17],[4,-25],[12,-31],[11,-36],[13,-81],[4,-21]],[[218,597],[-6,-7],[-5,-9],[-7,-36],[-1,-14],[2,-9],[-1,-18],[-10,-67],[-4,-16]],[[186,421],[-7,42],[-2,13],[-4,8],[-8,8],[-4,5],[-5,44],[-8,45],[-11,15],[-34,-1],[-21,8],[-7,0],[-5,-9],[-4,-5],[-14,14],[-8,2],[-13,12],[-7,3],[-9,5],[-7,13],[-6,18],[-2,23],[2,10],[6,12],[5,17]],[[13,723],[29,-11],[5,2],[18,56],[4,1],[56,0],[8,-4],[26,-37],[9,-5],[39,-5]],[[967,355],[4,-21],[7,-30],[8,-22],[13,-25],[-5,-9],[-23,-16],[-17,-22],[-10,-8],[-9,6],[5,10],[3,14],[-10,-8],[-6,-27],[-9,-5],[-7,5],[-7,8],[-10,6],[-12,-13],[-36,-7],[-26,10],[-12,-1],[-4,8],[-1,10],[-4,26],[-7,8],[-3,16],[-4,6]],[[785,274],[1,12],[5,13],[0,22],[1,9],[5,3],[6,0],[-1,13],[-5,15],[-6,43],[0,19],[2,17],[4,10]],[[785,274],[-13,9],[-10,12],[-10,-1],[-17,-11],[-7,-1],[-23,1],[0,8],[50,9],[-3,4]],[[752,304],[3,4],[0,16],[-4,23],[-5,5],[-6,4],[-17,-4],[-7,-10],[-3,-17]],[[713,325],[-11,18],[-6,8]],[[696,351],[-1,13],[-4,12],[-4,-4],[-4,5],[-1,9],[-4,8],[0,17],[5,34],[5,16],[1,19],[-5,24],[1,36]],[[752,304],[-4,9],[-6,3],[-13,1],[-10,-1],[-6,9]],[[531,587],[14,-83],[1,-23],[-4,-19],[0,-18],[0,-11],[9,-30],[1,-9],[0,-48],[1,-22],[10,-30],[1,-11],[0,-5],[2,-57]],[[566,221],[-3,-6],[-10,-48],[4,-34],[-12,-15],[2,-28],[-5,7],[-5,0],[-8,-13],[7,-13],[10,-6],[8,3],[10,6],[4,-44],[-2,-22],[-11,-8],[-9,0],[-9,5],[-8,11],[-39,91],[-10,25],[-33,51]],[[447,183],[4,5],[6,0],[3,4],[1,18],[2,21],[-1,13],[-6,12],[-3,12],[-2,32],[2,22],[-48,259],[-1,18]],[[336,629],[1,-110],[32,-327],[1,-5]],[[370,187],[-11,5],[-62,-9],[-4,1],[-8,17],[-16,20],[-5,7],[-1,10],[-9,49],[-8,7],[-3,6],[0,25],[2,30],[-4,26],[-12,10],[-32,2],[-7,6],[-4,22]],[[270,646],[66,-17]],[[696,351],[-3,-26],[-6,-16],[-2,-9],[-6,1],[-1,-9],[-2,-27],[-9,-73],[-6,-22],[-7,-12],[-6,0],[-8,10],[-4,6],[-26,0],[0,9],[10,9],[-5,10],[-6,21],[-11,16],[-12,2],[-12,-10],[-8,-10]],[[447,183],[-11,9],[-9,4],[-10,-9],[-10,-16],[-8,-3],[-21,15],[-8,4]],[[336,629],[7,6],[11,13],[4,0],[17,-6],[8,-8],[21,-35]],[[292,977],[32,-18],[45,-3],[19,-13],[27,-4]],[[13,723],[1,9],[-1,36],[1,11],[4,14],[0,9],[1,4],[7,3],[5,6],[7,25],[9,-6],[5,33],[13,33],[17,13],[11,-22],[7,21],[8,0],[8,-8],[11,-5],[29,9],[10,0],[5,-4]]],"transform":{"scale":[0.002188875075075086,0.0008227221321321324],"translate":[-78.37466387,17.70319245]},"bbox":[-78.37466387,17.70319245,-76.18797767,18.52509186]}