{"type":"Topology","objects":{"all":{"type":"GeometryCollection","bbox":[46.47827885,87.32379602,40.58465566,55.43455027],"geometries":[{"type":"Polygon","properties":{"a":1613,"b":"North Kazakhstan","c":68.7555,"d":54.0182},"arcs":[[0,1,2,3]]},{"type":"Polygon","properties":{"a":1615,"b":"East Kazakhstan","c":81.8465,"d":48.8419},"arcs":[[4,5,6,7]]},{"type":"Polygon","properties":{"a":1616,"b":"Almaty","c":77.2564,"d":45.433},"arcs":[[8,9,10,-5]]},{"type":"Polygon","properties":{"a":1608,"b":"Qyzylorda","c":64.1746,"d":44.734},"arcs":[[11,12,13,14],[15]]},{"type":"Polygon","properties":{"a":1618,"b":"South Kazakhstan","c":68.4169,"d":42.2883},"arcs":[[16,17,-13,18]]},{"type":"Polygon","properties":{"a":1614,"b":"Pavlodar","c":76.4466,"d":52.0705},"arcs":[[-7,19,20,-1,21]]},{"type":"MultiPolygon","properties":{"a":1617,"b":"Mangghystau","c":53.3858,"d":44.0607},"arcs":[[[22,23,24]]]},{"type":"Polygon","properties":{"a":1610,"b":"West Kazakhstan","c":50.4163,"d":49.3417},"arcs":[[25,26,27]]},{"type":"Polygon","properties":{"a":1606,"b":"Aqtöbe","c":58.8088,"d":48.6029},"arcs":[[28,-15,29,-23,30,-26,31,32]]},{"type":"MultiPolygon","properties":{"a":1609,"b":"Atyrau","c":52.5636,"d":47.6716},"arcs":[[[-25,33,-27,-31]]]},{"type":"Polygon","properties":{"a":1607,"b":"Qostanay","c":63.4219,"d":52.1459},"arcs":[[-3,34,35,-33,36]]},{"type":"Polygon","properties":{"a":1611,"b":"Aqmola","c":70.1754,"d":51.6117},"arcs":[[-21,37,-35,-2]]},{"type":"Polygon","properties":{"a":1619,"b":"Zhambyl","c":72.2461,"d":44.2796},"arcs":[[38,-17,39,-10]]},{"type":"Polygon","properties":{"a":1612,"b":"Qaraghandy","c":70.7443,"d":48.0193},"arcs":[[-20,-6,-11,-40,-19,-12,-29,-36,-38]]}]}},"arcs":[[[659,865],[4,-10],[-2,-11],[5,3],[-3,-14],[1,-9],[8,4],[2,-3],[-4,-14],[2,-5]],[[672,806],[-8,1],[-5,5],[-12,6],[-2,20],[-11,-4],[-4,-6],[-9,0],[-4,8],[3,11],[-5,13],[-6,-5],[-7,2],[-2,6],[-8,-1],[-4,-12],[-5,10],[-5,0],[1,6],[-4,2],[-2,10],[-6,3],[-6,-7],[-5,5],[-9,-3],[1,-3],[-7,-11],[7,-19],[-2,-10],[1,-11],[-7,-7],[-3,-8],[-8,-6],[2,-6],[-4,-10],[-11,10],[-4,-2],[0,-10],[-6,-1],[-13,3],[0,5],[-8,-2],[-7,7]],[[478,795],[2,22],[2,3],[-2,13],[1,8],[8,3],[-4,8],[-1,14],[-4,8],[2,4],[-4,23],[8,7],[-6,11],[2,3],[-2,23]],[[480,945],[17,9],[9,2],[2,3],[8,0],[8,8],[5,0],[4,5],[-2,11],[10,0],[2,10],[7,-5],[-2,11],[6,-8],[4,5],[9,-5],[12,-13],[7,10],[9,2],[4,-13],[1,-22],[5,-4],[-2,-9],[2,-15],[-6,-3],[5,-16],[3,8],[4,-6],[6,1],[0,8],[7,-3],[6,8],[4,-24],[7,-2],[-3,13],[9,-1],[2,-10],[12,-2],[2,9],[3,-1],[-2,-14],[-5,2],[-5,-20],[5,-9]],[[875,334],[-3,2],[-2,14],[-2,8],[-2,10],[-6,16],[-2,6],[-10,10],[-9,3],[-20,19],[-12,0],[-4,11],[-13,2],[-1,6],[-11,10],[-11,-8],[-6,0]],[[761,443],[-7,0],[-2,-5],[-4,2],[-4,6],[2,11],[4,2],[-2,14],[4,26],[4,5],[-5,4],[1,7],[-8,6],[2,11],[6,2],[4,13],[-1,6],[-9,0],[-2,12],[4,4],[-11,21],[3,8],[11,11],[0,18],[5,5],[7,14]],[[763,646],[19,-11],[8,16],[-2,30],[-8,6],[-7,16],[0,5],[17,14],[13,25]],[[803,747],[16,-63],[7,11],[5,2],[-1,16],[4,0],[2,8],[12,-11],[-1,-14],[6,1],[2,-14],[7,3],[8,-5],[9,0],[7,6],[0,5],[8,0],[1,8],[9,0],[11,-14],[0,-5],[8,-14],[1,-18],[4,0],[14,-13],[-1,-9],[8,-23],[16,0],[6,-7],[7,17],[6,5],[0,-8],[-4,-7],[7,-4],[4,-18],[6,-2],[2,-8],[-6,2],[-5,-2],[-4,-7],[2,-9],[-2,-11],[-4,-11],[-9,-8],[-10,0],[-7,-34],[3,-19],[-2,-8],[4,-8],[0,-9],[-5,-13],[-6,0],[-7,-13],[-5,-3],[0,8],[-12,5],[-9,-2],[-9,5],[-10,11],[-2,0],[-1,-19],[-4,-13],[-3,-25],[-4,-16],[-1,-15],[-6,-24]],[[875,334],[8,-8],[-1,-22],[-8,8],[-5,-5],[-5,3],[-2,10],[-23,-16],[-3,3],[-8,-8],[-6,0],[-7,-8],[4,-8],[5,2],[8,-7],[-4,-3],[0,-38],[4,-13],[4,-32],[3,-22],[-4,1],[-7,-8],[4,-9],[-6,-4],[-3,-14],[1,-8],[2,-19],[-8,14],[-9,2],[-10,14],[0,8],[-3,-1],[-8,3],[-6,5],[-11,-2],[-12,5],[-8,-2],[-3,5],[-6,0],[-9,-5],[-16,2]],[[717,157],[-13,19],[4,18],[-11,6],[7,21],[2,14],[-5,10],[-9,6],[-5,7],[-2,16],[-9,17],[-1,10],[-5,1],[-2,11],[7,2],[-1,7],[1,27],[3,11]],[[678,360],[14,30],[14,19],[12,2],[28,-3],[6,-6],[9,7],[0,34]],[[400,443],[-4,-8],[7,2],[5,-9],[16,-6],[29,-24],[13,-14],[35,-16],[7,0],[0,-8]],[[508,360],[4,-16],[-2,-6],[-2,-25],[8,-11],[0,-51],[4,-3],[11,-21],[-4,-8],[0,-12],[-7,-20],[3,-3],[1,-11],[-12,-11],[-17,-26],[-2,2],[-11,-19],[-4,1]],[[478,120],[0,3],[2,39],[-8,-8],[-7,27],[-8,11],[-2,11],[-6,8],[-9,-11],[-6,0],[-26,5],[-28,-10],[-8,13],[-16,38],[0,7],[-19,27],[-9,13],[-16,17],[-4,8]],[[308,318],[-1,34],[2,16],[14,35],[11,21],[7,1],[0,10],[8,3],[7,18],[2,11],[5,14],[12,2],[6,-13],[3,-3],[6,-19],[10,-5]],[[413,334],[10,7],[5,19],[-1,14],[-4,10],[-10,6],[-11,-9],[-4,-21],[6,-19],[9,-7]],[[554,360],[4,-10],[13,-76],[2,-34],[-6,-43],[-3,-5],[3,-13],[11,-6],[4,-16],[1,-16],[3,0],[10,-24]],[[596,117],[2,-6],[-6,-4],[-4,-11],[-2,5],[-7,-16],[-6,-11],[-7,-2],[-5,-13],[-9,-6],[0,-11],[-7,-8],[-5,-13],[0,-13],[1,-3],[-4,-5],[-11,15],[3,4],[0,13],[-5,8],[-27,-3],[-4,3],[-2,29],[-2,26],[-11,0],[0,25]],[[508,360],[46,0]],[[763,646],[-2,18],[-15,12],[-6,-11],[-1,-14],[-5,1],[-5,-6],[-4,2],[-11,-5],[-8,1],[-7,-11],[-3,10],[6,6],[-5,11],[-14,16],[-8,-5],[-3,6],[3,23],[-1,13],[-8,5]],[[666,718],[6,13],[8,6],[-12,11],[6,13],[0,38],[-2,7]],[[659,865],[5,11],[6,2],[9,-3],[4,-9],[0,15],[4,0],[6,11],[4,-2],[11,11],[0,7],[5,0],[14,11],[0,7],[6,-2],[5,8],[4,-8],[-2,-10],[-9,-3],[6,-14],[17,-22],[14,-22],[9,-28],[5,-14],[14,-44],[7,-20]],[[244,370],[2,-10],[4,-53]],[[250,307],[-18,-11],[0,-246],[-11,-5],[-9,19],[-5,16],[0,8],[-11,18],[-7,11],[-4,0],[-15,-5],[-12,-8],[-8,-16],[-3,-3],[-2,19],[5,13],[3,24],[-6,9],[-6,-1],[-3,6],[-5,-5],[-6,18],[0,7],[-11,-2],[1,24],[-4,10],[-6,35],[-5,6],[-10,5],[1,21],[15,-2],[6,-10],[5,5],[-3,13],[-6,6],[0,8],[4,7],[2,-2],[0,11],[3,8],[5,2],[4,6],[5,-4],[15,3],[5,-5],[8,-3],[5,5],[-13,9],[3,18]],[[156,349],[3,-2],[14,5],[4,6],[-2,3],[8,15],[23,11],[8,0],[5,10],[6,-10],[4,0],[0,-8],[6,-6],[9,-3]],[[196,668],[-2,-11],[0,-14],[2,-14],[-5,-20],[-12,-5],[-4,-19],[0,-6]],[[175,579],[-8,-15],[-11,1],[-2,-16],[-6,-23],[-18,7],[1,7],[-12,2],[-5,-2],[-5,-9],[-6,-5],[-20,-24],[-10,-3],[-1,-5],[-14,8],[-42,13]],[[16,515],[-16,11],[6,33],[8,16],[-8,13],[4,32],[10,18],[-1,14],[5,10],[3,0],[12,-24],[3,-15],[6,-3],[10,13],[-4,22],[0,16],[4,2],[6,13],[8,3],[-2,8],[2,11],[8,0],[6,8],[9,5],[3,11],[1,11],[4,-5],[1,13],[5,-6],[10,-2],[-2,-11],[9,3],[4,-1],[1,11],[5,0],[7,5],[4,-18],[7,3],[4,-4],[10,4],[7,-9],[0,-11],[12,-9],[3,-11],[4,-5],[-1,-17],[3,-5]],[[428,508],[6,-17],[-4,-5],[-30,-43]],[[308,318],[-14,16],[-44,-27]],[[244,370],[-4,17],[0,8],[-19,13],[-6,10],[-7,23],[2,34],[-2,24],[-4,6],[0,15],[-2,8],[2,9],[0,12],[-7,4],[-3,-11],[-8,5],[0,11],[-3,16],[-8,5]],[[196,668],[3,8],[0,16],[-3,4],[3,7],[11,-11],[0,-6],[6,-9],[3,1],[4,-8],[11,11],[2,14],[4,-3],[2,11],[8,-4],[2,4],[9,2],[5,-13],[8,3],[1,13],[10,-5],[4,8],[7,-12],[-2,-7],[10,-14],[8,0],[8,-5],[-2,-8],[7,3],[4,10],[2,12],[2,-1],[4,-11],[11,-1],[16,9],[2,3],[2,26],[2,3]],[[370,718],[7,3],[3,-16],[7,-2],[-2,-6],[4,-7],[-2,-10],[3,-2],[2,-16],[9,-27],[1,-10],[-8,-2],[-5,-17],[1,-5],[-4,-3],[4,-17],[-1,-4],[7,-19],[9,-2],[0,-11],[14,-16],[9,-21]],[[156,349],[5,16],[1,25],[-4,7],[6,11],[-3,14],[-4,6],[-7,-1],[-5,5],[-2,-8],[-13,0],[-8,11],[-6,5],[-9,-7],[-10,-11],[-7,-8],[-9,-14],[-5,-2],[-7,4],[2,-12],[-6,2],[1,-6],[-8,11],[-7,5],[-2,6],[2,8],[5,-7],[5,7],[-7,22],[-4,21],[-4,3],[-6,18],[-2,3],[-9,0],[-7,5],[-1,-10],[-5,7],[-2,12],[3,5],[-1,13]],[[478,795],[0,-15],[-4,-19],[-4,-8],[-6,-2],[4,-14],[0,-15],[-3,-4],[5,-19],[0,-13],[8,8],[11,-16],[9,-5],[7,2],[3,-5],[-2,-8],[4,-7],[19,12]],[[529,667],[4,-6],[-4,-10],[-9,-5],[0,-11],[-6,-13],[-33,-56],[-9,-5],[-7,-6],[-10,3],[-8,-3],[-3,-13],[-4,0],[2,-9],[-8,-7],[0,-8],[-6,-10]],[[370,718],[-3,11],[-11,3],[-3,10],[-10,0],[-4,5],[3,7],[-8,6],[-3,-2],[0,9],[4,0],[6,10],[6,0],[9,13],[-3,11],[-3,0],[-2,16],[10,19],[19,-5],[5,3],[0,9],[-7,1],[-5,8],[-2,-3],[-7,3],[-3,7],[3,9],[5,-3],[2,10],[-5,-4],[-7,8],[4,8],[-6,11],[7,0],[-1,5],[20,-5],[0,5],[9,0],[3,-9],[0,9],[4,5],[11,0],[16,11],[5,-2],[0,6],[15,4],[3,-3],[5,6],[6,-7],[0,15],[13,5],[6,6],[4,-4]],[[666,718],[-11,0],[3,-10],[6,-2],[-10,-9],[-5,-8],[-4,3],[-2,-9],[-6,-5],[-1,-10],[-6,0],[0,-7],[-9,-1],[2,17],[-3,4],[-9,0],[-4,-11],[-3,-2],[-8,-14],[-4,-5],[-2,-11],[-8,-5],[-1,15],[-12,-2],[-2,8],[-5,1],[-4,-11],[-4,-3],[-8,5],[2,6],[2,28],[-5,4],[-10,-9],[-8,0],[2,-8]],[[717,157],[-4,-8],[-11,3],[-11,10],[-4,8],[-9,8],[-6,-2],[-2,-5],[-6,-5],[-3,-9],[-2,-18],[0,-17],[-4,6],[-8,3],[-5,8],[-9,5],[-7,2],[-5,4],[-8,-4],[-4,3],[-6,-8],[-5,-16],[-2,-8]],[[554,360],[124,0]]],"transform":{"scale":[0.04088640357357357,0.014864759369369368],"translate":[46.47827885,40.58465566]},"bbox":[46.47827885,40.58465566,87.32379602,55.43455027]}