{"type":"Topology","objects":{"all":{"type":"GeometryCollection","bbox":[100.0970732,107.66436324,13.91545665,22.49604401],"geometries":[{"type":"Polygon","properties":{"a":1693,"b":"Bokeo","c":100.6859,"d":20.3739},"arcs":[[0,1,2,3]]},{"type":"Polygon","properties":{"a":1706,"b":"Phôngsali","c":102.3345,"d":21.504},"arcs":[[4,5,6]]},{"type":"Polygon","properties":{"a":1707,"b":"Bolikhamxai","c":104.2472,"d":18.5586},"arcs":[[7,8,9,10,11,12,13]]},{"type":"Polygon","properties":{"a":1696,"b":"Champasak","c":105.9833,"d":15.1209},"arcs":[[14,15,-16,16,17,18]]},{"type":"Polygon","properties":{"a":1701,"b":"Xaisômboun","c":103.0541,"d":18.8888},"arcs":[[-12,19,20,21]]},{"type":"Polygon","properties":{"a":1699,"b":"Vientiane [prefecture]","c":102.6015,"d":18.1452},"arcs":[[-10,22,23]]},{"type":"Polygon","properties":{"a":1695,"b":"Xaignabouri","c":101.5338,"d":18.7863},"arcs":[[24,25,-2,26,27]]},{"type":"Polygon","properties":{"a":1709,"b":"Attapu","c":107.0853,"d":14.7562},"arcs":[[28,-17,15,29]]},{"type":"Polygon","properties":{"a":1694,"b":"Louang Namtha","c":101.1017,"d":20.9719},"arcs":[[30,-4,31]]},{"type":"Polygon","properties":{"a":1703,"b":"Houaphan","c":103.8813,"d":20.2637},"arcs":[[32,33,34]]},{"type":"Polygon","properties":{"a":1704,"b":"Louangphrabang","c":102.5284,"d":19.9678},"arcs":[[-34,35,-21,36,-28,37,-5,38]]},{"type":"Polygon","properties":{"a":1702,"b":"Xiangkhoang","c":103.3626,"d":19.4943},"arcs":[[39,-13,-22,-36,-33]]},{"type":"Polygon","properties":{"a":1698,"b":"Savannakhét","c":105.7074,"d":16.5539},"arcs":[[40,41,42,43]]},{"type":"Polygon","properties":{"a":1700,"b":"Vientiane","c":102.2488,"d":18.592},"arcs":[[-20,-11,-24,44,-25,-37]]},{"type":"Polygon","properties":{"a":1705,"b":"Oudômxai","c":101.7255,"d":20.1968},"arcs":[[-38,-27,-1,-31,45,-6]]},{"type":"Polygon","properties":{"a":1697,"b":"Saravan","c":106.1401,"d":15.7127},"arcs":[[46,-19,47,-42,48]]},{"type":"Polygon","properties":{"a":1710,"b":"Xékong","c":106.9989,"d":15.4336},"arcs":[[-30,-16,-15,-47,49]]},{"type":"Polygon","properties":{"a":1708,"b":"Khammouan","c":105.2452,"d":17.5681},"arcs":[[-44,50,-8,51]]}]}},"arcs":[[[148,744],[3,-8],[-1,-13],[-8,-6],[-13,4],[-8,-3],[-7,-10],[-19,-2],[-10,-3],[2,-10]],[[87,693],[-10,-6],[-26,-5],[-11,2]],[[40,684],[8,7],[10,24],[1,11],[-5,0],[-6,4],[-16,23],[-13,-2],[-13,-16],[-6,6],[0,9],[3,6],[5,19],[6,14],[21,15],[23,-3],[8,4]],[[66,805],[16,-9],[13,-19],[2,-11],[14,-1],[8,-9],[0,-8],[16,-6],[13,2]],[[373,840],[-15,0],[-3,-12],[-26,-9],[-11,-9],[-10,6],[-8,0],[-8,3]],[[292,819],[-3,4],[-23,5],[-11,10],[-13,5],[-15,8]],[[227,851],[-14,10],[3,30],[8,2],[0,4],[-6,3],[-3,8],[3,12],[-10,13],[-10,4],[-6,17],[2,5],[-7,11],[11,3],[5,11],[0,7],[7,6],[8,1],[8,-9],[8,-4],[3,6],[10,2],[13,-1],[6,-4],[5,-11],[10,-9],[8,-3],[16,-12],[2,-5],[8,-5],[-2,-7],[16,-6],[5,-13],[2,-17],[14,3],[5,8],[0,9],[5,0],[0,-12],[15,1],[3,-1],[1,-17],[-16,-18],[7,5],[-3,-11],[0,-7],[-10,-6],[11,-5],[5,-9]],[[680,504],[-1,-8],[-20,-27],[-21,2],[-13,4],[-6,9],[-31,18],[-16,-6],[-10,-18],[-11,-19]],[[551,459],[-8,18],[-13,10],[-7,14],[-8,12],[-9,1],[-10,-6],[-10,8],[-10,0],[-21,7],[-22,3],[-13,-3],[-7,-7],[7,-8],[-16,-3],[-2,-10],[-8,-3]],[[394,492],[-3,3],[-8,-5],[0,15],[-13,5]],[[370,510],[0,10],[-7,6],[-3,9]],[[360,535],[8,2],[26,-2],[37,5],[16,9],[-1,16],[3,9],[-3,9],[13,3],[27,-15],[13,6]],[[499,577],[21,-7],[10,1],[19,18],[0,15]],[[549,604],[13,-6],[5,-7],[16,-5],[3,-6],[23,-12],[24,-3],[4,-4],[9,0],[15,-5],[8,-7],[-8,-6],[-3,-15],[11,-11],[0,-6],[11,-7]],[[829,173],[5,-3],[6,-6],[10,-3],[16,-9],[3,-10]],[[869,142],[0,0]],[[869,142],[10,-2],[5,-4],[3,-14],[0,-9],[-8,0],[-8,-12],[-11,-3],[-12,3],[-6,5],[3,16],[-10,-1],[-11,6],[-11,-8],[-12,-13],[2,-12],[10,-6],[3,-11],[10,-12],[-2,-3]],[[824,62],[-14,3],[-9,-13],[-22,0],[-5,-5],[5,-4],[0,-6],[10,-8],[9,-13],[-8,-9],[-3,-7],[-24,1],[-13,9],[-5,9],[-16,3],[-12,6],[-11,-6],[-13,0],[-13,9],[-8,9],[0,9],[10,3],[3,3],[7,0],[9,3],[12,13],[1,8],[-3,25],[8,8],[0,9],[6,4],[-6,2],[-13,12],[0,7],[16,12],[-1,6],[-8,0],[-2,6],[13,6]],[[724,176],[6,3],[20,-3],[27,1],[12,2],[3,-6],[-3,-6],[11,-7],[16,10],[13,3]],[[360,535],[-10,-3],[-4,3],[-7,12],[-11,17],[6,15],[-3,7],[-7,3],[-6,21],[8,8]],[[326,618],[18,6],[6,4]],[[350,628],[20,-13],[6,1],[18,-7],[24,-3],[10,3],[13,-3],[8,3],[11,-8],[18,-1],[21,-8],[0,-15]],[[394,492],[-2,-12],[-4,-6],[-13,3],[-36,-17],[2,-7],[-12,4],[2,9],[-5,6],[-16,0],[-26,14],[-10,9],[-1,4],[-15,-1]],[[258,498],[-3,9],[3,9],[0,7],[7,-1],[13,4],[6,-9],[10,-4],[21,-3],[6,-8],[12,0],[6,3],[13,5],[18,0]],[[226,598],[0,-13],[-2,-6],[7,-8],[0,-7],[-5,-14],[-10,-18],[-13,-3],[-13,-16],[-6,-2],[-13,-15],[5,-12],[-2,-18],[5,-6],[13,0],[-2,-6]],[[190,454],[2,-3],[-11,-9],[-2,3],[-28,-18],[-4,-6],[-12,-9],[-19,11],[-13,4],[6,8],[10,19],[0,8],[8,6],[7,9],[6,3],[-3,7],[3,11],[-5,6],[5,9],[-11,4],[-7,8],[7,10],[11,5],[0,4],[10,9],[-5,8],[3,4],[0,12],[13,21],[-13,11],[2,9],[-3,13],[-5,5],[3,9],[5,1],[3,6],[-6,9],[-8,-3],[-12,0],[-8,5],[-19,0],[-13,-15],[-5,4],[-16,3],[-10,-6],[-8,6],[-11,24],[3,5]],[[87,693],[5,3],[17,-2],[10,-6],[18,6],[13,-6],[42,0],[21,12]],[[213,700],[8,-9],[-3,-13],[0,-11],[9,0],[-1,-19],[3,-5],[10,-4],[-12,-15],[2,-11],[-3,-15]],[[978,131],[-7,-1],[0,-9],[13,-9],[-8,-9],[3,-9],[-11,-15],[0,-5],[-10,0],[-9,6],[-10,-13],[-15,-11],[-9,3],[-10,-12],[-7,2],[-12,-3],[-7,3],[-6,10],[-10,3],[-7,6],[-6,0],[-3,11],[-10,-8],[-3,-7],[-10,-2]],[[869,142],[15,13],[14,-3],[20,2],[5,4],[19,-3],[10,-9],[8,-1],[11,1],[8,-10],[-1,-5]],[[221,843],[0,-12],[-5,-6],[-16,-8],[2,-7],[-13,-3],[-12,-12],[-4,-2],[12,-4],[7,-8],[2,-9],[-4,-9],[-11,-13],[-10,-5],[-21,-1]],[[66,805],[3,6],[-15,0],[4,17],[11,3],[8,12],[5,18],[10,-3],[27,14],[18,13],[6,2],[-3,-14],[10,-6],[-3,-15],[3,-6],[11,0],[8,5],[21,1],[7,-3],[-2,-4],[10,1],[8,-6],[8,3]],[[541,673],[-1,11],[3,7],[-8,-1],[-10,3],[-3,-6],[-13,-5],[-10,8],[0,13],[-11,8],[-13,-5],[-2,-6],[-8,0],[-21,-7],[-13,1],[-6,5],[-5,-3],[-8,4],[-12,-1]],[[400,699],[0,12],[4,10],[-7,8],[15,12],[3,15],[-5,0],[-3,7],[5,9],[-2,14],[5,6],[11,3],[8,6]],[[434,801],[5,3],[10,-9],[11,-2],[10,-9],[8,2],[-2,6],[7,3],[3,12],[31,6],[6,6],[18,-3],[3,-5],[7,2],[6,-9],[12,-8],[8,-1],[3,-6],[15,-5],[0,-4],[-15,-12],[-7,3],[-11,-12],[10,-3],[19,0],[13,-9],[2,-5],[-5,-7],[5,-5],[16,3],[13,-4],[0,-8],[6,-3],[-1,-10],[-7,-2],[-16,-9],[-3,-4],[8,-2],[0,-7],[-19,-9],[-7,-11],[-14,-3],[-17,11],[-11,-5],[-3,5],[-10,1]],[[400,699],[-3,-5],[-11,-1],[-10,-6],[0,-11],[-11,-3],[-26,-21],[0,-12],[11,-12]],[[326,618],[-16,13],[2,3],[-12,3],[-8,-3],[-16,6],[-13,-3],[-2,-7],[-11,-8],[-5,-12],[-19,-12]],[[213,700],[16,2],[8,3],[10,9],[13,0],[11,4],[7,11],[-7,7],[2,12],[-3,8],[11,22],[10,5],[6,9],[-2,6],[2,12],[-5,9]],[[373,840],[5,-9],[6,-2],[13,-21],[13,-4],[8,0],[10,-5],[6,2]],[[541,673],[-8,-1],[-3,-5],[-15,3],[4,-10],[6,-3],[2,-9],[-7,-8],[-13,-4],[-11,-8],[16,-10],[8,1],[20,-9],[3,-6],[6,0]],[[832,361],[13,-6],[5,0],[0,-33],[5,-8],[8,-3],[0,-9],[5,-9],[9,0]],[[877,293],[7,-7],[-8,-6],[-7,1],[-6,-6],[-2,-10],[-16,-2],[-3,-3],[-20,0],[-3,-6],[-5,6],[-9,3],[-10,-3],[3,-18],[-11,-6],[-10,1],[-13,-9],[-13,0],[-38,14],[-10,0]],[[703,242],[-2,3],[-22,3],[-21,6],[-5,5],[-2,13],[-16,11],[-8,13],[-11,6],[-2,5],[3,19],[-3,9],[3,6],[-3,11]],[[614,352],[11,-5],[0,11],[-6,1],[9,9],[7,-1],[5,3],[14,-3],[15,4],[8,-6],[11,-1],[8,6],[15,0],[19,-6],[8,9],[26,-9],[13,0],[15,1],[3,6],[13,-7],[16,-5],[8,2]],[[258,498],[-19,-18],[-15,4],[-3,-3],[-6,-16],[-12,-2],[-13,-9]],[[221,843],[0,6],[6,2]],[[929,263],[-10,-12],[-11,-4],[-11,-2],[-10,3],[-3,-11],[-8,-7],[-10,-17],[5,-4],[-2,-18],[-13,-3],[-11,0],[-6,-3],[-17,0],[-3,-5],[2,-5],[8,-2]],[[724,176],[8,18],[0,12],[-10,7],[-16,2],[-10,13],[-1,8],[8,6]],[[877,293],[10,12],[7,-9],[-2,-4],[16,-15],[11,0],[7,-3],[3,-11]],[[929,263],[13,-6],[11,-9],[15,3],[2,-7],[-7,-10],[-21,-9],[-8,-1],[-2,-9],[7,-5],[6,-13],[7,-3],[8,-11],[5,2],[11,-3],[3,-9],[8,0],[2,-9],[10,-6],[-12,-27],[-9,0]],[[614,352],[-2,6],[10,24],[0,21],[-15,18],[-29,12],[-8,9],[-8,12],[-11,5]],[[680,504],[5,1],[0,-7],[11,-5],[7,6],[6,-3],[5,-12],[13,-12],[0,-13],[11,-14],[5,-9],[15,-7],[24,-24],[21,-17],[7,0],[3,5],[6,-8],[0,-5],[10,-12],[3,-7]]],"transform":{"scale":[0.007574864904904907,0.008589176536536536],"translate":[100.0970732,13.91545665]},"bbox":[100.0970732,13.91545665,107.66436324,22.49604401]}