{"type":"Topology","objects":{"all":{"type":"GeometryCollection","bbox":[140.84921106,180,-22.67066823,-1.3463681],"geometries":[{"type":"MultiPolygon","properties":{"a":181,"b":"Papua New Guinea","c":144.0278,"d":-6.5466},"arcs":[[[0]],[[1]],[[2]],[[3]],[[4]],[[5]],[[6]],[[7]],[[8]],[[9]],[[10]],[[11,12]],[[13]],[[-12,11,14]],[[15]],[[16]],[[17]],[[18]],[[19]],[[20]],[[21]],[[22]],[[23]],[[24]],[[25]]]},{"type":"MultiPolygon","properties":{"a":247,"b":"Vanuatu","c":166.8938,"d":-15.2552},"arcs":[[[26]],[[27]],[[28]],[[29]],[[30]],[[31]],[[32,33]],[[34]],[[35]],[[36]],[[-33,37]],[[38]],[[39]]]},{"type":"MultiPolygon","properties":{"a":203,"b":"Solomon Is.","c":159.1905,"d":-8.0346},"arcs":[[[40]],[[41]],[[42]],[[43]],[[44,45]],[[46]],[[47,48]],[[49]],[[50,51]],[[52]],[[53]],[[54,55]],[[-51,56]],[[57]],[[58]],[[59]],[[60,61]],[[62]],[[63]]]},{"type":"MultiPolygon","properties":{"a":75,"b":"Fiji","c":177.9993,"d":-17.8461},"arcs":[[[64]],[[65]],[[66]],[[67]]]},{"type":"MultiPolygon","properties":{"a":162,"b":"New Caledonia","c":165.473,"d":-21.3804},"arcs":[[[68]],[[69]],[[70]],[[71,72]]]}]}},"arcs":[[[316,530],[13,-9],[0,-3],[-4,0],[-6,4],[-4,7],[1,1]],[[340,532],[1,-4],[-4,-1],[-1,3],[4,2]],[[299,565],[8,-2],[-4,-3],[-4,5]],[[260,597],[0,-5],[4,5],[3,-2],[-3,-8],[-7,1],[0,5],[-4,15],[7,-11]],[[249,620],[4,2],[4,-11],[-4,-2],[-10,2],[3,3],[-3,7],[3,4],[3,-5]],[[242,623],[-1,-7],[-6,7],[3,8],[4,-3],[0,-5]],[[297,643],[11,-6],[2,-6],[-6,-2],[-3,2],[2,3],[-6,5],[0,4]],[[261,667],[2,-5],[-2,-9],[-1,0],[1,8],[-2,1],[2,5]],[[71,653],[-9,12],[5,-2],[4,-6],[0,-4]],[[70,670],[0,-6],[-7,6],[7,0]],[[177,805],[7,-6],[0,-8],[-5,1],[-3,5],[1,8]],[[352,807],[0,1]],[[352,808],[6,-6],[4,0],[4,-9],[0,-5],[4,-7],[3,-10],[4,0],[4,-7],[3,-9],[1,-9],[-1,1],[-7,-7],[-5,3],[-6,12],[0,11],[-5,5],[-2,5],[-4,4],[-3,27]],[[162,808],[-3,-1],[-2,4],[0,5],[5,1],[0,-9]],[[352,808],[-3,6],[2,13],[3,-8],[-2,-11]],[[130,839],[-2,3],[2,8],[3,-3],[-3,-8]],[[290,866],[-1,-7],[5,0],[-1,-6],[1,-13],[-1,-7],[-4,-5],[-6,1],[0,-9],[3,-3],[2,-9],[-6,-6],[-3,-2],[-1,3],[-7,0],[1,-5],[-2,-3],[-2,-7],[-8,-7],[0,-2],[-7,1],[0,-5],[-4,-1],[-3,-5],[-8,-3],[0,3],[-14,-3],[-4,10],[-4,2],[-4,-4],[-11,14],[-10,6],[0,9],[3,4],[1,-4],[3,2],[5,-2],[3,3],[7,-6],[17,3],[2,4],[-1,7],[3,2],[0,10],[4,0],[-3,-6],[-1,-6],[4,-12],[4,0],[4,5],[3,-5],[4,5],[4,-2],[3,5],[1,13],[7,9],[4,0],[3,-3],[0,17],[0,8],[-3,0],[-1,10],[8,0],[4,-5],[2,7],[5,0]],[[354,901],[-5,11],[2,-1],[3,-10]],[[301,911],[-4,3],[4,5],[0,-8]],[[259,924],[-6,-1],[3,3],[3,-2]],[[283,929],[-1,5],[3,0],[-2,-5]],[[68,686],[3,-10],[-8,0],[-10,-4],[-5,3],[4,-8],[4,-1],[6,-6],[2,-8],[0,-11],[-8,-5],[-6,-7],[-6,-4],[-10,8],[-10,-3],[-8,0],[-3,4],[-7,-4],[-4,5],[0,104],[-1,3],[-1,9],[2,8],[0,180],[7,0],[10,-8],[7,-8],[2,1],[5,-5],[12,-8],[11,-7],[4,0],[8,-3],[2,-5],[3,-2],[5,-6],[1,-4],[14,-1],[0,-7],[10,-7],[-2,-2],[5,-3],[1,-5],[7,-3],[7,-12],[4,-7],[0,-20],[-1,-9],[1,-3],[5,1],[6,-5],[7,-1],[8,-11],[11,-8],[6,2],[5,-7],[1,-8],[5,-7],[0,-12],[-3,-2],[-21,-1],[0,-6],[6,-16],[1,-13],[1,1],[6,-7],[3,-9],[2,-1],[0,-5],[12,-5],[1,-11],[0,-13],[7,-5],[3,-19],[6,-1],[10,5],[3,-7],[-3,-3],[0,-12],[6,-6],[5,-2],[10,0],[-2,-6],[-7,-3],[6,-12],[4,0],[7,-6],[7,0],[0,-3],[7,2],[-6,-5],[-7,2],[-1,-4],[8,-6],[0,-3],[-5,-5],[-7,1],[-7,4],[-1,3],[5,0],[-5,6],[-6,2],[-4,-2],[-1,4],[-6,0],[-3,3],[-5,-2],[-7,4],[-7,0],[-4,5],[-7,-4],[0,3],[-8,6],[-6,18],[-8,6],[-4,16],[-8,6],[0,10],[-9,17],[0,6],[-4,4],[0,5],[-8,4],[0,4],[-10,-1],[-4,6],[-10,2],[0,5],[-4,2],[-4,-2],[-3,5],[2,-11],[-6,8],[0,-7],[-8,4],[-4,8],[0,-3],[4,-16],[-1,-6],[-6,3],[-3,-2]],[[260,934],[5,-7],[5,-1],[11,-13],[4,-2],[14,-24],[0,-4],[5,-4],[4,-7],[6,-10],[0,-5],[-3,-4],[0,-7],[-4,-11],[0,3],[-6,10],[0,19],[-2,12],[-7,15],[-3,5],[-6,0],[-8,15],[-4,2],[-3,6],[-11,11],[-5,1],[4,5],[4,-5]],[[238,949],[7,-3],[0,-8],[-7,-1],[-3,7],[-4,2],[7,3]],[[154,971],[5,-2],[9,-3],[-5,-2],[-1,-5],[-4,0],[-7,2],[-7,-2],[3,4],[-1,6],[8,2]],[[223,999],[4,-5],[0,-7],[-6,7],[2,5]],[[730,142],[-3,0],[-4,6],[0,7],[4,2],[0,-7],[4,-3],[-1,-5]],[[723,183],[4,-10],[-3,-1],[-7,5],[0,10],[5,1],[1,-5]],[[701,240],[3,0],[4,-7],[-2,-5],[-4,-1],[-5,8],[4,5]],[[698,285],[7,-12],[-4,2],[-6,0],[3,10]],[[701,298],[-6,-3],[-5,5],[5,8],[3,0],[3,-10]],[[677,307],[7,-7],[4,-8],[-5,-4],[-3,-3],[-3,2],[-1,16],[-5,5],[1,10],[4,-1],[1,-10]],[[669,332],[2,2]],[[671,334],[-2,-2]],[[698,313],[-1,2],[-2,15],[3,5],[0,-10],[1,-6],[-1,-6]],[[688,337],[-4,1],[6,7],[1,0],[-3,-8]],[[698,342],[-3,-2],[0,23],[2,-3],[1,-18]],[[669,332],[-4,0],[-4,-3],[-3,10],[0,13],[-4,15],[1,8],[6,-7],[1,-16],[3,0],[1,11],[3,0],[0,-9],[2,-1],[1,-13],[1,-5],[-2,-1]],[[680,399],[3,-2],[-3,-7],[-3,0],[0,8],[3,1]],[[682,413],[-6,1],[0,4],[4,1],[2,-6]],[[665,518],[1,-5],[-4,0],[0,6],[3,-1]],[[490,524],[14,-15],[-3,-2],[-4,2],[-1,8],[-3,-1],[-6,5],[3,3]],[[643,563],[0,-5],[-6,-3],[-2,3],[4,5],[4,0]],[[523,584],[4,-2],[7,-9],[7,0],[6,-11],[0,-8],[-6,1],[-10,7],[-4,5],[0,9],[-7,2],[3,6]],[[523,613],[0,4]],[[523,617],[0,7],[4,-10],[2,-10],[-6,5],[0,4]],[[486,620],[11,1],[7,-6],[1,-7],[3,-2],[1,-6],[-4,-3],[-7,2],[-1,3],[-10,0],[-4,2],[-4,10],[0,13],[1,2],[6,-9]],[[490,639],[1,2]],[[491,641],[5,-2],[0,-4],[-6,4]],[[467,641],[0,-5],[-3,2],[3,3]],[[435,660],[0,1]],[[435,661],[5,1],[-1,-10],[-4,2],[0,6]],[[421,661],[-1,-7],[-3,8],[4,6],[0,-7]],[[479,669],[1,-7],[-4,3],[3,4]],[[523,617],[0,-4]],[[523,613],[-4,5],[0,5],[-8,10],[-3,10],[-3,16],[2,2],[-5,10],[6,2],[6,-14],[-2,-11],[6,-5],[2,-10],[0,-6],[3,-10]],[[435,660],[-8,7],[-2,8],[-4,0],[-1,-4],[-3,7],[6,10],[5,-3],[0,-9],[3,1],[3,-6],[1,-10]],[[402,678],[-3,5],[0,7],[3,-3],[0,-9]],[[416,680],[-6,6],[1,7],[5,0],[0,-13]],[[402,707],[4,-6],[-3,-11],[-4,15],[3,2]],[[479,669],[-3,2],[-18,18],[-5,7],[0,7],[-4,6]],[[449,709],[8,-3],[7,-14],[9,-4],[3,-7],[9,-9],[-2,-10],[-4,7]],[[381,733],[2,-4],[-6,2],[3,5],[1,-3]],[[425,716],[-14,5],[-8,18],[-5,8],[1,6],[15,-17],[0,-4],[6,-11],[5,-1],[0,-4]],[[957,175],[3,-5],[-6,2],[-4,-7],[-4,0],[8,8],[3,2]],[[954,248],[3,-8],[6,-3],[0,-15],[2,-4],[-2,-6],[-2,3],[-5,-2],[-3,-5],[-10,-3],[0,3],[-13,7],[-2,10],[4,5],[2,10],[9,8],[3,-1],[8,3],[0,-2]],[[-8187,265],[9183,3],[-9183,7],[0,-10]],[[-8187,305],[9183,-5],[-3,-8],[-7,-12],[1,-3],[5,8],[6,5],[-4,-10],[4,-2],[-8,0],[-3,-3],[-6,0],[-2,5],[-4,-5],[-1,-5],[-4,2],[-5,-7],[-1,10],[-4,2],[3,5],[2,0],[6,8],[11,3],[1,5],[10,5],[3,-1],[-9183,3]],[[680,2],[-3,-2],[0,5],[3,-3]],[[691,60],[4,-3],[0,-8],[-7,1],[-1,10],[4,0]],[[675,92],[0,-10],[1,-2],[1,-10],[-5,4],[-4,8],[3,0],[1,7],[-4,0],[5,4],[2,-1]],[[662,12],[-9,10],[-6,2],[-3,10],[-4,-2],[0,5],[-7,7],[-4,1],[-9,12],[-2,3],[-9,14],[-2,8],[-7,5],[-2,10],[-3,5],[0,8],[-6,10]],[[589,120],[6,-7],[8,-3],[7,-8],[3,-7],[9,-8],[0,-3],[4,-4],[2,-8],[4,-2],[0,-5],[8,-6],[7,-9],[6,-5],[2,-8],[10,-10],[3,-7],[-3,-8],[-3,0]]],"transform":{"scale":[0.039189978918918934,0.021345645775775777],"translate":[140.84921106,-22.67066823]},"bbox":[140.84921106,-22.67066823,180,-1.3463681]}