{"type":"Topology","objects":{"all":{"type":"GeometryCollection","bbox":[18.43353072,20.35517053,41.85236237,43.54788564],"geometries":[{"type":"Polygon","properties":{"a":2053,"b":"Kolašin","c":19.42191,"d":42.79488},"arcs":[[0,1,2,3,4,5,6]]},{"type":"Polygon","properties":{"a":2051,"b":"Bijelo Polje","c":19.77974,"d":43.04418},"arcs":[[7,8,9,10]]},{"type":"Polygon","properties":{"a":2042,"b":"Ulcinj","c":19.27086,"d":41.98253},"arcs":[[11,12]]},{"type":"Polygon","properties":{"a":2055,"b":"Nikšic","c":18.79737,"d":42.82934},"arcs":[[13,-5,14,15,16,17,18]]},{"type":"Polygon","properties":{"a":2058,"b":"Podgorica","c":19.2642,"d":42.43557},"arcs":[[19,20,21,22,23,-3]]},{"type":"Polygon","properties":{"a":2041,"b":"Bar","c":19.14082,"d":42.18563},"arcs":[[-22,24,-12,25,26,27]]},{"type":"Polygon","properties":{"a":2059,"b":"Tivat","c":18.67559,"d":42.39536},"arcs":[[28,29,30,31]]},{"type":"MultiPolygon","properties":{"a":2047,"b":"Herceg Novi","c":18.53167,"d":42.50185},"arcs":[[[32,-30]],[[33,34]]]},{"type":"Polygon","properties":{"a":2061,"b":"abljak","c":19.16433,"d":43.11717},"arcs":[[35,36,37,38,39]]},{"type":"Polygon","properties":{"a":2048,"b":"Kotor","c":18.68865,"d":42.50714},"arcs":[[40,41,-32,42,-35,43,-17,44]]},{"type":"Polygon","properties":{"a":2046,"b":"Plav","c":19.92167,"d":42.58986},"arcs":[[45,46,47]]},{"type":"Polygon","properties":{"a":2054,"b":"Mojkovac","c":19.50157,"d":42.96857},"arcs":[[-9,48,-7,49,-36,50]]},{"type":"Polygon","properties":{"a":2045,"b":"Roaje","c":20.21263,"d":42.86087},"arcs":[[51,52]]},{"type":"Polygon","properties":{"a":2050,"b":"Berane","c":19.87235,"d":42.85908},"arcs":[[-52,53,-47,54,-1,-49,-8,55]]},{"type":"Polygon","properties":{"a":2043,"b":"Budva","c":18.85341,"d":42.3126},"arcs":[[-27,56,-41,57]]},{"type":"Polygon","properties":{"a":2056,"b":"Pluine","c":18.81822,"d":43.15796},"arcs":[[-38,58,-19,59]]},{"type":"Polygon","properties":{"a":2052,"b":"Danilovgrad","c":19.11463,"d":42.60674},"arcs":[[-24,60,-15,-4]]},{"type":"Polygon","properties":{"a":2049,"b":"Andrijevica","c":19.77906,"d":42.6932},"arcs":[[-46,61,-20,-2,-55]]},{"type":"Polygon","properties":{"a":2044,"b":"Cetinje","c":18.85325,"d":42.54856},"arcs":[[-61,-23,-28,-58,-45,-16]]},{"type":"Polygon","properties":{"a":2060,"b":"Šavnik","c":19.14622,"d":42.9755},"arcs":[[-37,-50,-6,-14,-59]]},{"type":"Polygon","properties":{"a":2057,"b":"Pljevlja","c":19.26568,"d":43.26588},"arcs":[[-10,-51,-40,62]]}]}},"arcs":[[[646,605],[-4,-7],[3,-25]],[[645,573],[-16,-3],[-7,-11],[15,-12],[1,-13],[1,-34],[-12,-15],[-6,-7]],[[621,478],[-11,11],[-12,6],[-7,26],[-19,1],[-19,-6],[-1,-12],[-12,-12],[-14,-7],[-20,-5],[-23,-4],[-27,6],[-6,4]],[[450,486],[-21,12],[0,14],[-7,17],[-19,5]],[[403,534],[-3,19],[6,15],[1,13],[-4,11]],[[403,592],[-5,18],[5,8],[10,4],[33,-4],[26,-1],[15,21]],[[487,638],[24,-11],[16,-11],[33,0],[35,1],[32,-7],[19,-5]],[[843,687],[-16,-19],[-12,-6],[-57,-22],[-12,0],[-19,5],[-16,-4],[-13,-8],[-41,-11]],[[657,622],[-20,18],[2,9],[-1,14],[-7,12],[-13,9],[-41,8],[-16,9],[-19,3],[-9,0]],[[533,704],[1,12],[6,17],[13,7],[10,10],[5,10],[5,29],[6,15]],[[579,804],[17,-18],[8,-6],[11,-6],[23,-5],[12,-1],[15,5],[15,-23],[9,-11],[11,-6],[12,-5],[18,-1],[17,1],[18,15],[12,0],[15,-22],[32,-18],[19,-16]],[[368,98],[51,-4],[4,14],[-13,25],[-4,14],[13,0],[30,-9],[38,11]],[[487,149],[1,-6],[-8,-18],[-4,-11],[3,-23],[8,-13],[-3,-10],[-9,-5],[2,-13],[-4,-17],[10,-12],[0,-21],[-27,25],[-10,3],[-37,10],[-10,5],[-16,6],[-4,6],[-1,13],[-13,10],[3,1],[0,19]],[[283,637],[18,-8],[40,-23],[28,-9],[34,-5]],[[403,534],[0,-18],[2,-12],[-18,-9],[-46,6],[-9,4],[-13,-4],[-17,-9],[-10,-15],[-1,-17],[-7,-7],[-23,-1]],[[261,452],[-2,12],[-10,10],[-23,13],[-5,6],[-19,4],[-13,0],[-15,8],[-22,5],[-8,-17],[-8,-2],[-3,-6],[0,-10],[-4,-11],[-7,-6],[-10,0]],[[112,458],[-26,-4],[-30,2]],[[56,456],[3,7],[1,18],[-5,16],[-19,19],[-19,24],[-12,28],[0,11],[12,9],[4,6],[-4,11],[-12,22],[-5,12],[0,10],[9,23],[16,13],[30,5],[31,1],[20,-4],[-8,46],[0,17]],[[98,750],[42,-10],[17,-8],[13,-17],[12,-28],[16,-24],[19,-13],[27,-7],[28,-3],[11,-3]],[[621,478],[16,-18]],[[637,460],[-7,-3],[-22,-26],[-5,-24],[-9,-13],[-14,-7],[-4,-10],[-12,-20],[-19,-15],[-8,-9],[-26,-27],[-8,-12],[0,-16],[-50,-65],[-12,-10]],[[441,203],[-5,4],[-18,17],[-11,7],[-15,3],[-28,9],[-13,21]],[[351,264],[13,20],[4,22],[-34,27],[-23,20],[-39,24],[-1,6],[8,4],[8,-3]],[[287,384],[28,-8],[18,-2],[65,0],[5,18],[2,19],[4,12],[16,16],[5,14],[-1,11],[21,22]],[[441,203],[-4,-3],[-1,-7],[5,-9],[8,-8],[30,-18],[8,-9]],[[368,98],[-1,14],[-30,23],[-4,8],[4,9],[-9,6],[-9,12],[-20,-2],[-5,14],[-10,2],[-5,11]],[[279,195],[16,14],[-4,9],[-26,24],[-12,23]],[[253,265],[21,-5],[21,-6],[11,0],[3,12],[9,11],[33,-13]],[[135,298],[1,8],[-10,7],[-9,1]],[[117,314],[-8,19]],[[109,333],[21,-9],[9,-6],[4,10],[-2,7],[-12,22],[1,10]],[[130,367],[13,-8],[13,-20],[-11,-31],[-10,-10]],[[117,314],[-4,-12],[-7,3],[-12,-1],[-4,4],[-19,10],[4,5],[-13,7],[-4,6],[9,9],[42,-12]],[[113,353],[-23,-5],[-54,6],[0,-3],[9,-6],[-5,-20],[-8,6],[-1,16],[-14,6],[-7,7],[-9,17],[3,29],[-3,10],[12,7],[12,-5],[7,5],[-4,12],[9,5]],[[37,440],[26,-30],[28,-16],[12,-16],[10,-25]],[[507,703],[-16,-11],[-15,-4],[-8,-6],[-1,-13]],[[467,669],[-41,16],[-8,7],[-15,11],[-16,0],[-11,-4],[-7,11],[-13,11],[-27,-2],[-10,7],[-13,6]],[[306,732],[1,10],[-12,15],[-4,15],[0,18],[-3,46]],[[288,836],[7,2],[11,12]],[[306,850],[1,-5],[11,-42],[14,-11],[17,0],[19,3],[23,-9],[45,-24],[24,-16],[20,-13],[15,-14],[12,-16]],[[187,295],[-4,-8],[0,-18],[1,-20]],[[184,249],[-5,-2],[-8,12],[-18,12],[-8,7],[0,9],[-10,8],[0,3]],[[130,367],[2,4],[-19,-18]],[[37,440],[7,1],[11,10],[1,5]],[[112,458],[9,-22],[8,-9],[7,-12],[0,-10],[34,-19],[5,-19],[0,-21],[-4,-9],[8,-27],[8,-15]],[[683,434],[8,2],[31,21],[19,20],[25,16]],[[766,493],[68,11]],[[834,504],[28,-24],[6,-9],[-14,-30],[0,-24],[-7,-8],[-12,7],[-12,-7],[-19,-21],[-12,-4],[-27,0],[-16,-10],[-20,-10],[-18,-1],[-9,3],[-18,11],[-11,23],[3,17],[7,17]],[[657,622],[-11,-17]],[[487,638],[-15,11],[-5,20]],[[507,703],[8,2],[18,-1]],[[842,536],[-4,16],[5,29],[10,11],[9,26],[8,14],[11,29]],[[881,661],[7,-3],[27,-1],[15,-6],[28,-17],[31,-13],[8,-10],[2,-14],[-6,-22],[-42,-6],[-24,-10],[-4,-7],[0,-16],[-14,-13],[-17,5],[-19,11],[-19,3],[-12,-6]],[[842,536],[-15,-12],[0,-12],[7,-8]],[[766,493],[-25,25],[0,10],[9,8],[-52,14],[-23,13],[-23,11],[-7,-1]],[[843,687],[31,-25],[7,-1]],[[279,195],[-9,10],[-22,13],[-5,8],[-3,20],[-6,8],[-16,4],[-12,-8],[-7,9],[-15,-10]],[[187,295],[2,4],[28,-10],[16,-2],[16,-11],[4,-11]],[[306,732],[-4,1],[-19,-1],[-15,-15],[-9,-24],[2,-15],[25,-15],[1,-24],[-4,-2]],[[98,750],[4,17],[7,14],[23,27],[-12,6],[8,8],[66,41],[13,4],[-5,10],[8,3],[31,4],[14,-4],[13,-8],[4,-9],[0,-8],[16,-19]],[[287,384],[0,14],[10,18],[-13,13],[-23,12],[0,11]],[[683,434],[-6,20],[-8,14],[-12,4],[-12,-4],[-8,-8]],[[306,850],[7,5],[17,2],[-16,26],[-15,35],[-17,19],[-15,0],[1,12],[-7,8],[-17,8],[4,9],[15,8],[20,15],[12,2],[7,-7],[12,-15],[19,-3],[11,4],[13,13],[14,1],[24,-2],[-9,-14],[0,-16],[8,-17],[13,-10],[72,-25],[8,-6],[23,-27],[30,-26],[6,-9],[15,-22],[18,-14]]],"transform":{"scale":[0.0019235633733733718,0.0016972204904904858],"translate":[18.43353072,41.85236237]},"bbox":[18.43353072,41.85236237,20.35517053,43.54788564]}