{"type":"Topology","objects":{"all":{"type":"GeometryCollection","bbox":[80.03028772,88.16906742,26.3437678,30.4169042],"geometries":[{"type":"Polygon","properties":{"a":2265,"b":"Banke","c":81.60728,"d":28.53406},"arcs":[[0,1,2,3]]},{"type":"Polygon","properties":{"a":2275,"b":"Bhojpur","c":87.29245,"d":27.16774},"arcs":[[4,5,6,7]]},{"type":"Polygon","properties":{"a":2268,"b":"Lumbini","c":83.44311,"d":27.69292},"arcs":[[8,9,10,11,12]]},{"type":"Polygon","properties":{"a":2273,"b":"Narayani","c":84.73923,"d":27.49271},"arcs":[[13,14,15,-10,16]]},{"type":"Polygon","properties":{"a":2271,"b":"Bhaktapur","c":85.36658,"d":27.8814},"arcs":[[17,-14,18,19]]},{"type":"Polygon","properties":{"a":2277,"b":"Rapti","c":82.53722,"d":28.30971},"arcs":[[20,-12,21,-1,22]]},{"type":"Polygon","properties":{"a":2270,"b":"Achham","c":81.09318,"d":29.21005},"arcs":[[-3,23,24,25,26]]},{"type":"Polygon","properties":{"a":2276,"b":"Mechi","c":87.78117,"d":26.96822},"arcs":[[-5,27]]},{"type":"Polygon","properties":{"a":2274,"b":"Sagarmatha","c":86.59789,"d":27.32261},"arcs":[[-7,28,29,30]]},{"type":"Polygon","properties":{"a":2269,"b":"Mahakali","c":80.5188,"d":29.40652},"arcs":[[-25,31]]},{"type":"Polygon","properties":{"a":2266,"b":"Dhawalagiri","c":83.38025,"d":28.53786},"arcs":[[32,-13,-21,33,34]]},{"type":"Polygon","properties":{"a":2267,"b":"Karnali","c":82.49296,"d":29.38227},"arcs":[[-34,-23,-4,-27,35]]},{"type":"Polygon","properties":{"a":2272,"b":"Janakpur","c":85.92663,"d":27.14798},"arcs":[[-30,36,-15,-18,37]]},{"type":"Polygon","properties":{"a":2264,"b":"Gorkha","c":84.40892,"d":28.34946},"arcs":[[-19,-17,-9,-33,38]]}]}},"arcs":[[[312,648],[-7,-10],[-3,-13],[-1,-4],[-14,-19],[-9,-10],[-4,-12],[-7,-12],[-3,-9],[-4,-3],[-7,1],[-7,3],[-6,-16],[3,-10],[0,-12],[-1,-4],[-4,-3],[-3,-4],[4,-9],[0,-11],[7,-7],[7,-18],[-7,-5],[-4,-16],[7,-11],[4,-7],[3,-3],[7,-15],[0,-10],[-3,-6],[-7,0],[-6,-11]],[[247,382],[-8,3],[-4,-3],[-9,-13],[-2,1],[-13,14],[-7,12],[-10,5],[-7,11],[-13,12],[-1,10],[-6,12],[-4,0],[-3,-8],[-5,0],[-3,8],[1,7],[-7,15],[-7,27],[-2,3],[-13,4]],[[124,502],[1,13],[6,7],[21,39],[0,15],[-3,16],[-4,21],[-3,4],[3,-12],[-7,5],[-3,8],[-4,-3],[-7,9],[-7,12],[5,8],[3,1],[10,-7],[7,-9],[3,0],[10,1],[4,-5],[11,3],[3,-2],[3,-12],[5,-11],[2,-13],[5,5],[-2,8],[0,7],[-7,14],[-6,16],[-3,1],[-1,15],[5,12],[12,14]],[[186,682],[2,-7],[2,-12],[7,-1],[18,-10],[4,-4],[13,-4],[11,9],[4,-6],[6,0],[2,6],[8,14],[14,11],[8,0],[6,-5],[0,-13],[0,-7],[3,-4],[7,4],[11,-5]],[[939,359],[-3,-13],[-7,-18],[-1,-3],[-6,3],[0,-11],[-3,-10],[-5,-14],[-2,-24],[-3,-10],[2,-9],[10,-18],[5,-1],[20,-14],[0,-8],[-3,-3],[-1,-8],[-9,-7],[-11,-19],[-6,-12],[-2,-4],[2,-8],[6,-19],[7,-4],[7,-22],[-1,-27],[-2,-54],[2,-7]],[[935,15],[-7,-8],[-6,4],[-8,8],[-7,0],[-9,-4],[-3,-13],[-1,-2],[-9,6],[-4,9],[-10,-4],[-5,11],[-4,15],[-2,20],[-1,0],[-6,-9],[-5,-6]],[[848,42],[4,10],[-2,15],[3,5],[3,20],[4,6],[9,16],[4,4],[1,6],[3,17],[-7,1],[-14,-5],[-6,0],[-1,38],[-4,16],[1,15],[0,19],[4,8],[-1,7],[-4,15],[-2,12],[6,12],[1,14],[3,24],[3,18],[-2,27],[-1,15],[0,16]],[[853,393],[6,-2],[4,-7],[7,-16],[4,-6],[10,1],[7,-2],[8,9],[3,-1],[-1,-11],[13,5],[7,3],[5,-8],[7,4],[6,-3]],[[437,407],[-7,-10],[-10,2],[-2,-7],[5,-6],[3,3],[7,0],[10,-5],[3,1],[9,1],[6,-2],[3,-7],[14,-1],[7,6],[7,-1],[4,-7],[7,-4],[11,0],[9,-7],[0,-6],[3,-4],[0,-6],[4,0],[3,6],[4,-6]],[[537,347],[3,-8],[-3,-7],[-3,-2],[-4,1],[-6,-7],[-10,-1],[-1,-7],[-4,0],[-3,-7],[-7,-16],[-3,4],[-5,-4],[-12,3],[-1,-4],[4,-3],[-3,-7],[0,-8],[-1,-4]],[[478,270],[-11,-3],[4,-13],[-3,-7],[-5,4],[-17,16],[-9,6],[-14,2],[-11,0],[-4,-4],[1,-12],[-4,-12],[-3,-6],[-7,5],[-3,8],[-7,13],[-4,3],[-15,0],[-9,3],[-8,8],[-16,1],[-3,5],[-1,29],[-6,15]],[[323,331],[3,11],[6,6],[7,-1],[5,3],[-1,7],[-8,5],[4,11],[10,11],[5,-2],[10,7],[0,7],[-4,5],[4,28],[4,6],[0,7],[-2,7],[1,8],[7,8]],[[374,465],[11,4],[4,-3],[6,-10],[9,-3],[5,-7],[7,-9],[7,-3],[9,-11],[0,-8],[2,-1],[3,-7]],[[568,366],[-3,-5],[7,-19],[9,-2],[2,-4],[2,-8],[8,0],[9,6],[5,1],[11,1],[9,-6],[7,-3],[4,-12],[0,-21],[3,-2],[0,-11],[4,-6],[7,-8],[14,-4],[6,-8]],[[672,255],[-9,-11],[0,-7],[6,-6],[3,-9],[1,-9],[-2,-18],[-10,-28],[1,-18],[-6,-16],[-4,-22],[2,-9]],[[654,102],[-9,-7],[-11,7],[-4,7],[0,15],[-6,4],[-10,-6],[-3,0],[0,7],[-8,7],[-3,13],[-11,11],[-1,4],[-7,-4],[-16,7],[-1,8],[4,16],[0,19],[-3,18],[-4,8],[-3,5],[-35,11],[-3,3],[-4,12],[-7,2],[-1,8],[-6,2],[0,7],[-6,0],[-5,-15],[-3,-2],[-10,1]],[[537,347],[7,0],[-3,7],[2,7],[5,4],[11,12],[5,-1],[4,-10]],[[738,378],[-2,-10],[0,-24],[-5,-1],[-3,-8],[-3,-11],[-11,-27],[-6,-14],[2,-14],[-3,-6],[-7,-3],[-3,-10],[-4,-3],[-17,3],[-4,5]],[[568,366],[4,-8],[4,0],[3,5],[0,13],[-4,6],[0,10],[7,11],[6,20],[5,8],[7,6],[3,20],[4,7],[6,9],[3,8],[4,7]],[[620,488],[3,-11],[8,3],[3,-7],[10,-1],[4,4],[4,-7],[3,1],[6,9],[7,-4],[5,1],[6,-3],[6,-5],[2,8],[6,4],[0,8],[3,-5],[0,-11],[4,-11],[6,-9],[5,-5],[4,-6],[3,-14],[2,-12],[5,-11],[2,-19],[3,-8],[8,1]],[[382,587],[-1,-12],[-4,-11],[-18,-11],[2,-9],[-8,-8],[0,-7],[-3,-8],[4,-14],[3,-4],[2,-7],[12,-15],[3,-8],[0,-8]],[[323,331],[-1,3],[-17,-7],[-10,-3],[-4,3],[-7,12],[-10,8],[-14,22],[-7,5],[-6,8]],[[312,648],[7,-4],[9,-15],[0,-14],[7,-9],[12,0],[10,0],[21,-17],[4,-2]],[[124,502],[-6,1],[-1,8],[-6,0],[-7,5],[-1,12],[-11,3],[-5,10],[-10,8],[-1,8],[-11,7],[0,8],[-3,0]],[[62,572],[0,22],[-6,19],[2,22],[-2,13],[6,19],[1,12],[6,11],[7,6],[7,9],[2,12],[5,20],[10,10],[4,10],[-10,18],[-8,3],[4,15],[-1,18],[4,7],[4,-2],[4,5],[9,6],[4,0],[10,5],[1,7],[0,8],[-4,26],[-3,4],[3,11],[7,16]],[[128,904],[3,-4],[6,2],[5,-5],[3,2],[1,9],[6,6]],[[152,914],[11,-11],[6,1],[5,-16],[-1,-11],[7,-8],[3,10],[4,3],[14,0],[3,-3],[10,-6],[-2,-11],[-4,-4],[0,-19],[-4,-19],[0,-9],[4,-7],[7,-3],[0,-13],[-3,-10],[-4,-4],[-3,-8],[0,-16],[3,-10],[0,-4],[-7,-2],[-7,8],[-11,-6],[-7,-12],[3,-10],[-2,-18],[2,-5],[7,-9]],[[939,359],[5,-1],[3,4],[6,11],[4,11],[3,-3],[10,0],[4,-4],[6,3],[5,-3],[4,-4],[6,-3],[3,-5],[-1,-4],[1,-11],[-3,-12],[-3,-21],[-8,-23],[-3,-12],[1,-18],[-1,-2],[-1,-12],[2,-10],[-5,-26],[-2,-17],[-1,-10],[4,-16],[6,-4],[4,-8],[4,-18],[3,-11],[3,-27],[0,-9],[-3,-17],[-4,-20],[-3,-15],[-1,-16],[-3,-11],[-6,-9],[-4,0],[-7,12],[-6,11],[-5,-7],[-9,3],[-1,-10],[-3,0],[-4,4],[-4,-4]],[[848,42],[-9,-5],[-3,-11],[-3,-4],[-4,0],[-7,3],[0,-6],[-4,-1],[-8,9],[-9,7],[-7,11],[-7,4],[-11,9],[-4,-1],[-5,8],[-11,-7],[-5,5]],[[751,63],[5,23],[0,6],[-4,18],[0,18],[-1,9],[4,7],[5,-4],[3,1],[7,14],[6,2],[1,7],[0,14],[-4,12],[4,4],[3,12],[-4,6],[-3,5],[-7,3],[-6,0],[-1,2],[4,18],[-3,12],[6,19],[17,30],[6,11],[8,4],[3,4],[3,16],[1,4],[0,13],[-3,32],[-6,14]],[[795,399],[0,9],[3,10],[3,13],[4,-4],[5,0],[5,4],[7,-7],[2,-13],[2,-3],[9,1],[4,-5],[3,-9],[6,-3],[5,1]],[[62,572],[-6,-1],[-1,-8],[1,-17],[-2,-1],[-6,12],[-3,3],[-7,-3],[-4,6],[-3,12],[-4,4],[-4,8],[-10,5],[-3,10],[-10,10],[0,9],[0,14],[10,14],[-1,9],[1,10],[3,11],[3,3],[4,-1],[4,5],[-1,13],[1,5],[3,-3],[4,22],[0,5],[-4,0],[-2,14],[-2,8],[0,8],[4,4],[1,4],[7,12],[0,7],[3,3],[6,12],[-2,12],[-2,12],[0,7],[5,11],[7,3],[3,4],[8,21],[2,14],[7,1],[4,4],[9,13],[4,10],[8,13],[3,6],[-1,7],[5,10],[4,-8],[10,5],[4,-11],[2,-8],[4,-12],[0,-10]],[[514,629],[-8,-5],[-8,-3],[-9,-12],[-11,-3],[-1,-7],[-9,-13],[-7,-7],[0,-3],[7,-13],[0,-3],[-7,-11],[0,-13],[-6,-14],[-1,-14],[-4,-5],[7,-27],[3,-7],[-2,-15],[-8,-17],[-3,-21],[-4,-5],[-6,-4]],[[382,587],[6,-4],[11,0],[6,1],[18,13],[7,31],[9,16],[1,26],[6,12],[-2,8]],[[444,690],[3,12],[6,7],[8,0],[10,7],[1,5],[9,2],[3,-7],[5,1],[3,-5],[4,2],[3,-2],[0,-7],[6,-3],[1,-4],[-4,-12],[6,-11],[1,-9],[7,-8],[-3,-21],[1,-8]],[[152,914],[0,15],[8,2],[3,7],[0,8],[2,4],[-2,21],[3,9],[0,4],[3,5],[8,-11],[6,0],[0,10],[7,4],[0,4],[7,2],[14,-12],[6,-2],[5,4],[6,-4],[7,0],[3,-8],[9,4],[6,-2],[-1,-25],[4,-7],[4,-5],[-4,-15],[1,-7],[3,-8],[7,1],[6,-7],[7,-1],[3,-5],[7,-2],[10,-15],[8,-5],[10,-20],[7,-1],[0,-10],[8,-14],[3,-5],[6,-7],[1,-8],[8,8],[5,-7],[5,0],[7,-9],[3,-11],[3,3],[3,7],[5,1],[6,-3],[0,-4],[7,-9],[1,-7],[-1,-8],[1,-7],[9,4],[3,-7],[0,-11],[4,-5],[1,-11],[3,-4],[2,-7],[5,-4],[3,-5],[1,-18],[3,-4],[6,-4],[7,-1],[1,1]],[[751,63],[-5,0],[-8,10],[-4,3],[-10,-5],[-10,-17],[-3,2],[-3,8],[-1,-3],[-8,11],[-3,12],[1,19],[-4,11],[-10,11],[-21,-18],[-6,2],[-2,-7]],[[738,378],[4,2],[4,8],[-2,8],[1,4],[-3,5],[0,14],[-1,5],[11,21],[4,-7],[-3,-16],[6,-18],[7,-3],[7,-10],[4,1],[7,-8],[10,7],[1,8]],[[514,629],[8,-8],[9,-6],[7,-13],[5,-16],[5,-2],[7,-5],[6,-3],[4,-7],[6,-4],[-2,-12],[9,-1],[7,-12],[10,0],[5,-3],[3,9],[7,6],[3,9],[4,2],[14,-14],[-4,-16],[-3,-5],[0,-6],[-4,-7],[0,-20],[0,-7]]],"transform":{"scale":[0.008146926626626628,0.004077213613613616],"translate":[80.03028772,26.3437678]},"bbox":[80.03028772,26.3437678,88.16906742,30.4169042]}