{"type":"Topology","objects":{"all":{"type":"GeometryCollection","bbox":[124.21131599,130.69996178,37.67560456,43.01026988],"geometries":[{"type":"Polygon","properties":{"a":2490,"b":"Chagang-do","c":126.47637,"d":40.74158},"arcs":[[0,1,2,3,4]]},{"type":"Polygon","properties":{"a":2493,"b":"P'yongan-namdo","c":126.03326,"d":39.47913},"arcs":[[5,6,7,8,9,10,-3,11]]},{"type":"Polygon","properties":{"a":2487,"b":"Hamgyong-bukto","c":129.28885,"d":41.87691},"arcs":[[12,13,14]]},{"type":"Polygon","properties":{"a":2485,"b":"P'yongyang","c":125.92307,"d":39.04332},"arcs":[[15,16,-8]]},{"type":"Polygon","properties":{"a":2491,"b":"Hamgyong-namdo","c":127.82558,"d":40.213},"arcs":[[-13,17,18,-12,-2,19]]},{"type":"Polygon","properties":{"a":2489,"b":"Kaesong","c":126.61224,"d":38.03894},"arcs":[[20,21,22,23]]},{"type":"MultiPolygon","properties":{"a":2484,"b":"Hwanghae-namdo","c":125.44529,"d":38.17885},"arcs":[[[24]],[[25]],[[26,-22,27]]]},{"type":"Polygon","properties":{"a":2494,"b":"Ryanggang","c":128.005,"d":41.24468},"arcs":[[-14,-20,-1,28]]},{"type":"Polygon","properties":{"a":2483,"b":"Hwanghae-bukto","c":126.17313,"d":38.58055},"arcs":[[29,-23,-27,30,31,-16,-7]]},{"type":"MultiPolygon","properties":{"a":2492,"b":"P'yongan-bukto","c":125.32104,"d":40.04554},"arcs":[[[32]],[[33]],[[-4,-11,34]]]},{"type":"Polygon","properties":{"a":2488,"b":"Kangwon-do","c":127.4984,"d":38.70606},"arcs":[[35,-24,-30,-6,-19]]},{"type":"Polygon","properties":{"a":2486,"b":"Namp'o-si","c":125.41322,"d":38.85439},"arcs":[[-17,-32,36,-9]]}]}},"arcs":[[[428,762],[-5,-9],[0,-24],[-11,-11],[-9,0],[-4,-5],[4,-8],[4,-1],[9,3],[0,-8],[3,-5],[4,-17],[5,-3],[0,-8],[6,-6],[2,-8],[12,-8],[15,-3],[11,13],[9,1],[5,-6],[2,-14]],[[490,635],[-4,-11],[-7,-8],[-5,-11],[1,-8],[11,-8],[-3,-11],[-20,-9],[-6,-16],[-5,-5],[-11,-1],[-16,-13],[2,-11],[-9,-14],[-2,-11]],[[416,498],[-6,-11],[-9,-6],[-2,-8],[-12,-5],[-6,-6],[-16,-8],[-4,-9],[-18,-11],[-12,5]],[[331,439],[-27,6],[-9,6],[-6,8],[-18,17],[-11,3],[-14,-3],[-29,21],[0,7],[-6,8],[2,13],[2,6],[-4,11],[-5,0],[-11,9],[-11,7]],[[184,558],[7,3],[4,8],[9,0],[4,12],[7,-3],[11,0],[-6,8],[6,8],[12,6],[11,-3],[11,6],[6,-3],[9,2],[-4,3],[9,5],[5,11],[11,12],[-3,3],[23,13],[18,28],[9,11],[9,3],[4,-3],[-4,16],[6,9],[7,16],[-2,8],[9,11],[6,-2],[9,8],[-7,5],[7,1],[9,-7],[3,6],[10,3],[3,8],[7,3],[0,-6],[9,-5]],[[432,286],[7,-6],[-2,-5],[-10,-6],[0,-8]],[[427,261],[-13,-2],[-9,8],[-11,3],[-9,5],[-13,-3],[-5,6],[-7,-4],[9,-16],[7,-14],[-13,-2],[-7,5],[-7,-2],[2,-12],[-4,-2],[-13,3]],[[334,234],[0,8],[-7,16],[-7,0],[-7,8],[-2,9],[-9,2],[-6,4],[-7,0],[-5,10],[-13,-5],[-7,5],[-9,-3],[0,-10],[-4,8],[-7,3],[-11,11],[-16,-8],[3,-9],[-2,-8],[6,-3],[-15,-13],[2,-14]],[[211,245],[-14,3],[-2,4],[-11,-4],[-11,0],[4,-17],[-11,-9],[2,-16],[-7,-3]],[[161,203],[-6,6],[0,-11],[-5,0],[-8,13],[6,25],[14,27],[11,1],[-7,2],[0,11],[7,1],[0,10],[11,0],[-2,6],[6,9],[-4,7],[7,9],[-16,3],[4,8],[-6,-1],[4,7],[5,5],[2,8],[7,6]],[[191,355],[8,0],[19,11],[11,0],[17,11],[7,11],[9,2],[7,9],[11,10],[7,-8],[27,6],[17,8],[-4,11],[4,13]],[[416,498],[16,0],[13,-9],[2,-19],[10,-8],[-1,-3],[-15,-11],[-4,-11],[4,-13],[6,-9],[-4,-8],[-15,-5],[-7,8],[-12,0],[-11,-3],[-6,-14],[-7,-8],[5,-6],[-5,-6],[0,-15],[-7,-7],[0,-5],[9,-10],[2,-4],[-6,-19],[4,-10],[9,4],[7,-2],[2,-5],[7,2],[6,-3],[0,-11],[14,-2]],[[762,541],[-12,1],[-4,3],[0,10],[-12,9],[-1,14],[-7,10],[1,11],[-4,9],[7,11],[-2,11],[-4,8]],[[724,638],[3,6],[-4,10],[0,6],[4,9],[-14,19],[-3,13],[3,6],[10,11],[0,6],[-6,11],[-15,5],[4,6],[-4,8],[0,21],[-7,-2],[-4,22],[11,0],[4,8],[10,6],[3,6]],[[719,815],[8,0],[3,8],[11,5],[5,11],[7,-3],[17,14],[-4,3],[8,19],[0,8],[8,1],[9,13],[6,-5],[6,2],[19,-11],[6,9],[0,5],[18,-2],[3,7],[1,20],[4,3],[-4,5],[7,3],[1,6],[-4,5],[0,8],[4,9],[2,8],[8,18],[0,6],[7,1],[-3,5],[8,3],[7,-8],[11,-1],[11,3],[0,-8],[-4,-3],[22,-3],[3,-8],[-1,-22],[12,-17],[10,-10],[9,-3],[7,5],[3,-2],[4,-20],[6,-10],[11,-7],[1,-16],[7,-5],[-16,-6],[0,8],[-13,6],[-8,-5],[-8,3],[-5,-6],[3,-9],[-4,3],[-4,-8],[-6,-6],[-1,9],[-14,-14],[-1,-11],[-7,-5],[-6,3],[-8,-1],[-7,-17],[0,4],[-7,-6],[4,-3],[-5,-5],[0,-8],[-11,2],[-3,-16],[-4,-11],[-7,3],[-4,-3],[-4,-12],[-10,-10],[-4,-14],[0,-19],[8,-9],[13,-7],[-3,-12],[-3,-5],[-7,-23],[2,-35],[5,-8],[-4,-9],[-3,-11],[-22,1],[-8,-9],[-14,-2],[-12,-6],[-7,-14],[-6,6],[-7,-1],[-9,-25]],[[334,234],[-20,7],[-3,4],[-7,0],[-11,-4],[0,-8],[7,-8],[9,-11],[0,-8],[-9,-5],[-9,-8],[-4,-1],[-20,8],[-5,9],[-18,8],[-13,0],[-16,-9],[-6,-2]],[[209,206],[-7,8],[0,6],[6,3],[5,13],[-2,9]],[[762,541],[-13,-18],[-15,-3],[-18,-16],[-18,-6],[-4,0],[-15,-8],[-2,-4],[9,-7],[0,-6],[-6,-5],[-14,-1],[-1,-5],[-9,-1],[-9,-8],[-8,0],[-6,-13],[-10,10],[-5,-5],[0,-5],[-14,0],[-21,3],[-1,-4],[-9,-10],[-5,3],[-4,-17],[-14,-2],[2,-3],[-17,-3],[-5,-8],[-6,5],[-9,-9],[-9,-13],[2,-13],[9,-6],[0,-5],[-9,-14],[7,-33],[0,-6],[-5,0],[2,13],[-9,12],[-6,-6]],[[497,324],[-18,0],[-13,1],[-14,-1],[-7,-5],[-2,-17],[-9,-5],[-2,-11]],[[490,635],[11,-2],[5,3],[4,13],[5,1],[15,-4],[2,-5],[-2,-17],[-11,-3],[5,-8],[-3,-10],[-9,-6],[-4,-8],[6,0],[10,-22],[8,-6],[3,-14],[13,-3],[-2,-11],[-5,-10],[-2,-8],[3,-6],[13,8],[16,11],[4,9],[18,8],[12,-8],[9,5],[5,8],[10,8],[4,12],[6,13],[0,9],[2,10],[-2,14],[1,8],[16,0],[6,3],[6,8],[11,6],[1,14],[8,-3],[10,2],[22,-10],[4,-6]],[[412,99],[-2,-9],[-11,-8],[-12,-19],[-16,-8],[-2,-11],[2,-23],[-8,-2],[-23,14],[-4,7]],[[336,40],[0,20],[-2,5]],[[334,65],[13,0],[11,19],[9,-5],[7,6],[-5,11],[3,5],[15,0],[7,-3],[9,1],[7,3]],[[410,102],[2,-3]],[[170,11],[-8,-6],[-7,0],[4,6],[14,5],[-3,-5]],[[103,159],[3,-6],[-9,3],[-7,4],[5,4],[8,-5]],[[220,178],[4,-19],[5,-11],[0,-11],[4,-3],[-2,-8],[6,-3],[-2,-5],[14,2],[6,-10],[5,-5],[2,-10],[4,-2],[21,2],[8,4],[5,0],[14,6],[8,-1],[14,-6],[7,-10],[-9,-3],[-1,-6],[3,-11],[-2,-3]],[[336,40],[-5,-2],[-20,-8],[-6,2],[-7,-5],[2,-16],[-9,0],[-2,11],[-5,2],[0,12],[-8,-3],[-5,11],[-4,-3],[6,-14],[-15,8],[-9,14],[-5,3],[0,6],[-31,8],[-4,-4],[11,-7],[4,2],[7,-5],[-2,-6],[6,0],[-6,-5],[-11,5],[2,-19],[-5,-3],[2,-8],[-9,5],[-6,-3],[0,4],[-9,-12],[-13,-2],[-1,-6],[-6,0],[4,14],[5,-2],[8,5],[-8,0],[-2,3],[11,5],[11,0],[-7,6],[5,8],[-10,5],[-2,-5],[-9,-1],[11,-5],[0,-5],[-8,5],[-7,0],[4,-5],[-11,-6],[0,3],[-11,0],[9,8],[2,6],[-11,6],[-4,-9],[-5,-3],[-11,1],[-14,7],[1,6],[-5,3],[11,5],[11,-5],[9,5],[-11,3],[0,8],[13,1],[7,-4],[0,11],[-18,3],[-17,-8],[-21,14],[-2,-5],[-11,-1],[-18,3],[2,6],[7,0],[5,5],[8,3],[9,8],[5,-8],[11,6],[-11,2],[-7,6],[2,14],[12,24],[2,-5],[7,13],[-5,6],[0,9],[7,-1],[4,-3],[7,4],[4,-3],[1,10],[-3,6],[3,0],[4,-6],[15,8],[7,-2],[9,6],[11,-1],[3,3],[8,-3],[3,-7],[2,5],[11,-9],[5,0]],[[428,762],[8,-3],[5,-10],[-5,-1],[7,-11],[14,-5],[-12,-9],[12,-5],[4,6],[5,-3],[6,0],[-2,-5],[5,-1],[13,0],[7,-2],[6,2],[14,-8],[13,-5],[2,3],[29,-3],[5,5],[11,3],[4,-3],[4,3],[3,-11],[4,2],[3,-7],[12,-1],[6,5],[17,26],[1,8],[-7,14],[-14,10],[-3,8],[-8,15],[-8,8],[-3,16],[3,6],[9,0],[25,6],[16,-1],[6,-3],[13,-2],[14,2],[3,3],[17,0],[2,5],[25,-4]],[[427,261],[0,-11],[5,-5],[-2,-8],[-5,-6],[-11,-1],[-4,-5],[0,-16],[-12,-20],[-6,-5],[-11,-5],[-1,-3],[5,-8],[-2,-14],[2,-6],[13,-22],[7,-5],[5,2],[-1,-7],[1,-14]],[[220,178],[-3,6]],[[217,184],[-2,11],[-6,11]],[[74,355],[-6,-6],[-9,0],[6,5],[9,1]],[[103,346],[-4,0],[0,9],[4,8],[5,-5],[2,-7],[-7,-5]],[[191,355],[-1,2],[-19,-10],[-7,-1],[-11,9],[2,3],[-9,0],[2,-4],[-9,0],[-4,6],[-7,0],[-13,11],[-9,0],[-5,11],[-15,5],[-9,-19],[-14,-8],[-2,6],[7,10],[-12,9],[1,5],[-5,11],[-22,3],[-2,6],[-5,0],[-7,8],[7,5],[2,12],[5,5],[9,-3],[-12,6],[-4,11],[25,21],[6,7],[11,8],[12,2],[4,12],[9,5],[13,13],[21,-2],[4,3],[-4,7],[0,4],[24,13],[13,3],[3,6],[15,0],[5,2]],[[497,324],[-9,-5],[13,-8],[-11,0],[-4,-19],[4,-6],[9,-8],[5,7],[6,-10],[13,0],[9,-6],[14,0],[13,-22],[9,-5],[18,-22],[11,-1],[18,-22],[11,4],[13,-14],[-17,-9],[-6,-10],[2,-14],[-7,-11],[-14,-12],[-18,-5],[-17,1],[-9,-1],[-7,6],[-32,-3],[-11,-3],[-15,3],[-36,-2],[-13,-4],[-11,-7],[-12,-12],[-4,-5]],[[217,184],[-6,2],[-9,9],[-9,3],[-3,6],[-2,-6],[-8,-3],[-14,0],[-2,-3],[-5,6],[2,5]]],"transform":{"scale":[0.0064951409309309234,0.005340005325325331],"translate":[124.21131599,37.67560456]},"bbox":[124.21131599,37.67560456,130.69996178,43.01026988]}