{"type":"Topology","objects":{"all":{"type":"GeometryCollection","bbox":[60.8443787,77.04897099,23.69452546,37.05448354],"geometries":[{"type":"Polygon","properties":{"a":2309,"b":"F.C.T.","c":73.1068,"d":33.6902},"arcs":[[0,1,2]]},{"type":"MultiPolygon","properties":{"a":2313,"b":"Sind","c":68.7684,"d":26.0279},"arcs":[[[3,4]],[[5,6,7,8,9]]]},{"type":"Polygon","properties":{"a":2312,"b":"Punjab","c":72.1245,"d":30.785},"arcs":[[-3,-2,1,10,11,12,-10,13,14,15,16,17]]},{"type":"Polygon","properties":{"a":2311,"b":"F.A.T.A.","c":69.9341,"d":32.5768},"arcs":[[18,19,-15,20,21,22]]},{"type":"Polygon","properties":{"a":2308,"b":"Azad Kashmir","c":73.8527,"d":33.9453},"arcs":[[23,-12,24,25]]},{"type":"Polygon","properties":{"a":2314,"b":"N.W.F.P.","c":72.7394,"d":34.9669},"arcs":[[26,-25,-11,-2,-1,-18,16,-16,-20,18,-23,27]]},{"type":"Polygon","properties":{"a":2310,"b":"Northern Areas","c":74.6164,"d":35.8069},"arcs":[[-26,-27,28]]},{"type":"Polygon","properties":{"a":2307,"b":"Baluchistan","c":65.4365,"d":28.564},"arcs":[[-14,-9,29,-21]]}]}},"arcs":[[[744,749],[13,6]],[[757,755],[1,0]],[[758,755],[11,-7],[-8,-15],[-7,2],[-3,7],[-11,-4],[-3,4],[7,7]],[[402,28],[5,0]],[[407,28],[-2,-5],[-3,5]],[[576,314],[-7,-7],[-5,-15],[-9,-15],[-18,-16],[-4,-10],[-3,-19],[3,-5],[20,-11],[16,0],[5,-5],[0,-20],[-6,-11],[-1,-9],[12,-20],[4,-2],[10,-1],[8,3],[4,-3],[-1,-19],[5,-11],[7,-9],[4,-15],[9,-22],[-4,-1],[-1,-12],[7,-5],[-4,-4],[-7,0],[-4,-8],[-5,-3],[-12,3],[0,12],[-10,-2],[-11,-5],[-7,-1],[-4,-8],[-5,-3],[-15,0],[-10,8],[-17,0],[-9,-2],[-11,1],[-4,5],[-3,-7],[-7,8],[-1,-5],[0,-24],[-25,0],[-4,-2],[-6,-12],[1,-5],[-19,12],[-2,-4],[-12,-1],[1,6],[-10,1],[3,12],[-5,2]],[[407,28],[-5,0]],[[402,28],[-4,9],[-2,13],[1,4],[-8,15],[6,8],[-6,6],[-7,-2],[-6,4],[-14,0],[-1,5]],[[361,90],[10,8],[5,1],[4,10],[8,8],[2,12],[12,19],[4,14],[-1,19],[-16,36],[-1,55],[3,14],[9,17],[3,8],[19,5],[14,8],[3,4],[16,14],[8,6],[9,9],[55,1]],[[527,358],[11,3],[10,-4],[5,-6],[0,-5],[5,-17],[4,-8],[14,-7]],[[758,755],[11,5],[9,11],[2,0]],[[780,771],[5,-7],[0,-22],[3,-4],[0,-9],[-3,-3],[1,-12],[4,-5],[-2,-4],[10,-9],[7,2],[5,-4],[20,-11]],[[830,683],[1,-5],[10,-2],[12,6],[-3,-8],[-1,-11],[4,-7],[10,0],[4,-2],[7,2],[10,-6],[11,-9],[-4,-9],[-9,-4],[-8,0],[-4,-5],[-9,0],[-4,-7],[-4,1],[-9,-10],[-2,-8],[7,-21],[-6,-12],[-1,-8],[8,-5],[-7,-11],[-14,-9],[-8,-13],[-6,-3],[-15,-19],[5,-4],[2,-9],[-12,-11],[-11,-2],[-12,-7],[-8,-28],[-12,-23],[-9,-17],[-24,-13],[-8,-3],[-6,-8],[-9,-25],[-9,-9],[-5,-8],[-3,-13],[-18,-7],[-17,0],[-9,-2],[-15,-8],[-9,-2],[-5,7],[-3,12],[-10,7],[-10,-4],[-7,-7]],[[527,358],[-4,6],[6,5],[6,15],[-1,9],[12,13],[3,12],[-5,3],[0,6],[-7,3],[2,15],[9,5],[7,9],[11,30],[-6,3],[1,11],[6,12],[0,7],[12,10],[0,20]],[[579,552],[1,4],[9,5],[-1,3]],[[588,564],[11,7],[13,-4],[5,10],[-1,11],[3,11],[14,24],[3,9],[4,3],[3,13],[3,2],[0,11],[-6,-2],[1,6],[-5,0],[-3,14],[2,10],[8,7],[7,0],[4,4]],[[654,700],[0,0]],[[654,700],[-3,11],[9,2],[3,-8],[5,-5],[4,9],[-4,6],[3,9],[8,2],[6,9],[1,11],[6,9],[6,-2],[4,2],[0,11],[17,5],[2,-5],[6,-2],[3,-4],[6,3],[6,-6],[-2,-5],[4,-3]],[[666,799],[0,0]],[[666,799],[-5,-2],[-2,-7],[-12,-8],[1,-14],[4,-8],[5,-3],[2,-8],[8,4],[4,6],[8,-6],[-5,-7],[4,-4],[-11,-5],[-6,1],[5,6],[-20,-2],[-12,9],[1,-7],[-9,-7],[-15,3],[-1,-7],[-16,-6],[-1,-3],[7,-8],[7,-3],[10,-2],[-4,-8],[-8,-5],[-7,2],[-11,-17],[0,-9],[13,-15],[-6,0],[-11,-16],[-6,0],[-9,-9],[7,-13],[2,-14],[11,-43]],[[579,552],[1,12],[-1,18],[-5,-5],[-6,0],[-3,-6],[-2,11],[-3,6],[0,26],[-5,-4],[1,8],[-4,8],[-6,-2],[-9,-7],[-16,0]],[[521,617],[-3,13],[1,15],[-2,11],[12,14],[-3,6],[6,11],[-1,9],[7,6],[10,2],[9,-2],[7,3],[19,15],[-8,11],[0,13],[-3,5],[-11,3],[-6,12],[4,10],[5,0],[20,-8],[13,0],[20,2],[12,6],[4,8],[1,15],[-10,9],[0,6],[6,0],[1,9],[6,5],[8,11],[9,4]],[[654,841],[7,-7],[1,-4],[12,-2],[-2,-9],[-4,-1],[-2,-19]],[[886,818],[-12,0],[-23,3],[-16,7],[-10,-2],[-7,-5],[-13,-2],[0,-9],[-9,-13],[3,-4],[8,-1],[4,-8],[-8,-5],[4,-8],[18,0],[2,-3],[-7,-9],[-7,-2],[-5,-5],[0,-8],[12,-7],[-2,-15],[-7,-6],[-1,-5],[13,-15],[7,-2],[0,-11]],[[780,771],[-2,19],[-5,7],[3,15],[13,2],[3,12],[4,4],[7,0],[10,7],[6,15]],[[819,852],[13,0],[8,2],[5,-3],[4,-10],[10,-7],[9,-4],[12,6],[7,-8],[-1,-10]],[[793,987],[10,-10],[0,-4],[-11,0],[-18,3],[-21,-3],[1,-9],[-7,-9],[-4,0],[-1,-6],[-12,-9],[-6,0],[-5,-13],[4,-7],[-4,-7],[8,-4],[10,-2],[4,4],[18,-4],[-1,-9],[16,-13],[22,0],[1,-5],[-5,-7],[2,-12],[5,2],[20,-11]],[[654,841],[3,10],[8,7],[-6,11],[5,5],[-1,11],[-7,6],[2,7],[-11,16],[-11,10],[3,5],[11,6],[15,20],[7,-6],[2,8],[22,11],[1,5],[17,3],[8,5],[19,0],[3,3],[19,2],[30,1]],[[793,987],[14,-6],[10,0],[3,7],[4,-1],[14,8],[5,-3],[1,5],[8,2],[7,-4],[7,-7],[5,6],[9,0],[16,-7],[3,-14],[13,4],[15,-11],[6,-15],[-1,-9],[2,-5],[-6,-8],[4,-9],[7,-2],[4,-11],[11,-1],[14,7],[-1,-10],[15,-9],[17,-40],[-1,-9],[-8,-6],[-9,0],[0,-7],[-6,-6],[-10,-1],[-5,3],[-16,-9],[-7,2],[-16,-13],[-12,0],[-15,4],[-8,6]],[[361,90],[1,26],[-11,8],[2,5],[-8,11],[-6,2],[-10,-1],[-5,-9],[15,7],[7,-8],[-9,1],[-16,-2],[-15,-3],[-11,-4],[-14,4],[-13,-3],[-2,-5],[-27,2],[-4,-7],[-6,3],[-8,-2],[-5,3],[-16,5],[-11,0],[-7,3],[-13,0],[-7,-9],[2,-5],[-25,5],[-3,-3],[-27,3],[-9,0],[-9,-9],[4,-4],[-9,1],[3,5],[-9,4],[-6,-5],[1,-4],[-8,0],[-6,-6],[-7,0],[4,10],[-12,4],[1,5],[2,36],[7,5],[2,16],[3,16],[15,4],[2,4],[9,-1],[1,10],[10,7],[11,1],[13,3],[17,0],[4,5],[0,9],[5,4],[-1,15],[6,3],[-3,7],[-8,4],[-15,-3],[-6,0],[-4,10],[4,8],[0,14],[-5,26],[0,19],[-9,-1],[-13,14],[-21,5],[-8,4],[-18,19],[-9,17],[2,5],[-7,5],[-3,9],[1,5],[-31,39],[46,-18],[6,0],[42,-15],[6,-1],[42,3],[25,3],[25,-4],[10,-3],[3,6],[18,7],[21,0],[14,-2],[31,10],[40,12],[10,8],[-9,9],[7,13],[1,17],[-4,10],[6,25],[11,3],[8,8],[2,9],[14,9],[5,-1],[0,-5],[13,-2],[16,2],[17,7],[0,4],[-8,0],[-3,11],[7,-1],[8,8],[9,1],[5,3],[6,11],[7,-5],[13,-2],[-3,3],[7,4],[9,-4],[0,-5],[7,-8],[11,3],[8,7],[12,16]]],"transform":{"scale":[0.016220813103103103,0.013373331411411409],"translate":[60.8443787,23.69452546]},"bbox":[60.8443787,23.69452546,77.04897099,37.05448354]}