{"type":"Topology","objects":{"all":{"type":"GeometryCollection","bbox":[140.84921106,155.96753991,-11.63632578,-1.3463681],"geometries":[{"type":"MultiPolygon","properties":{"a":2459,"b":"Manus","c":146.9486,"d":-2.0704},"arcs":[[[0]],[[1]]]},{"type":"MultiPolygon","properties":{"a":2453,"b":"North Solomons","c":155.5651,"d":-6.523},"arcs":[[[2]],[[3]]]},{"type":"MultiPolygon","properties":{"a":2448,"b":"Madang","c":145.002,"d":-5.0217},"arcs":[[[4]],[[5]],[[6]],[[7,8,9,10,11,12,13]]]},{"type":"MultiPolygon","properties":{"a":2460,"b":"Milne Bay","c":150.0317,"d":-10.2689},"arcs":[[[14]],[[15]],[[16]],[[17]],[[18]],[[19]],[[20]],[[21,22,23]],[[24]],[[25]],[[26]],[[27]],[[28]]]},{"type":"Polygon","properties":{"a":2457,"b":"Central","c":147.3522,"d":-9.2262},"arcs":[[29,-22,30,31,32,33,34]]},{"type":"MultiPolygon","properties":{"a":2447,"b":"East Sepik","c":143.3149,"d":-4.4005},"arcs":[[[-13,35,36,37,38]],[[39]]]},{"type":"Polygon","properties":{"a":2455,"b":"Western Highlands","c":144.2957,"d":-5.8927},"arcs":[[40,41,42,-11]]},{"type":"Polygon","properties":{"a":2446,"b":"Enga","c":143.4147,"d":-5.4118},"arcs":[[-43,43,-36,-12]]},{"type":"Polygon","properties":{"a":2454,"b":"Southern Highlands","c":143.5392,"d":-6.3355},"arcs":[[-44,-42,44,45,46,47,-37]]},{"type":"Polygon","properties":{"a":2451,"b":"Eastern Highlands","c":145.5714,"d":-6.4971},"arcs":[[48,49,50,-9]]},{"type":"MultiPolygon","properties":{"a":2465,"b":"West New Britain","c":149.72,"d":-5.8371},"arcs":[[[51,52]],[[53]],[[54]]]},{"type":"Polygon","properties":{"a":2450,"b":"Chimbu","c":144.9704,"d":-6.2884},"arcs":[[-10,-51,55,-45,-41]]},{"type":"MultiPolygon","properties":{"a":2463,"b":"New Ireland","c":152.8447,"d":-4.1214},"arcs":[[[56]],[[57]],[[58]],[[59]],[[60]],[[61]],[[62]],[[63]],[[64]],[[65]],[[66]]]},{"type":"MultiPolygon","properties":{"a":2458,"b":"East New Britain","c":151.6628,"d":-5.3543},"arcs":[[[-52,67]],[[68]]]},{"type":"MultiPolygon","properties":{"a":2456,"b":"Western","c":142.2074,"d":-7.5326},"arcs":[[[69]],[[70]],[[71]],[[72]],[[73]],[[74,75,76,-47]]]},{"type":"MultiPolygon","properties":{"a":2449,"b":"Sandaun","c":141.7969,"d":-3.6891},"arcs":[[[-38,-48,-77,77]]]},{"type":"Polygon","properties":{"a":2462,"b":"National Capital District","c":147.2099,"d":-9.4575},"arcs":[[78,-32]]},{"type":"Polygon","properties":{"a":2464,"b":"Northern","c":148.0157,"d":-8.8608},"arcs":[[79,-23,-30,80]]},{"type":"Polygon","properties":{"a":2452,"b":"Gulf","c":144.8564,"d":-7.1819},"arcs":[[-50,81,-34,82,-75,-46,-56]]},{"type":"MultiPolygon","properties":{"a":2461,"b":"Morobe","c":146.9378,"d":-6.351},"arcs":[[[-81,-35,-82,-49,-8,83]],[[84]],[[85]],[[86]]]}]}},"arcs":[[[464,908],[-3,-6],[-6,0],[5,10],[4,-4]],[[398,939],[21,-1],[14,-9],[-8,-2],[0,-3],[-6,-7],[-4,3],[-4,-3],[-17,1],[-4,6],[-2,-4],[-12,-5],[0,9],[5,0],[-3,12],[5,3],[8,-3],[7,3]],[[923,597],[5,-5],[12,-1],[2,-11],[6,-9],[0,-11],[6,-1],[8,-12],[3,-13],[3,-5],[8,-3],[6,-5],[1,-6],[6,-3],[1,-7],[6,-8],[0,-9],[2,-14],[-4,-5],[-4,3],[-8,-10],[-7,1],[-10,6],[-10,9],[-8,15],[4,10],[0,9],[-4,7],[-13,7],[-3,12],[-4,2],[-10,14],[1,7],[-4,8],[3,6],[0,15],[3,2],[-6,8],[3,3],[6,-6]],[[914,634],[-1,-5],[4,-4],[-3,-20],[-4,-5],[-4,22],[1,3],[-1,13],[4,5],[3,-3],[1,-6]],[[420,603],[-8,0],[-6,9],[2,9],[7,5],[4,-6],[3,-10],[-2,-7]],[[338,668],[-6,5],[0,9],[7,8],[4,-5],[-1,-13],[-4,-4]],[[280,736],[0,-6],[-4,-1],[0,7],[4,0]],[[392,565],[-21,-18],[-39,1]],[[332,548],[-4,3],[-11,1],[-6,3],[-3,-4],[-5,1],[-6,9],[-13,-2]],[[284,559],[-4,7],[-4,2]],[[276,568],[-6,12],[-4,5],[-3,7],[-8,5],[-3,6],[-7,6],[-4,6],[-11,6],[-6,-2]],[[224,619],[-3,4],[-3,8],[-4,3],[-8,9],[0,3]],[[206,646],[4,2],[28,28],[7,19],[1,47]],[[246,742],[9,-3],[11,-7],[-1,-6],[8,-7],[0,-5],[6,-7],[7,-4],[8,2],[10,-11],[4,-9],[2,0],[9,-18],[9,-9],[-3,-11],[1,-24],[-4,-9],[-1,-11],[3,-5],[5,0],[3,-3],[6,4],[28,-13],[4,0],[14,-14],[8,-7]],[[820,27],[3,0],[17,-14],[8,-3],[6,-6],[-3,-3],[-11,0],[-7,6],[-7,2],[1,4],[-5,-3],[1,6],[-3,0],[-4,9],[0,6],[4,-4]],[[883,31],[6,-9],[-7,0],[-7,-3],[-7,5],[3,4],[7,-3],[-3,5],[8,1]],[[820,37],[-4,-1],[-7,7],[11,-6]],[[773,98],[8,-3],[7,3],[6,-5],[-10,-3],[-10,5],[-1,3]],[[673,99],[-7,-3],[0,5],[7,-2]],[[659,105],[4,-1],[0,-9],[-7,1],[6,2],[-3,7]],[[673,164],[0,-4],[4,-5],[7,9],[6,2],[1,-5],[-5,-16],[0,-6],[-6,6],[-11,3],[-3,4],[4,6],[-4,5],[-1,-5],[-2,11],[-5,9],[-3,1],[0,8],[4,-8],[14,-15]],[[583,125],[0,21],[-1,3],[-13,9],[-5,8],[-5,0],[-4,9],[-8,4],[-12,0]],[[535,179],[2,9],[7,-1],[25,10]],[[569,197],[10,-1],[8,1],[9,-4],[7,1],[4,-6],[0,-3],[-13,-6],[-2,2],[-6,-6],[7,-11],[1,-7],[3,0],[7,-6],[9,-2],[5,0],[6,-9],[5,-1],[15,0],[1,-8],[11,3],[6,3],[-13,-11],[-4,-1],[-14,5],[-3,-8],[21,-12],[0,-8],[-13,-4],[-4,-5],[-7,2],[-7,-5],[-4,6],[-10,2],[-7,7],[0,3],[10,2],[1,4],[-8,2],[0,-2],[-7,8],[-6,3],[-4,0]],[[673,191],[-6,6],[3,2],[3,-8]],[[648,214],[7,3],[8,-12],[-1,-6],[4,-5],[-7,-7],[1,4],[-12,0],[-7,3],[-9,0],[6,6],[-3,9],[-3,11],[6,3],[10,-9]],[[628,220],[-1,-15],[-12,9],[-4,6],[3,12],[4,3],[7,-4],[3,-11]],[[767,261],[4,-5],[7,1],[10,-1],[4,-6],[7,-4],[4,-6],[-5,-6],[-6,-3],[-7,6],[-1,-6],[-6,7],[6,2],[-9,9],[-8,3],[3,4],[-6,2],[0,-11],[-1,10],[4,4]],[[679,311],[-2,-8],[3,-3],[-3,-18],[3,-10],[-7,10],[6,12],[-3,6],[-4,0],[0,6],[7,5]],[[405,353],[21,-29],[14,-10],[6,-11],[0,-10],[-6,-13],[0,-11],[10,-17],[4,-12],[6,0],[4,-12],[4,-2],[7,-13],[-1,-9],[1,-5],[6,-2],[11,-16],[6,1],[15,-15],[11,-4],[13,1],[-2,15]],[[583,125],[-11,0],[-10,6],[-3,-3],[-9,6],[-8,2],[-7,-5],[-5,5],[-10,1],[3,8],[-4,-2],[-2,6],[-3,-9],[-7,2],[-8,-3],[-11,10],[-6,2],[-4,-5],[-4,0],[-3,-3],[-4,6],[-4,0],[1,5],[-7,0],[-3,-5],[-1,8],[-10,7],[-3,8],[-1,9],[-13,23],[-1,1]],[[425,205],[-3,11],[-6,3],[-5,-5],[1,-5]],[[412,209],[-3,2],[-4,14],[-4,6],[-2,12],[6,6],[0,3],[-6,-6],[-8,4],[-11,5],[-3,7],[0,17],[-7,14],[-4,3]],[[366,296],[0,58],[1,5],[4,3],[5,8],[5,4]],[[381,374],[7,-6],[0,-9],[6,-5],[11,-1]],[[206,646],[-52,-6],[-9,-3],[-9,1],[-10,4]],[[126,642],[-3,4],[-6,-1],[-11,2],[-10,0]],[[96,647],[-1,29],[-7,5],[-45,1],[-10,2],[-1,9],[0,16],[1,7],[24,24],[7,-7],[42,1],[3,1],[4,12],[3,4],[1,10],[-1,7],[0,19],[4,9],[4,3],[20,-11],[3,0],[0,15]],[[147,803],[26,-6],[5,-3],[4,-7],[14,-9],[3,-6],[5,-4],[3,-7],[11,0],[0,-5],[6,-2],[1,6],[6,1],[10,-2],[4,-6],[0,-10],[1,-1]],[[180,802],[-4,1],[2,5],[2,-6]],[[276,568],[-3,-2],[-13,2],[0,-17],[-5,-6],[1,-12],[-3,-10],[-7,-15],[-2,3]],[[244,511],[-35,34],[-6,1],[-3,4],[-5,3]],[[195,553],[-2,6],[3,4],[11,5],[7,9],[2,10],[-6,14],[1,3],[10,6],[3,9]],[[195,553],[-7,2],[-13,-4],[-10,9],[-7,9],[-24,13],[-7,13],[-1,47]],[[244,511],[0,-6],[-6,-5],[0,-8],[4,-1],[4,-8],[6,-2],[3,-6]],[[255,475],[-69,-9],[-45,0]],[[141,466],[-11,0],[-10,3],[-1,9],[0,70],[-3,8],[-4,5],[-24,32],[0,6],[1,6]],[[89,605],[6,5],[4,18],[-1,6],[-2,13]],[[332,548],[3,-9],[12,-11],[2,-5],[-7,-41],[-3,-6],[3,-13],[-7,-10],[-6,-27]],[[329,426],[-35,36]],[[294,462],[3,15],[-3,4],[-7,1],[-10,12],[-4,2],[0,6],[3,4],[8,0],[6,9],[1,7],[-1,11],[-7,8],[1,18]],[[714,649],[1,-6],[-14,0],[-7,-5],[-7,-17],[-6,-18],[6,-2],[-3,-7],[-8,-10],[-7,0],[0,-8],[-10,-5],[-10,-1],[-5,-4],[0,-8],[11,-19],[1,-4]],[[656,535],[-8,-2],[-16,-14],[-7,1],[-4,-2],[-7,4],[-3,-4],[-4,4],[-8,-3],[-13,0],[-6,-2],[-9,19],[-13,6],[-8,-4],[-2,-5],[-7,0],[3,4],[-3,7],[-10,5],[-4,6],[-4,-1],[0,6],[-6,2],[-4,4],[-4,-3],[-3,4],[-6,0],[-5,7],[-2,8],[2,11],[5,8],[10,-9],[4,5],[6,0],[8,-5],[3,4],[6,3],[15,-11],[0,-2],[19,1],[1,4],[11,6],[2,-8],[14,5],[4,11],[-3,8],[6,7],[1,21],[4,3],[7,-4],[-1,-6],[-6,-2],[-3,-5],[2,-9],[-3,-2],[7,-25],[10,-2],[8,11],[6,1],[6,-4],[2,-7],[6,2],[3,8],[4,0],[4,-4],[9,8],[0,11],[4,13],[5,7],[6,9],[8,9],[7,-3],[3,2],[9,-3]],[[684,649],[-5,4],[4,2],[1,-6]],[[575,677],[1,-5],[-5,5],[4,0]],[[294,462],[-17,7],[-4,2],[-4,5],[-7,-2],[-7,1]],[[847,733],[-3,-4],[-3,5],[3,5],[3,-6]],[[826,800],[-6,-1],[3,4],[3,-3]],[[780,818],[-5,2],[-4,7],[3,8],[6,-1],[0,-16]],[[670,843],[-4,-2],[-10,0],[7,6],[7,-4]],[[739,839],[-3,5],[-3,8],[9,-5],[-3,-8]],[[736,858],[-6,-5],[0,14],[5,-2],[3,-6],[-2,-1]],[[738,871],[-5,0],[2,6],[4,-3],[-1,-3]],[[673,867],[0,-3],[8,-5],[3,-9],[13,-1],[18,-17],[4,-6],[6,-6],[7,-1],[7,-4],[7,-16],[4,-5],[10,-9],[6,-12],[4,2],[4,-9],[-1,-4],[14,-11],[4,3],[3,-12],[5,0],[0,-5],[4,-5],[9,-17],[0,-10],[-6,-8],[2,-14],[-3,-3],[-3,-12],[-7,-6],[-7,12],[-4,4],[0,8],[-3,2],[0,10],[1,5],[0,21],[-5,14],[0,3],[-6,15],[-4,2],[-7,13],[0,4],[-6,9],[-7,7],[-15,3],[-9,9],[-12,19],[-10,5],[-1,5],[-16,14],[-1,3],[-17,12],[-10,-2],[-3,3],[10,8],[-7,6],[2,6],[8,-9],[1,-5],[6,-1]],[[620,898],[14,-9],[1,-7],[0,-11],[-20,-1],[-4,4],[-1,7],[-3,6],[-4,0],[5,8],[9,4],[3,-1]],[[603,969],[3,-3],[-6,0],[3,3]],[[576,998],[3,0],[7,-6],[4,-16],[-7,0],[-7,8],[-3,7],[3,7]],[[714,649],[1,5],[0,10],[-1,7],[1,8],[-4,8],[0,8],[-4,8],[-3,18],[1,3],[20,-3],[3,-7],[5,-5],[6,7],[-3,7],[10,-1],[3,6],[4,-9],[-6,1],[2,-9],[5,-2],[10,0],[-4,-13],[0,-7],[4,-10],[-3,-14],[-5,-15],[-10,-6],[-11,2],[0,-16],[7,-9],[4,-10],[-3,-10],[-5,-4],[-3,-5],[-7,-2],[-5,-4],[-2,5],[-6,2],[-4,-4],[-3,3],[-7,1],[0,-8],[4,-4],[-8,-7],[0,-7],[-11,-10],[-2,-4],[-8,-4],[-2,-5],[-5,1],[-6,-3],[-4,4],[0,-6],[-3,-5]],[[768,721],[-4,5],[4,3],[0,-8]],[[185,282],[-13,9],[-8,11],[-6,3],[-4,6],[3,1],[2,-4],[13,-6],[13,-14],[0,-6]],[[165,317],[14,0],[3,-9],[-7,-3],[-9,6],[-1,6]],[[186,311],[-4,1],[-4,6],[8,0],[0,-7]],[[188,338],[-5,-1],[-1,7],[6,-6]],[[188,344],[-6,1],[-3,5],[3,1],[6,-7]],[[141,466],[0,-20],[62,-92]],[[203,354],[-3,5],[-5,0],[8,-7],[-3,-3],[-7,0],[-10,6],[-11,-2],[7,-4],[4,-14],[-3,-6],[-16,0],[-23,-9],[-10,4],[-8,3],[-7,-1],[-7,-5],[-7,3],[-3,13],[-10,-2],[-1,-2],[11,2],[3,-14],[7,-6],[8,8],[10,-2],[10,-10],[11,-3],[10,-12],[10,-20],[0,-16],[-3,-7],[-7,0],[-14,-7],[-7,-9],[-14,-9],[-7,-5],[-4,3],[-6,6],[-10,3],[-7,5],[-1,-2],[-13,0],[-5,-4],[-9,3],[-8,-3],[-10,0],[-3,6],[-11,0],[-4,-6],[-6,-2],[-11,14],[0,214],[-7,9],[-1,9],[1,8],[3,4],[4,19],[0,136]],[[8,645],[1,0],[80,-40]],[[8,645],[0,232],[7,0],[14,-4],[6,-8],[28,-18],[4,-6],[8,2],[6,-6],[0,-5],[4,1],[17,-9],[7,-5],[35,-16],[3,0]],[[425,205],[-13,4]],[[471,353],[0,-6],[11,2],[0,-12],[3,-10],[0,-10],[3,-6],[0,-14],[14,-9],[3,-8],[0,-13],[1,-1],[1,-10],[3,-6],[9,-4],[9,1],[3,5],[7,-2],[7,7],[14,-4],[-1,-7],[3,-2],[-6,-10],[-1,-8],[-3,-3],[3,-14],[7,-4],[8,-8]],[[405,353],[66,0]],[[329,426],[13,-19],[5,-10],[20,-8],[14,-15]],[[366,296],[-9,18],[-1,10],[-9,10],[-1,11],[-11,5],[-9,2],[-1,7],[-4,-3],[-7,3],[-11,-1],[-7,7],[-6,0],[-4,6],[-4,-3],[-9,3],[-10,6],[3,14],[-3,1],[-1,-9],[-3,0],[-8,12],[-2,-9],[-4,3],[-1,11],[-3,1],[0,-15],[-4,8],[0,-11],[4,-10],[-6,7],[-4,-3],[-6,12],[-1,-9],[1,-6],[-4,-1],[-18,10],[-6,3],[-5,15],[-7,5],[1,-5],[6,-3],[0,-6],[5,-12],[0,-6],[6,-15],[0,-5]],[[392,565],[0,-2],[10,0],[0,-4],[10,-8],[10,-1],[4,4],[10,-3],[11,-14],[7,-16],[7,-6],[2,-9],[0,-26],[-6,-2],[-11,-1],[-3,-3],[-13,1],[-19,3],[-7,-3],[-2,-18],[7,-11],[2,-11],[5,-6],[0,-11],[2,-12],[12,-6],[10,-12],[0,-5],[3,0],[4,-9],[6,-6],[1,-9],[9,0],[8,-6]],[[461,597],[11,-8],[6,-9],[-3,-16],[-4,-2],[-1,7],[-5,0],[-8,16],[0,10],[4,2]],[[482,601],[-4,-1],[0,8],[4,-7]],[[448,613],[-2,-4],[-3,6],[5,-2]]],"transform":{"scale":[0.015133462312312326,0.01030025793793794],"translate":[140.84921106,-11.63632578]},"bbox":[140.84921106,-11.63632578,155.96753991,-1.3463681]}