{"type":"Topology","objects":{"all":{"type":"GeometryCollection","bbox":[14.12392297,24.14315637,48.99401316,54.83832429],"geometries":[{"type":"Polygon","properties":{"a":2472,"b":"Kuyavian-Pomeranian","c":18.5011,"d":53.0223},"arcs":[[0,1,2,3,4]]},{"type":"Polygon","properties":{"a":2480,"b":"Opole","c":17.8207,"d":50.6033},"arcs":[[5,6,7,8,9]]},{"type":"Polygon","properties":{"a":2479,"b":"Subcarpathian","c":22.1656,"d":49.9791},"arcs":[[10,11,12,13]]},{"type":"Polygon","properties":{"a":2477,"b":"Podlachian","c":22.6935,"d":53.2637},"arcs":[[14,15,16,17]]},{"type":"Polygon","properties":{"a":2478,"b":"Lublin","c":22.8032,"d":51.1349},"arcs":[[18,-14,19,20,-15]]},{"type":"Polygon","properties":{"a":2475,"b":"Masovian","c":20.9603,"d":52.4951},"arcs":[[-21,21,22,-2,23,-16]]},{"type":"Polygon","properties":{"a":2469,"b":"West Pomeranian","c":15.7697,"d":53.659},"arcs":[[24,25,26,27]]},{"type":"Polygon","properties":{"a":2481,"b":"Lesser Poland","c":20.2255,"d":49.8768},"arcs":[[-12,28,29,30]]},{"type":"Polygon","properties":{"a":2474,"b":"Lódz","c":19.3962,"d":51.5508},"arcs":[[-23,31,32,-6,33,-3]]},{"type":"Polygon","properties":{"a":2467,"b":"Pomeranian","c":18.0904,"d":54.1532},"arcs":[[34,-5,35,-28,36]]},{"type":"Polygon","properties":{"a":2473,"b":"Silesian","c":18.9211,"d":50.3528},"arcs":[[37,-30,38,-7,-33]]},{"type":"Polygon","properties":{"a":2470,"b":"Lubusz","c":15.2098,"d":52.3577},"arcs":[[39,40,41,-26]]},{"type":"Polygon","properties":{"a":2471,"b":"Greater Poland","c":17.4125,"d":52.1763},"arcs":[[-36,-4,-34,-10,42,-40,-25]]},{"type":"Polygon","properties":{"a":2468,"b":"Lower Silesian","c":16.2999,"d":51.1155},"arcs":[[-43,-9,43,-41]]},{"type":"Polygon","properties":{"a":2476,"b":"Swietokrzyskie","c":20.8208,"d":50.7458},"arcs":[[-20,-13,-31,-38,-32,-22]]},{"type":"Polygon","properties":{"a":2466,"b":"Warmian-Masurian","c":21.1059,"d":53.8782},"arcs":[[-17,-24,-1,-35,44]]}]}},"arcs":[[[499,779],[15,-32],[12,-4],[11,-7],[11,-2],[5,-5],[6,-13],[2,-16]],[[561,700],[-11,-6],[1,-18],[-6,-1],[-8,-8],[-5,0],[1,-13],[-3,-6],[6,-14],[-4,-7],[-11,-27],[2,-12],[-7,-11],[-1,-7]],[[515,570],[-6,-3],[-15,-2],[-4,-5]],[[490,560],[-9,9],[-18,-5],[-3,5],[-24,20],[-6,-3],[-8,11],[-10,-9],[-10,2],[-7,8],[-7,1],[-20,17],[-16,2],[-5,10],[-9,-2],[-7,11],[7,8],[2,12],[-5,11],[-7,6],[-8,3],[6,21],[-4,14],[9,7],[-5,11],[-9,7],[-2,6],[9,10],[2,5]],[[326,758],[3,2],[8,20],[17,-4],[6,3],[1,8],[11,7],[7,10],[12,-3],[17,3],[10,-9],[17,-2],[9,-6],[10,6],[10,-3],[9,-10],[9,-4],[12,0],[5,3]],[[401,366],[6,-7],[21,-7],[7,0],[3,5],[5,-8],[9,-8]],[[452,341],[-7,-17],[3,-13],[-9,-6],[-3,-5],[-4,-19],[2,-6],[9,-11],[1,-5],[-17,0],[-1,-10],[-4,-6],[2,-21],[-1,-14],[-16,-10],[-14,-4],[-6,-15]],[[387,179],[2,-7],[-8,-1],[-11,-5],[-9,12],[-2,10],[-10,2],[-5,6],[9,6],[7,7],[-3,5],[2,8],[-4,3],[-9,-10],[-8,3],[-7,-6],[-6,7],[-3,-5],[-5,11],[-10,4],[-3,7],[-4,-1],[-5,5],[-15,3]],[[280,243],[9,21],[5,6],[6,1],[12,30],[13,22],[8,9],[3,15],[6,14],[15,8]],[[357,369],[8,-2],[2,-8],[11,-6],[11,6],[12,7]],[[950,228],[-9,-13],[-13,-11],[-33,-40],[-16,-28],[-5,-3],[-6,-13],[-7,-6],[-2,-5],[-11,-18],[3,-16],[7,-11],[1,-17],[-5,-16],[15,-16],[0,-8],[1,-7],[-9,8],[-13,-1],[-8,8],[-16,1],[-7,8],[-10,0],[-5,6],[-15,6],[-2,12],[-7,9],[-12,8],[-5,-4],[-7,9],[-8,4],[-9,-2]],[[737,72],[-4,12],[-2,12],[1,13],[-4,12],[-6,6],[-12,6],[-1,7],[11,9],[-1,4],[-8,2],[-3,8],[1,13],[-2,36],[6,16],[1,14]],[[714,242],[8,6],[6,1],[1,5],[18,8],[4,13],[18,20],[1,18]],[[770,313],[13,-10],[6,0],[12,6],[10,-8],[-5,-13],[1,-4],[23,-6],[15,-9],[5,-16],[-6,-1],[-7,-9],[3,-8],[4,-2],[15,3],[-2,-6],[13,-5],[23,-1],[8,2],[13,16],[16,1],[11,-10],[9,-5]],[[903,562],[-9,2]],[[894,564],[-11,10],[-6,3],[-8,-1],[-15,3],[-12,1],[-4,7],[1,5],[-4,6],[1,6],[-10,13],[1,2],[-4,30],[-11,-4],[-6,5],[2,9],[-5,5],[-5,-6],[-9,-1],[-6,3],[-5,17],[-7,3],[-4,10],[3,4],[-16,6],[-9,23],[-2,19],[-5,18]],[[738,760],[7,4],[13,-1],[9,4],[12,2],[16,13],[11,11],[27,18],[5,5],[8,19],[0,8],[-15,20],[-2,10],[-9,13],[9,14],[22,3],[13,10],[2,10]],[[866,923],[15,-2],[8,-7],[1,-9],[7,2],[11,-9],[8,-3],[7,-9],[6,-4],[6,-24],[-5,-3],[11,-43],[3,-24],[7,-25],[6,-10],[6,-23],[5,-12],[6,-8],[-3,-11],[5,-12],[1,-47],[-1,-7],[-4,-5],[-14,-10],[-16,-4],[-10,-6],[-9,-8],[-12,-20],[-5,-8],[-3,-10]],[[903,562],[3,-10],[9,-2],[16,-8],[5,-7],[7,0],[6,-7],[2,-16],[-4,-11],[-3,-14],[3,-10],[-7,-7],[-1,-27],[7,-15],[4,-4],[0,-4],[5,-9],[-7,-11],[0,-6],[6,-2],[7,-15],[10,-9],[-1,-5],[5,-10],[1,-10],[13,-19],[8,-4],[0,-6],[-13,0],[-3,-7],[6,-5],[0,-7],[5,-2],[-1,-3],[4,-10],[-3,-6],[2,-11],[-8,-8],[-3,-14],[-5,-2],[-18,0],[-8,-5],[-2,-6]],[[770,313],[-5,19],[1,19]],[[766,351],[-3,8],[-1,12],[4,17],[3,1],[2,13],[-5,9],[6,7],[0,6],[-7,15],[-13,1],[-2,11],[14,-1],[9,2],[3,7],[-5,8],[9,10],[-6,12],[-5,18],[15,8],[33,1],[12,9],[15,-1],[6,5],[2,7],[7,0],[11,-7],[5,1],[6,12],[13,22]],[[766,351],[-31,-7],[-16,7],[-9,0],[-6,5],[-5,15],[-3,0],[-10,-9],[-14,-2],[-11,2],[-7,9],[-18,10],[-3,9],[-5,1]],[[628,391],[1,10],[9,11],[0,7],[-6,2],[-2,15],[-2,6],[2,10],[8,0],[6,-3],[8,-1],[0,11],[-6,7],[2,10],[-7,11],[-14,9],[-14,0],[0,5],[-7,8],[4,6],[0,11],[-15,5],[-2,10],[-4,8],[-6,2],[-5,8],[-7,-3],[-22,-6],[-13,11],[-12,3],[-9,6]],[[561,700],[13,10],[4,-3],[32,-5],[7,1],[11,13],[3,-1],[18,10],[7,7],[13,1],[7,4],[9,-1],[10,3],[8,10],[8,-1],[9,4],[6,7],[12,1]],[[281,785],[-12,0],[-6,-21],[-21,0],[-2,-5],[1,-12],[7,-7],[11,-4],[4,-9],[-9,-11],[-7,-1],[-15,-9],[-9,-13],[-8,-9],[-13,-5],[-12,7]],[[190,686],[2,8],[-3,8],[-9,1],[-20,-20],[-20,0],[-18,-6],[-1,-4],[-9,-15],[-6,-1],[-16,6],[-9,-6],[-7,-14],[-9,-12],[-12,-3],[-6,-12]],[[47,616],[-6,7],[-10,7],[-6,9],[-23,16],[-2,3],[3,6],[-2,13],[12,8],[8,8],[4,14],[-1,8],[8,12],[-5,3],[-4,30],[-6,15],[0,12],[-3,9],[3,17],[11,-12],[11,-3],[7,-11],[2,9],[-7,9],[3,10],[6,0],[0,12],[-5,-3],[-1,7],[-12,2],[-1,4],[-8,-2],[5,-2],[-2,-6],[-11,-1],[-11,13],[4,6],[6,-3],[13,0],[12,7],[26,13],[22,5],[29,11],[38,12],[19,7],[20,4],[2,-3],[14,5],[0,3],[-9,-1],[21,11],[-2,8],[17,22],[8,5],[20,3]],[[264,954],[7,-14],[13,-18],[1,-8],[-6,-11],[3,-6],[-1,-6],[-14,-4],[6,-19],[1,-19],[7,-5],[12,-18],[-12,-2],[6,-10],[-8,-10],[2,-19]],[[737,72],[-9,-1],[-17,6],[-8,-9],[-6,6],[-8,-6],[5,-4],[-10,-6],[-5,-6],[-4,-1],[-5,4],[-5,0],[-10,13],[-10,0],[-5,-4],[-11,6],[-1,-5],[-10,2],[-4,-9],[-10,-2],[-6,-3],[-5,-10],[-1,-11],[-4,0],[-8,8],[-11,-7],[-7,1],[-1,3],[6,10],[-5,21],[-6,-2],[-8,4],[0,5],[-7,5],[-4,16],[-6,7]],[[531,103],[-5,7],[4,12],[-15,7],[-4,8],[-5,3],[-2,12],[-7,5],[6,16],[23,29],[-10,12],[9,1],[11,18],[6,-3],[5,1],[8,7],[15,1],[12,9],[0,6]],[[582,254],[8,0],[7,-5],[9,-4],[8,-5],[5,-10],[3,-12],[6,-12],[7,-4],[14,0],[10,10],[5,10],[4,-3],[9,3],[4,3],[9,0],[9,7],[5,-2],[6,10],[4,2]],[[628,391],[-6,-11],[-9,-3],[-8,-8],[-17,0],[-5,-15],[7,-10],[1,-5],[-3,-8],[-12,10],[-4,0],[-2,-22],[-7,-6],[-2,-4]],[[561,309],[-12,5],[-12,1],[-9,16],[-7,7],[-7,1],[-4,-4],[-13,3],[-20,11],[-7,-5],[-13,0],[-5,-3]],[[401,366],[-1,13],[-9,10],[2,9],[8,2],[4,10],[10,-2],[5,3],[3,9],[-1,30],[6,21],[9,8],[15,-2],[6,10],[-2,22],[2,6],[12,2],[5,5],[3,16],[10,4],[6,7],[-4,11]],[[562,930],[-7,-9],[-22,-11],[-8,-9],[-13,3],[-3,-10],[6,-13],[-9,-14],[5,-15],[13,-7],[-2,-8],[4,-2],[15,0],[0,-6],[-6,-14],[-15,-1],[-7,-7],[-14,-28]],[[326,758],[-10,9],[-20,0],[-6,5],[-9,13]],[[264,954],[16,4],[10,12],[30,14],[37,7],[18,5],[27,3],[16,0],[43,-26],[6,-8],[2,-7],[-4,4],[-8,13],[-5,1],[-22,15],[-3,-11],[6,-7],[0,-8],[4,-2],[5,-12],[2,-21],[12,-5],[2,-4],[21,-7],[7,0],[37,6],[16,6],[8,8],[6,-4],[9,0]],[[561,309],[9,-1],[1,-7],[-7,-1],[-4,-8],[3,-3],[11,-6],[7,-12],[-11,-8],[-2,-4],[14,-5]],[[531,103],[-12,-12],[-9,-2],[-4,-13],[-6,-9],[-9,3],[-9,-3],[0,17],[-13,3],[0,7],[-5,22],[-4,-2],[-10,7],[-8,18],[3,7],[-3,1],[-2,9],[-6,-3],[-8,6],[-6,1],[-4,-5],[-5,8],[-8,6],[-8,1],[0,4],[-8,5]],[[190,686],[-2,-21],[-8,-14],[2,-3],[1,-11],[-13,-6],[0,-16],[4,-10],[2,-17],[-5,-2],[6,-14],[0,-10],[-4,-13],[-1,-12],[3,-9],[7,-7],[8,-13],[7,0],[0,-18],[10,-4],[7,4],[7,-7],[2,-13]],[[223,470],[-10,-13],[-8,-2],[-9,15],[-14,3],[-7,-10],[-7,-3],[-8,-20],[-12,-16],[-6,-2],[-15,8],[-7,-1],[-8,-15],[-12,6],[-19,-10]],[[81,410],[-1,11],[-20,9],[-2,7],[3,10],[-1,8],[-8,10],[-1,8],[-6,6],[1,8],[7,5],[4,9],[0,11],[6,15],[-6,4],[2,19],[-2,7],[-10,3],[-7,26],[6,4],[5,8],[-4,3],[5,10],[-5,5]],[[357,369],[-2,25],[2,7],[-7,5],[-11,0],[-3,14],[4,4],[2,9],[-10,7],[-11,3],[-17,0],[-2,-10],[-22,-3],[-11,4],[-5,6],[-10,7],[-4,8],[-2,10],[-16,7],[-9,-2]],[[280,243],[-8,0],[4,-7],[4,-13],[6,-2],[2,-13],[-6,4],[-1,-4],[-16,-6],[-8,-14],[-8,2],[-4,3],[-5,13],[-10,16],[-7,3],[-3,10],[-7,-2],[-6,13],[10,10],[5,-1],[3,6],[3,11],[-8,9],[-11,3],[-3,-5],[-11,3],[-6,-7],[-5,-1],[1,10],[-4,6],[-9,-3],[-7,12],[-10,-2],[-5,4],[-19,8],[-8,-6],[-1,8],[-7,9],[-2,5],[0,13],[-10,1],[-2,5],[-2,-4],[-12,5],[-5,-4],[4,-6],[-1,-16],[-18,0],[6,10],[9,24],[3,13],[0,8],[5,8],[-3,10],[-5,8],[-1,10]],[[562,930],[88,-5],[106,-5],[29,-3],[28,-1],[42,-2],[9,3],[2,6]]],"transform":{"scale":[0.010029262662662663,0.005850161291291293],"translate":[14.12392297,48.99401316]},"bbox":[14.12392297,48.99401316,24.14315637,54.83832429]}