{"type":"Topology","objects":{"all":{"type":"GeometryCollection","bbox":[20.24282597,29.69955488,43.65004995,48.27483226],"geometries":[{"type":"Polygon","properties":{"a":2564,"b":"Mures","c":24.6123,"d":46.596},"arcs":[[0,1,2,3,4,5,6]]},{"type":"Polygon","properties":{"a":2570,"b":"Brasov","c":25.1802,"d":45.7305},"arcs":[[7,8,9,10,11,12,-2,13]]},{"type":"Polygon","properties":{"a":2572,"b":"Harghita","c":25.533,"d":46.4843},"arcs":[[14,15,16,-14,-1,17]]},{"type":"Polygon","properties":{"a":2569,"b":"Vâlcea","c":24.1654,"d":45.1038},"arcs":[[18,19,20,21,22,23,24]]},{"type":"Polygon","properties":{"a":2557,"b":"Timis","c":21.3568,"d":45.7299},"arcs":[[25,26,27,28]]},{"type":"Polygon","properties":{"a":2559,"b":"Alba","c":23.608,"d":46.1846},"arcs":[[29,-4,30,-24,31,32,33]]},{"type":"Polygon","properties":{"a":2545,"b":"Mehedinti","c":22.8505,"d":44.4634},"arcs":[[34,35,36,37]]},{"type":"Polygon","properties":{"a":2579,"b":"Buzau","c":26.7179,"d":45.3194},"arcs":[[38,39,40,-9,41,42]]},{"type":"Polygon","properties":{"a":2576,"b":"Suceava","c":25.7878,"d":47.5468},"arcs":[[43,44,-18,-7,45,46,47,48]]},{"type":"Polygon","properties":{"a":2578,"b":"Braila","c":27.6884,"d":45.0987},"arcs":[[49,50,-39,51,52]]},{"type":"Polygon","properties":{"a":2566,"b":"Satu Mare","c":22.7026,"d":47.6393},"arcs":[[53,54,55,56]]},{"type":"Polygon","properties":{"a":2546,"b":"Olt","c":24.4589,"d":44.3477},"arcs":[[57,58,59,60,-20]]},{"type":"Polygon","properties":{"a":2574,"b":"Neamt","c":26.398,"d":46.9224},"arcs":[[61,62,63,-15,-45]]},{"type":"Polygon","properties":{"a":2556,"b":"Caras-Severin","c":22.0415,"d":45.0905},"arcs":[[64,-37,65,-28,66]]},{"type":"Polygon","properties":{"a":2563,"b":"Maramures","c":24.1756,"d":47.7151},"arcs":[[-47,67,68,69,-54,70]]},{"type":"Polygon","properties":{"a":2554,"b":"Arad","c":21.8049,"d":46.2662},"arcs":[[-33,71,-26,72,73]]},{"type":"Polygon","properties":{"a":2567,"b":"Arges","c":24.8531,"d":45.0397},"arcs":[[74,75,-58,-19,76,-12]]},{"type":"Polygon","properties":{"a":2553,"b":"Constanta","c":28.3866,"d":44.6983},"arcs":[[77,78,-50,79,80]]},{"type":"Polygon","properties":{"a":2562,"b":"Hunedoara","c":22.9319,"d":45.6938},"arcs":[[-23,81,-67,-27,-72,-32]]},{"type":"Polygon","properties":{"a":2580,"b":"Galati","c":27.7445,"d":45.7883},"arcs":[[82,-80,-53,83,84]]},{"type":"Polygon","properties":{"a":2551,"b":"Giurgiu","c":26.0843,"d":44.1527},"arcs":[[85,86,87,88,89]]},{"type":"Polygon","properties":{"a":2575,"b":"Prahova","c":26.0312,"d":45.1159},"arcs":[[-41,90,91,92,-10]]},{"type":"Polygon","properties":{"a":2582,"b":"Vrancea","c":26.8778,"d":45.7894},"arcs":[[93,-84,-52,-43,94,95]]},{"type":"Polygon","properties":{"a":2550,"b":"Dâmbovita","c":25.5855,"d":44.7546},"arcs":[[96,-89,97,-75,-11,-93]]},{"type":"Polygon","properties":{"a":2573,"b":"Iasi","c":27.1631,"d":47.2594},"arcs":[[98,-62,-44,99,100]]},{"type":"Polygon","properties":{"a":2568,"b":"Sibiu","c":24.2455,"d":45.8485},"arcs":[[-13,-77,-25,-31,-3]]},{"type":"Polygon","properties":{"a":2548,"b":"Bucharest","c":26.1677,"d":44.5194},"arcs":[[101,102,-90,-97,-92]]},{"type":"Polygon","properties":{"a":2544,"b":"Gorj","c":23.3435,"d":45.0395},"arcs":[[103,-38,-65,-82,-22]]},{"type":"Polygon","properties":{"a":2571,"b":"Covasna","c":25.9791,"d":45.9376},"arcs":[[104,-95,-42,-8,-17]]},{"type":"Polygon","properties":{"a":2558,"b":"Botosani","c":26.7507,"d":47.8611},"arcs":[[-100,-49,105]]},{"type":"Polygon","properties":{"a":2552,"b":"Ialomita","c":27.2573,"d":44.6286},"arcs":[[-51,-79,106,-102,-91,-40]]},{"type":"Polygon","properties":{"a":2543,"b":"Dolj","c":23.6952,"d":44.161},"arcs":[[-21,-61,107,-35,-104]]},{"type":"Polygon","properties":{"a":2549,"b":"Calarasi","c":27.0876,"d":44.3318},"arcs":[[-78,108,-86,-103,-107]]},{"type":"Polygon","properties":{"a":2555,"b":"Bihor","c":22.1664,"d":46.9358},"arcs":[[109,110,-34,-74,111,-56]]},{"type":"Polygon","properties":{"a":2547,"b":"Teleorman","c":25.1684,"d":44.0147},"arcs":[[-88,112,-59,-76,-98]]},{"type":"Polygon","properties":{"a":2577,"b":"Bacau","c":26.8196,"d":46.4213},"arcs":[[113,-96,-105,-16,-64]]},{"type":"Polygon","properties":{"a":2560,"b":"Bistrita-Nasaud","c":24.4992,"d":47.2148},"arcs":[[-46,-6,114,-68]]},{"type":"Polygon","properties":{"a":2561,"b":"Cluj","c":23.5483,"d":46.7189},"arcs":[[-115,-5,-30,-111,115,-69]]},{"type":"Polygon","properties":{"a":2581,"b":"Vaslui","c":27.8151,"d":46.5208},"arcs":[[116,-85,-94,-114,-63,-99]]},{"type":"Polygon","properties":{"a":2565,"b":"Salaj","c":23.0476,"d":47.1644},"arcs":[[-116,-110,-55,-70]]}]}},"arcs":[[[523,739],[1,-10],[5,-8],[1,-18],[-2,-15],[4,-20],[-1,-17],[-7,-10],[-4,-9],[-8,-6],[-7,-11],[-2,-15],[-7,-3],[3,-7],[-10,-11],[9,-18],[11,-4],[12,-18]],[[521,539],[-15,-4],[-6,-7],[1,-7]],[[501,521],[-12,8],[-16,-5],[-4,4],[-2,12],[0,18],[0,6],[-5,-1],[-5,1],[-4,-5],[-18,-1],[-6,4],[-13,-3]],[[416,559],[-3,5],[-4,13],[-6,4],[-5,7],[4,12],[-7,4]],[[395,604],[-3,6],[8,15],[-2,6],[4,12],[6,2],[1,10],[-2,7],[6,14],[4,0]],[[417,676],[9,-6],[10,-2],[10,4],[4,3],[1,7],[5,15],[5,6],[4,1],[5,-5],[4,2],[1,8],[6,18],[11,11],[10,2],[8,5]],[[510,745],[13,-6]],[[550,529],[0,-6],[6,-7],[6,0],[1,-5],[-2,-13],[0,-22],[12,-16],[0,-7],[7,0],[4,4],[1,-4],[12,-7],[6,-7],[3,-9],[4,-3],[8,-14]],[[618,413],[-6,-18]],[[612,395],[-13,6],[-2,-9],[-3,-5],[-5,1],[-2,5],[-5,-1],[-13,3],[-19,-3],[-3,-4]],[[547,388],[-6,-11],[-7,-1]],[[534,376],[-9,24],[-12,15],[-12,2],[-12,-1],[-4,-4],[-8,10],[-6,-1]],[[471,421],[-3,25],[-3,12],[11,11],[-5,19],[7,6],[7,1],[-1,8],[17,18]],[[521,539],[12,5],[6,-3],[3,-5],[5,-2],[3,-5]],[[573,735],[9,-6],[4,-14],[6,-6],[3,-10],[-5,-1],[-1,-6],[1,-35],[1,-6],[8,-7],[-1,8],[2,3],[9,-4]],[[609,651],[0,-16],[3,-13],[2,-12],[-2,0],[-3,-11],[2,-5],[12,-3],[3,-5],[-1,-11],[5,0],[6,4],[4,-6],[-2,-6],[0,-10],[-3,-17]],[[635,540],[-28,-8],[-10,1],[-11,13],[-4,12],[0,5],[-6,7],[-10,-8],[-3,-9],[-8,-11],[-5,-13]],[[523,739],[7,-1],[6,13],[9,1],[18,-19],[10,2]],[[453,412],[1,-6],[-5,-18],[2,-23],[-2,-4],[1,-10],[-1,-14],[4,-8],[1,-9],[-4,-19],[-2,-18],[3,-12],[-8,-12]],[[443,259],[0,12],[-5,0],[-4,-11],[-2,-14],[-5,-10],[5,-30],[-2,-7],[-3,10],[-4,-9],[-4,-4],[-9,0],[-4,-8],[-3,0],[-5,7],[-7,-6]],[[391,189],[-3,6],[-5,17],[-8,8],[-2,11]],[[373,231],[2,12],[-1,44],[4,21],[0,10],[2,12],[-2,15],[2,13],[-4,7],[-11,-1],[-12,3]],[[353,367],[1,9],[-1,12]],[[353,388],[4,0]],[[357,388],[3,0],[14,12],[22,1],[7,-2],[11,8],[17,5],[22,0]],[[48,544],[20,-21],[5,-9],[16,-4],[1,-7],[4,-2],[2,9],[5,1],[1,-6],[3,-5],[9,5],[3,-4],[7,8],[2,7],[7,-1],[2,-9],[6,0],[7,-9],[-1,-5],[4,-6],[5,11],[2,0],[9,-10],[0,8],[4,-2],[4,2],[1,8],[4,1],[3,-5],[9,-2],[7,-10],[11,-4],[3,5],[7,3],[3,6]],[[223,497],[4,-6],[2,-14],[5,-7],[3,-10],[5,-1],[0,-3],[-6,-10],[-3,-11]],[[233,435],[-12,-4],[-4,-3],[-3,-10],[-6,-1],[-5,6],[-6,-7],[-9,-3],[0,-12],[-8,0],[-2,10],[-3,1],[-9,-6],[-5,-1],[-9,7],[-8,-1],[-5,-15],[-9,-8],[-1,-17],[8,-12],[2,-7],[-4,-6],[0,-15],[-5,-7]],[[130,324],[-8,11],[-11,5],[-7,1],[-9,16],[-4,-4],[-4,5],[-9,5],[-13,19],[-5,10],[-6,2],[4,8],[-1,9],[-4,7],[3,18],[0,17],[-3,4],[-6,-7],[-6,13],[0,7],[-4,4],[-4,12],[-6,1],[-7,8],[-10,10],[-3,13],[-7,12],[4,9],[17,0],[3,6],[4,-1],[7,-9],[8,1],[5,8]],[[269,628],[4,-5],[16,-1],[9,-11],[1,-6],[8,9],[10,-3],[5,7],[13,3],[7,-7],[9,-4],[6,0],[-1,-12],[4,-5],[2,6],[12,5],[11,0],[6,-2],[4,2]],[[416,559],[1,-15],[-17,-24],[-3,-13],[-6,7],[-8,-3],[-2,-6],[2,-10],[-3,-4],[-8,-3],[-7,1],[1,-8],[6,-5],[-7,-14],[-3,1],[-4,-7],[-2,-21],[2,-11],[-2,-9],[4,-21],[-3,-6]],[[353,388],[0,11],[-11,13],[-7,6],[-3,10],[1,7],[-3,5],[0,11],[-4,13],[-2,17],[-5,11],[-4,15],[-6,4],[-11,21],[3,2],[-1,10],[-5,7],[-7,2],[-2,11],[-4,11],[-12,0],[-6,5]],[[264,580],[-5,7]],[[259,587],[-2,11],[0,13],[3,16],[3,2],[6,-1]],[[342,194],[-10,-3],[-3,-2],[-7,0],[1,-5],[-4,-8],[-5,-4],[-1,-10],[7,-2],[-9,-8],[-3,-9],[0,-7],[-3,-7],[1,-17],[-5,-1],[-9,-15]],[[292,96],[-11,6],[-23,23],[-1,17],[-7,1],[-7,7],[-4,12],[0,9],[-3,2],[0,9],[7,3],[1,10],[6,4],[6,-6],[5,0],[4,8],[-6,11],[-9,1],[-7,6],[-6,12],[-6,3],[-7,-10],[-5,0],[-15,-37],[-6,-3],[-4,4],[-1,7],[-5,8]],[[188,203],[14,3],[0,20],[6,20],[4,4],[8,-8],[3,1],[4,-6],[5,5],[3,15],[7,20],[2,19],[8,16]],[[252,312],[4,-4],[5,-8],[11,-1],[11,-14],[-1,-13],[3,-15],[9,-15],[11,-14],[19,-9],[9,-8],[6,-10],[3,-7]],[[758,375],[-5,-20],[-6,-1],[0,-12],[-16,0],[-8,-3],[-3,-5],[2,-9],[3,-1],[1,6],[5,0],[0,-11],[5,-7],[0,-7],[6,-3],[0,-11],[-3,-14],[-7,-6],[3,-5],[0,-13]],[[735,253],[-3,-5],[3,-6],[-7,-2],[-3,9],[-7,4],[-6,-5],[-4,5],[-8,0],[-12,2],[-11,0],[-6,6]],[[671,261],[-6,12],[3,16],[-9,10],[-1,18],[-6,8],[0,10],[-4,-5],[-2,6],[-7,0],[-9,17],[1,6],[-4,16],[-9,9],[-6,11]],[[618,413],[11,3],[4,11],[5,-5],[4,1],[8,30],[-2,11]],[[648,464],[5,-6],[10,-27],[4,-4],[11,-2],[7,-8],[2,-5],[10,-7],[6,-1],[0,5],[5,0],[6,-7],[0,-7],[8,-7],[6,5],[2,-10],[4,5],[9,-2],[3,-10],[12,-1]],[[677,815],[2,-5],[-3,-12],[-14,1],[0,-6],[6,-8],[-2,-5],[-7,-2]],[[659,778],[-5,7],[-9,1],[-13,-8],[-13,1],[-6,-2],[-7,2],[-7,-5],[-4,0],[-9,10],[-2,-4],[5,-8],[-2,-9],[-5,-3],[-6,-10],[-3,-15]],[[510,745],[-1,16],[2,12],[-6,4],[4,14],[-6,14],[4,4],[-1,7],[3,3],[3,8],[-5,11],[-9,11]],[[498,849],[6,2],[1,9],[-5,7],[-4,11]],[[496,878],[15,6],[4,6],[10,23],[4,5],[53,7],[18,7],[5,0],[5,3],[8,0]],[[618,935],[4,-19],[14,-10],[14,-26],[2,-5],[12,-21],[3,-16],[-1,-10],[6,-12],[5,-1]],[[822,376],[-1,-11],[-4,-11],[9,-9],[6,-2],[-3,-13],[6,-5],[2,-11],[-5,-3],[2,-12],[-2,-4],[1,-12],[-1,-16],[-4,-7],[-4,-18],[-4,-4],[-5,4],[-6,0]],[[809,242],[-6,8],[-6,0],[-11,-4],[-30,1],[-4,2],[-8,-2],[-9,6]],[[758,375],[3,9],[8,10],[6,4]],[[775,398],[6,-4],[7,0],[7,-10],[5,-3],[10,-1],[12,-4]],[[342,933],[1,-8],[7,-11],[7,-7],[0,-7],[-16,-16],[-7,-3],[-3,3],[-11,1],[-3,-2],[0,-8],[11,-6],[1,-4],[-5,-15],[-4,-11],[-6,-1],[-10,10],[-7,-11],[-2,-11],[-7,-6],[1,-5],[12,-5]],[[301,810],[1,-11],[-5,-8],[-11,7],[-4,5],[-13,5],[-5,-1],[-14,-10],[-4,-5]],[[246,792],[-3,12],[-7,9],[-4,-4],[-8,0],[-10,24],[-6,5],[-6,13]],[[202,851],[4,11],[0,5],[8,12],[6,4],[9,1],[1,8],[4,2],[10,-8],[8,4],[9,12],[3,0],[1,11],[6,2],[7,12],[4,4],[1,10],[10,-5],[5,5],[4,14],[4,5],[10,-4],[12,-19],[4,0],[7,-5],[3,1]],[[443,259],[4,-6],[10,13],[0,-7],[7,-21],[9,-6],[-4,-3],[3,-10],[3,-25],[-1,-9],[2,-17],[2,-6],[8,-2]],[[486,160],[-2,-11],[2,-20],[-2,-12],[1,-16],[-7,-5],[-6,-8],[-6,-4],[-2,-11],[3,-12],[8,-25],[-8,-14]],[[467,22],[-17,10],[-8,-1],[-5,-6],[-24,-4],[-1,1]],[[412,22],[5,19],[5,4],[4,12],[-2,11],[4,5],[-2,7],[-7,3],[2,14],[5,1],[-3,11],[1,11],[-12,13],[-12,25],[-4,2],[-3,7],[-7,7],[1,9],[4,6]],[[659,778],[12,-22],[6,-18],[6,0],[7,-4],[10,-8],[6,-1],[4,7],[8,-3],[7,10],[7,-2],[1,-6],[6,-8],[-1,-4],[-7,-4],[-2,-6],[6,-17]],[[735,692],[4,-20],[-1,-4]],[[738,668],[-5,-4],[-12,5],[-10,-1],[-4,5],[0,5],[-5,4],[0,-4],[-4,-8],[0,-6],[-6,-2],[-7,6],[-5,-6],[-7,-5],[-6,-6],[-4,1],[-7,-1],[-7,-7],[-8,0],[-4,14],[-4,0],[-7,-7],[-7,-1],[-6,3],[-4,-2]],[[255,343],[-11,-18],[0,-3],[7,-3],[1,-7]],[[188,203],[-4,15],[-12,7],[-7,-2],[-11,-1],[-5,2],[-4,6],[-4,13],[-20,3],[-6,8],[6,10],[6,-1],[9,4],[-2,10],[-12,6],[-2,6],[-4,0],[2,6],[6,3],[3,16],[5,5],[-2,5]],[[233,435],[5,-13],[4,-3],[0,-4],[12,-11],[4,-12],[0,-16],[-2,-6],[3,-12],[-4,-15]],[[498,849],[-9,1],[-5,-2],[-6,-9],[-21,-1],[-20,6],[-9,-5],[-4,-11],[-3,-2],[-12,-5],[-2,-9],[-6,-14],[-4,-5]],[[397,793],[-17,3],[-3,-5]],[[377,791],[-5,-2],[-14,14],[-17,-1],[-24,12],[-11,0],[-5,-4]],[[342,933],[1,4],[8,4],[15,-5],[8,1],[9,-12],[11,6],[10,-4],[6,-7],[11,-4],[7,5],[6,2],[6,6],[16,-3],[8,-6],[3,-12],[4,-6],[9,-5],[6,-13],[6,-7],[4,1]],[[264,580],[-7,-9],[-2,-8],[-7,-11],[-11,3],[-6,-9],[1,-11],[-3,-7],[1,-16],[-7,-15]],[[48,544],[4,4],[-1,10],[6,6],[8,-1],[7,0],[8,-1],[4,-4],[7,10],[4,1],[4,22],[2,2],[8,5],[-4,17],[5,11],[2,14],[7,0],[5,10]],[[124,650],[7,-4],[36,4],[6,-5],[5,0],[4,-5],[13,-1],[7,-10],[3,-13],[14,-12],[8,-5],[6,-9],[9,0],[8,-3],[9,0]],[[534,376],[3,-11],[-4,-13],[-1,-11],[-4,-12],[-3,-1],[-3,6],[-2,-8],[1,-20],[4,-5],[1,-11],[-4,-7],[2,-18],[-1,-27],[-2,-8],[4,-6],[-4,-5],[3,-11],[5,-7],[6,-2],[-3,-11],[2,-9],[-3,-9]],[[531,170],[-7,3],[-6,-1],[-6,-6],[-7,0],[-4,-6],[-10,1],[-5,-1]],[[453,412],[18,9]],[[741,102],[4,6],[17,-4],[6,9],[10,6],[13,1],[6,6],[14,6],[7,9],[3,11]],[[821,152],[3,9],[6,12],[-2,10],[-9,7],[2,5],[1,18],[-6,9],[-6,3],[-5,11],[4,6]],[[822,376],[8,7],[8,-2],[4,7]],[[842,388],[6,-1],[1,-10],[5,-17],[8,-6],[10,-2],[8,-7],[14,-4],[8,0],[-2,11],[5,9],[8,-3],[5,-6],[4,9],[4,0],[6,9],[4,1],[12,11],[7,0],[2,5],[13,-3],[15,-8],[9,-11],[2,-6],[-1,-22],[-4,0],[5,-11],[3,0],[-4,-9],[-1,-23],[-2,-6],[0,-17],[-3,-6],[1,-6],[-6,-6],[-5,0],[-22,-5],[-13,-1],[-13,-13],[-6,-10],[-3,12],[15,8],[2,13],[-4,8],[0,-8],[-4,-3],[-1,5],[1,20],[4,3],[0,5],[-5,6],[-8,1],[-2,-6],[-8,-6],[-1,-17],[9,-11],[-3,-10],[2,-3],[-7,-3],[-8,-6],[-2,-4],[-1,-13],[8,0],[7,10],[-2,5],[8,-4],[2,-6],[-5,-7],[3,11],[-6,-4],[-6,-7],[-10,-8],[2,8],[-2,-1],[-2,-12],[2,-5],[-2,-15],[2,-4],[1,8],[9,13],[6,4],[-7,-19],[-6,-5],[-12,-25],[-4,-5],[-1,-15],[4,-13],[0,-7],[-4,-4],[1,-4],[3,-31],[-9,-41],[0,-12],[-16,-2],[-22,6],[-23,14],[-4,5],[-4,24],[-3,6],[-6,0],[-6,-6],[-7,-2],[-7,15],[-8,-2],[-22,0],[-3,8],[-6,4],[-3,12]],[[353,367],[-7,-2],[-9,-8],[-9,3],[-11,-6],[-6,-5],[-10,3],[-7,-5],[-10,4],[-5,3],[-24,-11]],[[830,528],[-3,-16],[5,-23],[0,-11],[-2,-8],[5,-14],[2,-28],[-9,-4],[-3,-5],[8,-7],[4,-6],[0,-8],[5,-10]],[[775,398],[-4,7],[-4,22],[-6,9],[-8,10],[-12,48],[0,16],[8,12],[9,2],[5,8],[7,1]],[[770,533],[4,-7],[3,-16],[4,-3],[1,16],[-3,7],[2,4],[18,-2],[3,-8],[6,10],[14,-6],[8,0]],[[638,144],[5,-7],[9,-10],[5,-12],[0,-8],[-5,-12],[0,-6]],[[652,89],[-11,-3],[-22,-12],[-6,-13],[-12,-13],[-7,-16],[-9,-14],[-5,-4]],[[580,14],[-2,25],[-3,5],[-4,29],[-1,18],[4,16],[5,2],[0,16],[-2,12],[-7,7],[-11,4],[-4,13],[4,17],[-2,6]],[[557,184],[4,7],[5,4],[32,2]],[[598,197],[3,-8],[0,-6],[-4,-11],[-1,-11],[2,-7],[8,-7],[4,-2],[11,-14],[6,0],[11,13]],[[671,261],[-4,-7],[-5,-5],[-5,1],[-5,-6],[-6,4],[-6,-4],[-3,-4]],[[637,240],[-12,1],[-15,-6]],[[610,235],[-2,1],[-9,16],[-8,2],[-2,5],[0,16],[-4,6],[-7,1],[-3,11],[0,8],[-6,12],[-6,17],[-5,10],[0,11],[-8,13],[-3,24]],[[769,542],[1,-9]],[[648,464],[1,12],[4,21],[6,14]],[[659,511],[12,-1],[3,1],[0,9],[4,3],[10,1],[24,-3],[4,7],[11,-2],[11,16],[12,3],[6,-5],[4,5],[9,-3]],[[610,235],[-3,-6],[-4,-12],[4,-6],[-9,-14]],[[557,184],[-14,5],[1,-5],[-8,-14],[-5,0]],[[831,690],[-8,-5],[-6,2],[-3,-3],[-13,7],[0,14],[-3,-1],[0,-7],[-6,8],[-11,12],[-2,-1],[0,-13],[5,0],[-4,-6],[-7,2],[-3,-7],[-7,-1],[-6,2],[-9,-1],[-13,0]],[[677,815],[7,15],[5,-4],[20,0],[7,-8],[8,3],[-3,10],[4,5],[9,-6],[6,1],[1,6],[5,7],[7,0],[5,2]],[[758,846],[6,-19],[11,-5],[-2,-8],[1,-10],[3,-2],[4,-12],[9,-5],[3,-11],[6,-12],[0,-7],[4,-7],[9,-11],[0,-4],[10,-6],[4,-6],[6,-28],[-1,-3]],[[637,240],[8,-4],[1,-13],[9,-9],[-1,-5],[-5,-4],[-1,-11],[6,-5]],[[654,189],[-2,-6],[5,-5],[-1,-6],[-12,-11],[-5,-11],[-1,-6]],[[373,231],[-4,3],[0,-25],[-16,-4],[-11,-11]],[[635,540],[8,6],[7,-7],[0,-9],[5,-7],[4,-12]],[[618,935],[8,2],[5,12],[6,11],[3,12],[0,12],[29,8],[11,7],[8,-5],[6,0],[10,-11],[3,1],[7,-11],[-4,-2],[9,-5],[-2,-5],[3,-10],[5,-4],[7,-14],[-1,-10],[5,-8],[0,-8],[5,-5],[-4,-4],[7,-12],[-1,-8],[3,-11],[6,-12],[6,-9]],[[821,152],[-25,14],[-9,11],[-9,3],[-16,4],[-11,-2],[-18,1],[-9,-3],[-10,7],[-11,-2],[-6,4],[-7,0],[-7,7],[-6,-6],[-8,-1],[-4,6],[-3,0],[-8,-6]],[[412,22],[-36,14],[-6,6],[-12,-4],[-4,1],[-13,10],[-16,1],[-9,-1],[-11,-6],[-22,-4],[-7,4],[-2,10],[5,20],[15,9],[1,14],[-3,0]],[[741,102],[-17,5],[-7,6],[-3,-2],[-12,-3],[-11,-7],[-10,-3],[-9,-4],[-20,-5]],[[246,792],[-4,-18],[-4,-8],[1,-9],[4,-9],[5,-15],[7,-5],[6,-9]],[[261,719],[-4,-14],[9,-7],[-4,-13],[-7,-6],[0,-4],[9,-16],[1,-9],[5,-10],[-1,-12]],[[124,650],[6,6],[2,7],[-3,4],[4,18],[8,3],[2,5],[-1,10],[6,7],[3,11],[-4,7],[6,10],[8,7],[2,11],[4,5],[0,11],[3,13],[5,11],[8,7],[2,6],[-2,21],[2,4],[10,12],[7,5]],[[580,14],[-7,0],[-5,-6],[-7,-5],[-10,0],[-7,-3],[-8,3],[-8,9],[-17,2],[-12,7],[-24,-2],[-8,3]],[[738,668],[10,-16],[1,-19],[10,-27],[8,-26],[2,-38]],[[417,676],[4,10],[1,18],[-9,10],[0,7],[-3,2],[1,15],[-9,11],[-8,2],[-3,5],[-1,23],[5,6],[2,8]],[[261,719],[15,-2],[4,-2],[4,-13],[6,-1],[3,-4],[11,-1],[9,1],[0,6],[3,7],[3,-7],[4,0],[3,-4],[3,6],[-3,10],[5,0],[1,4],[8,2],[1,5],[-3,12],[4,1],[2,11],[10,6],[3,0],[4,8],[7,4],[7,1],[4,16],[-2,6]],[[831,690],[7,-20],[0,-3],[6,-16],[2,-12],[-3,-8],[0,-16],[3,-6],[-2,-16],[-5,-12],[1,-7],[-8,-11],[-2,-7],[4,-10],[-4,-18]]],"transform":{"scale":[0.009466195105105107,0.004629411721721715],"translate":[20.24282597,43.65004995]},"bbox":[20.24282597,43.65004995,29.69955488,48.27483226]}