{"type":"Topology","objects":{"all":{"type":"GeometryCollection","bbox":[16.46998132,37.97779382,-46.96575286,-22.12645192],"geometries":[{"type":"MultiPolygon","properties":{"a":3651,"b":"Eastern Cape","c":26.419,"d":-32.1644},"arcs":[[[0,1]],[[2,3,4,5,6,7,8]]]},{"type":"Polygon","properties":{"a":3645,"b":"North West","c":25.1114,"d":-26.4882},"arcs":[[9,10,11,12,13,14,15]]},{"type":"Polygon","properties":{"a":3644,"b":"Western Cape","c":20.5832,"d":-33.5484},"arcs":[[-4,16,17]]},{"type":"MultiPolygon","properties":{"a":3642,"b":"ZAF-00 (Prince Edward Is. aggregation)","c":37.7395,"d":-46.8992},"arcs":[[[18]]]},{"type":"Polygon","properties":{"a":3648,"b":"Mpumalanga","c":30.097,"d":-25.7802},"arcs":[[19,20,21,22,23,24,25]]},{"type":"Polygon","properties":{"a":3649,"b":"Limpopo","c":29.3297,"d":-23.7633},"arcs":[[-25,26,-10,27]]},{"type":"Polygon","properties":{"a":3643,"b":"Northern Cape","c":20.8856,"d":-29.743},"arcs":[[-15,13,-13,28,-5,-18,29]]},{"type":"Polygon","properties":{"a":3647,"b":"Gauteng","c":27.9287,"d":-26.2539},"arcs":[[30,-11,-27,-24]]},{"type":"Polygon","properties":{"a":3650,"b":"KwaZulu-Natal","c":30.5705,"d":-28.6827},"arcs":[[-9,31,32,-20,33],[0,-2]]},{"type":"Polygon","properties":{"a":3646,"b":"Orange Free State","c":27.1242,"d":-28.233},"arcs":[[-23,21,-21,-33,34,6,-7,-6,-29,-12,-31]]}]}},"arcs":[[[632,666],[0,0]],[[632,666],[-3,-6],[-19,2],[-7,13],[2,7],[16,-3],[11,-13]],[[638,639],[-9,-9],[-11,-5],[-8,-7],[-10,-4],[-24,-24],[-15,-12],[-18,-8],[-4,-5],[-28,-14],[-20,-11],[-24,-9],[-20,2],[-19,-2],[-3,-7],[3,-4],[-13,0],[-10,3],[-12,-2],[-3,-7],[-13,0],[-32,7],[-12,0]],[[333,521],[2,6],[-16,3],[14,7],[-4,5],[-14,4],[-17,-1],[-7,3],[16,22],[11,-1],[-5,12],[5,6],[12,2],[7,4],[7,0],[10,3],[2,14]],[[356,610],[16,4],[4,11],[8,0],[21,9],[7,-1],[8,12],[-3,13]],[[417,658],[14,-3],[6,5],[13,3],[17,-7],[20,0],[2,4],[14,3],[3,7]],[[506,670],[1,0]],[[507,670],[3,0],[14,-12],[15,-2],[3,8],[11,13],[12,0],[18,5]],[[583,682],[4,-3],[-11,-9],[-5,-8],[10,0],[17,-6],[21,-2],[14,-8],[5,-7]],[[460,898],[4,-8],[14,-1],[12,6],[8,-11],[15,-5],[7,6],[24,-3],[5,-11]],[[549,871],[-3,-5],[-7,1],[0,-7],[-7,-2],[-2,-9],[-13,2],[-7,-3],[-2,-10],[-6,-1],[-3,-14],[18,2],[-4,-13]],[[513,812],[-2,-4],[-9,0],[-3,-3],[-19,1],[-19,-10],[3,-8],[-7,-2],[-12,-9],[-12,3],[-18,-6],[-19,-14]],[[396,760],[-8,6],[8,9],[-8,0],[-7,4],[1,-10],[-9,-10],[-6,7],[2,9],[-15,-2],[-3,15],[-14,-7],[-24,8],[-11,8],[4,6]],[[306,803],[0,0]],[[306,803],[-4,5],[3,8],[-17,5],[0,17],[-2,0]],[[286,838],[4,5],[5,19],[9,9],[9,2],[11,-2],[26,-14],[10,0],[21,-8],[15,5],[18,0],[9,5],[10,19],[4,16],[21,5],[2,-1]],[[333,521],[-11,0],[-2,-4],[-20,0],[-6,4],[-30,-4],[0,-3],[-11,-3],[-6,-6],[-15,2],[-7,-3],[-10,3],[-14,-2],[3,-3],[-18,0],[-20,-12],[-20,0],[-10,6],[-4,9],[-10,3],[-14,-3],[0,12],[-17,-2],[1,-8],[-6,7],[1,10],[6,4],[-11,17],[-13,13],[-5,11],[2,4],[9,-3],[10,7],[1,13],[-5,23],[-22,23]],[[59,636],[11,15],[12,0],[8,11],[7,1],[17,-11],[-1,-11],[8,-29],[-3,-6],[9,-1],[13,-6],[-4,-10],[3,-11],[6,-1],[0,7],[12,3],[12,6],[4,-3],[-6,-6],[5,-12],[11,-8],[14,1],[7,10],[12,2],[3,6],[18,10],[13,-1],[12,7],[8,20],[15,-8],[16,-3],[6,-5],[15,12],[9,1],[12,-6],[8,3],[5,-3]],[[994,1],[-13,-1],[6,5],[7,-4]],[[686,794],[-13,-5],[-11,3],[-8,-2],[-13,1],[-5,-3],[-15,0],[-3,-3]],[[618,785],[-8,-2],[-10,11],[-13,3],[-2,5],[-11,-1],[-9,3]],[[565,804],[0,0]],[[565,804],[-16,2]],[[549,806],[4,9],[9,6],[14,5],[-2,4],[-11,0],[-7,8],[7,5],[11,-1],[5,13],[14,15],[-20,0],[4,8],[-13,-1]],[[564,877],[-12,-1],[18,10],[13,2],[2,-4],[16,9],[-1,-8],[9,-9],[9,1],[7,10],[10,6],[-2,6],[13,2],[7,-2],[14,5],[9,-3],[9,-15],[-5,-4],[15,2],[-4,6],[11,9],[-10,5],[4,15],[-10,1],[29,5]],[[715,925],[0,-8],[6,-10],[0,-50],[-4,-5],[1,-7],[-4,-1],[-19,10],[-15,-7],[-4,-9],[-11,-11],[-1,-15],[6,0],[3,-9],[13,-9]],[[564,877],[2,-3],[-10,-4],[-7,1]],[[460,898],[15,13],[6,1],[4,19],[4,7],[15,10],[10,1],[3,6],[16,8],[10,12],[8,6],[14,0],[13,5],[1,6],[13,5],[26,2],[25,-9],[24,3],[19,-3],[14,-32],[-2,-13],[8,-6],[2,-9],[7,-5]],[[396,760],[-4,-8],[-2,-15],[-24,-40],[4,-6],[15,-9],[7,-8],[18,-14],[7,-2]],[[59,636],[-22,32],[-9,19],[-7,21],[-5,11],[-11,9],[-5,10],[12,5],[2,9],[6,8],[8,2],[7,-9],[6,1],[2,-20],[9,0],[27,-7],[27,2],[17,-6],[7,5],[-1,4],[11,2],[4,8],[18,3],[0,148],[19,-11],[10,-15],[9,-20],[3,-10],[-10,-11],[-2,-10],[4,-8],[9,3],[14,-3],[9,2],[17,0],[2,6],[13,2],[10,12],[17,8]],[[549,806],[-11,4],[-3,6],[-22,-4]],[[583,682],[6,4],[-2,6],[7,5],[1,6],[5,1],[0,8],[-4,7],[-15,7],[-6,6]],[[575,732],[9,9],[16,7],[12,8],[-2,4],[6,10],[-2,7],[4,8]],[[686,794],[12,-4],[21,0],[-1,13],[3,8],[6,-3],[35,0],[-1,-6],[-8,-20],[-6,-27],[-12,-18],[-14,-9],[-10,-3],[-19,-15],[-16,-19],[-29,-43],[-9,-9]],[[575,732],[-8,7],[-14,-1],[-11,-4],[-7,-6],[-11,-2],[-6,-9],[-8,-6],[-8,-10],[-12,-3],[16,-28]]],"transform":{"scale":[0.021529341841841847,0.024864165105105106],"translate":[16.46998132,-46.96575286]},"bbox":[16.46998132,-46.96575286,37.97779382,-22.12645192]}