{"type":"Topology","objects":{"all":{"type":"GeometryCollection","bbox":[5.9548092,10.46662683,45.82071849,47.80116608],"geometries":[{"type":"Polygon","properties":{"a":472,"b":"Neuchâtel","c":6.81788,"d":46.99489},"arcs":[[0,1,2,3,4,5,6,7]]},{"type":"Polygon","properties":{"a":470,"b":"Genève","c":6.08218,"d":46.20411},"arcs":[[8,9]]},{"type":"Polygon","properties":{"a":484,"b":"Schwyz","c":8.70763,"d":47.04332},"arcs":[[10,11,12,13,14,15,16]]},{"type":"Polygon","properties":{"a":493,"b":"Basel-Stadt","c":7.56826,"d":47.56393},"arcs":[[17,18]]},{"type":"Polygon","properties":{"a":474,"b":"Lucerne","c":8.1316,"d":47.07305},"arcs":[[19,-14,20,21,22,23]]},{"type":"Polygon","properties":{"a":485,"b":"Thurgau","c":9.09641,"d":47.57903},"arcs":[[24,25,26,27]]},{"type":"MultiPolygon","properties":{"a":490,"b":"Vaud","c":6.49329,"d":46.57355},"arcs":[[[-4,28,29,30,31,-10,32,-6,33],[34],[35]],[[-2,36,37]]]},{"type":"Polygon","properties":{"a":480,"b":"Glarus","c":9.08833,"d":46.99219},"arcs":[[38,39,-11,40]]},{"type":"Polygon","properties":{"a":475,"b":"Nidwalden","c":8.41356,"d":46.94216},"arcs":[[-13,41,42,43,44,-21]]},{"type":"Polygon","properties":{"a":488,"b":"Zug","c":8.51356,"d":47.16444},"arcs":[[-15,-20,45,46]]},{"type":"Polygon","properties":{"a":487,"b":"Zürich","c":8.64647,"d":47.4175},"arcs":[[-27,47,-16,-47,48,49,50,51,52]]},{"type":"Polygon","properties":{"a":486,"b":"Uri","c":8.65517,"d":46.79958},"arcs":[[-40,53,54,55,56,57,-42,-12]]},{"type":"MultiPolygon","properties":{"a":492,"b":"Bern","c":7.63074,"d":46.76751},"arcs":[[[58,59,-23,60,-44,61,-57,62,-30,63,-37,-1,64],[65]],[[66,67]]]},{"type":"Polygon","properties":{"a":477,"b":"Appenzell Ausserrhoden","c":9.2685,"d":47.36188},"arcs":[[68,69,70,71,72,73]]},{"type":"Polygon","properties":{"a":471,"b":"Jura","c":7.2073,"d":47.35622},"arcs":[[74,75,76,-67,77,-65,-8,78]]},{"type":"MultiPolygon","properties":{"a":496,"b":"Appenzell Innerrhoden","c":9.38998,"d":47.31121},"arcs":[[[-73,79]],[[80,-71]],[[81,-69]]]},{"type":"Polygon","properties":{"a":473,"b":"Aargau","c":8.18282,"d":47.43481},"arcs":[[-49,-46,-24,-60,82,83,84]]},{"type":"MultiPolygon","properties":{"a":489,"b":"Fribourg","c":7.11538,"d":46.67657},"arcs":[[[-36]],[[-35]],[[-5,-34]],[[-66]],[[-29,-3,-38,-64]]]},{"type":"Polygon","properties":{"a":482,"b":"Schaffhausen","c":8.57249,"d":47.71856},"arcs":[[-28,-53,85]]},{"type":"Polygon","properties":{"a":481,"b":"Graubünden","c":9.5818,"d":46.71623},"arcs":[[86,-54,-39,87,88]]},{"type":"MultiPolygon","properties":{"a":491,"b":"Basel-Landschaft","c":7.81575,"d":47.44273},"arcs":[[[-75,89,90]],[[91,92,93,94,-18,95,-84,96,-76]]]},{"type":"Polygon","properties":{"a":478,"b":"Sankt Gallen","c":9.22352,"d":47.20065},"arcs":[[97,-88,-41,-17,-48,-26],[-80,-72,-81,-70,-82,-74]]},{"type":"Polygon","properties":{"a":476,"b":"Valais","c":7.59259,"d":46.18033},"arcs":[[98,99,-31,-63,-56]]},{"type":"Polygon","properties":{"a":483,"b":"Schaffhausen","c":8.55009,"d":47.58002},"arcs":[[-51,100]]},{"type":"MultiPolygon","properties":{"a":494,"b":"Solothurn","c":7.71263,"d":47.31926},"arcs":[[[-91,101,-92]],[[-83,-59,-78,-68,-77,-97]],[[102,-94]]]},{"type":"Polygon","properties":{"a":479,"b":"Ticino","c":8.74571,"d":46.29582},"arcs":[[103,-99,-55,-87]]},{"type":"MultiPolygon","properties":{"a":495,"b":"Obwalden","c":8.19407,"d":46.86102},"arcs":[[[-58,-62,-43]],[[-61,-22,-45]]]}]}},"arcs":[[[198,678],[5,-5],[4,-8],[-2,-26],[34,16],[0,-5],[10,-7],[3,-5],[0,-16],[-10,-7],[-7,-26]],[[235,589],[-16,-22]],[[219,567],[-9,-11]],[[210,556],[-6,-8]],[[204,548],[-24,-32]],[[180,516],[-5,13],[0,13],[-4,7],[0,15],[-14,-13],[-6,-7],[-20,-17],[-5,-6],[-19,-1]],[[107,520],[1,16],[-3,13],[2,17],[11,10],[24,12],[14,17],[5,11],[-1,10],[5,12],[10,8],[0,9],[6,5],[14,19]],[[195,679],[3,-1]],[[58,247],[1,-14],[4,-11],[8,0],[1,-11],[-5,-9],[-15,-16],[-12,-21],[-6,-6],[-9,6],[-10,-1],[-10,-4],[-5,-5],[5,16],[0,5],[-5,15],[0,6],[5,6],[14,10],[5,-2],[6,7],[2,24],[3,16]],[[35,258],[13,-16],[10,5]],[[670,679],[-5,-34],[0,-11],[-6,-13],[-6,-5],[-3,-9],[9,-18],[1,-8],[5,-6],[-1,-16],[-5,-4]],[[659,555],[-12,-10],[-8,-6],[-2,11],[-5,11],[-8,0],[-4,4],[-13,-9],[-1,10],[-9,1],[-10,6],[-3,15],[-7,0]],[[577,588],[-16,-2],[-5,4]],[[556,590],[6,8],[2,6],[-10,16],[-8,3],[-5,-1],[-4,6],[7,17],[7,6]],[[551,651],[8,4],[3,-13],[14,1],[1,-5],[17,6],[8,16],[5,13],[-3,5]],[[604,678],[-2,9],[4,7],[8,8],[10,3]],[[624,705],[13,-3],[20,3],[7,-3],[1,-13],[5,-10]],[[375,873],[-2,-11],[-7,6],[-5,-3],[-15,13]],[[346,878],[15,12],[15,5],[-1,-12],[-9,-4],[9,-6]],[[542,666],[2,-6],[6,-4],[1,-5]],[[556,590],[-5,9],[-4,1],[-1,-6],[-9,0],[-3,5],[-8,-5],[-19,-1],[-5,-5],[0,-7]],[[502,581],[-11,-3],[-4,-3],[0,-11],[-9,-17],[-7,0],[-3,-18],[-5,-15],[3,-17],[-3,-9]],[[463,488],[-5,0],[-10,-6],[-6,12],[-18,25],[-3,17],[3,6],[0,14],[9,4],[5,10],[4,25],[-13,5],[0,9],[-5,13],[0,28],[4,10],[-3,19],[-9,32]],[[416,711],[20,5],[7,5],[0,12],[8,0],[5,-17],[17,11],[3,-6],[10,-3],[5,-12],[6,5],[5,18],[5,8],[9,-4],[11,-51],[5,-14],[10,-2]],[[640,933],[13,-10],[9,1],[8,5],[7,7],[26,-3],[12,0],[2,-8],[9,0],[9,-2],[60,-58],[1,-9]],[[796,856],[-21,-11],[-5,11],[-10,-15],[-5,-1],[-5,10],[0,10],[-2,5],[-5,-2],[-10,-7],[7,-1],[2,-9],[-2,-7],[-10,-4],[-13,4],[-7,6],[-3,5],[-2,-7],[-7,-3],[-8,1],[-2,4],[-8,0],[-6,-7],[6,-11],[0,-10],[-8,-4],[-3,-11],[-7,-15],[-3,0]],[[659,787],[-9,13],[5,13],[-5,6],[0,10],[-5,8],[4,4],[1,20],[-11,7],[-2,7],[2,4],[-4,5],[-13,11],[-7,9],[5,3],[9,-6],[5,16],[-4,15],[-3,-3]],[[627,929],[3,10],[4,0],[6,-6]],[[210,556],[13,-25],[6,2],[-1,-10],[4,-8],[-7,-10],[-1,-13],[-5,-15],[-5,-4],[5,-4],[-1,-5],[-14,-32],[-1,-7],[-14,-6],[-2,-14],[2,-23],[11,2],[9,-10],[-8,-14],[-8,4],[-3,-6],[5,-14],[5,0],[8,10],[6,-2],[11,-15],[4,-17],[1,-5],[7,4],[3,11],[5,6],[8,2],[12,18],[13,7],[7,8]],[[285,371],[3,-10],[-1,-17],[-4,-8],[0,-10],[-2,-11],[-6,-5],[3,-13],[-3,-14],[8,-9],[-1,-16]],[[282,258],[-7,-12],[0,-9],[-7,-17],[-6,-9],[-5,-10],[-17,-15],[-8,21],[-14,39],[-3,13],[-7,6],[-1,18],[-6,10],[-2,-2],[-14,3]],[[185,294],[-6,13],[-33,13],[-15,0],[-14,-4],[-20,-20],[-6,-4],[-8,0],[-6,-4],[-8,-8],[-6,-15],[-6,-16],[1,-2]],[[35,258],[4,18],[-5,13],[-12,13],[2,3],[-1,16],[11,32],[8,16],[-5,8],[-2,7],[4,7],[29,42],[16,14],[8,13],[10,9],[4,8],[0,10],[-4,7],[5,26]],[[180,516],[0,-12],[5,-15],[11,-6],[5,5],[4,-5],[7,1],[3,10],[-3,3],[1,17],[2,7],[-5,6],[3,6],[-9,15]],[[195,471],[-2,-6],[-7,-5],[4,-4],[5,5],[8,-3],[4,12],[-7,11],[-5,-10]],[[185,467],[-3,3],[-6,-10],[4,-6],[2,0],[3,13]],[[235,589],[9,-6]],[[244,583],[3,-17],[5,-18],[2,-5],[-5,-1],[-1,-11],[-8,-11],[-3,12],[-4,6],[-14,29]],[[728,555],[-8,-10],[-3,-7],[-10,-5],[-7,-7],[-5,0],[-5,6],[-7,-4],[-3,-17],[-5,-7],[-18,-11],[-4,6],[-8,2]],[[645,501],[0,15],[9,11],[8,5],[1,11],[-4,12]],[[670,679],[5,4],[12,-17],[3,-2],[23,-8],[-1,-31],[-9,-9],[4,-5],[11,3],[5,-7],[4,-13],[-2,-23],[3,-16]],[[577,588],[0,-2],[-3,-20],[-4,-6],[-16,-12],[3,-10],[0,-17]],[[557,521],[-10,0],[-6,6],[-5,-5],[-2,9],[-2,-8],[2,-19],[3,-3],[2,-8],[7,-9],[-7,-3]],[[539,481],[-5,7]],[[534,488],[-10,15],[0,26],[3,9],[0,12],[-10,12],[4,14],[-2,3],[-8,4],[-9,-2]],[[542,666],[-1,17],[-2,27],[3,8]],[[542,718],[4,-11],[8,-5],[17,4],[8,-2],[11,-16],[1,-5],[8,-6],[5,1]],[[659,787],[6,-18],[2,-17],[-7,-13],[-3,-8],[-13,-10],[-12,1],[-5,-5],[-3,-12]],[[542,718],[-5,21],[7,5],[7,18],[-7,-2],[-3,3],[0,15],[-7,10],[7,10],[0,6],[-2,6],[-8,24],[0,6],[0,16],[10,16],[5,16]],[[546,888],[5,2],[3,11],[8,6],[7,1],[5,-13]],[[574,895],[-4,-11],[6,-6],[5,15],[-1,2]],[[580,895],[2,6],[-1,16],[5,-4],[1,12],[-3,2]],[[584,927],[10,18],[10,0],[-2,-7],[4,-15],[4,-2],[9,0],[8,8]],[[645,501],[-8,-11],[-7,-21],[2,-5],[-7,-4],[-2,1],[-8,-5],[-5,-11],[-8,-4],[-5,-28],[5,-11],[2,-10],[-2,-8]],[[602,384],[-8,-6],[-20,8],[-4,-2],[-4,-17],[-9,-8]],[[557,359],[-7,6],[-4,9],[-4,13],[4,18],[0,12],[-2,4]],[[544,421],[-3,11],[1,7],[8,-1],[2,7],[-2,15],[1,17]],[[551,477],[8,5],[1,5],[-3,8],[3,14],[4,8],[-7,4]],[[355,755],[-4,-10],[-9,-6],[-14,-15],[-3,-8],[-18,-15],[5,-12],[4,-1],[1,-12],[5,0],[10,13],[5,1],[3,-12],[-5,-6],[-3,1],[-5,-7],[0,-9],[-5,-3],[-6,1],[-3,-2],[5,-13],[9,4],[3,-11],[7,5],[-1,13],[9,9],[6,12],[5,6],[5,-6],[13,0],[7,11],[0,5],[-8,21],[-8,11],[-4,14],[14,4],[8,5],[7,-15],[10,-2],[14,5]],[[414,731],[0,-13],[2,-7]],[[463,488],[11,-2],[14,-14],[9,5],[17,-5],[10,10],[10,6]],[[539,481],[12,-4]],[[544,421],[-3,0],[-4,-10],[-5,-16],[-1,-11],[-3,-8],[-7,-7],[-14,-13],[-13,-2],[-3,5],[-7,0],[-6,6],[-20,6],[-4,0],[-8,-6],[0,-13],[-15,-17],[-7,-3],[-5,0],[-28,-30],[-2,0],[-15,11],[-4,1],[-6,-10],[-13,-10],[4,-5],[-4,-4],[-10,-6],[-8,3],[-13,-2],[-8,-10],[-9,-5],[-3,12],[-9,-5],[-1,-7],[-8,-7]],[[285,371],[8,11],[7,1],[3,8],[-1,22],[4,6],[6,-4],[3,6],[1,18],[-15,15],[-3,6],[0,28],[4,17],[-1,16],[6,0],[4,7],[-1,11],[-18,3],[-11,6],[-4,0],[1,8],[0,11],[-1,10],[6,11],[-5,8],[-15,-9],[-19,-4]],[[198,678],[12,-6],[9,12],[10,4],[9,8],[6,15],[1,5],[9,0],[11,4],[0,11],[4,3],[0,11],[19,-6],[8,0],[9,6],[7,12],[5,-5],[24,-2],[14,5]],[[281,564],[0,0]],[[355,756],[-5,1],[3,10]],[[353,767],[5,-6],[-3,-5]],[[809,822],[-13,-9],[7,-5]],[[803,808],[0,-4],[-10,-9]],[[793,795],[2,9],[-5,9],[-4,-3],[2,-8],[-5,-3],[-2,-6]],[[781,793],[0,-21]],[[781,772],[-6,0],[-23,18],[-4,-21],[-6,-9],[-2,-12],[8,-26]],[[748,722],[-5,-1],[-10,8],[-11,3],[-5,5],[3,3],[-2,17],[5,8],[-6,1],[-2,8],[3,5],[4,12],[4,4],[10,3],[2,-3],[27,7],[3,11],[15,10],[7,7],[10,-7],[9,-1]],[[306,812],[1,-2],[10,-8]],[[317,802],[10,-17]],[[327,785],[18,-5],[3,-2],[5,-11]],[[355,756],[0,-1]],[[195,679],[5,11],[7,10],[15,18],[-2,13],[2,9],[3,8],[4,1],[4,7],[6,5],[1,6],[-8,13],[-4,-2],[-27,-5],[2,6],[6,15],[5,6],[0,8],[6,3],[9,12],[-4,18],[9,5],[9,-5],[10,4],[11,-6],[6,1],[-3,-13],[1,-9],[12,-7],[3,-6],[10,6],[13,1]],[[781,772],[-2,-28],[-6,-12],[-10,-14],[-6,-2],[-9,6]],[[793,795],[-3,3],[-9,-5]],[[809,822],[-6,-10],[0,-4]],[[414,731],[6,20],[11,15],[18,-6],[2,3],[7,16],[0,16],[-7,9],[-5,20],[-3,2]],[[443,826],[-4,2],[0,11],[-6,0],[-13,30],[-6,0],[0,-7],[-6,-8],[-4,1],[0,8],[-13,10]],[[391,873],[9,1],[9,10],[4,11],[2,-2],[14,-3],[4,-12],[28,0],[10,2],[8,14],[10,5],[2,6],[16,3],[10,-3],[6,-15],[8,-2],[15,0]],[[584,927],[-5,2],[-12,-4],[-10,-8],[-3,0],[-12,12],[-3,1],[2,5],[-2,9],[2,7],[9,9],[1,9],[6,12],[15,3],[2,4],[-2,8],[4,3],[10,-3],[1,-17],[5,0],[0,11],[5,1],[7,-13],[6,-1],[2,-8],[-5,-9],[5,-15],[11,0],[0,12],[6,0],[8,-6],[5,-8],[-5,-2],[3,-8]],[[710,177],[-7,9],[-13,23],[0,12],[-3,16],[3,11],[-2,9],[5,17],[0,14],[2,14],[-2,12],[0,12],[-3,7],[-5,-1],[-5,12],[-3,15],[2,16],[4,12],[-4,8],[-14,5],[0,9],[-10,-6],[-1,-14],[-14,-8],[-13,-5],[-17,2],[-8,6]],[[728,555],[2,-7],[3,1],[30,-7],[8,-8],[9,17],[3,20],[3,5],[2,7],[3,3],[-8,21],[-3,20]],[[780,627],[18,-6],[5,2],[3,-1],[13,1],[44,-20],[3,-9],[-2,-30],[9,-13],[23,-12],[10,-12],[13,-10],[12,3],[11,13],[2,14],[3,8],[14,0],[0,10],[4,12],[6,10],[8,6],[9,-17],[8,-14],[2,-8],[-2,-17],[-1,-27],[-3,-9],[-4,-8],[3,-22],[-9,-15],[0,-13],[-6,-13],[3,-10],[3,-7],[10,-3],[4,-6],[3,-10],[0,-12],[-5,-21],[-5,-2],[-15,7],[-13,1],[-5,9],[-9,5],[0,14],[-3,11],[-7,0],[-21,-9],[-3,-5],[-4,-21],[-6,-12],[-1,-28],[3,-5],[-3,-11],[3,-6],[6,-5],[10,-2],[5,-9],[-3,-14],[-7,-11],[0,-13],[3,-9],[8,-15],[4,-9],[-4,-9],[-5,-6],[-10,-6],[-7,1],[0,11],[-2,8],[-10,12],[-4,19],[-1,18],[-10,7],[-15,-1],[-20,-16],[-7,6],[-5,-3],[0,-15],[-3,-8],[-5,-3],[-25,0],[-10,9],[-8,24],[-7,6],[0,13],[-3,53],[-5,-5],[-3,-11],[-4,0],[-6,9],[0,7],[-15,-1],[-4,-6],[-5,-13],[-1,-12],[5,-10],[0,-19],[3,-17],[-2,-18],[-6,-21],[-4,-18],[-1,-5],[-9,-10],[-3,-15]],[[306,812],[11,0]],[[317,812],[0,-10]],[[317,802],[11,2],[4,2],[-2,10],[-5,6]],[[325,822],[1,10],[-4,7],[4,4],[4,-4]],[[330,839],[0,-11],[2,-5],[18,4],[-2,17],[-10,1]],[[338,845],[-1,10],[4,0],[1,8],[-5,4],[9,11]],[[375,873],[8,-5],[8,5]],[[443,826],[-2,-13],[2,-6],[-7,-7],[-10,-2],[-2,-9],[-14,-11],[-5,-12],[-6,2],[-5,8],[-10,6],[-9,-2],[-4,15],[2,5],[7,2],[4,10],[0,9],[2,2],[2,11],[-9,9],[-4,-4],[-9,0],[0,-6],[4,-5],[-2,-11],[-3,-5],[-7,-1],[0,-9],[-7,-1],[-5,-8],[-6,-2],[-8,4],[-5,-10]],[[796,856],[7,-19],[8,-5],[7,-9],[0,-22],[-2,-7],[-10,-17],[-3,-17],[-7,-15],[-10,-28],[-5,-17],[2,-26],[5,-14],[0,-11],[-8,-17],[0,-5]],[[557,359],[-6,-15],[-10,-6],[-4,-21]],[[537,317],[-14,-8],[-7,-15],[3,-8],[-6,-12],[-7,-5],[-12,-23],[-3,-5],[-10,-4],[-10,-10],[-3,-9],[6,-9],[7,-21],[0,-18],[-4,-17],[-9,-12],[-10,-5],[-2,-11],[-2,-22],[-5,-13],[-3,-4],[-17,-6],[-5,-5],[-4,-16],[-1,-8],[-4,-4],[-11,1],[-10,6],[-6,-1],[-7,11],[-7,9],[-23,8],[-9,-12],[-10,-6],[-14,-16],[-6,-4],[-17,4],[-9,-9],[-14,-8],[-8,-2],[-14,2],[-5,5],[-10,18],[-7,34],[-15,27],[-5,4],[-7,-5],[-3,1],[1,22],[2,11],[-2,5],[-19,6],[0,8],[5,36],[8,23],[-6,15],[-7,13],[-5,12],[1,5],[6,11],[3,13]],[[574,895],[6,0]],[[317,812],[8,10]],[[330,839],[5,-1],[3,7]],[[710,177],[-17,-18],[-5,-16],[0,-18],[-8,-9],[-6,-12],[3,-18],[-7,-11],[5,-17],[4,-7],[6,-4],[2,-9],[0,-8],[-5,-17],[-7,-13],[-8,2],[-7,5],[-8,-5],[3,21],[0,8],[-3,14],[-7,19],[-2,5],[-16,12],[-4,0],[4,18],[7,13],[3,12],[-5,12],[-3,1],[-12,0],[-5,9],[-5,-9],[-5,1],[-10,9],[-6,5],[-14,33],[-6,9],[-12,9],[-7,13],[0,26],[4,27],[0,13],[0,27],[-4,7],[-10,1]]],"transform":{"scale":[0.004516333963963963,0.001982430020020024],"translate":[5.9548092,45.82071849]},"bbox":[5.9548092,45.82071849,10.46662683,47.80116608]}