{"type":"Topology","objects":{"all":{"type":"GeometryCollection","bbox":[35.72339928,42.37718551,32.31304169,37.32490631],"geometries":[{"type":"Polygon","properties":{"a":3050,"b":"Quneitra","c":35.91372,"d":33.09354},"arcs":[[0,1,2]]},{"type":"Polygon","properties":{"a":3046,"b":"Hasaka (Al Haksa)","c":40.58726,"d":36.63314},"arcs":[[3,4,5]]},{"type":"Polygon","properties":{"a":3045,"b":"Idlib","c":36.6439,"d":35.81236},"arcs":[[6,7,8,9]]},{"type":"Polygon","properties":{"a":3043,"b":"Hamah","c":37.08787,"d":35.13712},"arcs":[[10,11,12,13,14,-7]]},{"type":"Polygon","properties":{"a":3042,"b":"Aleppo (Halab)","c":37.57503,"d":36.40526},"arcs":[[15,-11,-10,16]]},{"type":"Polygon","properties":{"a":3048,"b":"As Suwayda'","c":36.87306,"d":32.75775},"arcs":[[17,18,19]]},{"type":"Polygon","properties":{"a":3038,"b":"SYR-00 (UNDOF aggregation)","c":35.86707,"d":33.14643},"arcs":[[-2,20,21,22]]},{"type":"Polygon","properties":{"a":3041,"b":"Ar Raqqah","c":38.93714,"d":35.98374},"arcs":[[-5,23,24,-12,-16,25]]},{"type":"Polygon","properties":{"a":3051,"b":"Dar`a","c":36.10191,"d":32.81448},"arcs":[[-19,26,-21,-1,27]]},{"type":"Polygon","properties":{"a":3040,"b":"Tartus","c":36.08458,"d":34.90607},"arcs":[[-14,28,29,30]]},{"type":"Polygon","properties":{"a":3047,"b":"Dayr Az Zawr","c":40.28068,"d":35.15472},"arcs":[[31,32,-24,-4]]},{"type":"Polygon","properties":{"a":3039,"b":"Lattakia (Al Ladhiqiyah)","c":35.98526,"d":35.56455},"arcs":[[-8,-15,-31,33]]},{"type":"Polygon","properties":{"a":3044,"b":"Homs (Hims)","c":38.2912,"d":34.39884},"arcs":[[-33,34,35,36,-29,-13,-25]]},{"type":"Polygon","properties":{"a":3049,"b":"Damascus","c":36.86079,"d":33.51537},"arcs":[[37,-20,-28,-3,-23,38,-36]]}]}},"arcs":[[[35,178],[-1,-10],[5,-6],[-5,-7],[-1,-16],[3,-9],[-6,-3],[1,-10],[-13,-14]],[[18,103],[7,19],[5,8],[-7,5],[-3,17],[1,5],[6,2],[1,12],[-8,10],[-1,9],[-4,2],[2,8]],[[17,200],[9,-5],[-3,-6],[12,-2],[0,-9]],[[838,645],[-17,2],[-30,2],[-29,8],[-5,3],[-111,119],[-20,21],[-13,27]],[[613,827],[-5,8],[-22,11],[-12,-2],[-12,13],[-4,16]],[[558,873],[48,9],[32,13],[15,10],[17,6],[34,24],[17,3],[20,13],[7,3],[28,5],[37,-8],[8,-5],[42,3],[80,19],[7,5],[11,11],[12,15],[3,-7],[9,-1],[10,-12],[-2,-11],[3,-3],[0,-9],[3,-10],[-5,-3],[-75,-86],[-9,-5],[-55,-13],[-6,-1],[-16,-32],[-5,-57],[0,-7],[16,-36],[2,-13],[1,-27],[-3,-13],[-6,-8]],[[224,645],[-3,-1],[-7,-13],[-7,-6],[-5,-13],[10,3],[0,-11],[-3,0],[-6,-5],[-9,0],[-2,10],[1,11],[-12,-13],[-4,0],[-6,7],[-6,4],[-18,-6],[-18,5],[-8,0],[-5,6],[-11,0],[-4,11],[-1,18],[4,22],[-9,3],[-4,7],[-10,-2],[-2,3]],[[79,685],[5,8],[-20,0],[0,5]],[[64,698],[3,21],[4,6],[10,2],[1,6],[12,0],[0,35],[3,8],[12,-2],[5,5],[17,-2],[9,4],[1,6],[-3,8]],[[138,795],[19,5],[2,-7],[8,-11],[-5,-11],[-11,-8],[0,-3],[8,-11],[13,-8],[3,-13],[17,-30],[14,-8],[0,-8],[-7,-5],[7,-17],[11,-13],[7,-2]],[[224,645],[13,-4],[6,-5],[34,1],[16,-11],[20,-4],[64,0]],[[377,622],[10,-10]],[[387,612],[0,-27],[-3,-6],[-6,-10],[0,-16],[-21,-11],[-8,-5],[-3,-9],[0,-7],[-5,-6],[-9,11],[-14,11],[0,8],[-4,8],[-6,0],[-5,5],[-26,-5],[-8,-6],[-3,-8],[1,-11],[-7,4],[-17,0],[-2,-4],[-5,1],[-5,-11],[-6,0],[-4,6],[-9,-6],[-3,3],[-11,-6],[-11,-8],[-8,19],[-6,5],[-11,-5],[-11,-2],[-13,-6],[-17,-1],[-1,9],[-5,0],[-7,-9],[-2,-12],[-11,5],[-4,-5],[-2,10]],[[89,515],[-7,6],[-2,8],[-18,2],[-1,5],[14,3],[5,11],[-1,30]],[[79,580],[-1,8],[-6,32],[3,22],[0,19],[-3,10],[3,3],[1,10],[3,1]],[[437,882],[2,-11],[-2,-3],[-10,-2],[1,-7],[5,-2],[6,5],[3,-2],[-1,-19],[-4,-22],[-7,-8],[-12,-11],[-12,-8],[-31,-5],[-14,-5],[-11,-19],[2,-14],[10,-15],[6,-6],[-3,-11],[-12,-18],[-4,-11],[-3,-17],[-1,-11],[32,-38]],[[138,795],[-9,6],[2,5],[-7,10],[-3,14],[4,11],[1,18],[5,12],[1,13],[8,16],[27,-11],[16,-2],[10,-9],[2,-7],[-2,-6],[6,-8],[8,8],[7,-3],[13,3],[25,-5],[6,0],[23,16],[8,5],[26,6],[31,13],[14,11],[15,5],[9,-2],[29,-9],[8,-5],[16,-18]],[[266,74],[-12,-8],[-89,-65],[-14,2],[-6,-2],[-6,5],[-20,3]],[[119,9],[1,25],[-4,7],[0,8],[-7,3],[-7,0],[0,11],[6,5],[-2,6],[-11,2],[1,8],[-1,20],[-4,13],[1,8],[12,10],[8,3],[10,-2],[-1,11],[-6,0],[-3,10],[0,13],[5,3],[9,3]],[[126,176],[39,5],[12,-10],[1,-6],[5,-5],[1,-8],[4,-3],[14,-3],[5,-2],[5,-12],[6,-5],[9,0],[4,-3],[2,-15],[33,-35]],[[18,103],[-4,-10],[-8,-6]],[[6,87],[3,5],[7,11],[2,13],[7,9],[-6,10],[-2,19],[-4,5],[3,9],[-3,8],[-1,10],[-6,4],[6,8],[-7,5],[8,5],[2,9],[6,5]],[[21,222],[0,-5],[-6,-11],[2,-6]],[[613,827],[-25,-120],[-1,-14],[4,-6],[-63,-102]],[[528,585],[-84,24],[-45,5],[-12,-2]],[[437,882],[14,-9],[9,-2],[25,2],[12,1],[22,-9],[39,8]],[[119,9],[-19,3],[-16,16],[-17,14],[-3,-3],[-14,2],[0,3],[-8,14],[0,10],[-7,0],[-9,11],[-16,5],[-4,3]],[[35,178],[7,-7],[8,5],[12,0],[12,5],[2,14],[15,-17],[8,-2],[1,5],[17,14],[9,-14],[0,-5]],[[89,515],[-7,-3],[0,-8],[-9,-10],[-14,-25],[-1,-8]],[[58,461],[-8,0],[-14,5],[-6,17],[0,11],[-3,8],[-6,18],[2,11],[4,8],[-2,17],[10,19],[-5,13]],[[30,588],[10,-5],[5,-4],[24,1],[5,2],[5,-2]],[[838,645],[-7,-11],[-2,-25],[-8,-26],[-1,-17],[2,-67],[-1,-11],[-34,-73],[-4,-2],[-38,-11],[-38,-25],[-40,-26]],[[667,351],[-84,132],[-26,43],[1,16],[-11,22],[-4,8],[-15,13]],[[30,588],[-1,5],[1,6],[-2,21],[-8,11],[-6,5],[-8,0],[2,6],[-7,5],[8,16],[-3,6],[6,2],[5,14],[-1,8],[-5,11],[7,0],[6,3],[4,12],[11,1],[1,-11],[14,-3],[10,-8]],[[667,351],[-27,-19],[-33,-22],[-33,-23],[-49,-33],[-35,-22],[-69,-46],[-32,-24]],[[389,162],[-61,55],[-10,7],[-12,3],[-18,14],[-10,16],[-5,15],[-18,17],[-15,16],[-12,19],[-10,3],[-17,11],[-7,8],[-8,16],[-15,19],[-10,-4],[-21,3],[-8,-5]],[[132,375],[-7,14],[2,8],[-5,2],[-3,8],[2,11],[-13,11],[-3,6],[-15,-1],[0,5],[9,8],[3,9],[4,-3],[1,8],[-7,-2],[-12,13],[-8,-11],[-22,0]],[[389,162],[-40,-27],[-18,-13],[-27,-19],[-38,-29]],[[21,222],[8,7],[2,12],[8,2],[7,6],[-1,7],[-14,6],[-1,6],[3,2],[0,8],[15,22],[14,5],[8,-3],[5,5],[12,-5],[7,-2],[2,8],[-8,3],[-7,7],[8,14],[14,14],[9,0],[3,8],[9,10],[8,11]]],"transform":{"scale":[0.006660446676676671,0.005016881501501506],"translate":[35.72339928,32.31304169]},"bbox":[35.72339928,32.31304169,42.37718551,37.32490631]}