{"type":"Topology","objects":{"all":{"type":"GeometryCollection","bbox":[25.66325931,44.80699283,35.81977855,42.09878164],"geometries":[{"type":"Polygon","properties":{"a":3274,"b":"Gümüshane","c":39.3921,"d":40.2619},"arcs":[[0,1,2,3]]},{"type":"Polygon","properties":{"a":3226,"b":"Antalya","c":31.3286,"d":37.07},"arcs":[[4,5,6,7,8,9,10]]},{"type":"Polygon","properties":{"a":3261,"b":"Ankara","c":32.6629,"d":39.7511},"arcs":[[11,12,13,14,15,16,17]]},{"type":"Polygon","properties":{"a":3263,"b":"Zinguldak","c":32.2755,"d":41.3437},"arcs":[[18,19,20,21]]},{"type":"Polygon","properties":{"a":3235,"b":"Elazig","c":39.2955,"d":38.5684},"arcs":[[22,23,24,25,26]]},{"type":"Polygon","properties":{"a":3272,"b":"Aksaray","c":33.8623,"d":38.3752},"arcs":[[27,28,29,-14,30]]},{"type":"Polygon","properties":{"a":3259,"b":"Mus","c":41.6691,"d":38.9547},"arcs":[[31,32,33,34,35,36]]},{"type":"Polygon","properties":{"a":3268,"b":"Sanliurfa","c":38.9624,"d":37.1994},"arcs":[[37,38,39,40,41]]},{"type":"Polygon","properties":{"a":3260,"b":"Bitlis","c":42.4059,"d":38.5949},"arcs":[[42,43,-32,44,45]]},{"type":"Polygon","properties":{"a":3236,"b":"K. Maras","c":36.9861,"d":37.9238},"arcs":[[46,47,48,49,50,51]]},{"type":"Polygon","properties":{"a":3265,"b":"Karaman","c":33.4471,"d":37.232},"arcs":[[52,-6,53]]},{"type":"Polygon","properties":{"a":3266,"b":"Usak","c":29.3252,"d":38.5568},"arcs":[[54,55,56,57]]},{"type":"Polygon","properties":{"a":3282,"b":"Hakkari","c":43.9927,"d":37.4986},"arcs":[[58,59,60]]},{"type":"Polygon","properties":{"a":3232,"b":"Manisa","c":28.1544,"d":38.7735},"arcs":[[61,-57,62,63,64,65]]},{"type":"Polygon","properties":{"a":3222,"b":"Sakarya","c":30.5576,"d":40.7408},"arcs":[[66,67,68,69,70]]},{"type":"Polygon","properties":{"a":3256,"b":"Agri","c":43.0182,"d":39.6042},"arcs":[[71,72,-45,-37,73,74]]},{"type":"Polygon","properties":{"a":3277,"b":"Mardin","c":40.7898,"d":37.3751},"arcs":[[75,76,-38,77,78]]},{"type":"Polygon","properties":{"a":3231,"b":"Kütahya","c":29.6151,"d":39.241},"arcs":[[79,80,81,-58,-62,82,83]]},{"type":"Polygon","properties":{"a":3224,"b":"Eskisehir","c":31.0661,"d":39.5875},"arcs":[[-16,84,85,-81,86,87]]},{"type":"Polygon","properties":{"a":3258,"b":"Diyarbakir","c":40.2424,"d":38.1406},"arcs":[[88,-78,-42,89,90,-23,91,-34]]},{"type":"Polygon","properties":{"a":3252,"b":"Erzurum","c":41.4879,"d":40.0254},"arcs":[[-74,-36,92,93,94,95,96,97]]},{"type":"Polygon","properties":{"a":3241,"b":"Nevsehir","c":34.6302,"d":38.7348},"arcs":[[98,99,100,-28,101]]},{"type":"Polygon","properties":{"a":3225,"b":"Kastamonu","c":33.7053,"d":41.5114},"arcs":[[102,103,104,-19,105]]},{"type":"Polygon","properties":{"a":3245,"b":"Giresun","c":38.4864,"d":40.6247},"arcs":[[-3,106,107,108,109,110]]},{"type":"Polygon","properties":{"a":3219,"b":"Bursa","c":29.0197,"d":40.1222},"arcs":[[-69,111,-84,112,113,114,115]]},{"type":"MultiPolygon","properties":{"a":3213,"b":"Balikesir","c":27.8745,"d":39.6304},"arcs":[[[-113,-83,-66,116,117,118,119]],[[120]]]},{"type":"MultiPolygon","properties":{"a":3220,"b":"Istanbul","c":28.5707,"d":41.2015},"arcs":[[[121,-115,122]],[[123,124]],[[125,126,127]]]},{"type":"Polygon","properties":{"a":3281,"b":"Tunceli","c":39.434,"d":39.2039},"arcs":[[128,-26,129]]},{"type":"Polygon","properties":{"a":3283,"b":"Van","c":43.5903,"d":38.507},"arcs":[[130,-61,131,132,-46,-73]]},{"type":"Polygon","properties":{"a":3216,"b":"Kirklareli","c":27.4743,"d":41.6914},"arcs":[[-127,133,134,135]]},{"type":"Polygon","properties":{"a":3227,"b":"Afyon","c":30.8194,"d":38.762},"arcs":[[136,137,138,139,-55,-82,-86]]},{"type":"Polygon","properties":{"a":3238,"b":"Mersin","c":33.8574,"d":36.7981},"arcs":[[140,141,-7,-53,142,143]]},{"type":"Polygon","properties":{"a":3228,"b":"Burdur","c":30.1815,"d":37.5052},"arcs":[[-10,144,145,-139,146]]},{"type":"Polygon","properties":{"a":3251,"b":"Artvin","c":41.8847,"d":41.2103},"arcs":[[147,-97,148,149]]},{"type":"Polygon","properties":{"a":3242,"b":"Hatay","c":36.2179,"d":36.3467},"arcs":[[150,151,152]]},{"type":"Polygon","properties":{"a":3223,"b":"Bolu","c":31.633,"d":40.6591},"arcs":[[153,-17,-88,154,-67,155,-21]]},{"type":"Polygon","properties":{"a":3240,"b":"Kayseri","c":35.901,"d":38.7182},"arcs":[[-51,156,157,-100,158,159]]},{"type":"Polygon","properties":{"a":3269,"b":"Adana","c":35.5435,"d":37.39},"arcs":[[-50,160,-153,161,-141,162,-157]]},{"type":"Polygon","properties":{"a":3264,"b":"Konya","c":32.4463,"d":37.8545},"arcs":[[-30,163,-143,-54,-5,164,-137,-85,-15]]},{"type":"Polygon","properties":{"a":3244,"b":"Çorum","c":34.7657,"d":40.4894},"arcs":[[165,166,167,168,169,-104,170]]},{"type":"Polygon","properties":{"a":3239,"b":"Kirsehir","c":34.0865,"d":39.3039},"arcs":[[-102,-31,-13,171,172]]},{"type":"Polygon","properties":{"a":3246,"b":"Ordu","c":37.5843,"d":40.8294},"arcs":[[-109,173,174,175,176]]},{"type":"Polygon","properties":{"a":3278,"b":"Batman","c":41.4548,"d":37.7459},"arcs":[[177,-79,-89,-33,-44]]},{"type":"Polygon","properties":{"a":3248,"b":"Sivas","c":37.2549,"d":39.5794},"arcs":[[178,179,-52,-160,180,181,-174,-108]]},{"type":"Polygon","properties":{"a":3221,"b":"Kocaeli","c":29.9461,"d":40.8745},"arcs":[[-70,-116,-122,182,-124,183]]},{"type":"Polygon","properties":{"a":3234,"b":"Adiyaman","c":38.3614,"d":37.7704},"arcs":[[-90,-41,184,-48,185]]},{"type":"Polygon","properties":{"a":3280,"b":"Sirnak","c":42.3981,"d":37.494},"arcs":[[-60,186,-76,187,-132]]},{"type":"Polygon","properties":{"a":3233,"b":"Mugla","c":28.1888,"d":37.2643},"arcs":[[188,-145,-9,189,190]]},{"type":"Polygon","properties":{"a":3276,"b":"Kars","c":42.9928,"d":40.2495},"arcs":[[-75,-98,-148,191]]},{"type":"Polygon","properties":{"a":3237,"b":"Malatya","c":37.8355,"d":38.5665},"arcs":[[-24,-91,-186,-47,-180,192]]},{"type":"Polygon","properties":{"a":3250,"b":"Tokat","c":36.9093,"d":40.453},"arcs":[[-175,-182,193,194,195]]},{"type":"Polygon","properties":{"a":3215,"b":"Edirne","c":26.5868,"d":41.2066},"arcs":[[-135,196,197,198]]},{"type":"Polygon","properties":{"a":3212,"b":"Izmir","c":27.3693,"d":38.2341},"arcs":[[-65,199,200,-117]]},{"type":"Polygon","properties":{"a":3217,"b":"Tekirdag","c":27.3286,"d":41.1288},"arcs":[[201,202,-197,-134,-126]]},{"type":"Polygon","properties":{"a":3249,"b":"Samsun","c":35.9371,"d":41.1726},"arcs":[[-176,-196,203,-166,204,205]]},{"type":"Polygon","properties":{"a":3211,"b":"Aydin","c":27.8881,"d":37.7494},"arcs":[[206,-191,207,-200,-64]]},{"type":"Polygon","properties":{"a":3230,"b":"Isparta","c":30.8376,"d":37.9475},"arcs":[[-165,-11,-147,-138]]},{"type":"Polygon","properties":{"a":3271,"b":"Nigde","c":34.7227,"d":37.9936},"arcs":[[-158,-163,-144,-164,-29,-101]]},{"type":"Polygon","properties":{"a":3267,"b":"Gaziantep","c":37.2269,"d":36.9777},"arcs":[[-40,208,-151,-161,-49,-185]]},{"type":"Polygon","properties":{"a":3273,"b":"Yozgat","c":35.3172,"d":39.6981},"arcs":[[-194,-181,-159,-99,-173,209,-168,210]]},{"type":"Polygon","properties":{"a":3257,"b":"Bingöl","c":40.7845,"d":39.0429},"arcs":[[-35,-92,-27,-129,211,-93]]},{"type":"Polygon","properties":{"a":3255,"b":"Trabzon","c":39.7867,"d":40.8041},"arcs":[[212,213,-4,-111,214]]},{"type":"MultiPolygon","properties":{"a":3214,"b":"Çanakkale","c":26.8784,"d":39.9514},"arcs":[[[215]],[[216]],[[-119,217]],[[218,-198,-203]]]},{"type":"Polygon","properties":{"a":3247,"b":"Sinop","c":35.0056,"d":41.5736},"arcs":[[-205,-171,-103,219]]},{"type":"Polygon","properties":{"a":3275,"b":"Bayburt","c":40.2213,"d":40.2769},"arcs":[[-95,220,-1,-214]]},{"type":"Polygon","properties":{"a":3243,"b":"Amasya","c":35.8518,"d":40.6926},"arcs":[[-195,-211,-167,-204]]},{"type":"Polygon","properties":{"a":3279,"b":"Siirt","c":42.1621,"d":37.8899},"arcs":[[-133,-188,-178,-43]]},{"type":"Polygon","properties":{"a":3218,"b":"Bilecik","c":30.104,"d":40.067},"arcs":[[-155,-87,-80,-112,-68]]},{"type":"Polygon","properties":{"a":3229,"b":"Denizli","c":29.3199,"d":37.7747},"arcs":[[-146,-189,-207,-63,-56,-140]]},{"type":"Polygon","properties":{"a":3262,"b":"Çankiri","c":33.374,"d":40.7419},"arcs":[[-170,221,-18,-154,-20,-105]]},{"type":"Polygon","properties":{"a":3270,"b":"Kinkkale","c":33.7543,"d":39.8162},"arcs":[[-169,-210,-172,-12,-222]]},{"type":"Polygon","properties":{"a":3253,"b":"Erzincan","c":39.3127,"d":39.6886},"arcs":[[-94,-212,-130,-25,-193,-179,-107,-2,-221]]},{"type":"Polygon","properties":{"a":3254,"b":"Rize","c":40.806,"d":40.9309},"arcs":[[-96,-213,222,-149]]}]}},"arcs":[[[739,753],[2,-22],[0,-23],[-3,-20],[3,-21]],[[741,667],[-5,-12],[-9,-8],[-8,0],[-9,7],[-11,16],[-7,6]],[[692,676],[-2,32],[8,10],[1,9],[-5,6],[-5,4],[-1,18],[2,9],[0,9],[7,12],[6,2]],[[703,787],[4,4],[7,-21],[12,-11],[4,-1],[2,12],[4,-7],[3,-10]],[[296,255],[6,-13],[5,0],[14,-7],[13,-28],[3,-7],[10,-19],[-1,-8],[0,-9],[7,-3],[1,-15],[0,-11]],[[354,135],[4,-22],[5,-10],[2,-5]],[[365,98],[-2,-9],[0,-25],[-2,-20]],[[361,44],[-8,6],[-8,18],[-1,10],[-8,28],[-4,8],[-6,4],[-9,13],[-17,19],[-4,6],[-21,8],[-8,-1],[-5,7],[-6,-17],[-2,-26],[3,-7],[-4,-13],[-3,-18],[3,-9],[-7,-20],[0,10],[-6,8],[-7,-3],[0,-7],[-17,-11],[-2,-8],[-2,6],[-4,-8],[-2,14],[-6,-1],[-4,10],[-5,-4],[-4,9]],[[187,75],[6,26],[5,3],[0,9],[6,10],[0,19],[6,31]],[[210,173],[6,11],[5,31],[10,11],[11,10],[2,-1],[4,-10],[19,0],[4,15],[4,7]],[[275,247],[4,-3],[9,4],[2,6],[6,1]],[[413,719],[0,-13],[0,-29],[7,-17],[-2,-7],[-10,-10],[-1,-21],[2,-8],[2,-42],[-2,-24]],[[409,548],[2,-8],[9,-14],[2,-8],[10,-8],[-2,-4]],[[430,506],[0,-10],[2,-23],[-6,-10],[-10,-6],[-9,-9]],[[407,448],[-6,26],[2,26],[-3,24],[-12,17],[-2,0],[-3,-15],[-3,-3],[-5,7],[-9,-20],[-4,5],[-7,-9],[-10,10],[-8,-6],[-9,18],[-5,4]],[[323,532],[7,10],[3,12],[-3,7],[0,26],[-5,18],[-4,23],[4,7],[-2,10],[-4,2],[-3,21],[-5,2],[-11,-2],[-1,6],[-9,0],[-2,-6],[-5,5],[-9,-5],[0,12],[-3,8]],[[271,688],[8,15],[3,28],[10,-12],[8,2],[7,-8],[6,6],[8,0],[15,10],[4,4],[6,-2],[4,5],[5,15],[-1,21],[3,4]],[[357,776],[8,-1],[15,-15],[3,-11],[9,-16],[4,-15],[4,1],[4,9],[9,-9]],[[366,957],[1,-14],[5,-16],[3,-17],[5,0],[3,-18],[0,-7],[-5,-19],[1,-18]],[[379,848],[-3,-5],[-5,2],[-1,-17],[-11,4],[-14,-8]],[[345,824],[-19,3],[-19,7],[-11,13]],[[296,847],[4,11],[0,17],[13,12],[19,28],[6,5],[6,19],[7,2],[3,7],[12,9]],[[764,423],[-19,-1],[-5,3],[-4,-14],[-2,-5],[-8,0],[-8,-5],[-9,3],[-7,-2]],[[702,402],[-8,-4],[-9,18],[-4,-3],[-5,5],[-8,5],[-5,9],[0,17],[5,8],[0,10],[9,0],[-3,27],[2,15],[4,0]],[[680,509],[2,2]],[[682,511],[3,-6],[-1,-14],[1,-5],[10,3],[12,-7],[13,-15],[4,8],[8,1],[9,12],[2,15],[-2,12],[8,5]],[[749,520],[12,17],[5,4],[3,-7],[-5,-18],[0,-24],[4,-14],[-2,-17],[-4,3],[-2,-18],[2,-10],[2,-13]],[[447,494],[0,-28],[0,-17],[8,-4],[-1,-23],[6,-14]],[[460,408],[-18,-61]],[[442,347],[-3,2],[-13,-9],[-4,1],[-15,-6],[-7,17],[-4,27],[0,13],[3,20],[4,24],[4,12]],[[430,506],[7,-6],[2,-11],[8,5]],[[885,506],[-8,-11],[-8,2],[-9,-9],[-2,-10],[-6,0],[0,-5],[1,-14],[-8,-16],[-9,1],[-8,-9]],[[828,435],[-6,-3]],[[822,432],[-3,4],[0,13],[-5,15]],[[814,464],[-6,24],[7,30],[-7,35],[3,10]],[[811,563],[8,3],[5,-2],[9,-24],[6,-8],[5,0],[4,8],[5,1],[8,12],[1,20],[7,9],[6,1]],[[875,583],[1,-10],[10,-31],[-1,-36]],[[748,247],[1,-19],[6,-13],[0,-17],[6,-24]],[[761,174],[-9,-10],[-5,-8],[-12,-10],[-28,-13],[-9,7],[-13,-2],[-8,4],[-9,22],[-9,8],[-6,1],[-9,-11]],[[644,162],[2,8],[-4,15],[1,9],[-7,3],[0,15],[-1,17],[3,17],[5,12],[3,0]],[[646,258],[7,-4],[4,10],[12,3],[8,20],[12,3],[-4,6],[9,13],[0,22],[5,6],[0,7],[7,9]],[[706,353],[4,-5],[9,-6],[4,-8],[9,-14],[3,1],[6,-10],[0,-30],[3,-20],[4,-14]],[[894,375],[-3,-13],[0,-19],[-5,-5],[-11,18],[-9,8],[-10,19],[-10,-8],[-5,1],[-5,6]],[[836,382],[0,19],[-4,30],[-4,4]],[[885,506],[9,11],[9,5]],[[903,522],[0,-13],[1,-8],[7,-7],[1,-8],[-1,-12],[-7,-15],[-6,-26],[-11,-16],[4,-40],[3,-2]],[[606,443],[-4,-12],[2,-10],[11,-4],[7,-9],[8,-6],[2,-18],[-3,-22],[-3,-11],[-5,-33]],[[621,318],[-7,-20],[1,-17],[8,-12]],[[623,269],[0,-15],[-1,-5],[-7,-1],[-14,-8],[-8,-15],[-3,2],[-5,19],[-2,-9],[-7,-7]],[[576,230],[-1,8],[-7,11],[-13,-6],[-3,6],[-1,23],[3,9],[0,12],[4,10],[-2,25],[3,25],[1,29],[6,15]],[[566,397],[9,28],[2,17]],[[577,442],[7,4],[10,-7],[12,4]],[[442,212],[-9,-7],[-5,-9],[-7,-4],[-7,1],[-13,-8],[-9,-15],[0,-12],[-4,5],[-6,-7],[1,-16],[4,-9],[6,-9],[0,-9],[-5,4],[-1,-11],[-16,-9],[-6,1]],[[354,135],[13,29],[3,11],[-7,9],[0,16],[12,36],[8,24],[5,6],[16,2],[5,6],[7,16],[6,-2],[3,-20],[13,-35],[4,-21]],[[219,458],[0,-12],[-3,-8],[-4,-21]],[[212,417],[-6,-2],[0,-20],[-4,-4],[-6,1],[-5,-10],[-6,-1],[-4,4],[-6,-3],[-5,4]],[[170,386],[-4,10],[3,8],[1,12],[-1,16],[-3,4],[4,14],[5,13]],[[175,463],[4,5],[6,-4],[6,-1],[11,4],[2,18],[6,3],[7,-6],[4,-6],[-2,-18]],[[968,331],[0,-4],[8,-4],[4,-13],[5,0],[2,-12],[-2,-10],[2,-8],[-1,-22],[5,-11],[6,-10],[2,-9],[-4,-6],[1,-13],[-8,6],[-8,-15],[-5,-6],[-4,-11],[-2,1],[-3,21],[4,10],[-1,12],[-10,10],[-4,-1],[-7,-17],[-6,6],[-6,-1],[-8,2],[-4,10]],[[924,236],[2,11],[0,14],[-3,19],[2,9],[0,14]],[[925,303],[13,4],[4,3],[3,-2],[8,1],[2,4],[4,18],[9,0]],[[156,530],[4,-9],[8,-3],[5,-20],[0,-10],[2,-15],[0,-10]],[[170,386],[-4,-2],[-6,-22],[-2,0]],[[158,362],[-7,1]],[[151,363],[-4,26],[-10,11],[-7,-5],[-3,15],[-9,2],[-2,-11],[-2,-1],[-4,12],[-7,13],[-4,12],[-10,1],[-2,7],[-5,19],[4,17],[1,13],[6,7],[4,11],[-2,22],[-2,19],[-2,12]],[[91,565],[4,6],[4,-8],[15,-2],[2,-6],[-2,-12],[6,1],[6,-14],[2,-14],[3,-3],[8,10],[8,4],[5,5],[4,-2]],[[275,836],[0,-9],[-2,-6],[-2,-27],[3,-9],[-5,-11],[0,-14],[-7,-5],[-5,-19],[3,-13],[-2,-5]],[[258,718],[-6,1],[-4,9],[-6,1],[-7,-6],[-4,4],[-8,23]],[[223,750],[-2,7]],[[221,757],[6,2],[9,9],[1,10],[3,23],[2,14],[8,-1],[2,14],[-4,3],[-2,7],[2,12]],[[248,850],[15,-6],[2,-6],[10,-2]],[[980,607],[-2,-17],[0,-16],[-8,-8],[-3,5],[-9,-5],[1,-6]],[[959,560],[-8,-6],[-11,6],[-4,-7],[-7,2],[-4,11],[-8,5],[-5,-10],[-5,-4],[4,-9],[0,-17],[-8,-9]],[[875,583],[2,8],[0,29],[1,5],[-8,7],[-3,12],[4,0],[11,12]],[[882,656],[10,-3],[16,10],[11,0],[1,-4],[3,-25],[3,-3],[6,7],[6,-5],[4,-11],[12,-15],[7,3],[8,-5],[9,6],[2,-4]],[[843,300],[5,-32],[-2,-11],[-9,-11],[-1,-13],[7,-5],[3,-16]],[[846,212],[-21,-12],[-14,-3],[-17,9],[-9,-2],[-9,-12],[-7,-6],[-8,-12]],[[748,247],[4,16],[17,28],[5,0],[3,12],[6,4],[18,-1],[2,3]],[[803,309],[3,1],[8,-32],[5,-9],[9,5],[5,11],[10,15]],[[208,649],[0,-20],[3,-8],[10,-17],[12,3]],[[233,607],[7,-21],[2,-22],[6,-15],[0,-10]],[[248,539],[-2,-15],[-6,-5],[-5,-31],[-4,-13],[-12,-17]],[[156,530],[0,13],[6,6],[7,21],[0,11],[3,19]],[[172,600],[1,-5],[10,-2],[4,4],[0,18],[4,5],[4,28],[3,5],[6,-6],[4,2]],[[323,532],[0,-9],[-8,-3]],[[315,520],[-13,0],[-4,8],[-2,13],[-4,10],[-15,-21],[-6,10],[-8,-18],[-5,-2],[-10,19]],[[233,607],[5,18],[0,16],[8,14],[2,0],[6,12],[0,15],[6,8],[5,1]],[[265,691],[6,-3]],[[822,432],[1,-6],[-11,-11],[-1,-24],[0,-27],[-4,-25],[-5,-15],[1,-15]],[[706,353],[3,15],[-2,11],[-5,-2]],[[702,377],[1,15],[-1,10]],[[764,423],[8,2],[2,14],[3,5],[17,-2],[20,22]],[[811,563],[-4,17],[-8,4],[-6,13],[-8,-8],[-5,2]],[[780,591],[3,23],[-6,13],[-4,23],[-12,5],[1,18]],[[762,673],[8,-4],[7,10],[9,10],[4,12],[-13,9],[-3,41]],[[774,751],[8,10],[7,3],[2,9],[6,5],[10,16]],[[807,794],[4,-5],[7,-3],[1,-6],[-1,-7],[0,-12],[2,-9],[15,14],[8,-7],[7,33],[0,12],[3,6],[14,2]],[[867,812],[0,-12],[6,-13],[2,-11],[6,-16],[-3,-11],[3,-16],[-12,-15],[-8,-7],[-1,-9],[5,-12],[5,-2],[8,-14],[4,-18]],[[474,570],[6,-18],[1,-11],[4,-5],[2,-16],[2,-8]],[[489,512],[-5,-31],[3,-12],[4,-11],[0,-22],[-8,-30]],[[483,406],[-7,-4],[-5,9],[-11,-3]],[[447,494],[6,-12],[2,20],[12,15],[3,6],[-3,13],[0,11],[-1,22],[8,1]],[[446,976],[1,-8],[-5,-17],[4,-9],[17,-4],[3,-9],[-7,-29],[0,-26]],[[459,874],[-3,-3],[-2,-14],[-8,-23],[4,-16],[-3,-7],[-12,-9]],[[435,802],[-3,1],[-7,9],[-1,12],[2,9],[-1,8],[-9,-13],[-12,-11],[-9,15],[-7,2],[-4,11],[-5,3]],[[366,957],[13,6],[4,7],[9,5],[8,10],[12,-1],[2,-2],[14,-3],[6,2],[12,-5]],[[692,676],[-8,-2]],[[684,674],[-11,10],[-6,-4],[-10,15],[-5,53]],[[652,748],[-5,13],[1,8],[-1,31],[3,17]],[[650,817],[9,-2],[1,-4],[12,2],[2,5],[7,-2],[11,15],[6,0],[5,5]],[[703,836],[-1,-21],[1,-28]],[[223,750],[-6,-9],[-1,-22],[1,-9],[-5,-15],[-2,-25],[5,-20],[-7,-1]],[[172,600],[-2,5],[-8,-1],[-4,7],[-2,16],[-2,-4],[-5,2],[-12,22],[-2,18],[-4,8],[-3,13],[2,14],[-3,7],[6,22]],[[133,729],[19,-3],[4,-4],[6,7],[8,-7],[7,2],[4,9],[-2,7],[-6,-2],[-9,9],[-2,5],[8,8]],[[170,760],[5,-7],[12,-1],[9,2]],[[196,754],[6,-2],[13,10],[6,-5]],[[91,565],[-4,13],[-2,2],[-13,-18],[-4,-11],[-11,-19]],[[57,532],[-2,16],[-4,4],[8,18],[0,4],[7,9],[0,13],[-2,3],[-13,-6]],[[51,593],[2,25],[8,0],[9,14],[6,1],[8,-5],[9,11],[2,14],[-2,11],[2,21],[-2,9],[6,13],[0,8]],[[99,715],[2,3],[9,-3],[6,12],[-8,5],[-3,11],[2,6],[13,-5],[4,-4],[-8,-11],[2,-7],[15,7]],[[103,771],[4,-5],[-6,-9],[-4,12],[6,2]],[[196,774],[0,-20]],[[170,760],[3,8],[16,3],[7,3]],[[219,847],[0,-11],[-3,-12],[-8,-8],[0,-6],[-4,2],[-2,8],[-4,5],[-11,-22]],[[187,803],[-12,20],[4,22],[0,8],[6,9],[34,-15]],[[131,836],[-1,31],[1,13],[-1,21]],[[130,901],[3,8]],[[133,909],[8,-14],[28,-29],[10,-4],[-4,-13],[2,-5],[-4,-20],[-9,-7],[-12,4],[-7,10],[-12,6],[-2,-1]],[[777,593],[-5,-9],[-3,1],[-5,-13],[-5,-1],[-2,-8],[-8,-3],[0,-40]],[[682,511],[-1,19],[3,12],[4,5],[-2,13],[4,2],[5,11],[7,9],[11,3],[11,-2],[11,4],[6,9],[7,-5],[10,8],[3,-4],[16,-2]],[[959,560],[2,-22],[6,-9],[-1,-20],[-3,-4],[5,-21],[2,-4],[0,-30],[1,-1],[2,-24],[-2,-19],[7,1],[2,-10],[-4,-11],[0,-16],[-8,-30],[0,-9]],[[925,303],[-5,-1],[-11,8],[-3,-7]],[[906,303],[-3,13],[3,24],[0,31],[-12,4]],[[130,901],[-18,-3],[-11,-8],[-4,-16],[-8,-8],[-7,15],[-14,-1],[-9,-3]],[[59,877],[-2,7],[7,31],[1,15],[-4,49]],[[61,979],[5,4],[4,11],[8,-2],[4,7],[4,-4],[3,-13],[8,-13],[4,6],[6,3],[5,-5],[0,10],[10,-4],[2,-15],[-4,1],[0,-11],[6,-20],[0,-7],[7,-18]],[[315,520],[-2,-14],[3,-12],[-7,-24],[0,-17],[-9,-25],[-8,-14]],[[292,414],[-8,14],[-17,-37],[-6,-5],[-7,-9],[-6,-13],[-11,-23],[0,-18],[-2,-6],[-8,-7]],[[227,310],[-10,-1]],[[217,309],[-1,9],[-8,5],[0,17],[19,33],[0,14],[-6,27],[-9,3]],[[475,248],[5,-18],[3,-4],[1,-25],[7,-9],[-2,-19],[2,-19],[-7,-11]],[[484,143],[-9,16],[-11,-8],[-8,-18],[-7,-12],[-6,-19],[-4,-7],[0,-15],[-7,-10],[-4,8],[-3,-13],[-4,-4],[-3,-11],[-1,8],[-5,-10],[-5,6],[-4,-5],[-13,0],[-2,-6],[-8,2],[-8,-12],[-6,3],[-5,8]],[[442,212],[4,7],[8,7],[8,18]],[[462,244],[4,0],[6,7],[3,-3]],[[210,173],[-4,15],[-8,-2],[-3,-5],[1,10],[-2,7]],[[194,198],[2,25],[8,30],[-2,5],[0,20],[6,10],[2,7],[7,14]],[[227,310],[2,-10],[4,1],[11,20],[9,-21],[7,-1],[3,-6],[2,-19],[10,-27]],[[876,892],[1,-15],[4,-22],[-3,-11],[-9,-18],[-2,-14]],[[807,794],[1,7],[11,27],[0,8],[-5,16],[-3,19]],[[811,871],[4,8],[7,7],[1,10],[5,10],[15,-15],[7,14],[3,-5],[8,4],[15,-12]],[[563,182],[3,-9],[5,-4],[2,-9]],[[573,160],[-2,-12],[-3,-21],[0,-15],[-1,-5],[2,-28],[4,-1],[0,-13],[-9,0],[-1,-6],[-5,3],[0,-35],[-4,0],[-4,-7],[-2,-20],[-9,8],[-1,8],[-4,-1],[4,12],[-1,16],[-10,36],[7,16],[1,7],[6,10],[7,11],[3,9],[-1,21],[-4,13],[-7,9],[-4,-8]],[[535,167],[-1,9],[5,15],[12,-1],[7,-9],[5,1]],[[345,824],[0,-9],[10,-12],[3,-9],[-1,-18]],[[265,691],[-7,27]],[[275,836],[15,3],[6,8]],[[566,397],[-7,22],[-7,0],[-5,-9],[-2,-14],[-7,-24],[-20,-32],[-8,-5],[-10,5]],[[500,340],[-2,11],[-1,23],[-8,0],[-4,9],[-2,23]],[[489,512],[11,-4],[26,36],[4,15]],[[530,559],[15,-20],[9,1],[9,-2],[5,-8],[5,3],[8,-2],[4,-4],[3,-15],[-7,-38],[-4,-32]],[[576,230],[-7,-27],[-6,-21]],[[535,167],[-6,-15],[-8,-3],[-4,-11],[7,3],[-4,-17],[-4,-3],[-7,2],[-4,-9],[-3,6],[-13,19],[-5,4]],[[475,248],[5,31],[-3,9],[3,13],[4,-2],[5,1],[8,18],[0,17],[3,5]],[[442,347],[4,-15],[4,-5],[6,-19],[3,-16],[-4,-12],[0,-15],[5,-15],[2,-6]],[[296,255],[2,17],[-2,17],[4,7],[2,15],[-2,26],[2,10],[9,11],[0,5],[-19,40],[0,11]],[[481,866],[3,-10],[1,-19],[7,0]],[[492,837],[-3,-12],[0,-34],[2,-11],[4,-8],[7,-3],[7,-8],[0,-24],[-4,-17],[-1,-19]],[[504,701],[-7,-2],[0,-19],[-6,-10],[-7,4],[-9,-9],[-8,-3],[-8,3],[-10,-9],[-8,-2],[-3,-5]],[[438,649],[1,31],[-4,8],[-2,19]],[[433,707],[6,6],[3,15],[-3,27],[-2,24],[2,13],[-4,10]],[[459,874],[1,-5],[10,-3],[9,-10],[2,10]],[[409,548],[7,24],[9,17],[5,28],[9,19]],[[439,636],[8,-10],[2,-6],[6,-4],[1,-6],[8,-25],[6,-3],[4,-12]],[[652,748],[-9,-7],[0,-10],[-5,-2],[-6,-11],[-5,6],[-2,14]],[[625,738],[-3,17],[-7,2],[-13,18],[-10,0],[-7,8],[-9,10],[0,9]],[[576,802],[7,3],[4,10],[5,6],[1,10],[7,16]],[[600,847],[6,-1],[12,-17],[5,4],[4,13],[5,-2],[0,-13],[6,-10],[5,2],[7,-6]],[[836,382],[-7,-22],[-5,-5],[-2,-17],[6,-12],[8,-10],[7,-16]],[[684,674],[-2,-15],[-5,1],[-5,-5],[-7,1],[-2,-18],[8,4],[0,-8],[-4,-3],[-3,-14],[-3,-27],[6,-14],[-4,-6],[1,-37],[-1,-3]],[[663,530],[-8,-10],[-15,-4],[-8,-10],[-5,-4],[-4,7],[-4,-9],[4,-21],[-5,-15],[-9,-18],[-3,-3]],[[530,559],[5,14],[6,18],[7,16],[3,14],[-3,10],[-5,22]],[[543,653],[13,5],[8,1],[9,8],[4,29],[4,3],[7,-1],[8,5],[14,3],[8,10],[7,22]],[[196,774],[4,7],[2,-7],[10,6],[9,-1],[2,6],[-8,-2],[-7,7],[-17,-3],[0,7],[-4,9]],[[219,847],[17,0],[4,10],[8,-7]],[[646,258],[-11,14],[-12,-3]],[[621,318],[17,10],[5,-1],[10,12],[2,13],[4,7],[6,22],[11,1],[-3,-12],[1,-7],[11,-2],[14,10],[3,6]],[[924,236],[-6,0],[-7,11],[-12,-9],[-7,9],[-2,-2],[-8,-33],[-12,-7],[0,19],[-9,12],[-9,-21],[-6,-3]],[[843,300],[7,-8],[11,-2],[4,10],[6,-1],[11,-7],[20,-5],[4,16]],[[154,264],[0,-11],[6,-8],[4,-20],[4,-1],[2,-9],[7,-11],[2,-23],[8,-8],[4,10],[3,15]],[[187,75],[-8,15],[2,3],[0,14],[-2,11],[-4,-4],[0,9],[4,8],[-9,15],[-4,-7],[0,-16],[-4,12],[-6,7],[-2,-2],[0,19],[-9,0],[0,10],[-4,-5],[2,-11],[-8,10],[-2,-5],[4,-15],[-6,-5],[-4,-17],[-7,-3],[0,6],[7,7],[-7,6],[8,8],[-4,5],[-10,-5],[-7,4],[-2,-17],[-6,6],[-4,-6],[-6,5],[4,12],[8,1],[2,6],[3,-4],[4,4],[12,-1],[2,11],[-2,9],[6,2],[3,-4],[2,14],[4,8],[-10,-4],[-11,1],[-13,-8],[-8,1],[-2,6],[-6,-1],[-5,-8],[0,19],[5,8],[8,-7],[4,6],[-2,9],[2,2],[2,11],[-2,2],[-2,-8],[-8,14],[2,15]],[[91,253],[4,23],[11,-7],[4,-5],[8,-4],[10,1],[7,18],[4,-1],[8,-12],[7,-2]],[[876,892],[5,13],[0,6],[5,7],[8,-2],[-2,-12],[6,0],[5,-17],[10,-16],[-4,-7],[4,-1],[4,-11],[4,3],[7,-7],[-1,-12],[1,-9],[6,-5],[4,-12],[0,-9],[4,-12],[1,-17],[-5,-23],[-4,-9],[2,-9],[0,-13],[5,-16],[1,-13],[-4,-7],[13,-14],[8,-2],[11,5],[4,-1],[6,-10],[6,-14],[10,-25],[1,-11],[-6,10],[-4,8],[-7,-12],[0,-9]],[[663,530],[9,-7],[8,-14]],[[543,653],[-2,10],[1,14],[-3,5],[-6,-5],[-11,1],[-8,17]],[[514,695],[3,14],[6,4],[8,31],[4,1],[12,-9],[9,12],[0,9],[3,2],[5,24],[-4,11],[3,9]],[[563,803],[10,5],[3,-6]],[[59,877],[2,-25],[-4,-17],[-2,-21],[0,-13],[4,-20]],[[59,781],[-2,-11]],[[57,770],[-8,-4],[-6,-6],[-3,3],[-8,-2],[-10,0],[-3,9],[3,12],[6,18],[0,7],[8,9],[0,8],[-2,13],[0,28],[4,0],[7,14],[6,1],[0,10],[-4,28],[-5,9],[0,4],[-8,8],[2,14],[9,5],[2,18],[8,-1],[6,4]],[[151,363],[-16,-13],[-11,0],[-12,-9],[-15,1],[-10,-13],[-5,0]],[[82,329],[2,10],[-2,5],[-6,0],[-4,9],[-6,5],[-3,-6],[-2,18],[-4,10],[-6,0],[-2,-18],[-9,19],[-10,9],[2,11],[4,-5],[6,8],[1,12],[-5,2],[-2,19],[0,15],[7,1],[8,-26],[-4,-8],[4,-21],[2,16],[2,1],[4,-11],[11,8],[6,1],[2,4],[-6,4],[-6,-6],[-5,24],[-6,11],[0,11],[4,6],[7,0],[-1,9],[7,9],[0,11],[-11,-4],[-2,17],[5,8],[-3,13],[-4,2]],[[131,836],[-11,-9],[0,-7],[-13,5],[-12,-5],[-4,-24],[-6,-20],[-9,-14],[-6,-1],[-2,-8]],[[68,753],[-2,12],[0,14],[-7,2]],[[563,803],[-7,10],[-2,11],[-4,-2],[-3,-15],[-6,-7],[-4,3],[-15,2],[-1,8],[-8,13],[-5,0],[-16,11]],[[481,866],[3,10],[8,9],[5,-11],[5,-9],[12,3],[-2,19],[-2,29],[3,10]],[[513,926],[7,-1],[14,12],[1,4],[7,-5],[4,-13],[0,-25],[5,-18],[5,-4],[0,-7],[7,-7],[6,11],[3,11],[11,-5],[7,-9],[3,-17],[7,-6]],[[158,362],[4,-11],[2,-20],[-2,-10],[2,-11],[5,-1],[0,-9],[-5,-2],[-4,-16],[-8,-1],[-1,-5],[3,-12]],[[91,253],[-4,-9],[-7,0],[2,7],[-4,25],[2,6],[-10,11],[12,8],[0,28]],[[644,162],[-10,-12],[-11,-8],[-8,-12],[-11,2],[-12,-1],[1,10],[-3,8],[-7,3],[-10,8]],[[439,636],[-1,13]],[[504,701],[2,-4],[8,-2]],[[777,593],[3,-2]],[[766,823],[3,-20],[0,-12],[5,-19],[0,-21]],[[774,751],[-16,-6],[-9,5],[-5,11],[-5,-8]],[[703,836],[7,-4],[8,10],[4,-3],[5,-12],[7,-1],[9,-10],[5,5],[4,-9],[4,0],[10,11]],[[19,639],[2,-8],[-6,7],[4,1]],[[15,689],[2,-1],[-8,-7],[-6,-1],[-3,5],[5,13],[8,5],[2,-14]],[[51,593],[-11,-4],[-4,-6],[-4,0],[-6,-4],[-5,2],[1,20],[4,7],[-2,16],[0,29],[4,13],[2,-2],[6,12],[2,16],[5,6],[12,29],[2,3],[11,-3],[6,10],[6,-1],[4,4],[3,-17],[6,-7],[6,-1]],[[68,753],[-15,-15],[-4,-17],[-13,-23],[0,-9],[-6,-14],[-4,-2],[4,23],[2,10],[-4,12],[12,16],[9,13],[4,-2],[2,9],[6,7],[-4,9]],[[446,976],[5,-2],[7,5],[16,-5],[3,4],[7,19],[4,0],[5,-12],[-1,-16],[6,-25],[15,-18]],[[762,673],[-9,4],[-4,-8],[-8,-2]],[[433,707],[-5,1],[-15,11]],[[766,823],[6,9],[4,-3],[9,10],[6,17],[3,-2],[9,6],[4,9],[4,2]]],"transform":{"scale":[0.019162896416416414,0.006285288378378375],"translate":[25.66325931,35.81977855]},"bbox":[25.66325931,35.81977855,44.80699283,42.09878164]}