{"type":"Topology","objects":{"all":{"type":"GeometryCollection","bbox":[-13.69131426,1.77116947,49.90961335,60.84788646],"geometries":[{"type":"Polygon","properties":{"a":1024,"b":"Croydon","c":-0.0289,"d":51.3306},"arcs":[[0,1,2,3,4]]},{"type":"Polygon","properties":{"a":964,"b":"Inverclyde","c":-4.8183,"d":55.9103},"arcs":[[5,6,7]]},{"type":"MultiPolygon","properties":{"a":1087,"b":"Anglesey","c":-4.352,"d":53.2676},"arcs":[[[8,9]],[[10,-9,11]]]},{"type":"Polygon","properties":{"a":1022,"b":"Bromley","c":0.073,"d":51.3726},"arcs":[[12,13,14,-1,15,16,17]]},{"type":"Polygon","properties":{"a":1021,"b":"Brent","c":-0.2796,"d":51.5762},"arcs":[[18,19,20,21,22,23,24]]},{"type":"Polygon","properties":{"a":1064,"b":"Ceredigion","c":-4.0604,"d":52.1827},"arcs":[[25,26,27,28,29]]},{"type":"Polygon","properties":{"a":1041,"b":"Belfast","c":-6.0256,"d":54.6141},"arcs":[[30,31,32,33,34,35]]},{"type":"Polygon","properties":{"a":995,"b":"Southampton","c":-1.389,"d":50.9281},"arcs":[[36,37]]},{"type":"Polygon","properties":{"a":1063,"b":"Carmarthenshire","c":-4.1637,"d":51.8998},"arcs":[[38,39,40,41,42,-26]]},{"type":"Polygon","properties":{"a":963,"b":"Glasgow","c":-4.2479,"d":55.8744},"arcs":[[43,44,45,46,47,48]]},{"type":"Polygon","properties":{"a":983,"b":"Midlothian","c":-3.012,"d":55.8149},"arcs":[[49,50,51,52]]},{"type":"Polygon","properties":{"a":1078,"b":"Swansea","c":-4.0137,"d":51.609},"arcs":[[53,54,-41]]},{"type":"Polygon","properties":{"a":1105,"b":"Brighton and Hove","c":-0.1337,"d":50.842},"arcs":[[55,56,57]]},{"type":"Polygon","properties":{"a":1067,"b":"Halton","c":-3.1335,"d":53.3476},"arcs":[[58,59]]},{"type":"Polygon","properties":{"a":1122,"b":"Surrey","c":-0.409,"d":51.2277},"arcs":[[60,61,62,63,-2,-15,64,65,66,67,68,69,70]]},{"type":"Polygon","properties":{"a":991,"b":"Redcar and Cleveland","c":-0.8202,"d":54.54},"arcs":[[71,72,73,74,75]]},{"type":"MultiPolygon","properties":{"a":1069,"b":"Cornwall","c":-4.6837,"d":50.4321},"arcs":[[[76,77]]]},{"type":"Polygon","properties":{"a":978,"b":"Angus","c":-2.9272,"d":56.7321},"arcs":[[78,79,80,81]]},{"type":"Polygon","properties":{"a":1118,"b":"Oxfordshire","c":-1.3014,"d":51.695},"arcs":[[82,83,84,85,86,87]]},{"type":"Polygon","properties":{"a":1131,"b":"Nottinghamshire","c":-1.0086,"d":53.1211},"arcs":[[88,89,90,91,92],[93]]},{"type":"Polygon","properties":{"a":1043,"b":"Omagh","c":-7.339,"d":54.581},"arcs":[[94,95,96,97,98]]},{"type":"Polygon","properties":{"a":973,"b":"Moray","c":-3.2941,"d":57.5513},"arcs":[[99,100,101]]},{"type":"Polygon","properties":{"a":1028,"b":"Hammersmith and Fulham","c":-0.2356,"d":51.495},"arcs":[[102,103,104,105,106,-22]]},{"type":"Polygon","properties":{"a":1011,"b":"Poole","c":-2.0174,"d":50.7376},"arcs":[[107,108,109]]},{"type":"MultiPolygon","properties":{"a":1112,"b":"Highland","c":-4.5101,"d":57.2945},"arcs":[[[110]],[[111]],[[112]],[[-101,113,114,115,116]]]},{"type":"Polygon","properties":{"a":1031,"b":"Kensington and Chelsea","c":-0.178,"d":51.4771},"arcs":[[117,-103,118,119]]},{"type":"MultiPolygon","properties":{"a":1126,"b":"Portsmouth","c":-1.0588,"d":50.8222},"arcs":[[[120,121]]]},{"type":"Polygon","properties":{"a":1123,"b":"Swindon","c":-1.6629,"d":51.5256},"arcs":[[-85,122,123,124]]},{"type":"Polygon","properties":{"a":1136,"b":"Lewisham","c":0.0052,"d":51.4178},"arcs":[[125,126,127,128,-17,129]]},{"type":"Polygon","properties":{"a":1009,"b":"Bournemouth","c":-1.814,"d":50.7356},"arcs":[[130,-108,131]]},{"type":"Polygon","properties":{"a":1053,"b":"Ballymena","c":-6.4645,"d":54.9069},"arcs":[[132,133,134,135,136,137]]},{"type":"Polygon","properties":{"a":1124,"b":"Wiltshire","c":-1.7906,"d":51.3264},"arcs":[[-124,138,139,140,141,142,143,144]]},{"type":"Polygon","properties":{"a":1108,"b":"East Sussex","c":0.311,"d":50.931},"arcs":[[145,-56,146,-66,147]]},{"type":"Polygon","properties":{"a":1005,"b":"South Gloucestershire","c":-2.2697,"d":51.574},"arcs":[[-144,148,149,150,151]]},{"type":"Polygon","properties":{"a":1008,"b":"Berkshire","c":-1.2447,"d":51.4332},"arcs":[[-69,152,-139,-123,-84,153]]},{"type":"Polygon","properties":{"a":1015,"b":"North East Lincolnshire","c":-0.0877,"d":53.5248},"arcs":[[154,155,156]]},{"type":"Polygon","properties":{"a":1142,"b":"Herefordshire","c":-2.7271,"d":52.0975},"arcs":[[157,158,159,160,161,162,-163,163]]},{"type":"Polygon","properties":{"a":1027,"b":"Greenwich","c":0.083,"d":51.4689},"arcs":[[-18,-129,127,-127,-126,125,164,165,166,167]]},{"type":"Polygon","properties":{"a":985,"b":"Scottish Borders","c":-2.871,"d":55.5628},"arcs":[[168,169,170,171,172,173,-50,174,175]]},{"type":"Polygon","properties":{"a":988,"b":"Durham","c":-1.8402,"d":54.7049},"arcs":[[176,177,178,179,180,181,182,183]]},{"type":"MultiPolygon","properties":{"a":1150,"b":"Kent","c":0.7634,"d":51.1774},"arcs":[[[184]],[[185,186,-148,-65,-14,187,188,189,190]]]},{"type":"Polygon","properties":{"a":1085,"b":"Flintshire","c":-3.1296,"d":53.1986},"arcs":[[191,192,193,194]]},{"type":"Polygon","properties":{"a":994,"b":"Hampshire","c":-1.2033,"d":51.1038},"arcs":[[-68,195,196,-122,197,-38,198,199,-140,-153]]},{"type":"Polygon","properties":{"a":1042,"b":"Derry","c":-7.3365,"d":54.9177},"arcs":[[200,201,202]]},{"type":"Polygon","properties":{"a":993,"b":"Northumberland","c":-2.0853,"d":55.2044},"arcs":[[203,-183,204,-169,205]]},{"type":"Polygon","properties":{"a":1127,"b":"Peterborough","c":-0.1769,"d":52.5676},"arcs":[[206,207,208]]},{"type":"Polygon","properties":{"a":1129,"b":"Rutland","c":-0.5765,"d":52.6607},"arcs":[[209,210,211]]},{"type":"Polygon","properties":{"a":1098,"b":"Cumbria","c":-2.9465,"d":54.5861},"arcs":[[-182,212,213,214,215,-170,-205]]},{"type":"Polygon","properties":{"a":997,"b":"Milton Keynes","c":-0.8219,"d":52.1303},"arcs":[[216,217,218]]},{"type":"Polygon","properties":{"a":1104,"b":"Norfolk","c":0.9723,"d":52.6624},"arcs":[[219,220,221,222,223]]},{"type":"Polygon","properties":{"a":1099,"b":"North Yorkshire","c":-1.4043,"d":54.1916},"arcs":[[224,225,226,227,228,229,-213,-181,230,231,232,-72,233]]},{"type":"Polygon","properties":{"a":1080,"b":"Telford and Wrekin","c":-2.4894,"d":52.7222},"arcs":[[234,235]]},{"type":"Polygon","properties":{"a":1013,"b":"England","c":-1.0563,"d":52.7392},"arcs":[[-211,236,237,238,-90,239],[240]]},{"type":"Polygon","properties":{"a":967,"b":"Renfrewshire","c":-4.6046,"d":55.7988},"arcs":[[241,-47,242,243,-6,244]]},{"type":"Polygon","properties":{"a":969,"b":"South Lanarkshire","c":-3.8367,"d":55.6328},"arcs":[[245,246,-172,247,248,249,-45]]},{"type":"Polygon","properties":{"a":965,"b":"North Ayshire","c":-4.8586,"d":55.6729},"arcs":[[-244,250,251,252,253,-7]]},{"type":"Polygon","properties":{"a":1094,"b":"Strabane","c":-7.3247,"d":54.7904},"arcs":[[254,255,-99,256,257,-202]]},{"type":"Polygon","properties":{"a":1001,"b":"Hertfordshire","c":-0.0151,"d":51.7783},"arcs":[[258,259,260,261,262,263,264,265,266]]},{"type":"MultiPolygon","properties":{"a":1111,"b":"Moray","c":-3.1895,"d":59.0768},"arcs":[[[267]],[[268]],[[269]],[[270]]]},{"type":"Polygon","properties":{"a":1077,"b":"Neath Port Talbot","c":-3.8508,"d":51.7046},"arcs":[[271,272,273,274,-54,-40]]},{"type":"Polygon","properties":{"a":1147,"b":"West Yorkshire","c":-1.7202,"d":53.7339},"arcs":[[275,276,277,278,-229]]},{"type":"Polygon","properties":{"a":1068,"b":"Cheshire","c":-2.5197,"d":53.1946},"arcs":[[279,280,281,282,283,284,285,286,-192,287,-59,288,289,290,291]]},{"type":"Polygon","properties":{"a":960,"b":"East Ayrshire","c":-4.2041,"d":55.4883},"arcs":[[-249,292,293,-252,294]]},{"type":"Polygon","properties":{"a":979,"b":"Dundee","c":-2.9498,"d":56.4861},"arcs":[[295,296,-80]]},{"type":"Polygon","properties":{"a":1083,"b":"East Riding of Yorkshire","c":-0.5263,"d":53.859},"arcs":[[297,298,299,300,301,-227,302,-225]]},{"type":"Polygon","properties":{"a":1109,"b":"Medway","c":0.6306,"d":51.3564},"arcs":[[-191,303]]},{"type":"Polygon","properties":{"a":1004,"b":"North Somerset","c":-2.8053,"d":51.3832},"arcs":[[304,305,306,307,308,309,310,311]]},{"type":"Polygon","properties":{"a":1037,"b":"Waltham Forest","c":0.0158,"d":51.6391},"arcs":[[312,313,314,315,316,317]]},{"type":"Polygon","properties":{"a":1103,"b":"Suffolk","c":1.0658,"d":52.2138},"arcs":[[318,319,320,-220]]},{"type":"Polygon","properties":{"a":971,"b":"Aberdeen","c":-2.1714,"d":57.1597},"arcs":[[321,322]]},{"type":"Polygon","properties":{"a":1032,"b":"Merton","c":-0.181,"d":51.4083},"arcs":[[323,-4,324,325,326]]},{"type":"Polygon","properties":{"a":1081,"b":"Blackburn with Darwen","c":-2.4522,"d":53.6949},"arcs":[[327,328]]},{"type":"Polygon","properties":{"a":1132,"b":"Hackney","c":-0.025,"d":51.5596},"arcs":[[329,330,331,332,-333,333,-315]]},{"type":"Polygon","properties":{"a":998,"b":"Gloucestershire","c":-2.0907,"d":51.8326},"arcs":[[-86,-125,-145,-152,334,335,159,-160,-159,336,337]]},{"type":"Polygon","properties":{"a":1128,"b":"Leicester","c":-1.1244,"d":52.613},"arcs":[[-241]]},{"type":"Polygon","properties":{"a":1073,"b":"Merthyr Tydfil","c":-3.4012,"d":51.7221},"arcs":[[338,339,340]]},{"type":"Polygon","properties":{"a":1076,"b":"Vale of Glamorgan","c":-3.3727,"d":51.3899},"arcs":[[341,342,343,344]]},{"type":"Polygon","properties":{"a":982,"b":"Edinburgh","c":-3.2416,"d":55.9627},"arcs":[[-51,-174,345,346]]},{"type":"Polygon","properties":{"a":1054,"b":"Larne","c":-5.9093,"d":54.8786},"arcs":[[347,348,-133,349,350]]},{"type":"Polygon","properties":{"a":1084,"b":"Denbighshire","c":-3.2896,"d":53.0772},"arcs":[[-194,351,352,353,354,355]]},{"type":"Polygon","properties":{"a":966,"b":"North Lanarkshire","c":-3.8572,"d":55.7863},"arcs":[[356,357,-246,-44,358,359]]},{"type":"Polygon","properties":{"a":1120,"b":"Hillingdon","c":-0.4524,"d":51.5556},"arcs":[[360,361,362,363,364,-71,365,-262]]},{"type":"Polygon","properties":{"a":1062,"b":"Castlereagh","c":-5.8431,"d":54.537},"arcs":[[366,367,368,-33,369]]},{"type":"Polygon","properties":{"a":1060,"b":"Ballymoney","c":-6.2554,"d":55.0161},"arcs":[[-137,370,371,372]]},{"type":"Polygon","properties":{"a":1106,"b":"Havering","c":0.2898,"d":51.5819},"arcs":[[373,374,375,376,377]]},{"type":"Polygon","properties":{"a":1110,"b":"Southend-on-Sea","c":0.7735,"d":51.5587},"arcs":[[378,379]]},{"type":"Polygon","properties":{"a":1010,"b":"Dorset","c":-2.4909,"d":50.8071},"arcs":[[-200,380,-132,-110,381,382,383,-141]]},{"type":"Polygon","properties":{"a":1133,"b":"Haringey","c":-0.1149,"d":51.6003},"arcs":[[-316,-334,332,384,385,386]]},{"type":"Polygon","properties":{"a":1075,"b":"Cardiff","c":-3.2268,"d":51.4764},"arcs":[[387,388,-342,389,390]]},{"type":"Polygon","properties":{"a":1039,"b":"Westminster","c":-0.1539,"d":51.5111},"arcs":[[391,392,-120,-119,-21,-20,393]]},{"type":"Polygon","properties":{"a":968,"b":"South Ayrshire","c":-4.6548,"d":55.2415},"arcs":[[394,395,-253,-294]]},{"type":"Polygon","properties":{"a":1119,"b":"Luton","c":-0.4114,"d":51.8739},"arcs":[[396,-265]]},{"type":"Polygon","properties":{"a":1134,"b":"Harrow","c":-0.3546,"d":51.6203},"arcs":[[-24,397,-361,-261,398]]},{"type":"Polygon","properties":{"a":1086,"b":"Wrexham","c":-2.9587,"d":52.9745},"arcs":[[399,400,-352,-193,-287]]},{"type":"Polygon","properties":{"a":1093,"b":"Torfaen","c":-2.9906,"d":51.7206},"arcs":[[401,402,403,404]]},{"type":"Polygon","properties":{"a":1057,"b":"North Down","c":-5.5963,"d":54.6487},"arcs":[[405,-370,-32,406]]},{"type":"Polygon","properties":{"a":1144,"b":"Staffordshire","c":-2.022,"d":52.8018},"arcs":[[407,408,409,410,-236,411,-285,412,-283,413]]},{"type":"Polygon","properties":{"a":1090,"b":"Blaenau Gwent","c":-3.2294,"d":51.8093},"arcs":[[414,-404,415,416]]},{"type":"Polygon","properties":{"a":1023,"b":"Camden","c":-0.1836,"d":51.5352},"arcs":[[417,418,-394,-19,419,-386]]},{"type":"Polygon","properties":{"a":1030,"b":"Islington","c":-0.0953,"d":51.5439},"arcs":[[-333,-332,420,421,-418,-385]]},{"type":"Polygon","properties":{"a":1020,"b":"Bexley","c":0.1782,"d":51.4365},"arcs":[[-375,422,-188,-13,-168,423]]},{"type":"Polygon","properties":{"a":1146,"b":"Shropshire","c":-2.7572,"d":52.6047},"arcs":[[-235,-411,424,-164,162,425,-400,-286,-412]]},{"type":"Polygon","properties":{"a":986,"b":"Tyne and Wear","c":-1.5895,"d":54.9446},"arcs":[[426,-184,-204]]},{"type":"Polygon","properties":{"a":1137,"b":"Newham","c":0.056,"d":51.5371},"arcs":[[427,-166,428,-330,-314,429]]},{"type":"Polygon","properties":{"a":1072,"b":"Caerphilly","c":-3.0758,"d":51.6382},"arcs":[[-403,430,-391,431,-339,432,-416]]},{"type":"Polygon","properties":{"a":1097,"b":"Dumfries and Galloway","c":-3.7029,"d":55.0983},"arcs":[[-171,-216,433,-395,-293,-248]]},{"type":"Polygon","properties":{"a":1066,"b":"Merseyside","c":-2.8655,"d":53.4762},"arcs":[[434,435,-292,-291,436,437]]},{"type":"Polygon","properties":{"a":977,"b":"Perthshire and Kinross","c":-3.8621,"d":56.6077},"arcs":[[438,-81,-297,439,440,441,442,443,-115]]},{"type":"Polygon","properties":{"a":1074,"b":"Rhondda, Cynon, Taff","c":-3.5172,"d":51.6537},"arcs":[[-340,-432,-390,-345,444,-273,445]]},{"type":"Polygon","properties":{"a":1101,"b":"Torbay","c":-3.57,"d":50.4701},"arcs":[[446,447]]},{"type":"Polygon","properties":{"a":1056,"b":"Newtownabbey","c":-6.0042,"d":54.6975},"arcs":[[448,449,-36,450,-134,-349]]},{"type":"Polygon","properties":{"a":1040,"b":"Lincolnshire","c":-0.1801,"d":53.1341},"arcs":[[-155,451,222,-223,-222,452,-209,-212,-240,-89,453]]},{"type":"Polygon","properties":{"a":1051,"b":"Antrim","c":-6.421,"d":54.6555},"arcs":[[-451,-35,454,455,456,457,-135]]},{"type":"Polygon","properties":{"a":1125,"b":"Isle of Wight","c":-1.252,"d":50.6739},"arcs":[[458]]},{"type":"Polygon","properties":{"a":1044,"b":"Armagh","c":-6.7297,"d":54.3003},"arcs":[[459,460,461,462,463]]},{"type":"Polygon","properties":{"a":1049,"b":"Lisburn","c":-6.1242,"d":54.4549},"arcs":[[-369,464,465,466,-455,-34]]},{"type":"MultiPolygon","properties":{"a":1113,"b":"Argyll and Bute","c":-5.1624,"d":56.3272},"arcs":[[[467]],[[468]],[[469]],[[470]],[[471]],[[472]],[[473]],[[-444,474,475,476,-116]],[[477]]]},{"type":"Polygon","properties":{"a":1092,"b":"Newport","c":-2.9126,"d":51.5471},"arcs":[[478,-388,-431,-402,479]]},{"type":"Polygon","properties":{"a":1065,"b":"Pembrokeshire","c":-4.9725,"d":51.9117},"arcs":[[-27,-43,480]]},{"type":"Polygon","properties":{"a":1047,"b":"Craigavon","c":-6.532,"d":54.5111},"arcs":[[-467,481,-460,482,483,-456]]},{"type":"Polygon","properties":{"a":1036,"b":"Tower Hamlets","c":-0.0184,"d":51.5148},"arcs":[[-165,-126,484,-421,-331,-429]]},{"type":"Polygon","properties":{"a":1038,"b":"Wandsworth","c":-0.2061,"d":51.4439},"arcs":[[-327,485,-104,-118,-393,486]]},{"type":"Polygon","properties":{"a":1070,"b":"Powys","c":-3.3582,"d":52.2971},"arcs":[[-426,-163,-162,487,-417,-433,-341,-446,-272,-39,-30,488,-353,-401]]},{"type":"Polygon","properties":{"a":961,"b":"East Dunbartonshire","c":-4.1219,"d":55.965},"arcs":[[-359,-49,489,490]]},{"type":"Polygon","properties":{"a":1006,"b":"Somerset","c":-2.8959,"d":51.0811},"arcs":[[491,-142,-384,492,493,-310,308,-308,306,-306]]},{"type":"Polygon","properties":{"a":1061,"b":"Limavady","c":-6.9713,"d":55.0137},"arcs":[[494,495,-255,-201,496]]},{"type":"Polygon","properties":{"a":1089,"b":"Gwynedd","c":-3.8481,"d":52.8697},"arcs":[[-354,-489,-29,497,498,499]]},{"type":"Polygon","properties":{"a":1079,"b":"York","c":-1.074,"d":53.9377},"arcs":[[-303,-226]]},{"type":"Polygon","properties":{"a":1145,"b":"Stoke-on-Trent","c":-2.1651,"d":53.011},"arcs":[[-284,-413]]},{"type":"Polygon","properties":{"a":1141,"b":"Warrington","c":-2.5567,"d":53.3734},"arcs":[[-280,-436,500]]},{"type":"Polygon","properties":{"a":981,"b":"East Lothian","c":-2.6491,"d":55.924},"arcs":[[-175,-53,501]]},{"type":"Polygon","properties":{"a":1055,"b":"Carrickfergus","c":-5.7632,"d":54.7631},"arcs":[[502,-449,-348]]},{"type":"Polygon","properties":{"a":1088,"b":"Conwy","c":-3.7658,"d":53.1522},"arcs":[[-355,-500,503]]},{"type":"Polygon","properties":{"a":1058,"b":"Down","c":-5.6653,"d":54.2775},"arcs":[[504,505,506,-465,-368,507]]},{"type":"Polygon","properties":{"a":984,"b":"West Lothian","c":-3.5546,"d":55.8726},"arcs":[[-346,-173,-247,-358,508,509]]},{"type":"Polygon","properties":{"a":1071,"b":"Bridgend","c":-3.6276,"d":51.5408},"arcs":[[-344,510,-274,-445]]},{"type":"MultiPolygon","properties":{"a":1140,"b":"Moyle","c":-6.19,"d":55.19},"arcs":[[[-350,-138,-373,511,512]]]},{"type":"Polygon","properties":{"a":1115,"b":"West Sussex","c":-0.5183,"d":50.9509},"arcs":[[-147,-58,513,-196,-67]]},{"type":"Polygon","properties":{"a":990,"b":"Middlesbrough","c":-1.2332,"d":54.5002},"arcs":[[-73,-233,514]]},{"type":"Polygon","properties":{"a":1019,"b":"Barking and Dagenham","c":0.1718,"d":51.5599},"arcs":[[-424,-167,-428,515,516,517,-376]]},{"type":"Polygon","properties":{"a":1018,"b":"Derbyshire","c":-1.5371,"d":53.2015},"arcs":[[518,-91,-239,-414,-282,519,-277],[520]]},{"type":"Polygon","properties":{"a":1116,"b":"Northamptonshire","c":-0.8645,"d":52.3145},"arcs":[[521,522,-218,523,-88,524,-237,-210,-208]]},{"type":"Polygon","properties":{"a":1143,"b":"Worcestershire","c":-2.164,"d":52.2175},"arcs":[[525,526,-337,-158,-425,-410]]},{"type":"Polygon","properties":{"a":1045,"b":"Newry and Mourne","c":-6.3184,"d":54.1587},"arcs":[[-506,527,-462,528]]},{"type":"Polygon","properties":{"a":972,"b":"Aberdeenshire","c":-2.5046,"d":57.305},"arcs":[[-323,529,-82,-439,-114,-100,530]]},{"type":"Polygon","properties":{"a":1059,"b":"Coleraine","c":-6.6214,"d":55.1088},"arcs":[[-372,531,-495,532,-512]]},{"type":"Polygon","properties":{"a":1121,"b":"Kingston upon Thames","c":-0.2719,"d":51.3798},"arcs":[[-326,533,-63,534]]},{"type":"Polygon","properties":{"a":1135,"b":"Lambeth","c":-0.0826,"d":51.4574},"arcs":[[-16,-5,-324,-487,-392,-419,535]]},{"type":"Polygon","properties":{"a":1091,"b":"Monmouthshire","c":-2.7542,"d":51.8571},"arcs":[[-160,-336,536,-480,-405,-415,-488,-161]]},{"type":"Polygon","properties":{"a":1003,"b":"Bristol","c":-2.5703,"d":51.4721},"arcs":[[537,-312,538,-150]]},{"type":"Polygon","properties":{"a":1046,"b":"Banbridge","c":-6.1684,"d":54.3327},"arcs":[[-507,-529,-461,-482,-466]]},{"type":"Polygon","properties":{"a":974,"b":"Falkirk","c":-3.6934,"d":56.0309},"arcs":[[539,-509,-357,540]]},{"type":"Polygon","properties":{"a":1029,"b":"Hounslow","c":-0.3739,"d":51.47},"arcs":[[-106,541,542,543,-61,-365,544]]},{"type":"Polygon","properties":{"a":992,"b":"Stockton-on-Tees","c":-1.2662,"d":54.5736},"arcs":[[-74,-515,-232,545,-179,546]]},{"type":"Polygon","properties":{"a":975,"b":"Stirling","c":-4.2937,"d":56.2055},"arcs":[[547,548,-541,-360,-491,549,-475,-443]]},{"type":"Polygon","properties":{"a":989,"b":"Hartlepool","c":-1.2509,"d":54.6821},"arcs":[[-75,-547,-178,550]]},{"type":"Polygon","properties":{"a":1052,"b":"Magherafelt","c":-6.699,"d":54.8014},"arcs":[[-136,-458,551,-95,-256,-496,-532,-371]]},{"type":"Polygon","properties":{"a":1138,"b":"Southwark","c":-0.0602,"d":51.4909},"arcs":[[-485,-130,-536,-422]]},{"type":"Polygon","properties":{"a":996,"b":"West Midlands","c":-1.938,"d":52.4732},"arcs":[[552,-526,-409]]},{"type":"Polygon","properties":{"a":1100,"b":"Plymouth","c":-4.1122,"d":50.397},"arcs":[[553,554]]},{"type":"Polygon","properties":{"a":987,"b":"Darlington","c":-1.6478,"d":54.5308},"arcs":[[-231,-180,-546]]},{"type":"Polygon","properties":{"a":970,"b":"West Dunbartonshire","c":-4.5982,"d":56.0277},"arcs":[[-490,-48,-242,555,-476,-550]]},{"type":"Polygon","properties":{"a":1026,"b":"Enfield","c":-0.2036,"d":51.6602},"arcs":[[556,-317,-387,-420,-25,-399,-260]]},{"type":"Polygon","properties":{"a":999,"b":"Buckinghamshire","c":-0.8965,"d":51.7967},"arcs":[[-217,557,-263,-366,-70,-154,-83,-524]]},{"type":"Polygon","properties":{"a":1050,"b":"Ulster","c":-6.8044,"d":54.5963},"arcs":[[-457,-484,558,-96,-552]]},{"type":"Polygon","properties":{"a":1000,"b":"Bedfordshire","c":-0.3325,"d":52.0522},"arcs":[[-266,-397,-264,-558,-219,-523,559]]},{"type":"Polygon","properties":{"a":1096,"b":"Ards","c":-5.6785,"d":54.4534},"arcs":[[-508,-367,-406,560]]},{"type":"Polygon","properties":{"a":1034,"b":"Richmond upon Thames","c":-0.3563,"d":51.4365},"arcs":[[-486,-535,-62,-544,542,-542,-105]]},{"type":"Polygon","properties":{"a":1002,"b":"Bath and North East Somerset","c":-2.4661,"d":51.29},"arcs":[[-492,-305,-538,-149,-143]]},{"type":"MultiPolygon","properties":{"a":1007,"b":"Devon","c":-3.8168,"d":50.8184},"arcs":[[[-383,561,-448,562,-555,563,-78,564,-493]]]},{"type":"MultiPolygon","properties":{"a":1114,"b":"Shetland Islands","c":-1.2263,"d":60.316},"arcs":[[[565]],[[566]],[[567]]]},{"type":"Polygon","properties":{"a":1117,"b":"Warwickshire","c":-1.5454,"d":52.2895},"arcs":[[-525,-87,-338,-527,-553,-408,-238]]},{"type":"Polygon","properties":{"a":1033,"b":"Redbridge","c":0.0906,"d":51.5962},"arcs":[[-377,-518,516,-516,-430,-313,568]]},{"type":"Polygon","properties":{"a":962,"b":"East Renfrewshire","c":-4.3329,"d":55.7185},"arcs":[[-250,-295,-251,-243,-46]]},{"type":"Polygon","properties":{"a":1130,"b":"Nottingham","c":-1.1158,"d":52.9597},"arcs":[[-94]]},{"type":"Polygon","properties":{"a":1148,"b":"Manchester","c":-2.3142,"d":53.5318},"arcs":[[-520,-281,-501,-435,569,-328,570,-278]]},{"type":"MultiPolygon","properties":{"a":1139,"b":"Eilean Siar","c":-6.6588,"d":58.1343},"arcs":[[[571]],[[572]],[[573]],[[574]],[[575]]]},{"type":"Polygon","properties":{"a":1014,"b":"Kingston upon Hull","c":-0.3708,"d":53.7512},"arcs":[[576,-299]]},{"type":"Polygon","properties":{"a":1048,"b":"Dungannon","c":-6.9671,"d":54.428},"arcs":[[-483,-464,577,578,-97,-559]]},{"type":"Polygon","properties":{"a":1095,"b":"Fermanagh","c":-7.6473,"d":54.3412},"arcs":[[-98,-579,579,-257]]},{"type":"Polygon","properties":{"a":1025,"b":"Ealing","c":-0.3236,"d":51.5223},"arcs":[[-107,-545,-364,362,-362,-398,-23]]},{"type":"Polygon","properties":{"a":1012,"b":"Cambridgeshire","c":-0.0209,"d":52.3374},"arcs":[[-221,-321,580,-267,-560,-522,-207,-453]]},{"type":"Polygon","properties":{"a":976,"b":"Clackmannanshire","c":-3.7415,"d":56.1495},"arcs":[[581,582,-548,-442]]},{"type":"Polygon","properties":{"a":1107,"b":"Thurrock","c":0.3609,"d":51.5063},"arcs":[[583,-189,-423,-374,584]]},{"type":"Polygon","properties":{"a":1016,"b":"North Lincolnshire","c":-0.58,"d":53.5987},"arcs":[[-156,-454,-93,585,-301,586]]},{"type":"Polygon","properties":{"a":1082,"b":"Lancashire","c":-2.5571,"d":53.8738},"arcs":[[-230,-279,-571,-329,-570,-438,587,-214]]},{"type":"Polygon","properties":{"a":980,"b":"Fife","c":-2.9762,"d":56.2884},"arcs":[[-582,-441,588]]},{"type":"Polygon","properties":{"a":1149,"b":"South Yorkshire","c":-1.3709,"d":53.4884},"arcs":[[-586,-92,-519,-276,-228,-302]]},{"type":"Polygon","properties":{"a":1017,"b":"Derby","c":-1.5083,"d":52.8658},"arcs":[[-521]]},{"type":"Polygon","properties":{"a":1035,"b":"Sutton","c":-0.1602,"d":51.353},"arcs":[[-3,-64,-534,-325]]},{"type":"Polygon","properties":{"a":1102,"b":"Essex","c":0.5584,"d":51.8318},"arcs":[[-320,589,-380,590,-585,-378,-569,-318,-557,-259,-581]]}]}},"arcs":[[[880,136],[5,-7]],[[885,129],[-9,-4],[-2,4]],[[874,129],[2,6]],[[876,135],[0,1]],[[876,136],[4,0]],[[586,549],[1,-7],[-9,1]],[[578,543],[-9,0]],[[569,543],[2,8],[15,-2]],[[589,308],[1,-2]],[[590,306],[-1,2]],[[618,304],[-10,-8],[-9,-3],[-9,13]],[[589,308],[1,10],[15,2],[9,-12],[9,2],[-5,-6]],[[890,138],[5,-2]],[[895,136],[-7,-11]],[[888,125],[-3,4]],[[880,136],[0,2]],[[880,138],[6,2]],[[886,140],[4,-2]],[[871,150],[2,-2]],[[873,148],[-1,-2]],[[872,146],[-1,0]],[[871,146],[-2,2]],[[869,148],[-5,2]],[[864,150],[3,4]],[[867,154],[4,-4]],[[643,202],[-21,-2],[-11,-6],[-21,0]],[[590,194],[-9,2],[0,4]],[[581,200],[12,2],[20,14],[7,9],[2,14],[8,2]],[[630,241],[1,0]],[[631,241],[6,0],[1,-6],[11,-12],[-6,-4],[0,-17]],[[502,432],[3,-2]],[[505,430],[4,0]],[[509,430],[-9,-6]],[[500,424],[-7,6]],[[493,430],[2,3]],[[495,433],[7,-1]],[[799,86],[-8,6]],[[791,92],[5,2],[3,-8]],[[643,202],[6,-8],[-4,-15],[-6,-8]],[[639,171],[-9,-2]],[[630,169],[-8,-8]],[[622,161],[-16,0],[-4,2],[1,8],[-8,-4],[-10,0]],[[585,167],[0,6],[-7,0],[3,10],[12,2],[-3,9]],[[616,545],[5,-5]],[[621,540],[-10,-4]],[[611,536],[-8,4]],[[603,540],[0,3]],[[603,543],[0,4]],[[603,547],[13,-2]],[[702,540],[-8,-1],[-13,-9],[-2,8],[-12,1]],[[667,539],[11,6],[7,0],[1,6]],[[686,551],[1,0]],[[687,551],[15,-11]],[[630,169],[7,-7],[-4,-6]],[[633,156],[-5,-6],[-12,-2],[-9,2],[0,6],[10,0],[5,5]],[[876,88],[10,-9]],[[886,79],[-15,5]],[[871,84],[5,4]],[[695,310],[-10,-2]],[[685,308],[-6,10],[11,2],[5,-10]],[[856,140],[4,-4]],[[860,136],[5,-1]],[[865,135],[4,-1]],[[869,134],[5,-5]],[[888,125],[1,-14]],[[889,111],[-3,0]],[[886,111],[-13,2],[-8,-4],[-25,-3],[-4,2]],[[836,108],[-6,9],[8,6],[-3,6]],[[835,129],[10,6],[6,7]],[[851,142],[1,0]],[[852,142],[4,-2]],[[834,424],[-4,-6],[-22,2]],[[808,420],[-2,6]],[[806,426],[0,2]],[[806,428],[2,2]],[[808,430],[4,1],[22,-7]],[[613,48],[-2,-6],[-10,0],[-7,-4],[-17,0],[-3,-10],[-10,-3],[-3,-4],[-8,-4],[5,-4],[-10,-8],[-7,10],[-13,4],[-6,-8],[-6,2],[0,8],[14,7],[3,-3],[19,15],[0,4],[6,2],[2,9],[7,6],[6,0],[18,21],[0,10]],[[591,92],[6,0],[0,-11],[4,-2],[3,-12],[8,-10],[1,-9]],[[727,624],[-3,-11],[-16,-14],[-6,0]],[[702,599],[-4,4],[-12,-4]],[[686,599],[-6,6],[5,6],[-16,10],[-4,15]],[[665,636],[7,4],[12,-2],[1,4],[14,4],[7,-2],[7,-8],[2,-8],[12,-4]],[[813,192],[4,-3],[-5,-14],[5,-8],[5,2],[6,-6],[-4,-11],[3,-2]],[[827,150],[1,-6],[-7,-4],[-20,10],[-19,-4]],[[782,146],[-6,6],[0,10]],[[776,162],[-2,7],[6,16],[-2,4]],[[778,189],[9,1],[5,10],[5,0],[2,6]],[[799,206],[6,-6],[-5,-2],[3,-9],[10,3]],[[833,324],[3,-14],[-2,-6],[6,-17],[-5,-8]],[[835,279],[-13,-15],[-9,0],[-5,-4],[-5,4],[0,6]],[[803,270],[-1,11],[-3,2],[1,12],[8,2],[1,11]],[[809,308],[7,12],[9,7]],[[825,327],[8,-3]],[[809,270],[4,7],[-5,4],[-3,-4],[4,-7]],[[437,443],[-3,-2]],[[434,441],[-2,-6],[3,-9]],[[435,426],[-1,-4],[-18,-8],[-7,-2]],[[409,412],[-11,-2],[-3,8],[2,6],[-9,4]],[[388,428],[2,3],[14,1],[3,5],[10,4],[20,2]],[[702,711],[0,-6],[8,-11],[-12,0],[-7,-4],[2,-13],[-4,-6],[-11,0],[-9,-8],[-3,-8],[-19,0]],[[647,655],[15,8],[0,11],[4,8],[-7,6],[-11,-2],[-6,19]],[[642,705],[14,2],[8,6],[22,-4],[16,2]],[[871,146],[3,-4]],[[874,142],[-3,0]],[[871,142],[-2,2]],[[869,144],[0,0]],[[869,144],[0,4]],[[760,77],[2,-4]],[[762,73],[-8,0]],[[754,73],[6,4]],[[479,648],[-4,-6],[-8,6],[6,5],[6,-5]],[[498,692],[-2,-10],[-4,-4],[0,8],[6,6]],[[477,711],[10,-9],[0,-27],[7,0],[9,-6],[17,2],[-1,-4],[-18,-16],[-5,-1],[3,11],[-8,-2],[-1,6],[-14,-4],[-10,14],[5,3],[-8,8],[-4,-8],[-6,2],[-2,14],[6,-6],[-1,14],[11,-8],[5,0],[-2,13],[7,4]],[[647,655],[-8,-15]],[[639,640],[-9,2],[-2,-4],[-13,0],[-1,-2],[-16,-10],[-5,4],[-5,-11],[-8,-4]],[[580,615],[-20,0],[-3,-4],[-15,4]],[[542,615],[10,2],[-6,4],[-13,-6],[-15,-14],[-21,12],[9,4],[-24,3],[2,4],[26,4],[4,10],[-9,-2],[2,10],[7,4],[-4,3],[8,8],[3,10],[-5,7],[9,2],[-4,6],[-5,-6],[-7,0],[-4,12],[5,9],[9,-5],[-9,15],[8,0],[-9,4],[0,10],[9,0],[4,-8],[2,6],[10,8],[15,0],[-1,5],[-14,6],[0,6],[8,-4],[2,7],[-8,9],[17,3],[-1,14],[8,-4],[-5,10],[7,13],[15,-2],[7,-6],[-6,-9],[12,13],[11,-6],[9,0],[6,4],[22,0],[10,6],[19,-2],[-3,4],[26,-2],[-8,-10],[5,-3],[-8,-14],[-13,-6],[-9,-9],[-21,-16],[-10,-4],[0,-7],[-13,-2],[19,-4],[7,6],[1,-4],[-13,-12],[-4,4],[-9,-6],[-7,0],[-8,-7],[11,5],[15,0],[-10,-7],[-5,-8],[14,6],[-3,3],[14,0],[7,4]],[[875,144],[-1,-2]],[[871,146],[1,0]],[[872,146],[3,-2]],[[820,86],[-3,-5],[-3,5]],[[814,86],[6,0]],[[782,146],[0,0]],[[782,146],[-5,-4],[-8,0],[-3,8],[6,10]],[[772,160],[4,2]],[[883,144],[1,-2]],[[884,142],[1,0]],[[885,142],[0,0]],[[885,142],[1,-2]],[[880,138],[3,6]],[[768,73],[-6,0]],[[760,77],[8,-4]],[[490,464],[5,-5],[1,-12]],[[496,447],[-5,-2]],[[491,445],[-25,0]],[[466,445],[-2,12]],[[464,457],[4,3],[16,6]],[[484,466],[6,-2]],[[782,146],[6,-17]],[[788,129],[-3,-8],[-10,0],[6,-21],[0,-4],[-15,4],[-7,-2]],[[759,98],[-11,-2],[-7,10],[-6,1]],[[735,107],[-2,2],[7,16],[-3,4]],[[737,129],[0,9]],[[737,138],[3,8],[-2,6]],[[738,152],[8,0],[6,8],[11,-2],[6,5],[3,-3]],[[941,92],[-5,2],[-11,-8],[-17,-4],[-8,-7],[-14,4]],[[876,88],[4,10],[4,0],[2,13]],[[889,111],[5,-2],[12,2],[10,-9],[19,-4],[6,-6]],[[737,138],[-7,-2],[-8,2]],[[722,138],[0,4],[-11,6]],[[711,148],[10,13]],[[721,161],[17,-5],[0,-4]],[[835,129],[-8,2],[-33,2],[-6,-4]],[[827,150],[13,0],[11,-4],[0,-4]],[[886,329],[-5,0],[-4,-9],[-5,5],[-1,8],[-5,4]],[[866,337],[6,2]],[[872,339],[14,-10]],[[714,221],[2,-9],[10,3],[3,-11],[4,-4],[0,-8]],[[733,192],[-9,-5],[4,-6],[-14,-6]],[[714,175],[-1,0]],[[713,175],[-5,0],[-9,8],[-6,0],[-6,6]],[[687,189],[-4,7],[1,10],[10,15]],[[694,221],[-1,0]],[[694,221],[7,6],[9,-8],[4,2]],[[884,142],[2,2]],[[886,144],[5,0]],[[891,144],[1,2]],[[892,146],[-2,-8]],[[754,538],[-14,-14],[-6,-2],[9,-17],[-10,-8],[-8,0],[-9,-8],[-5,-7]],[[711,482],[-11,-8]],[[700,474],[-1,15],[-8,0],[-14,10],[-6,-4],[1,6],[-14,0]],[[658,501],[-1,19],[8,10],[-4,4]],[[661,534],[4,6]],[[665,540],[2,-1]],[[702,540],[16,0],[12,5],[2,6]],[[732,551],[14,-2],[8,-11]],[[798,453],[6,-14]],[[804,439],[-9,-8]],[[795,431],[-2,-3]],[[793,428],[-10,-2],[-7,2],[0,-6]],[[776,422],[-16,-8],[-15,0]],[[745,414],[0,8],[-8,4],[0,7],[-5,4],[4,8]],[[736,445],[6,0],[14,8],[6,-4],[5,6]],[[767,455],[17,-2],[5,-8],[9,8]],[[932,136],[1,4],[9,-2],[3,-5],[-9,0],[-4,3]],[[928,135],[4,1]],[[932,136],[2,-3],[14,-2],[8,3],[22,1],[-4,-6],[2,-10],[-2,-6],[-12,-6],[-6,0],[-9,-9],[1,-6],[-7,0]],[[895,136],[4,6]],[[899,142],[10,-2]],[[909,140],[9,4]],[[918,144],[-5,-15],[10,-2],[5,8]],[[685,306],[11,-6],[-2,-5]],[[694,295],[-11,-8]],[[683,287],[-5,9],[-7,1],[-5,11],[1,6]],[[667,314],[18,-8]],[[836,108],[-6,-4],[-6,-10],[0,-10]],[[824,84],[-4,2]],[[814,86],[-5,-7],[-10,7]],[[791,92],[8,-11],[-15,-8],[-8,2]],[[776,75],[-7,2],[-1,13],[-7,4],[-2,4]],[[423,468],[9,-21]],[[432,447],[-4,0],[-13,10],[-10,2]],[[405,459],[4,9],[14,0]],[[791,470],[-3,-2],[-13,2],[-7,-8],[-1,-7]],[[736,445],[-6,6],[-11,-2],[0,17],[5,2],[-13,14]],[[754,538],[13,-16],[12,-4],[3,-9],[0,-12],[4,-19],[5,-8]],[[881,250],[0,-7],[-6,0],[-9,-6],[-8,5]],[[858,242],[-5,6]],[[853,248],[11,4],[12,-4],[5,2]],[[853,248],[-16,-11]],[[837,237],[-4,7],[0,12],[10,2]],[[843,258],[15,-4],[-5,-6]],[[745,414],[-9,-2],[-3,-7],[3,-10],[-10,0]],[[726,395],[-14,-8],[-11,2]],[[701,389],[-14,-2],[-6,-9],[-6,5],[1,8],[-5,0],[-7,8],[-4,11],[-10,10],[8,19],[5,6],[4,10],[6,4],[15,0],[-1,3]],[[687,462],[2,8],[5,-2],[6,6]],[[842,185],[-4,0],[-9,9]],[[829,194],[-1,8],[14,6]],[[842,208],[6,-8],[-5,-4],[-1,-11]],[[997,239],[-6,-2],[0,-6],[-10,2],[-19,-10],[-15,0],[-8,4],[-10,-2],[1,6],[-17,-2]],[[913,229],[-7,8],[-5,-2],[-1,11],[-4,2],[0,8]],[[896,256],[6,8]],[[902,264],[1,0]],[[903,264],[6,-4],[6,15],[12,6],[23,-2],[17,-4],[24,-13],[6,-12],[0,-11]],[[872,387],[-6,-2],[-7,4],[-3,-6],[-31,-13]],[[825,370],[-5,6],[-8,1],[-7,-7],[3,-8],[16,0]],[[824,362],[1,-6],[-4,-11],[-7,2],[1,-6]],[[815,341],[-10,-2]],[[805,339],[1,8],[-6,3],[1,16],[-9,-2],[-19,0],[-14,6],[-1,-8],[-5,-2]],[[753,360],[-12,12],[-4,-2],[-6,8],[-11,5],[6,12]],[[776,422],[7,-4],[9,0]],[[792,418],[12,0]],[[804,418],[4,2]],[[834,424],[16,-8],[6,-8],[5,-13],[11,-8]],[[734,258],[-7,-12],[-14,12],[17,8]],[[730,266],[4,-8]],[[837,237],[-9,0],[-1,-6],[-9,0],[-10,-6]],[[808,225],[-7,10],[-16,8],[-3,9]],[[782,252],[3,6],[6,2],[9,10],[3,0]],[[835,279],[8,-21]],[[812,243],[3,7],[-7,-2],[4,-5]],[[595,549],[8,-6]],[[603,540],[-10,-6]],[[593,534],[-8,0],[-7,9]],[[586,549],[9,0]],[[621,540],[13,-8],[9,4]],[[643,536],[10,2],[8,-4]],[[658,501],[-9,-10],[-12,14],[-10,2]],[[627,507],[0,9],[-14,-1],[2,5],[-5,8]],[[610,528],[1,8]],[[593,534],[0,0]],[[593,534],[-7,-8],[8,-4],[-5,-4]],[[589,518],[-6,-2]],[[583,516],[0,2],[-16,12],[4,4],[-2,9]],[[432,447],[6,0]],[[438,447],[-1,-4]],[[388,428],[-1,0]],[[387,428],[-9,3],[-6,6],[11,0],[7,4],[7,0],[8,18]],[[890,190],[5,-19],[-8,-2],[-3,-8]],[[884,161],[-9,2],[-9,-5]],[[866,158],[-7,-2]],[[859,156],[-6,-2]],[[853,154],[-6,13],[-10,8],[13,-2]],[[850,173],[5,4]],[[855,177],[8,0],[-3,6]],[[860,183],[2,6],[6,0],[7,7]],[[875,196],[2,-4],[11,2],[2,-4]],[[698,813],[-2,-7],[-8,7],[10,0]],[[675,821],[5,-8],[-9,-3],[-8,9],[6,4],[6,-2]],[[681,842],[10,-5],[-1,-5],[8,-5],[6,2],[5,-6],[-7,-4],[-10,6],[-14,-2],[-8,2],[-3,7],[3,9],[11,1]],[[694,862],[8,-10],[-13,8],[5,2]],[[639,171],[10,0],[4,-4]],[[653,167],[2,-9]],[[655,158],[-7,0],[1,-10],[-7,0]],[[642,148],[-6,8],[-3,0]],[[805,339],[-31,-6],[-7,-4]],[[767,329],[-5,2]],[[762,331],[-8,8],[-2,6],[-6,0]],[[746,345],[2,9],[5,6]],[[711,316],[10,-6],[7,6]],[[728,316],[18,-4],[8,4]],[[754,316],[3,-16]],[[757,300],[-11,-3],[-4,-4]],[[742,293],[-2,-4]],[[740,289],[-9,-4],[0,-4]],[[731,281],[-10,-4],[-6,4],[-7,-2]],[[708,279],[-6,2],[-8,14]],[[685,306],[0,2]],[[695,310],[9,-2],[1,4]],[[705,312],[-2,0]],[[703,312],[2,0]],[[705,312],[6,4]],[[627,507],[-7,-6],[-1,-10],[-12,2],[-7,-15],[-5,0]],[[595,478],[2,13],[-8,10],[6,-2],[3,16],[-9,3]],[[593,534],[17,-6]],[[702,599],[-15,-2]],[[687,597],[-1,2]],[[872,387],[8,-4],[-10,-7],[5,-12],[18,-23],[-16,-2],[-12,11]],[[865,350],[-7,4],[-2,-7]],[[856,347],[-14,2],[-3,-4]],[[839,345],[-10,-8]],[[829,337],[-9,6],[-5,-2]],[[824,362],[1,8]],[[918,144],[12,-2],[1,-2],[-11,-4],[8,-1]],[[714,134],[-5,-5]],[[709,129],[-6,0]],[[703,129],[0,0]],[[703,129],[1,-2]],[[704,127],[0,0]],[[704,127],[-12,-2],[-1,4]],[[691,129],[13,15],[4,0]],[[708,144],[7,-4],[-1,-6]],[[886,156],[0,-6]],[[886,150],[-2,0]],[[884,150],[-3,2]],[[881,152],[2,2]],[[883,154],[1,4]],[[884,158],[2,-2]],[[997,239],[2,-4],[-9,-19],[-3,-18],[-7,-2],[-9,-11],[-17,0]],[[954,185],[-7,3],[-12,-1],[-9,11],[-15,-2]],[[911,196],[-1,4],[8,10],[-6,2],[6,4],[-5,3],[-3,8],[3,2]],[[753,669],[-2,-12]],[[751,657],[-17,-2],[2,12],[17,2]],[[876,138],[0,-2]],[[876,135],[-6,0]],[[870,135],[-1,3]],[[869,138],[7,0]],[[732,343],[-9,-4]],[[723,339],[-2,11],[6,2],[5,-9]],[[884,150],[0,-2]],[[884,148],[-4,-2]],[[880,146],[-1,4]],[[879,150],[-1,0]],[[879,150],[2,2]],[[721,161],[-9,-5]],[[712,156],[2,19]],[[733,192],[7,-4],[19,6],[6,-2],[6,8]],[[771,200],[7,-11]],[[669,171],[4,-10],[-2,-3]],[[671,158],[-9,11],[1,4]],[[663,173],[6,-2]],[[672,144],[8,-4]],[[680,140],[-1,-4],[-23,0],[-2,2]],[[654,138],[6,8]],[[660,146],[12,-2]],[[665,540],[-3,15]],[[662,555],[21,-2],[3,-2]],[[517,443],[-13,0]],[[504,443],[-8,4]],[[490,464],[8,6]],[[498,470],[0,-8],[7,-3],[5,-10],[3,2],[4,-8]],[[683,287],[2,-8],[-14,-4],[-6,-5]],[[665,270],[-5,0]],[[660,270],[1,9]],[[661,279],[-1,8],[-7,2],[6,6],[-1,15]],[[658,310],[9,4]],[[625,557],[13,-10]],[[638,547],[6,-2],[-1,-9]],[[616,545],[7,2],[-5,10]],[[618,557],[7,0]],[[859,156],[2,-6]],[[861,150],[-2,-2]],[[859,148],[0,0]],[[859,148],[0,-4]],[[859,144],[-3,-4]],[[852,142],[1,12]],[[513,430],[-4,-12]],[[509,418],[-4,-2]],[[505,416],[-5,8]],[[509,430],[4,0]],[[464,457],[-1,2]],[[463,459],[-6,13],[7,6]],[[464,478],[12,-4],[6,2],[2,-10]],[[905,150],[-6,-6]],[[899,144],[-4,0]],[[895,144],[-1,10]],[[894,154],[0,2]],[[894,156],[7,0],[4,-6]],[[938,148],[-12,0]],[[926,148],[0,4],[12,-4]],[[776,75],[-8,-2]],[[754,73],[6,-6],[-2,-4],[-32,2],[0,-6],[-15,12],[-17,4]],[[694,75],[0,7]],[[694,82],[2,2],[20,4],[4,12],[7,-6],[8,13]],[[878,150],[-2,0]],[[876,150],[-2,0]],[[874,150],[2,4],[7,0]],[[684,148],[2,-2]],[[686,146],[-6,-6]],[[672,144],[4,4]],[[676,148],[8,0]],[[877,144],[-1,0]],[[876,144],[-1,0]],[[873,148],[4,-4]],[[595,478],[-11,-2],[2,-6],[-17,-2],[-10,-4]],[[559,464],[-1,6],[14,19],[6,14],[8,4],[-3,9]],[[855,177],[0,6],[5,0]],[[864,150],[-3,0]],[[866,158],[1,-4]],[[708,279],[-4,-6],[-3,4],[-11,0],[-9,-9],[1,-4]],[[682,264],[-7,-2],[-10,8]],[[693,156],[-4,-2]],[[689,154],[-6,9]],[[683,163],[-1,8]],[[682,171],[6,0],[5,-15]],[[525,435],[-5,-5],[-7,0]],[[505,430],[8,5],[12,0]],[[782,252],[-4,-9],[-8,0]],[[770,243],[-7,0],[-1,7],[-11,-4],[-2,2],[-7,-5],[5,-6],[-2,-8]],[[745,229],[-8,2]],[[737,231],[3,21],[-6,6]],[[730,266],[-3,4],[4,11]],[[740,289],[2,-10],[8,0],[-8,14]],[[757,300],[10,-3],[4,-16],[-4,-2],[0,-9],[15,-6],[-7,-8],[7,-4]],[[681,173],[1,-2]],[[683,163],[-11,8]],[[672,171],[9,2]],[[876,150],[2,-4]],[[878,146],[-1,-2]],[[871,150],[3,0]],[[880,146],[0,0]],[[880,146],[-2,0]],[[899,144],[0,-2]],[[892,146],[3,-2]],[[737,231],[-2,-6],[-10,-2],[-6,-4],[-5,2]],[[693,221],[-7,2],[-9,6],[1,4],[11,2],[1,8],[-7,-4],[0,4],[10,15],[-11,6]],[[791,470],[7,-17]],[[889,148],[2,-4]],[[886,144],[-2,4]],[[886,150],[3,-2]],[[689,154],[-5,-6]],[[676,148],[-5,10]],[[669,171],[3,0]],[[687,462],[-5,0],[-26,0],[-3,-9],[-15,0],[0,-4],[-10,-6],[-10,0],[-5,6],[-14,6],[5,-8],[-1,-12],[-10,2],[-3,6],[-17,10],[-9,-8],[7,-14],[-6,1],[-1,7],[-11,12],[-3,15],[3,2],[4,-9],[2,5]],[[707,329],[12,-7]],[[719,322],[-7,1],[-1,-7]],[[703,312],[-11,6],[-7,17],[9,12]],[[694,347],[-5,-16],[18,-2]],[[639,640],[14,0],[1,-4],[11,0]],[[687,597],[-13,-9]],[[674,588],[1,-4],[-8,-4],[5,-2],[1,-8],[-23,-3]],[[650,567],[4,5],[-17,2]],[[637,574],[-11,6],[-11,4],[-4,4],[6,15],[-9,-4],[-3,6],[-20,-6]],[[585,599],[-4,6],[7,4],[-3,6],[-5,0]],[[660,146],[1,6],[-6,6]],[[653,167],[10,6]],[[658,55],[-1,-13]],[[657,42],[-6,2],[-2,6],[9,5]],[[504,443],[1,-8]],[[505,435],[-3,-3]],[[495,433],[-4,12]],[[886,329],[10,-5],[11,-22],[-1,-13],[-10,-6],[-11,-12],[11,-1],[6,-6]],[[896,256],[-15,-6]],[[833,324],[4,5],[8,-2],[3,-4],[12,6],[6,8]],[[493,430],[-13,-2]],[[480,428],[-11,-2]],[[469,426],[0,9],[-4,2]],[[465,437],[1,8]],[[815,73],[-6,-10],[-7,-2],[-14,8],[-1,4],[14,6],[14,-6]],[[461,416],[6,-8],[4,2]],[[471,410],[3,-11]],[[474,399],[-16,-6],[-3,-4]],[[455,389],[-10,4],[-4,10]],[[441,403],[4,7],[6,0],[3,6],[7,0]],[[505,416],[-5,-8]],[[500,408],[-17,4]],[[483,412],[-4,8],[1,8]],[[553,505],[-14,4],[-3,15],[9,6],[7,-6],[4,-9],[-3,-10]],[[561,532],[-11,11],[1,6],[9,-9],[1,-8]],[[490,540],[5,-14],[-12,-4],[-9,14],[-6,-10],[-4,0],[6,17],[6,-1],[13,9],[1,-11]],[[488,567],[-2,-8],[-5,4],[7,4]],[[511,557],[-13,-21],[-7,9],[7,12],[17,13],[-4,-13]],[[440,597],[-6,6],[13,2],[-7,-8]],[[495,613],[4,-10],[17,-2],[3,-7],[-10,-10],[-3,4],[-13,-6],[-14,-2],[-6,6],[12,0],[11,4],[-11,-2],[3,11],[-11,6],[-1,6],[11,4],[8,-2]],[[585,599],[-6,-2],[-7,-9],[4,-4],[8,2],[-2,-12],[5,-11]],[[587,563],[1,-12]],[[588,551],[-3,0],[-15,10],[7,11],[-8,-5],[-2,-16],[-7,-6],[-10,4],[-3,-9],[-7,5],[0,10],[8,12],[-15,-10],[2,-14],[6,-9],[-9,-6],[-3,-19],[-5,-6],[4,-6],[-6,-4],[-10,-2],[-2,10],[5,4],[0,11],[3,10],[8,10],[-8,3],[5,10],[-6,0],[7,8],[-7,-2],[12,17],[-7,-3],[1,11],[9,17],[5,0],[-3,6],[8,12]],[[460,611],[-8,-2],[7,6],[9,4],[-8,-8]],[[704,150],[-12,0],[-6,-4]],[[693,156],[8,2],[3,-8]],[[585,167],[-5,-9],[-9,0],[-6,-4],[-12,8],[12,1],[-20,4],[10,4],[-4,8],[-8,-2],[-1,6],[11,4],[5,7],[14,-2],[9,8]],[[483,412],[-1,-2],[-11,0]],[[461,416],[2,6]],[[463,422],[6,4]],[[883,144],[-3,2]],[[869,138],[2,4]],[[876,144],[0,-6]],[[687,189],[1,-8],[-7,-8]],[[631,241],[6,5],[2,6],[13,2],[1,12],[7,4]],[[603,547],[0,6]],[[603,553],[6,0],[-1,6],[10,-2]],[[709,129],[6,-4],[13,0],[9,4]],[[694,82],[-6,8],[-7,0],[0,4],[-8,0],[-13,8],[-22,9],[0,4],[6,0],[1,6]],[[645,121],[18,-2],[2,-2],[19,0],[7,2],[0,10]],[[443,480],[3,-23]],[[446,457],[1,-4],[-9,-6]],[[423,468],[6,0],[6,14],[8,-2]],[[630,241],[-7,-2],[-5,7],[5,10],[-6,10],[3,7],[-9,2],[-12,-4],[-7,-9],[-12,2],[-1,2],[9,9],[16,10],[1,6],[13,13]],[[618,304],[8,0]],[[626,304],[5,-4],[-5,-11],[1,-8],[6,0],[7,-6],[12,8],[2,-4],[7,0]],[[719,322],[5,2],[4,-8]],[[687,551],[8,2],[7,8],[12,0],[18,-10]],[[517,443],[-12,-8]],[[626,304],[11,4],[21,2]],[[520,416],[-1,-8],[5,0],[3,-5],[-7,-8],[-15,-2],[1,-4]],[[506,389],[-13,2],[1,4]],[[494,395],[5,0],[1,13]],[[509,418],[6,-4],[5,2]],[[638,547],[20,10]],[[658,557],[4,-2]],[[654,138],[-10,4],[-2,6]],[[464,478],[-2,7]],[[462,485],[12,1],[6,-2],[9,1],[6,-5],[-2,-10],[5,0]],[[871,84],[-23,-2],[-16,-7],[-8,9]],[[804,418],[2,8]],[[889,148],[2,2]],[[891,150],[0,0]],[[891,150],[3,4]],[[767,329],[5,-9],[14,-12],[9,4],[14,-4]],[[754,316],[8,15]],[[792,268],[2,5],[-5,4],[-4,-4],[7,-5]],[[858,242],[5,-11],[-10,-8],[2,-4]],[[855,219],[-5,-7],[-7,3],[-1,-7]],[[829,194],[-6,4],[-10,-6]],[[799,206],[8,8],[-3,5],[4,6]],[[745,229],[11,0],[0,-4],[9,0]],[[765,225],[0,-6],[-6,-13],[12,-6]],[[506,389],[-2,-6],[-9,-6],[-12,6],[-8,0],[-19,-6],[-3,2],[2,10]],[[474,399],[20,-4]],[[751,657],[-8,-11],[0,-8],[-9,-10],[-7,-4]],[[702,711],[20,-2],[13,2],[7,-2],[14,2],[10,-7],[5,-14],[-13,-12],[-5,-9]],[[463,459],[-17,-2]],[[443,480],[19,5]],[[870,135],[-1,-1]],[[865,135],[4,3]],[[878,146],[2,-8]],[[712,156],[-8,-6]],[[722,138],[-8,-4]],[[708,144],[3,4]],[[643,561],[5,-4],[10,0]],[[625,557],[18,4]],[[869,144],[-8,-6]],[[861,138],[0,0]],[[861,138],[-1,-2]],[[859,144],[10,0]],[[792,418],[1,10]],[[795,431],[11,-3]],[[637,574],[0,-8]],[[637,566],[6,-5]],[[603,553],[-5,6],[-11,4]],[[804,439],[5,-2],[-1,-7]],[[465,437],[-12,0],[-5,4],[-14,0]],[[770,243],[7,-14],[14,2],[1,-6],[-7,-2],[-17,0],[-3,2]],[[619,40],[-5,6]],[[614,46],[10,-2],[-5,-4]],[[595,549],[-7,2]],[[884,161],[0,-3]],[[842,185],[-2,-4],[10,-8]],[[463,422],[-14,4],[-14,0]],[[855,219],[7,-9],[14,-8],[-1,-6]],[[525,435],[6,-9],[1,-18],[-4,-4],[-4,6],[0,12],[-8,0],[4,-6]],[[694,75],[-20,-6],[-2,-4],[-8,0],[-6,-10]],[[657,42],[-7,-6],[-2,-8],[-8,0],[-11,8],[-6,-2],[-4,6]],[[614,46],[-1,2]],[[591,92],[1,8],[15,0],[6,7],[-3,6],[6,6],[29,2]],[[812,935],[-8,-14],[-1,-13],[-7,4],[7,23],[-6,6],[-5,-6],[-6,2],[1,7],[-10,-1],[0,7],[19,0],[-5,17],[-10,-3],[13,13],[7,-2],[-2,-15],[6,7],[7,-9],[4,4],[-1,-12],[-8,-10],[5,-5]],[[815,989],[6,-4],[-3,-18],[-8,1],[-2,11],[7,10]],[[834,994],[-3,-11],[-8,0],[1,11],[8,5],[2,-5]],[[886,156],[8,0]],[[707,329],[4,8],[12,2]],[[732,343],[14,2]],[[408,646],[-5,-4],[-7,0],[7,11],[5,-7]],[[410,684],[9,-9],[-5,-8],[3,-10],[-10,2],[-3,10],[3,6],[-2,7],[5,2]],[[413,692],[6,-6],[-12,0],[6,6]],[[420,707],[2,-13],[-9,0],[-7,6],[-9,2],[3,5],[20,0]],[[484,771],[-13,-13],[3,-16],[-14,-11],[-4,3],[-2,-6],[-8,1],[3,-6],[-15,-8],[-7,6],[16,11],[-18,6],[5,4],[-6,9],[6,9],[10,-5],[9,1],[-5,9],[31,16],[5,5],[6,-9],[-2,-6]],[[865,350],[-9,-3]],[[441,403],[-10,7],[-11,-6]],[[420,404],[-9,2],[-2,6]],[[420,404],[3,-7],[-6,-4],[-5,-10],[-8,4],[-11,-2],[-6,6],[-9,0],[-3,8],[-12,9],[-7,8],[12,6],[9,0],[10,6]],[[911,196],[-8,2],[-12,-2],[-1,-6]],[[650,567],[-7,-4]],[[643,563],[-6,3]],[[920,146],[-11,-6]],[[905,150],[15,-4]],[[825,327],[4,10]],[[839,345],[28,2],[5,-8]],[[694,347],[-5,3],[-2,14],[11,4],[3,6],[-5,3],[8,8],[-3,4]],[[674,588],[23,9],[7,-3],[-3,-4],[17,-8],[-15,-10],[-10,2],[-13,-13],[-14,-4],[-23,6]],[[954,185],[12,0],[-4,-6],[6,-2],[-15,-8],[-5,6],[-14,-12],[12,4],[-2,-15],[-6,-4]],[[926,148],[-6,-2]]],"transform":{"scale":[0.015477961691691694,0.01094922233233233],"translate":[-13.69131426,49.90961335]},"bbox":[-13.69131426,49.90961335,1.77116947,60.84788646]}