{"type":"Topology","objects":{"all":{"type":"GeometryCollection","bbox":[55.97583866,73.14864058,37.1851474,45.55871897],"geometries":[{"type":"Polygon","properties":{"a":3511,"b":"Kashkadarya","c":66.0635,"d":38.8586},"arcs":[[0,1,2,3,4,5]]},{"type":"Polygon","properties":{"a":3509,"b":"Navoi","c":63.9637,"d":42.1648},"arcs":[[6,7,-5,8,9,10]]},{"type":"Polygon","properties":{"a":3515,"b":"Namangan","c":71.1867,"d":40.9582},"arcs":[[11,12,13,14,15]]},{"type":"Polygon","properties":{"a":3510,"b":"Samarkand","c":66.3417,"d":39.7793},"arcs":[[16,17,-6,-8]]},{"type":"MultiPolygon","properties":{"a":3517,"b":"Sirdaryo","c":68.6457,"d":40.4647},"arcs":[[[18,19]],[[20,21,22,23,24,25]]]},{"type":"Polygon","properties":{"a":3512,"b":"Surkhandarya","c":67.4954,"d":38.0276},"arcs":[[-2,26]]},{"type":"Polygon","properties":{"a":3518,"b":"Tashkent","c":69.7291,"d":41.2621},"arcs":[[-15,27,-22,20,-26,28]]},{"type":"Polygon","properties":{"a":3507,"b":"Khorezm","c":60.5756,"d":41.4202},"arcs":[[29,30,31]]},{"type":"MultiPolygon","properties":{"a":3514,"b":"Ferghana","c":71.2864,"d":40.4665},"arcs":[[[32]],[[33]],[[34,35,-13]]]},{"type":"Polygon","properties":{"a":3516,"b":"Jizzakh","c":67.5284,"d":40.4052},"arcs":[[-24,36,-19,37,-17,-7,38]]},{"type":"Polygon","properties":{"a":3506,"b":"Bukhoro","c":63.6564,"d":40.1857},"arcs":[[-4,39,-30,40,-9]]},{"type":"Polygon","properties":{"a":3513,"b":"Andijon","c":72.3079,"d":40.7544},"arcs":[[-35,-12,41]]},{"type":"Polygon","properties":{"a":3508,"b":"Karakalpakstan","c":58.9858,"d":43.4396},"arcs":[[-10,-41,-32,42]]}]}},"arcs":[[[662,251],[0,-12],[7,-4],[5,0],[6,-5],[0,-14]],[[680,216],[-9,-5],[3,-12],[0,-12],[-3,-7],[-6,4],[-7,-17],[-7,-11],[-2,-14],[-16,-16],[-2,-8],[-7,-11],[-2,-9],[-3,-5]],[[619,93],[0,4],[-6,3],[-7,2],[-5,5],[-4,7],[-7,4],[-4,5],[-10,6],[-6,-5],[-7,-1],[-4,3],[-23,25],[-12,19],[-13,9],[-7,6],[-13,18],[-3,6]],[[488,209],[9,14],[21,14],[-2,11],[4,9],[4,1],[9,14]],[[533,272],[7,3]],[[540,275],[25,-2],[3,9],[4,0],[2,-7],[7,-9],[0,-10],[7,-2],[7,7],[9,2],[8,-6],[5,4],[5,6],[11,-3],[2,-11],[9,-1],[4,5],[14,-6]],[[626,473],[-7,-4],[0,-4],[0,-19],[9,-5],[0,-10],[2,-4],[-11,-33]],[[619,394],[-6,16],[-11,-6],[-3,4],[-4,-9],[0,-10],[-1,-1],[1,-19],[-3,-5],[-2,-10],[4,-5],[-6,-8],[-12,-3],[-11,6],[-2,5],[-9,4],[-3,-14],[1,-4],[-3,-11],[-9,2],[0,-4],[-9,-6],[5,-6],[2,-15],[-2,-7],[4,-13]],[[533,272],[-2,9],[-5,6],[-2,13],[-8,5],[-3,0],[-7,7],[-6,13],[6,13],[5,5],[4,11],[3,1],[-2,9],[2,5],[-2,9],[6,1],[4,-4],[7,0],[7,24],[5,-1],[-2,5],[2,17],[-2,-2],[-17,3],[-6,1],[-4,5],[-5,22],[-2,-5],[-12,-2],[-2,-1],[-4,-14],[-16,4],[-2,4],[0,11],[-5,5],[-2,-5],[-8,-20],[-8,-4],[-2,9],[-17,18],[-17,11],[-7,4],[-8,21],[-10,18],[-3,10],[-5,0],[-20,-11]],[[361,502],[-25,53],[0,2],[14,14],[-8,23],[2,27],[2,12],[32,88],[-1,4],[-16,6],[-4,4],[-5,15]],[[352,750],[16,5],[30,8],[23,6],[9,-2],[63,-8],[23,20],[4,0],[20,-36],[14,-12],[5,-17],[11,-36],[18,14],[-1,-59],[-4,-9],[0,-50],[29,0],[1,-31],[9,-64],[4,-6]],[[943,455],[-1,-11],[-9,-3],[-6,4],[-16,-4],[-3,-5],[2,-5],[-2,-4]],[[908,427],[-6,-1],[-5,-6],[-7,-12],[-13,9],[4,9],[-11,1],[-9,-5],[-2,-4]],[[859,418],[0,5],[-7,4],[0,5],[5,-2],[-12,21],[-4,5]],[[841,456],[2,14],[-4,6],[2,10],[-3,7],[5,10]],[[843,503],[9,7],[5,-2],[4,-11],[-2,-13],[4,0],[5,-6],[4,1],[9,-5],[3,-5],[1,7],[3,-1],[2,-6],[3,5],[4,-5],[2,5],[-2,23],[9,-7],[5,13],[-3,9],[2,6],[3,0],[0,-13],[5,3],[6,-20],[2,-12],[5,2],[2,-4],[5,5],[2,-1],[3,-23]],[[619,394],[11,-2],[5,1],[0,-20],[0,-9],[5,-7],[-2,-13],[4,0],[2,-9],[12,-5],[11,-2],[4,-13],[-9,-6],[0,-10],[-4,-2],[0,-10],[9,-14]],[[667,273],[-2,-5],[-1,-16],[-2,-1]],[[737,317],[0,14],[-2,7],[4,11]],[[739,349],[14,4],[4,-4],[-2,-6],[-5,1],[-4,-5],[-1,5],[0,-9],[5,-11],[-2,-4],[-4,14],[-2,-4],[3,-11],[-3,-5],[-3,6],[-2,-3]],[[741,439],[0,0]],[[741,439],[5,-4],[7,-13],[2,-6],[5,-3],[4,-9],[-2,-7],[2,-4],[-2,-6],[0,-25]],[[762,362],[-3,2],[-11,-4],[-3,-2],[-8,0]],[[737,358],[0,11],[-16,-6],[-14,0],[-2,10],[7,24],[-3,0],[0,9],[5,4],[0,5]],[[714,415],[12,-9],[2,4],[6,-3],[1,8],[-3,7],[-2,13],[4,11],[3,3]],[[737,449],[4,-10]],[[680,216],[9,-3],[7,3],[5,-2],[2,1],[7,-17],[-7,-8],[0,-8],[-2,-1],[2,-21],[2,-12],[5,-11],[9,-11],[0,-15],[-7,-22],[-5,-4],[-4,-11],[-5,-15],[-6,-12],[-5,-13],[2,-24],[-2,-8],[-4,4],[-7,1],[-2,-4],[-3,9],[-7,-9],[-8,-3],[-5,8],[-3,4],[-1,6],[-5,5],[-18,-2],[-4,-3],[-7,3],[-1,4],[3,9],[-3,6],[1,16],[0,14],[6,14],[0,9]],[[841,456],[-5,3],[-2,-13],[-7,-10],[-6,-4],[-5,-6],[-12,-6],[-6,-9],[-9,15],[-7,5],[-4,-3],[-3,-13],[0,-8],[-4,-1],[-2,-5],[2,-7],[2,-8],[2,-9],[0,-7],[-5,-2],[3,-9],[-4,-1],[-7,4]],[[737,449],[4,3],[3,13],[6,8],[5,2],[4,5],[1,15],[-1,4],[5,4],[6,6],[10,1],[0,11],[8,6],[5,7],[16,4],[4,7],[10,11],[4,11],[5,3],[2,9],[7,7],[6,-10],[5,5],[2,6],[5,11],[6,-2],[10,13],[4,-1],[9,-10],[-2,-8],[-5,-1],[-9,-9],[-7,-3],[-2,-10],[-9,-5],[-9,-14],[-4,-9],[-18,-18],[4,-7],[9,-1],[7,-10]],[[363,455],[13,-22],[-4,-13],[-11,-24]],[[361,396],[-5,11],[-1,9],[-2,5],[-3,18],[-2,17],[-5,14],[-14,14],[-10,6],[-2,0],[-7,-15],[-7,0],[-5,6],[-7,-2],[-4,5],[-15,0],[-10,-4],[-4,3],[-7,9],[-13,11],[0,13],[2,6],[3,2],[-6,17],[3,9],[7,-4],[0,7],[-6,5]],[[241,558],[1,11],[4,0],[4,6],[10,-5],[0,-9],[5,-13],[8,-6],[3,-11],[15,-19],[7,-9],[3,0],[7,-13],[3,-1],[4,9],[7,4],[14,-7],[7,-6],[9,-18],[7,-16],[4,0]],[[918,324],[-5,5],[7,6],[-2,-11]],[[884,340],[4,-1],[-4,-4],[2,-11],[-5,-4],[-7,5],[3,5],[-7,15],[5,9],[4,-9],[5,-5]],[[908,427],[3,-9],[7,2],[4,-3],[2,-7],[5,0],[16,-8],[0,-11]],[[945,391],[-7,-4],[-3,-10],[-6,-5],[4,-8],[-11,1],[-4,-8],[-5,-4],[-2,14],[-3,-8],[-4,0],[-5,8],[-4,3],[-5,0],[-2,4],[-2,-7],[-9,1],[-5,-4],[-7,0],[-11,-5],[-4,3],[-2,11],[-3,5],[-9,0],[0,15],[7,3],[16,22]],[[737,358],[-5,-4],[7,-5]],[[737,317],[-2,-2],[0,-19],[-1,-5],[-6,-8],[2,-1],[-9,-4],[-16,4],[-20,9],[-5,-1],[-11,-9],[0,-6],[-2,-2]],[[626,473],[5,-2],[27,4],[27,1],[6,-2],[5,5],[3,-10],[2,-9],[4,3],[2,-12],[-4,-14],[-4,-6],[4,-1],[11,-15]],[[488,209],[-4,5],[-9,-5],[-25,29],[-4,6],[-6,14],[-5,6],[-27,31],[-23,27],[-8,14],[-3,10],[2,13],[-5,28],[-10,9]],[[363,455],[15,10],[-1,0],[-16,37]],[[943,455],[6,2],[2,6],[3,-4],[6,-3],[0,-5],[4,-1],[5,-11],[14,0],[0,-7],[7,8],[2,-4],[7,-1],[-2,-7],[-14,-10],[-5,-2],[-2,-13],[-5,1],[-2,-7],[-4,0],[-7,5],[-4,6],[-1,-11],[3,-5],[-2,-10],[-11,5],[2,4]],[[241,558],[-2,7],[-10,4],[0,3],[4,4],[-1,15],[3,7],[-4,2],[-6,10],[-10,0],[-17,-1],[-2,5],[-7,4],[-1,11],[-6,9],[-4,-3],[-8,4],[-4,5],[-14,23],[-1,-1],[-1,-10],[-5,-5],[-12,6],[-8,-6],[1,-7],[9,-6],[1,-5],[9,-24],[-5,0],[1,6],[-3,9],[-7,5],[-6,0],[-7,5],[-7,-9],[3,-11],[-5,-10],[0,-8],[-14,-5],[-13,3],[-7,-4],[-10,-21],[-8,-8],[-1,-8],[1,-14],[-1,-7],[3,-8],[0,-11],[4,-10],[5,-5],[-4,-4],[-5,-10],[-11,5],[-28,3],[-20,2],[0,438],[65,30],[21,10],[8,4],[55,23],[3,-2],[30,-31],[11,-9],[33,-33],[34,-33],[9,-10],[24,-22],[4,-7],[1,-11],[10,-19],[3,-5],[21,-35],[13,-22],[7,-10]]],"transform":{"scale":[0.017189991911911916,0.008381953523523526],"translate":[55.97583866,37.1851474]},"bbox":[55.97583866,37.1851474,73.14864058,45.55871897]}