{"type":"Topology","objects":{"all":{"type":"GeometryCollection","bbox":[42.54574629,54.54029382,12.11144367,18.99563751],"geometries":[{"type":"Polygon","properties":{"a":3638,"b":"Amanat Al Asimah","c":44.188,"d":15.4565},"arcs":[[0]]},{"type":"Polygon","properties":{"a":3640,"b":"`Adan","c":44.7788,"d":12.8192},"arcs":[[1,2,3]]},{"type":"Polygon","properties":{"a":3621,"b":"Sa`dah","c":43.836,"d":17.0322},"arcs":[[4,5,6,7]]},{"type":"Polygon","properties":{"a":3639,"b":"Raymah","c":43.7416,"d":14.6473},"arcs":[[8,9,10]]},{"type":"Polygon","properties":{"a":3625,"b":"Hajjah","c":43.2405,"d":16.1116},"arcs":[[11,12,13,14,-7]]},{"type":"Polygon","properties":{"a":3623,"b":"Al Mahwit","c":43.6082,"d":15.3863},"arcs":[[15,16,-13,17]]},{"type":"Polygon","properties":{"a":3632,"b":"Al Dali'","c":44.8031,"d":13.8778},"arcs":[[18,19,20,21]]},{"type":"Polygon","properties":{"a":3631,"b":"Al Bayda'","c":45.3543,"d":14.3306},"arcs":[[22,23,24,-22,25,26,27,28]]},{"type":"Polygon","properties":{"a":3636,"b":"Sana'a","c":44.5429,"d":15.2004},"arcs":[[29,-28,30,-9,31,-16,32,33],[-1]]},{"type":"Polygon","properties":{"a":3633,"b":"Al Jawf","c":45.6485,"d":16.605},"arcs":[[34,35,-34,36,-5,37]]},{"type":"MultiPolygon","properties":{"a":3622,"b":"Al Hudaydah","c":43.2804,"d":14.9266},"arcs":[[[38]],[[39]],[[40]],[[-14,-17,-32,-11,41,42,43,44]]]},{"type":"Polygon","properties":{"a":3634,"b":"Shabwah","c":46.5233,"d":14.8781},"arcs":[[45,46,-23,47,48]]},{"type":"Polygon","properties":{"a":3630,"b":"Al Mahrah","c":51.7474,"d":16.7071},"arcs":[[49,50]]},{"type":"Polygon","properties":{"a":3641,"b":"Abyan","c":46.4019,"d":13.736},"arcs":[[51,52,-24,-47]]},{"type":"Polygon","properties":{"a":3626,"b":"Amran","c":44.0006,"d":16.1635},"arcs":[[-37,-33,-18,-12,-6]]},{"type":"Polygon","properties":{"a":3624,"b":"Dhamar","c":44.3795,"d":14.6341},"arcs":[[-27,53,-42,-10,-31]]},{"type":"Polygon","properties":{"a":3628,"b":"Lahij","c":44.5859,"d":13.0527},"arcs":[[-53,54,-2,55,56,-19,-25]]},{"type":"Polygon","properties":{"a":3627,"b":"Ibb","c":44.2138,"d":14.0643},"arcs":[[-26,-21,57,-43,-54]]},{"type":"MultiPolygon","properties":{"a":3637,"b":"Hadramawt","c":48.6807,"d":16.7002},"arcs":[[[58]],[[59]],[[60]],[[61,-49,62,-35,63,-50]]]},{"type":"MultiPolygon","properties":{"a":3629,"b":"Ta`izz","c":43.8001,"d":13.4014},"arcs":[[[64]],[[-20,-57,65,-44,-58]]]},{"type":"Polygon","properties":{"a":3635,"b":"Ma'rib","c":45.4972,"d":15.505},"arcs":[[-48,-29,-30,-36,-63]]}]}},"arcs":[[[152,497],[-8,-3],[0,-5],[-4,-6],[0,-12],[2,-5],[-2,-5],[-5,0],[-3,9],[2,9],[-4,7],[7,5],[0,7],[10,10],[7,-8],[-2,-3]],[[155,82],[5,15],[12,7],[17,5],[15,8],[8,1]],[[212,118],[-3,-15],[0,-9],[-5,0],[-2,5],[5,4],[-8,1],[-5,-7],[3,-2],[-5,-6],[-3,6],[-7,-3],[-3,6],[-5,5],[-9,-4],[-10,-17]],[[155,82],[0,0]],[[202,772],[-3,-46],[-7,-6],[-5,1],[-15,-5],[-10,-10],[-8,-16],[-12,-14],[-3,-8],[-2,-12]],[[137,656],[-7,-3],[-6,0],[-15,10],[-5,-2],[-5,-5],[-12,-3]],[[87,653],[-8,0],[-7,0],[-18,8],[-2,2]],[[52,663],[0,10],[3,5],[-1,5],[-5,2],[-2,11],[2,12],[-2,17],[3,15],[9,6],[-2,5],[-5,5],[3,10],[7,10],[10,8],[7,0],[10,-8],[5,-12],[5,-5],[13,2],[0,-7],[3,0],[5,8],[7,-3],[5,8],[7,-1],[8,3],[12,0],[8,-2],[7,5],[28,0]],[[95,409],[2,-7],[5,-1],[3,-4]],[[105,397],[4,-13],[8,-14],[2,-10],[-7,-14],[-7,-6],[-10,0],[-3,-7],[-8,-5]],[[84,328],[3,8],[-5,29],[2,13],[-2,13],[2,6],[6,11],[5,1]],[[87,653],[0,-25],[2,-20],[0,-14],[3,-4],[0,-13],[3,-12],[-3,-5],[2,-5],[3,7],[5,-9],[2,-11],[-2,-8],[3,-10],[-1,-10],[-7,-2],[0,-17]],[[97,495],[-15,3],[-13,-3],[-5,-2]],[[64,493],[-2,12],[2,13],[-2,4],[2,11],[0,9],[-2,2],[-13,-2],[-2,-3],[-10,-2],[-13,15]],[[24,552],[0,25],[-2,22],[0,11],[-3,8],[5,2],[5,6],[0,7],[5,2],[6,6],[5,22],[5,-3],[2,3]],[[119,491],[-2,-12],[-3,-6],[-9,-8],[-3,-5],[-5,-3],[-7,-6],[-1,-7],[0,-12],[-5,-6]],[[84,426],[-5,9],[0,3],[-5,13],[-7,6],[-3,11],[0,16],[0,9]],[[97,495],[7,0],[6,5],[9,-9]],[[219,268],[-5,-19],[-10,-11],[-12,-6],[-3,-18],[-2,1],[-12,-11],[-3,0],[-7,9]],[[165,213],[-3,6],[-7,3],[2,12],[-3,5]],[[154,239],[0,5],[8,18],[3,6],[7,3],[0,11],[2,9],[5,0],[1,6]],[[180,297],[12,8],[10,1],[2,-2],[3,-8],[10,-15],[2,-13]],[[252,373],[8,0],[4,-3],[-2,-12],[5,-3],[7,-25],[5,-9],[8,-5],[0,-6],[3,-8]],[[290,302],[-1,-12],[-2,-13],[-5,-5],[-17,-21],[-8,-3],[-5,6],[-15,4]],[[237,258],[2,12],[-4,8],[-6,-5],[-4,-6],[-6,1]],[[180,297],[-5,5],[0,8],[-1,4]],[[174,314],[1,7],[4,4],[5,10],[0,22],[3,13],[5,13]],[[192,383],[5,1],[7,8]],[[204,392],[8,-4],[2,-6],[0,-12],[1,-16],[2,-6],[5,-3],[5,8],[15,7],[5,0],[0,10],[3,-2],[2,5]],[[175,565],[4,-13],[3,-13],[0,-17],[7,-17],[0,-6],[-14,-15],[-1,-5],[5,-3],[6,-10],[5,0],[4,9],[8,-6],[3,-9],[10,-4],[2,-7],[0,-11],[-2,-7],[-6,-5],[-5,-15],[0,-19]],[[192,383],[0,9],[-3,7],[-4,16],[-3,8],[-8,0],[-5,-10],[-5,-5],[-9,8],[-3,-8],[-8,0],[-7,10],[-8,-3],[-15,-17],[-9,-1]],[[95,409],[2,4],[-2,5],[-8,3],[-3,5]],[[119,491],[3,8],[5,1],[7,9],[1,13],[7,11],[-2,12],[2,15],[10,7],[5,0]],[[157,567],[7,5],[6,0],[5,-7]],[[370,701],[4,-87],[-17,-29]],[[357,585],[-70,-22],[-25,-15],[-12,-14],[-8,-2],[-18,5],[-20,18],[-29,10]],[[157,567],[-7,17],[-1,8],[3,10],[0,13],[-3,5],[-2,13],[2,8],[-12,15]],[[202,772],[15,0],[5,-3],[13,-13],[4,-2],[18,-3],[37,-6],[20,-4],[33,8],[2,-3],[11,-27],[9,-16],[1,-2]],[[12,224],[2,13],[6,3],[-3,-11],[-5,-5]],[[19,262],[-7,10],[0,4],[5,7],[3,-5],[-1,-16]],[[2,476],[5,0],[-2,-12],[-3,-7],[-2,4],[0,15],[4,7],[3,1],[-5,-8]],[[84,328],[-2,-3],[3,-28],[4,-5],[8,-7],[7,6]],[[104,291],[0,-8],[-4,-12],[-5,-3],[2,-6],[-3,-1]],[[94,261],[-12,-5],[-8,-19],[-7,-3],[-5,-10]],[[62,224],[-2,10],[-3,9],[0,14],[-7,10],[-3,15],[-2,4],[-1,11],[-7,42],[2,-1],[0,13],[-5,23],[-2,14],[2,10],[-2,14],[-5,8],[0,16],[-12,14],[-3,0],[-3,-4],[-4,3],[-1,6],[8,1],[-2,8],[4,7],[-2,-7],[7,-8],[0,-5],[3,6],[0,12],[-3,10],[0,7],[-5,16],[1,2],[-3,9],[0,8],[5,8],[0,8],[5,9],[2,6]],[[509,280],[-8,1],[-9,-9],[0,4],[-10,0],[-13,-6],[-3,7],[-10,5],[-9,-5],[-5,-10],[-18,-11],[-7,-13],[-10,-16],[-10,-7]],[[397,220],[-3,32],[-5,15],[3,10],[-2,16],[-3,4],[-10,0],[-12,7],[-13,0],[-15,-9],[-8,-3],[-9,25],[-13,-7],[-5,-5],[-12,-3]],[[252,373],[-5,9],[2,19],[1,2],[0,9],[5,16],[12,16],[48,58]],[[315,502],[117,15],[9,-4],[1,-5],[-11,-29],[-4,-8],[-3,-15],[-2,-12],[0,-8],[5,-11],[-1,-9],[-14,-19],[-2,-9],[11,-10],[6,-10],[5,-8],[7,-3],[15,-2],[3,-4],[5,-8],[4,-13],[3,-8],[7,-5],[11,-1],[7,-2],[8,-7],[4,-6],[3,-21]],[[688,432],[-4,15],[-5,12],[-10,2],[-20,-2],[-5,2],[-2,10],[6,13],[0,11],[-9,4],[-2,9],[2,11],[-1,10],[1,13],[4,8],[3,20],[-7,10],[0,5],[8,41],[-3,12],[4,10],[6,7],[15,10],[5,8],[8,12],[32,46],[12,26],[10,40],[8,40],[5,43],[14,61],[23,55]],[[786,996],[10,-38],[10,-41],[8,-29],[2,-13],[22,-84],[8,-29],[2,-10],[6,-5],[9,-31],[15,-60],[-5,-3],[-4,2],[-11,-10],[-9,-7],[-13,-5],[-15,-15],[-7,-11],[-8,-18],[0,-9],[-7,-18],[4,-10],[-2,-5],[5,-5],[0,-19],[2,-9],[-2,-5],[-15,-7],[-2,-3],[-13,-9],[0,-4],[-10,-2],[-7,-10],[0,-8],[-10,0],[-5,-9],[-10,-5],[-1,2],[-6,-7],[-18,-6],[-21,-9]],[[397,220],[-13,-6],[-20,-9],[-9,-7],[-10,-7],[-6,2],[-7,-4],[-18,0],[-7,2],[-10,-4],[-15,-1],[-3,-2],[-9,-2],[-11,-3],[-2,-3],[-12,-20],[-5,-14],[-6,-5],[-14,-6],[-3,-3],[-5,-9]],[[212,119],[2,33],[6,25],[5,9],[-3,7],[0,10],[7,16],[-7,5],[5,6],[0,8],[7,7],[0,9],[3,4]],[[174,314],[-2,-2],[-23,18],[-5,8],[-4,0],[-1,-9],[-5,-4],[-2,4],[-2,7],[-3,-1],[-5,-10],[-5,-3],[2,-12],[-2,-6],[-5,-2],[-3,8],[-5,-19]],[[212,119],[0,-1]],[[155,82],[-1,1],[-12,-8],[-8,4],[-12,-9],[-8,1],[0,5],[-9,8],[-6,1],[-5,5],[-4,-1],[-3,5],[-5,-10]],[[82,84],[8,28],[5,7],[4,9],[0,10],[5,2],[5,6],[11,-10],[2,0],[0,9],[7,-3],[1,8],[4,1],[3,10],[7,0],[6,4],[0,12],[2,5],[5,0],[0,8],[-3,0],[-2,6],[5,4],[8,13]],[[154,239],[-5,-9],[-10,4],[-7,5],[-15,5],[0,9],[-5,-4],[0,7],[-7,-3],[-8,0],[-3,8]],[[874,10],[4,-3],[0,-5],[-4,0],[-3,5],[3,3]],[[801,15],[13,-4],[5,1],[0,-7],[-13,2],[-5,1],[-8,8],[1,2],[5,-1],[2,-2]],[[918,85],[6,0],[10,-11],[7,-4],[3,8],[10,0],[10,7],[4,-6],[3,0],[13,-9],[9,-7],[5,-2],[-7,-3],[0,-4],[-10,-7],[-7,-1],[-3,-5],[-5,-6],[-8,0],[-4,-4],[-3,1],[-20,-6],[-13,5],[-5,13],[-7,5],[-10,14],[5,0],[3,6],[0,10],[5,1],[2,7],[7,-2]],[[688,432],[-12,-4],[-9,-2],[-10,-8],[-6,-10],[-10,-5],[-5,-7],[-5,1],[-5,-4],[-3,4],[-7,-1],[-12,-8],[-18,-8],[-14,-12],[-20,-14],[0,-5],[-5,1],[-3,-4],[-7,-15],[0,-11],[-5,-3],[0,-5],[-5,-2],[-3,-13],[-3,-4],[-5,-10],[-7,-3]],[[315,502],[42,83]],[[370,701],[12,0],[5,2],[20,20],[2,5],[10,49],[8,17],[14,25],[20,43],[6,13],[27,25],[17,13],[26,22],[10,8],[12,3],[53,12],[14,4],[93,21],[13,3],[54,13],[0,-3]],[[74,79],[0,-4],[-5,5],[5,-1]],[[82,84],[-7,0],[2,11],[-2,16],[-5,10],[0,6],[-5,10],[-1,11],[-5,12],[-2,10],[2,10],[0,24],[3,9],[0,11]]],"transform":{"scale":[0.01200655408408409,0.006891084924924927],"translate":[42.54574629,12.11144367]},"bbox":[42.54574629,12.11144367,54.54029382,18.99563751]}