{"type":"Topology","objects":{"all":{"type":"GeometryCollection","bbox":[21.97987756,33.67420251,-18.06923187,-8.19412404],"geometries":[{"type":"Polygon","properties":{"a":3658,"b":"Lusaka","c":29.5058,"d":-15.319},"arcs":[[0,1,2,3]]},{"type":"Polygon","properties":{"a":3657,"b":"Eastern","c":31.8791,"d":-13.9561},"arcs":[[4,-1,5,6,7]]},{"type":"Polygon","properties":{"a":3661,"b":"Western","c":23.6338,"d":-15.7096},"arcs":[[8,9,10,11]]},{"type":"Polygon","properties":{"a":3659,"b":"North-Western","c":25.1269,"d":-13.4039},"arcs":[[12,13,-12,14]]},{"type":"Polygon","properties":{"a":3654,"b":"Central","c":28.45,"d":-14.466},"arcs":[[-7,-6,-4,15,-9,-14,16,17,18]]},{"type":"Polygon","properties":{"a":3652,"b":"Luapula","c":29.1737,"d":-11.5589},"arcs":[[19,20]]},{"type":"Polygon","properties":{"a":3660,"b":"Southern","c":26.7159,"d":-16.5151},"arcs":[[-3,21,-10,-16]]},{"type":"Polygon","properties":{"a":3655,"b":"Copperbelt","c":27.9549,"d":-13.1843},"arcs":[[-17,-13,22]]},{"type":"Polygon","properties":{"a":3653,"b":"Northern","c":31.5468,"d":-9.9839},"arcs":[[-8,-19,-21,23]]}]}},"arcs":[[[689,343],[14,-16],[0,-15]],[[703,312],[0,-12],[6,-18],[5,-3],[5,-18],[-3,-7],[3,-7],[-6,-4],[-5,4],[-5,-4],[-3,4],[-14,-3],[-17,4],[-12,-5],[-10,0],[-4,-5],[-7,0],[-27,-14],[-8,-10],[-6,0]],[[595,214],[-5,2],[-12,-2],[-8,6],[-6,-1],[-6,6],[-9,6],[-10,0],[-6,-3],[-3,4],[-12,3],[-6,8],[-11,-2],[-2,3],[-6,0]],[[493,244],[3,9],[12,6],[-5,14],[-9,5],[6,6],[16,-4],[20,-6],[3,2],[6,18],[4,2],[14,-6],[21,5],[11,11],[5,2],[19,7],[7,-2],[13,1],[4,12],[14,10],[12,5],[6,0],[1,3],[13,-1]],[[999,758],[-1,-3],[-7,-5],[-12,-15],[-11,-1],[-6,-5],[3,-6],[1,-11],[9,-14],[-10,-20],[-4,-5],[-2,-16],[7,-2],[2,-18],[-2,-22],[-3,-8],[7,-27],[11,2],[5,-3],[-16,-20],[-6,1],[-3,-5],[-6,-4],[-3,4],[-7,0],[-9,-19],[1,-8],[5,-7],[-4,-20],[3,-11],[-5,-4],[-5,-18],[-5,-3],[-2,-7],[-11,-4],[1,-5],[7,-2],[4,-7],[-5,-7],[11,-3],[8,-13],[0,-7],[3,-3],[4,7],[9,3],[3,-7],[-25,-9],[-58,-24],[-10,-2],[-7,-5],[-31,-11],[-14,-8],[-17,-7],[-41,-11],[-28,-11],[-15,-8],[-9,-2]],[[689,343],[-5,6],[4,18],[7,8],[8,10],[9,8],[0,6],[-11,9],[-4,8],[-4,2],[68,0],[6,12],[8,3],[2,5]],[[777,438],[4,11],[3,4],[6,0],[3,8],[14,7]],[[807,468],[8,0],[10,11],[3,14],[16,15],[5,2],[-2,6],[5,7],[4,0],[6,12],[2,15],[2,4],[2,19],[11,14],[0,13],[5,5],[8,19],[10,10],[4,12],[-7,8],[-4,7],[-12,6],[-7,0],[-1,8],[3,26],[9,12],[-4,8],[6,9],[-5,9],[-3,2],[0,7],[6,10],[12,8],[22,17],[10,1],[6,-3],[5,4],[3,-3],[3,-9],[14,1],[-3,-10],[3,-10],[-1,-15],[8,0],[12,2],[11,14],[7,3]],[[304,351],[-6,-9],[0,-10],[-2,-2],[-2,-11],[2,-12],[-12,-17],[1,-11]],[[285,279],[3,-3],[-4,-10],[-6,-5],[3,-7],[-4,-5],[5,-3],[-3,-9],[4,-3],[8,0],[-1,-12],[-2,-6],[-1,-11],[8,-6],[-5,-3],[-7,-16],[-13,-9],[-12,-19],[7,-6],[1,-5],[11,-1],[5,-22],[-3,-7],[-8,-4],[0,-6],[-6,-7],[0,-12],[-6,-7],[0,-10],[-5,-13]],[[254,52],[-15,4],[-13,1],[-5,-3],[-14,5],[-17,0],[-34,-8],[-4,0],[-32,-9],[0,5],[-7,7],[-11,0],[0,5],[-7,5],[-5,9],[-5,5],[-8,5],[-11,7],[-2,10],[-5,7],[-9,4],[0,3],[-14,18],[-9,11],[-6,-1],[-11,12],[-1,12],[-6,17],[2,0],[-5,10],[0,250]],[[0,443],[9,-8],[6,1],[6,8],[27,-24],[15,-7],[2,8],[12,2],[11,-11],[8,0],[2,-7],[9,-1],[-4,-8],[7,-1],[9,2],[2,5],[12,3],[13,8],[4,-3],[7,5],[2,-2],[14,-1],[8,4],[10,5],[17,-7],[6,6],[6,-7],[8,2],[5,-5],[1,-9],[13,-5],[10,-6],[8,-3],[-3,-18],[-8,-6],[0,-11],[6,-5],[11,1],[12,4],[11,-1],[10,0]],[[478,589],[-7,-5],[-7,5],[-11,-11],[-20,1],[1,-19],[-3,0],[-5,-7],[-10,-7],[0,-8],[4,-6],[-1,-9],[9,-5],[4,-5],[5,0],[-3,-12],[-8,-9],[1,-13],[-11,-11],[-4,-10],[-2,-13],[6,-5]],[[416,440],[9,-12],[-5,-7],[0,-10],[-4,-2],[10,-12],[-1,-25],[-13,-3],[-6,-3],[-15,1],[-12,-15],[-4,-11],[-16,4],[-1,4],[-48,6],[-6,-4]],[[0,443],[0,70],[96,0],[76,0],[-12,21],[5,23],[10,18],[-2,11],[-4,8],[1,32],[1,5],[-2,21],[3,9],[0,7],[6,6],[-5,11],[0,17],[-2,0],[1,16],[-2,10],[7,-1],[5,-5],[1,-11],[5,1],[12,-3],[4,-6],[-1,-5],[4,-7],[-4,-11],[-7,-3],[12,-9],[13,1],[1,6],[7,6],[11,1],[13,5],[20,3],[9,5],[3,-1],[0,-9],[-3,-1],[1,-20],[4,-15],[11,-6],[0,-6],[9,5],[13,-9],[11,0],[10,-9],[17,0],[12,-4],[6,3],[8,-5],[11,-3],[8,-3],[5,4],[10,2],[8,9],[1,12],[4,6],[0,10],[13,2],[1,-2],[4,-23],[16,-10],[4,-9],[3,-18],[6,-6]],[[493,244],[-10,4],[0,10],[-9,3],[-6,-9],[-5,0],[-9,-18],[-1,3],[-6,23],[-2,1],[-20,1],[3,4],[-12,8],[-9,2],[-122,3]],[[416,440],[35,-1],[7,-1],[4,-16],[8,3],[0,7],[6,0],[6,9],[0,5],[15,-2],[7,-18],[4,-6],[19,3],[18,0],[13,0],[13,4],[-1,11],[14,12],[4,6],[7,3],[10,15]],[[605,474],[4,0],[6,-6],[11,9],[12,5],[11,7],[8,-6],[-6,-8],[1,-6],[13,-3],[3,3],[0,128]],[[668,597],[3,4],[0,7],[11,5],[6,-2],[4,-13],[14,-8],[14,-4],[8,-6],[0,-13],[5,-6],[-1,-5],[9,-5],[3,3],[7,-10],[-5,-7],[1,-11],[10,-6],[14,-2],[10,-10],[2,0],[3,9],[8,1],[6,-3],[2,-28],[5,-7],[0,-12]],[[668,597],[-4,0],[-9,-5],[-5,3],[-10,-6],[-2,-11],[7,-6],[-1,-3],[-19,4],[-5,4],[-12,-3],[-5,1],[-8,18],[-8,8],[-1,4],[-8,5],[0,5],[-9,3],[-4,6],[-8,4],[-4,8],[-4,18],[-4,7],[0,8],[6,11],[4,12],[0,14],[4,14],[3,14],[6,11],[6,4],[-6,20],[0,19],[-5,5],[5,13],[0,17],[2,11],[4,3],[-6,8],[0,7],[-10,20],[-1,10],[-12,4],[0,8],[13,7],[22,23],[10,17],[4,9],[0,9],[-4,11],[59,11]],[[649,981],[-4,-10],[-12,-7],[-7,-19],[-6,-18],[-6,-5],[-6,-14],[7,-7],[5,0],[8,-7],[2,-15],[-3,-5],[3,-10],[9,-3],[6,-9],[10,-2],[7,-4],[6,0],[10,-14],[2,-4],[-3,-10],[3,-8],[-4,-6],[-1,-9],[-5,-3],[-12,1],[-6,-6],[-8,-3],[-7,-7],[-5,-10],[2,-5],[-4,-10],[-3,0],[-13,-11],[0,-12],[-7,-9],[7,-4],[8,-11],[10,-2],[1,8],[-5,11],[3,5],[22,14],[11,-4],[8,-13],[4,-11],[-6,-38],[12,16],[12,0],[28,-24],[0,-12],[-14,-22],[-2,-2],[-36,-6],[-5,-2],[0,-13],[4,-3],[-1,-10]],[[595,214],[-7,-11],[0,-18],[-2,-5],[2,-11],[-4,-7],[-7,-10],[-8,-1],[-31,-13],[-14,-12],[-21,-12],[-8,-6],[-13,-23],[-4,-14],[-13,-15],[-25,-27],[1,-7],[-10,-11],[-12,-3],[-16,-8],[-7,1],[-5,5],[-13,7],[-8,0],[-8,5],[-21,-12],[-9,4],[0,5],[-11,7],[-7,3],[-11,-4],[-16,1],[-16,13],[-1,3],[-16,14]],[[478,589],[7,-6],[10,1],[5,4],[8,-5],[2,-6],[11,-1],[1,-4],[8,1],[11,-4],[11,-10],[6,-16],[-3,-6],[8,-14],[3,6],[9,-6],[8,-10],[1,-10],[6,-8],[5,-18],[6,-6],[4,3]],[[649,981],[85,15],[15,3],[7,-20],[5,-9],[8,-10],[8,-5],[11,5],[4,-5],[9,4],[16,-13],[2,-12],[9,-8],[10,2],[13,-4],[-2,-9],[4,-5],[5,3],[10,-3],[8,-6],[13,0],[6,-5],[4,-7],[17,-3],[7,-6],[11,-7],[0,-7],[7,-2],[-2,-11],[5,-1],[4,-5],[2,8],[5,-2],[4,-5],[-1,-6],[6,-7],[6,-5],[3,-6],[-7,-16],[21,-18],[0,-11],[2,-7],[9,-11],[1,-6]]],"transform":{"scale":[0.011706030980980983,0.009884992822822822],"translate":[21.97987756,-18.06923187]},"bbox":[21.97987756,-18.06923187,33.67420251,-8.19412404]}