{"type":"Topology","objects":{"all":{"type":"GeometryCollection","bbox":[-17.53564453,51.39023438,-34.78574219,37.34038086],"geometries":[{"type":"Polygon","properties":{"a":207,"b":"Swaziland","c":31.434,"d":-26.5456},"arcs":[[0,1]]},{"type":"Polygon","properties":{"a":46,"b":"Congo","c":15.8812,"d":0.0835},"arcs":[[2,3,4,5,6,7]]},{"type":"Polygon","properties":{"a":240,"b":"Zambia","c":25.9681,"d":-14.4386},"arcs":[[8,9,10,11,12,13,14]]},{"type":"Polygon","properties":{"a":19,"b":"Burundi","c":29.8909,"d":-3.3583},"arcs":[[15,16,17]]},{"type":"Polygon","properties":{"a":76,"b":"Gabon","c":11.6623,"d":-0.7312},"arcs":[[-6,18,19,20]]},{"type":"Polygon","properties":{"a":157,"b":"Niger","c":9.7976,"d":17.4629},"arcs":[[21,22,23,24,25,26,27]]},{"type":"Polygon","properties":{"a":80,"b":"Ghana","c":-1.1905,"d":7.5742},"arcs":[[28,29,30,31,32,33]]},{"type":"Polygon","properties":{"a":65,"b":"Egypt","c":29.4518,"d":26.7071},"arcs":[[34,35,36]]},{"type":"Polygon","properties":{"a":241,"b":"Zimbabwe","c":29.4001,"d":-19.105},"arcs":[[37,38,-11,39]]},{"type":"MultiPolygon","properties":{"a":83,"b":"Guinea-Bissau","c":-15.0074,"d":12.2556},"arcs":[[[40]],[[41]],[[42]],[[43]],[[44]],[[45]],[[46,47,48]]]},{"type":"Polygon","properties":{"a":239,"b":"South Africa","c":22.4617,"d":-30.1616},"arcs":[[49,-2,50,51,52,53,-38],[54]]},{"type":"Polygon","properties":{"a":188,"b":"Sudan","c":30.4221,"d":16.2594},"arcs":[[55,56,57,58,59,60,61,-35]]},{"type":"Polygon","properties":{"a":124,"b":"Liberia","c":-9.7042,"d":6.6998},"arcs":[[62,63,64,65]]},{"type":"MultiPolygon","properties":{"a":84,"b":"Eq. Guinea","c":10.4795,"d":1.5503},"arcs":[[[66,67,-20]],[[68]]]},{"type":"Polygon","properties":{"a":135,"b":"Morocco","c":-6.8963,"d":31.3294},"arcs":[[69,70,71]]},{"type":"Polygon","properties":{"a":189,"b":"S. Sudan","c":30.1147,"d":6.8985},"arcs":[[72,73,74,75,76,-59]]},{"type":"Polygon","properties":{"a":45,"b":"Dem. Rep. Congo","c":22.4412,"d":-2.9266},"arcs":[[-76,77,78,-17,79,-14,80,81,82,-3,83]]},{"type":"Polygon","properties":{"a":185,"b":"Rwanda","c":29.9902,"d":-1.9571},"arcs":[[84,-18,-79,85]]},{"type":"Polygon","properties":{"a":149,"b":"Mozambique","c":38.2536,"d":-15.2636},"arcs":[[-51,-1,-50,-40,-10,86,87,88],[89],[90]]},{"type":"Polygon","properties":{"a":155,"b":"Namibia","c":17.3346,"d":-21.0554},"arcs":[[-12,91,-53,92,93]]},{"type":"MultiPolygon","properties":{"a":220,"b":"Tunisia","c":9.565,"d":33.1779},"arcs":[[[94]],[[95]],[[96,97,98]]]},{"type":"Polygon","properties":{"a":63,"b":"Algeria","c":0.8867,"d":27.8187},"arcs":[[-98,99,-27,100,101,102,-70,103]]},{"type":"MultiPolygon","properties":{"a":3,"b":"Angola","c":18.0449,"d":-12.0858},"arcs":[[[-13,-94,104,-81]],[[105,-4,-83]]]},{"type":"Polygon","properties":{"a":199,"b":"Somalia","c":45.0331,"d":3.9765},"arcs":[[106,107,108,109]]},{"type":"MultiPolygon","properties":{"a":195,"b":"Sierra Leone","c":-11.7851,"d":8.572},"arcs":[[[110]],[[-65,111,112]]]},{"type":"Polygon","properties":{"a":125,"b":"Libya","c":17.4235,"d":27.1738},"arcs":[[-36,-62,113,-28,-100,-97,114]]},{"type":"Polygon","properties":{"a":186,"b":"W. Sahara","c":-12.9931,"d":23.6465},"arcs":[[115,116,-71,-103]]},{"type":"Polygon","properties":{"a":37,"b":"Botswana","c":24.5566,"d":-22.4315},"arcs":[[-39,-54,-92]]},{"type":"Polygon","properties":{"a":190,"b":"Senegal","c":-14.6842,"d":14.6626},"arcs":[[117,118,-48,119,120,121,122]]},{"type":"MultiPolygon","properties":{"a":49,"b":"Comoros","c":43.3236,"d":-11.6881},"arcs":[[[123]],[[124]],[[125]]]},{"type":"MultiPolygon","properties":{"a":114,"b":"Kenya","c":37.5999,"d":0.2757},"arcs":[[[126]],[[-107,127,128,129,-74,130]]]},{"type":"Polygon","properties":{"a":82,"b":"Gambia","c":-15.1429,"d":13.6844},"arcs":[[131,-121]]},{"type":"MultiPolygon","properties":{"a":138,"b":"Madagascar","c":46.7818,"d":-18.3315},"arcs":[[[132]],[[133]],[[134]]]},{"type":"MultiPolygon","properties":{"a":153,"b":"Malawi","c":34.1637,"d":-13.9234},"arcs":[[[-91]],[[-90]],[[-87,-9,135]]]},{"type":"MultiPolygon","properties":{"a":150,"b":"Mauritania","c":-11.0926,"d":19.6392},"arcs":[[[136]],[[-123,137,-116,-102,138]]]},{"type":"MultiPolygon","properties":{"a":223,"b":"Tanzania","c":34.2142,"d":-6.2248},"arcs":[[[139]],[[140]],[[141]],[[-129,142,-88,-136,-15,-80,-16,-85,143]]]},{"type":"Polygon","properties":{"a":44,"b":"Cameroon","c":11.705,"d":5.2916},"arcs":[[144,-7,-21,-68,145,146,147]]},{"type":"MultiPolygon","properties":{"a":43,"b":"Côte d'Ivoire","c":-5.5697,"d":7.6289},"arcs":[[[-31,148]],[[149,-33,150,-63,151,152]]]},{"type":"Polygon","properties":{"a":224,"b":"Uganda","c":32.6003,"d":1.167},"arcs":[[-144,-86,-78,-75,-130]]},{"type":"Polygon","properties":{"a":69,"b":"Ethiopia","c":39.2099,"d":8.1814},"arcs":[[153,154,-108,-131,-73,-58,155]]},{"type":"Polygon","properties":{"a":81,"b":"Guinea","c":-10.9168,"d":10.9433},"arcs":[[156,-152,-66,-113,157,-49,-119]]},{"type":"Polygon","properties":{"a":38,"b":"Central African Rep.","c":20.4683,"d":6.5682},"arcs":[[-60,-77,-84,-8,-145,158]]},{"type":"MultiPolygon","properties":{"a":159,"b":"Nigeria","c":8.2197,"d":9.6602},"arcs":[[[159]],[[160,-147,161,162,-23]]]},{"type":"Polygon","properties":{"a":22,"b":"Burkina Faso","c":-1.2777,"d":12.1824},"arcs":[[-25,163,164,-34,-150,165]]},{"type":"Polygon","properties":{"a":212,"b":"Chad","c":18.8443,"d":15.655},"arcs":[[-61,-159,-148,-161,-22,-114]]},{"type":"Polygon","properties":{"a":213,"b":"Togo","c":1.0489,"d":8.6638},"arcs":[[166,167,-29,-165]]},{"type":"Polygon","properties":{"a":59,"b":"Djibouti","c":42.5671,"d":11.9326},"arcs":[[168,-154,169,170]]},{"type":"Polygon","properties":{"a":143,"b":"Mali","c":-1.0019,"d":17.7506},"arcs":[[-26,-166,-153,-157,-118,-139,-101]]},{"type":"MultiPolygon","properties":{"a":66,"b":"Eritrea","c":38.0585,"d":15.3967},"arcs":[[[171]],[[172]],[[173,-170,-156,-57]]]},{"type":"Polygon","properties":{"a":198,"b":"Somaliland","c":46.1806,"d":9.6203},"arcs":[[-109,-155,-169,174]]},{"type":"Polygon","properties":{"a":129,"b":"Lesotho","c":28.2498,"d":-29.5869},"arcs":[[-55]]},{"type":"Polygon","properties":{"a":21,"b":"Benin","c":2.2615,"d":10.5789},"arcs":[[-163,175,-167,-164,-24]]},{"type":"MultiPolygon","properties":{"a":202,"b":"São Tomé and Principe","c":6.6066,"d":0.2381},"arcs":[[[176]],[[177]]]}]}},"arcs":[[[7179,1224],[16,-9],[0,-27],[-3,-9],[1,-9],[8,-24],[1,-44]],[[7202,1102],[-12,4],[-5,-1],[-4,-20],[-3,-31],[2,-17],[-31,-1],[-40,2],[-28,7],[-31,18],[-18,28],[-8,17],[-11,1],[-2,3],[-1,43],[2,6],[34,43],[8,17],[17,19],[19,12],[11,1],[33,-18],[33,-14],[12,3]],[[5244,5305],[1,-25],[-20,-52],[-39,-71],[-21,-55],[0,-41],[-1,-26],[-7,-15],[-16,-43],[-2,-36],[5,-44],[-5,-42],[-17,-40],[-7,-31],[4,-38],[-30,-32],[-39,-30],[-24,-9],[-20,-11],[-13,-12],[-15,-20],[-23,-45],[-12,-20],[-15,-16],[-32,-30],[-3,-15],[4,-104],[-11,-60],[-22,-42],[-18,-23],[-17,-7],[-22,-6],[-11,-8],[-6,-12],[-13,-10],[-18,-9],[-24,-21],[-28,-34],[-19,-19],[-10,-5],[-11,-1],[-11,4],[-14,-1],[-8,5],[1,7],[-2,13],[-5,14],[12,19],[-1,4],[-12,16],[-6,0],[-13,-8],[-14,-6],[-12,-2],[-16,-9],[-8,0],[-15,7],[-9,-3],[-5,-33],[-4,-4],[-15,-5],[-20,-11],[-6,1],[-22,17],[-12,14],[-8,0],[-2,-4]],[[4440,4180],[-14,11],[-13,15],[-12,2],[-12,-5],[-11,-9],[-21,-8],[-17,-4],[-5,-14],[-6,-6],[-15,-2],[-18,-24],[-9,-7]],[[4287,4129],[-18,19],[-16,26],[-1,15],[-15,19],[-40,32],[-4,10],[-34,29]],[[4159,4279],[8,22],[14,17],[32,16],[5,0],[21,-22],[7,-2],[17,0],[5,10],[-7,6],[-1,7],[5,7],[10,22],[-32,20],[-3,7],[2,9],[8,7],[0,4],[-18,18],[-14,2],[8,23],[1,11],[-4,32],[4,3],[18,-8],[32,7],[17,-9],[55,11],[5,23],[0,8],[-7,16],[0,9],[23,14],[6,0],[24,-14],[17,-34],[12,-19],[24,-8],[29,-5],[15,1],[23,17],[12,12],[4,7],[8,-4],[15,-29],[-4,-7],[3,-5],[16,-4],[14,3],[16,16],[0,7],[-6,5],[0,7],[6,5],[6,15],[1,10],[6,7],[14,8],[5,25],[-3,17],[7,9],[1,16],[-7,61],[11,49],[-1,6],[-16,14],[-23,6],[-9,9],[-6,10],[-5,3],[-25,4],[-5,5],[4,39],[-1,16],[10,22],[11,11],[5,12],[4,3],[20,2],[14,10],[2,7],[14,19],[1,5],[-8,22],[-12,16],[-9,28],[-9,6],[-17,4],[-31,3],[-19,-5],[-64,-20],[-9,1],[-4,4],[6,4],[3,9],[-9,23],[-4,16],[2,19],[5,19],[12,23],[0,10]],[[4472,5122],[144,0],[29,-1],[14,6],[13,-9],[8,-1],[6,-7],[16,1],[4,-10],[15,1],[13,-2],[8,5],[27,-14],[11,3],[27,-1],[19,-5],[35,-22],[13,-11],[11,6],[0,10],[-7,17],[-3,15],[2,11],[5,9],[9,5],[1,9]],[[4892,5137],[19,38],[22,40],[-1,9],[3,28],[-1,9],[3,6],[10,36],[16,10],[47,2],[33,6],[10,3],[21,9],[6,1],[8,-4],[39,-11],[11,-4],[4,1],[29,-1],[6,-7],[6,0],[6,6],[12,5],[23,6],[4,-3],[7,-13],[9,-4]],[[7320,3518],[8,-15],[3,-15],[11,-2],[4,5],[14,-3],[7,-19],[15,-14],[-2,-13],[-4,-11],[12,-12],[20,-15],[1,-17],[13,-19],[5,-14],[-28,-26],[-18,-5],[-12,-11],[11,-26],[6,-10],[-5,-13],[-11,-22],[-6,-1],[0,-17],[9,-10],[2,-11],[0,-28],[-7,-31],[12,-28],[5,-2],[17,0],[3,-2],[-5,-8],[-12,-12],[-22,-9],[-32,-11],[-6,-9],[-5,-15],[8,-13],[-4,-25],[1,-11],[-2,-9],[-4,-4],[-5,-14],[-7,-14],[-14,-13],[-13,-6],[15,-9],[5,-7],[-6,-7],[15,-8],[8,-9],[8,-18],[9,0],[16,10],[7,-10]],[[7360,2880],[-94,-30],[-40,-13],[-32,-9],[-48,-15],[-27,-11],[-59,-17],[-66,-17],[-20,-7],[-45,-17],[-1,-3],[5,-23],[7,-15],[7,-9],[4,-21],[2,-19]],[[6953,2654],[-97,0],[-34,-8],[-29,-11],[-35,-18],[-20,-11],[-5,-7],[-3,-14],[0,-23],[-3,-17],[-11,-14],[-53,-19],[-33,-14],[-34,-18],[-26,-23],[-17,-28],[-29,-34],[-60,-63],[-35,-11],[-30,3],[-35,13],[-28,2],[-21,-8],[-19,3],[-18,13],[-15,4],[-12,-3],[-15,1],[-28,6]],[[6208,2355],[-24,23],[-13,9],[-10,3],[-30,4],[-66,5],[-34,-6],[-35,-5],[-60,-11]],[[5936,2377],[-62,49],[-34,29],[-38,36],[-22,18],[-23,13],[-16,46],[-9,42],[0,410],[154,0],[125,0],[9,2],[1,4],[-13,22],[4,23],[6,12],[6,17],[1,10],[-5,33],[0,18],[3,36],[-2,12],[7,17],[4,20],[-3,8],[-5,43],[-3,18]],[[6021,3315],[16,-2],[8,-19],[26,-6],[8,-9],[4,-17],[-3,-9],[-6,-7],[6,-6],[13,-5],[8,2],[21,12],[31,7],[44,8],[9,4],[10,-3],[-3,-13],[-1,-11],[4,-20],[5,-10],[24,-18],[15,1],[35,-10],[24,-10],[11,-2],[35,-3],[13,-3],[24,-3],[19,-2],[14,3],[16,6],[2,3],[14,39],[17,5],[5,-3],[5,-25],[28,-22],[16,-35],[16,-10],[31,-3],[31,-11],[42,-16],[8,-5],[9,-15],[5,-16],[6,-13],[17,-4],[8,-8],[29,-41],[3,-12],[10,-9],[14,-4],[13,0],[26,10],[14,8],[11,3],[11,-7],[2,-16],[12,-6],[7,2],[3,7],[0,171],[-15,-6],[-19,0],[-10,-9],[2,-17],[-11,-6],[-12,4],[-22,5],[-19,2],[-31,32],[-12,10],[-33,24],[-9,8],[-7,17],[-7,18],[-3,12],[5,17],[18,59],[4,18],[13,18],[1,17],[-5,21],[1,12],[2,66],[-4,22],[-9,23],[-21,33],[0,7],[12,7],[30,22],[11,11],[16,20],[7,12],[2,16],[-5,14],[11,3],[196,29],[62,9]],[[7005,3687],[11,-28],[9,-11],[11,-12],[16,-7],[40,0],[14,-6],[13,-9],[3,-12],[17,-15],[21,0],[14,-4],[1,-11],[3,-5],[13,-3],[14,0],[13,-7],[31,-4],[8,-8],[17,-8],[22,-7],[24,-12]],[[6976,4490],[-19,-34],[8,-7],[-8,-18],[5,-10],[22,-5],[15,-6],[10,-1],[4,-19],[0,-11],[-2,-11],[-16,-4],[-10,-8],[3,-8],[-15,-10],[-15,-13],[-7,-20],[-5,-7],[-11,-9],[-12,-20],[-6,-13],[-29,-31],[-33,-20],[-47,1]],[[6808,4206],[-2,20],[-7,29],[-16,25],[-1,11],[0,50],[-1,15],[3,31],[-1,12],[-11,14],[-19,21],[0,11]],[[6753,4445],[7,17],[6,1],[14,-4],[14,-7],[8,-17],[5,-2],[45,2],[13,4],[12,7],[3,7],[3,16],[3,29],[6,0],[17,-10],[8,0],[12,9],[26,5],[10,-9],[11,-3]],[[4159,4279],[-15,13],[-12,23],[-14,14],[-30,22],[-9,17],[-35,37],[-49,36],[-35,32],[-6,7],[6,-2],[35,-14],[9,5],[-30,15],[-13,4],[-14,0],[-7,6],[-7,19],[-6,9],[-19,19],[-5,8],[-10,10],[6,1],[21,-10],[0,10],[-21,9],[-11,0],[-3,7],[2,7],[-15,28],[-15,20],[-2,10],[41,-45],[12,0],[17,5],[-10,12],[-8,-3],[-15,2],[-2,4],[9,23],[-6,-5],[-14,-3],[-20,11],[-18,32],[-5,6],[-4,11],[-5,5],[-21,44],[8,-3],[10,-13],[18,3],[7,7],[12,2],[8,7],[24,31],[6,40],[-2,24],[-4,24],[8,8],[8,-20],[8,-5],[16,-2],[24,-9],[8,-5],[2,11],[28,9],[-8,4],[-25,-4],[-33,14],[-12,10],[-10,17],[-10,9],[0,8],[24,8],[7,-1],[1,-10],[8,-3],[3,9],[0,20],[-7,30],[2,5]],[[3935,4965],[17,7],[8,-1],[6,-10],[15,-5],[6,0],[5,5],[7,1],[41,-1],[148,0],[0,130],[-1,32]],[[4187,5123],[4,13],[-1,4],[31,2],[55,-3],[24,1],[7,-1],[30,1],[25,-1],[19,-4],[30,-1],[38,2],[13,-1],[7,-4],[3,-9]],[[4717,8010],[16,-80],[12,-68],[1,-56],[5,-8],[12,-7],[45,-64],[-10,-11],[7,-20],[12,-8],[38,-38],[5,-7],[-2,-6],[-27,-44],[-5,-11],[-5,-57],[-3,-40],[-6,-55],[-11,-121],[-12,-143],[-38,-38],[-68,-67],[-55,-55],[-27,-37],[-54,-72],[-24,-46],[-19,-25],[-9,-10],[8,-34],[15,-60]],[[4518,6722],[-26,0],[-15,-4],[-19,-15],[-21,-4],[-26,-12],[-16,-10],[-15,-7],[-21,-18],[-7,-14],[-21,-3],[-29,2],[-19,14],[-43,15],[-41,8],[-65,2],[-70,-6],[-36,-6],[-27,-11],[-17,-10],[-45,-45],[-60,2],[-36,5],[-30,7],[-42,21],[-53,32],[-38,7],[-6,-1],[-63,-32],[-12,1],[-15,-3],[-16,-12],[-18,1],[-9,5],[-10,9],[-26,35],[-17,17],[-18,16],[-12,8],[-17,1],[-50,14],[-50,15],[-19,-5],[-18,-11],[-20,-2],[-26,0],[-14,2],[-23,-4],[-17,-4],[-19,-8],[-26,-20],[-13,-6],[-9,-56],[-7,-16],[-13,-23],[-26,-21],[-18,-13],[-2,-46],[1,-31],[-4,-12],[1,-8],[7,-9],[-11,-9]],[[3065,6444],[-9,13],[-12,7],[-13,5],[-9,7],[-4,9],[-17,17],[-40,35],[-10,2],[-11,-4],[-7,-6],[-13,-2],[-33,-10],[0,-5],[7,-26],[-4,-14]],[[2890,6472],[-28,33],[-15,20],[-5,11],[8,5],[14,2],[3,8],[-2,10],[-8,13],[-12,11],[-17,-1],[-17,-11],[-7,-2],[-33,3],[-9,6],[-29,22],[-30,23],[-16,5],[-2,18],[2,27],[27,-5],[4,4],[-11,8],[-15,8],[-6,10],[-12,9],[-8,2],[-14,7],[-18,4],[-28,37],[-12,24],[5,14],[-5,6],[-14,15],[-12,14],[7,58]],[[2575,6890],[2,7],[8,2],[21,0],[42,-3],[33,3],[26,20],[25,20],[82,5],[81,2],[39,2],[45,1],[2,10],[7,2],[64,-10],[3,18],[27,22],[16,4],[8,12],[5,19],[10,19],[5,22],[16,23],[9,31],[1,30],[2,23],[4,4],[0,197],[-1,39],[0,62]],[[3157,7476],[112,21],[52,9],[57,11],[13,6],[61,51],[39,30],[67,56],[40,31],[31,25],[125,70],[75,43],[151,84],[75,43],[75,42],[75,42],[75,43]],[[4280,8083],[76,-16],[71,-16],[73,-15],[17,-9],[38,-30],[49,-38],[4,-1],[47,23],[62,29]],[[2534,6363],[9,-8],[2,-5],[-3,-18],[-7,-12],[-4,-18],[5,-6],[14,-9],[25,-24],[17,-12],[7,-2],[-3,-7],[-2,-44],[-2,-16],[-1,-17],[-9,-2],[0,-7],[12,-2],[-10,-5],[-4,-5],[2,-5],[-4,-6],[4,-4],[16,7],[11,0],[11,-11],[1,-5],[-10,-34],[0,-19],[4,-17],[-5,-6],[-12,-7],[6,-15],[10,-11],[19,-13],[10,-17],[1,-7],[-14,-13],[-1,-9],[3,-58],[-16,-25],[2,-16],[4,-5],[8,-1],[6,-5],[-2,-18],[-6,-31],[-6,-3],[-2,-18],[10,-16],[11,-20],[5,-1],[0,-9],[5,-9],[25,-17],[11,-1],[2,-8],[12,-13],[15,-4],[0,-7]],[[2716,5667],[-12,-6],[-8,-8],[-14,-25],[-29,-7],[-71,0],[-56,-27],[-33,-9],[-20,-15],[-26,-10],[-19,-13],[-39,-6],[-63,-21],[-20,-7],[-20,-14],[-33,-16],[-12,0],[-26,15],[-19,8],[-47,11],[-35,5],[-22,6]],[[2092,5528],[4,5]],[[2096,5533],[10,1]],[[2106,5534],[10,-2],[8,4],[11,1],[3,4],[1,20],[4,4],[1,11],[-5,23],[-25,6],[-9,21],[-4,18],[-21,58],[-4,13],[-3,29],[3,6],[-2,16],[10,19],[19,22],[8,14],[0,8],[4,27],[9,32],[9,18],[6,16],[18,13],[8,3],[2,5],[-2,9],[11,3],[4,5],[-7,40],[-6,38],[-4,10],[-3,16],[-6,10],[-9,2],[0,8],[9,16],[2,9],[-5,10],[3,11],[-1,6]],[[2153,6136],[-10,25],[-2,13],[4,7],[0,15],[-5,24],[-1,15],[4,7],[-8,12],[-1,5],[6,5],[-1,5],[-7,3],[-6,7],[-5,12],[1,19],[11,37],[12,-2],[35,1],[40,0],[48,1],[44,0],[9,4],[44,-4],[28,2],[20,-4],[19,2],[10,-1],[7,-9],[24,11],[8,12],[13,0],[5,4],[1,7],[34,-8]],[[7893,7872],[-143,0],[-96,0],[-94,0],[-143,0],[-95,0],[-143,0],[-75,0],[8,21],[-4,6],[-15,-1],[-14,-25],[-8,-1],[-72,0],[-111,0],[-111,0],[-110,0],[-111,0],[-111,0],[-166,0],[-111,0]],[[6168,7872],[0,996],[-10,27],[-15,60],[-1,11],[-13,34],[-1,9],[3,7],[22,29],[12,30],[2,14],[-14,40],[-3,18],[-1,19],[11,13],[14,11],[5,9],[13,12]],[[6192,9211],[11,-17],[23,-4],[74,16],[82,-16],[45,-5],[70,-13],[42,-22],[12,-3],[30,0],[20,-13],[79,-7],[43,-15],[24,-12],[14,-4],[13,1],[39,13],[24,12],[49,30],[17,5],[11,-2],[14,1],[6,8],[19,19],[26,3],[51,13],[-6,-7],[-47,-14],[21,-2],[20,5],[23,3],[8,18],[4,2],[16,-3],[48,-17],[12,-1],[41,12],[11,-5],[25,-23],[-9,1],[-27,19],[-2,-10],[-15,-16],[19,-8],[15,-2],[14,-18],[15,4],[11,10],[-10,14],[16,-5],[30,-22],[11,-4],[11,0],[25,6],[7,-1],[33,8],[9,-11],[27,6],[42,0],[34,7],[40,17],[3,3],[42,-101],[6,-21],[19,-35],[11,-29],[19,-58],[5,-13],[-8,-6],[-16,-22],[-17,-71],[-25,-55],[-3,-35],[-5,-13],[-25,-35],[-25,9],[-42,31],[-24,29],[-25,18],[-25,25],[-7,18],[1,11],[-11,28],[-8,13],[-30,29],[-9,16],[-12,17],[-12,38],[-12,25],[-12,-7],[2,-10],[-12,-14],[-7,-17],[5,-13],[24,-21],[6,-9],[6,-19],[-1,-26],[4,-9],[18,-20],[16,-31],[18,-17],[26,-32],[25,-22],[18,-10],[8,-11],[1,-27],[-1,-13],[16,-25],[5,-12],[15,-10],[7,-12],[7,-19],[9,-55],[13,-14],[41,-73],[33,-46],[18,-34],[25,-42],[49,-93],[29,-28],[12,-16],[22,-12],[23,-18],[-22,2],[-13,-4],[-6,-20],[3,-47],[5,-23],[21,-45],[21,-23],[10,-6],[45,-15],[27,-33],[61,-41],[6,-14]],[[7083,1716],[-13,9],[-18,5],[-23,1],[-30,0],[-36,-4],[-39,4],[-42,16],[-35,5],[-43,-6]],[[6804,1746],[-20,15],[-18,1],[-9,8],[-4,10],[3,19],[-6,3],[-11,3],[-25,8],[-31,7],[-71,12],[-10,9],[-10,19],[-9,15],[-22,21],[-3,6],[1,16],[4,25],[-1,33],[-11,7],[-22,0],[-28,0],[0,14],[-3,21],[-5,12],[-6,5],[-13,6],[-25,10],[-35,14],[-63,44],[-11,5],[-12,22],[-19,40],[1,14],[-3,7],[-19,20],[-7,20],[-29,29],[-10,12],[-16,29],[-14,14],[-9,18],[5,16]],[[6953,2654],[2,-47],[4,-2],[73,-2],[42,-2],[29,-18],[9,-4],[29,-4],[36,-30],[44,-3],[31,-9],[26,-11],[16,-12],[30,-4],[-2,-9],[-9,-15],[1,-22],[13,-29],[1,-27],[-3,-44],[0,-44],[5,-39],[-7,-18],[-6,-20],[0,-7],[-7,-11],[-19,-9],[-3,-5],[2,-19],[16,-9],[3,-6],[-2,-18],[-8,-20],[8,-24],[8,-15],[12,-18],[5,-11],[-2,-15],[-18,-32],[-28,-42],[-21,-14],[-8,-13],[0,-16],[0,-17],[-18,-27],[11,-22],[-8,-4],[-26,-25],[-44,-44],[-67,-65],[-20,-15]],[[237,6359],[0,-4],[-10,1],[4,18],[6,-6],[0,-9]],[[206,6356],[-11,-2],[-7,9],[8,3],[6,5],[11,4],[1,-11],[-8,-8]],[[263,6377],[0,-5],[-8,2],[3,11],[6,4],[8,-2],[-9,-10]],[[237,6412],[-7,-4],[-11,6],[1,6],[7,10],[7,-1],[3,-17]],[[288,6422],[-3,-4],[-7,3],[12,12],[7,2],[0,-9],[-9,-4]],[[225,6470],[-9,-17],[-8,2],[-7,9],[0,5],[24,1]],[[361,6339],[-7,10],[6,18],[-6,0],[-12,-15],[-6,0],[0,17],[-14,-1],[-11,9],[0,17],[6,6],[-8,3],[-6,-2],[-6,3],[9,13],[24,10],[27,3],[-8,9],[-15,4],[-12,-3],[-6,-6],[-8,-1],[-14,15],[0,7],[6,9],[8,3],[28,0],[16,7],[5,5],[-5,3],[-12,-6],[-35,2],[-12,-3],[-20,-14],[-24,-8],[-18,3],[6,19],[-9,5],[-26,-5],[-19,8],[-9,10],[3,13],[9,13],[-9,1],[-18,-7],[-40,22]],[[119,6535],[8,2],[20,-3],[14,3],[27,10],[14,2],[43,-2],[39,7],[55,26],[164,0],[48,-1]],[[551,6579],[0,-11],[8,-16],[0,-11],[-5,-12],[-7,-7],[-12,0],[-14,-6],[-1,-6],[13,-11],[18,-12],[0,-7],[0,-31],[-31,-9],[-26,-2],[-20,1],[-27,-15],[-23,-6],[-10,0],[-6,-4],[-8,-10],[-24,-47],[-15,-18]],[[7083,1716],[1,-7],[18,-51],[16,-63],[0,-20],[2,-9],[9,-9],[10,-17],[7,-17],[11,-13],[9,-21],[7,-27],[6,-13],[5,-18],[0,-111],[-1,-13],[1,-38],[-9,-20],[1,-15],[3,-10]],[[7202,1102],[13,0],[22,-3],[34,0],[44,1]],[[7315,1100],[-6,-32],[-21,-51],[-7,-23],[-17,-81],[-23,-41],[-13,-17],[-38,-31],[-20,-11],[-16,-3],[-64,-60],[-24,-30],[-22,-43],[-21,-23],[-31,-51],[-54,-75],[-46,-49],[-21,-14],[-13,-6],[-38,-29],[-51,-44],[-39,-41],[-59,-45],[-34,-21],[-51,-40],[-15,-6],[-57,-35],[-42,-24],[-67,-25],[-27,-8],[-64,8],[-26,-5],[-24,-15],[-1,-22],[-9,-3],[-14,0],[-45,9],[-24,0],[-14,-12],[-11,-16],[-34,0],[-60,15],[-70,10],[-17,0],[-34,-12],[-12,0],[-49,2],[-29,7],[-25,0],[-20,-6],[-25,-3],[-66,-41],[-34,0],[-30,-5],[-15,0],[-27,6],[-26,-3],[-15,-7],[-36,-3],[-14,-8],[-60,-37],[-25,3],[-31,0],[-35,21],[-14,0],[3,6],[2,10],[-12,12],[-14,-1],[-8,9],[-21,1],[-17,-3],[-1,24],[-3,12],[-14,4],[-25,-1],[-11,-12],[0,-24],[-7,6],[-9,15],[-3,16],[4,18],[16,7],[-5,24],[-18,28],[-7,14],[-16,9],[-12,20],[-11,8],[-5,15],[-12,12],[-3,17],[6,12],[10,6],[10,-10],[13,4],[19,14],[9,19],[2,34],[-3,19],[-14,53],[-7,12],[-33,39],[-38,50],[-48,80],[-23,47],[-34,97],[-32,55],[-36,51],[-5,3]],[[4930,855],[5,6],[21,12],[19,5],[4,7],[4,19],[9,18],[8,9],[18,5],[14,-8],[8,-15],[6,-5],[9,0],[7,-6],[4,-10],[-1,-10],[-5,-4],[1,-8],[6,-8],[8,-18],[25,-6],[11,-5],[21,0],[20,-6],[18,-8],[30,-1],[42,3],[35,-2],[27,-7],[20,-2],[12,5],[5,8],[-2,10],[7,6],[12,3],[12,7],[8,12],[20,9],[30,8],[14,0],[0,510]],[[5442,1388],[53,-37],[13,-15],[26,-47],[14,-34],[12,-26],[1,-11],[4,-17],[-10,-21],[-9,-9],[-10,-16],[-1,-18],[3,-22],[7,-12],[8,-3],[19,6],[29,-6],[55,3],[7,-3],[28,0],[5,6],[9,14],[6,4],[26,6],[12,7],[18,27],[37,24],[11,4],[13,15],[23,55],[3,12],[9,19],[10,12],[11,7],[18,5],[17,3],[18,-4],[19,-8],[22,-12],[32,-24],[11,-2],[33,-1],[19,-16],[10,0],[51,-10],[18,1],[18,8],[32,0],[19,1],[14,5],[20,14],[11,24],[7,19],[21,51],[5,19],[4,6],[32,11],[38,8],[8,4],[7,10],[17,16],[32,22],[19,66],[3,7],[14,19],[9,6],[6,0],[18,15],[12,6],[15,2],[9,6],[5,10],[7,5],[11,-1],[6,3],[1,6],[6,6],[18,11],[0,7],[14,15],[26,25],[25,14],[24,3],[22,5],[21,8],[15,12],[10,16],[17,9],[34,3]],[[6581,815],[-15,-6],[-29,-40],[-10,-9],[-14,-22],[-10,-9],[-28,-11],[-7,-9],[12,-23],[16,-26],[16,-20],[-1,-12],[6,-9],[15,-6],[25,-25],[13,-9],[38,-6],[12,9],[6,18],[25,33],[12,10],[15,3],[21,0],[14,3],[24,9],[28,16],[7,31],[15,10],[6,8],[8,18],[7,23],[-13,26],[-18,7],[-33,21],[-14,15],[-19,12],[-14,14],[-23,-4],[-35,-11],[-21,-11],[-18,-14],[-19,-4]],[[7893,7872],[1,-32],[7,-25],[22,-36],[19,-20],[7,-10],[0,-10],[-16,9],[-1,-17],[4,-35],[8,-24],[-5,-22],[0,-38],[11,-46],[-3,-29],[17,-68],[16,-38],[9,-9],[9,-5],[18,-3],[29,-19],[22,-20],[19,-23],[12,6],[7,-10],[35,-20],[5,-9]],[[8145,7319],[-13,-10],[-14,-16],[-11,-20],[-12,-8],[-2,-5],[-22,-8],[-11,2],[-11,-3],[-12,-7],[-12,-1],[-18,-13],[-16,-6],[-6,-5],[-8,-25],[-6,-6],[-23,-1],[-12,-2],[-16,3],[-7,-1],[-5,-26],[0,-9],[-13,-26],[3,-22],[1,-22],[-13,-34],[-3,-8],[-12,-27],[-6,-10],[-18,-51],[-5,-15],[-14,-17],[7,-55],[7,-67]],[[7842,6798],[-11,-36],[0,-21],[-8,-30],[-6,-13],[-11,-17],[-9,-19],[-7,-24],[-4,-26],[-1,-21],[-3,-4],[-42,-6],[-14,-3],[-7,-6],[-11,-13],[-21,-31],[-29,-48],[-20,-19],[-5,-10],[-3,-18],[-14,-47],[1,-17],[-7,-27],[1,-13],[-16,-15],[-7,-2],[-14,8],[-15,11],[-20,-13],[-13,-18],[-10,-18],[5,-38],[-2,-18],[-16,-29],[-9,-26],[-6,-30],[0,-8]],[[7488,6133],[-28,0],[-3,13],[4,24],[10,19],[-3,12],[2,15],[-9,20],[-63,49],[-13,14],[-33,12],[-2,3],[6,12],[-14,103],[0,4],[7,10],[2,19],[0,16],[8,27],[1,11],[-69,1],[-1,-12],[3,-18],[-96,0],[38,-40],[2,-19],[-2,-23],[0,-14],[2,-9],[11,-19],[-3,-8],[-69,-54],[-11,-27],[-9,-12],[-20,-23],[-62,-58],[-11,-4],[-31,-2],[-19,0],[-7,-4],[-41,35],[-69,41],[-6,-4],[-39,-17],[-12,-8],[-1,-20],[-6,-10],[-12,-11],[-34,-7],[-17,-6],[-18,-9],[-23,-22],[-2,-9],[2,-9],[-115,1],[-8,7],[-16,30],[-12,-1],[-105,3],[-16,-3],[-30,-13],[-15,-3],[-15,7],[-56,61],[-12,7],[-12,15],[-12,5],[-4,6],[-1,20],[-4,8],[-9,2],[-74,-14],[-11,1],[-15,-2],[-6,-3],[-6,-8],[-3,-25],[-6,-9],[-21,-20],[-5,-9],[1,-23],[-1,-12],[-16,-19],[-4,-29],[-14,-24],[-2,-17],[-34,-10],[-12,-6],[-10,-14]],[[6047,6024],[-33,6],[-35,3],[-14,5],[-7,7],[3,17],[-11,7],[-2,8],[0,9],[19,20],[4,11],[3,38],[2,14],[-2,15],[-14,29],[-13,20],[-21,30],[-8,9],[-43,41],[-15,23]],[[5860,6336],[11,38],[1,10],[-3,11],[-10,8],[-10,1],[-12,10],[-9,4],[-7,10],[-5,12],[4,45],[-3,6],[-12,1],[-6,37],[-7,21],[4,12],[-9,16],[-18,6],[-34,-5],[-17,4],[-8,13],[2,9],[10,20],[12,15],[23,14],[8,8],[3,8],[0,20],[-3,9],[-14,27],[0,10],[10,15],[12,9],[36,21],[5,5],[-2,5],[-11,12],[-4,21],[-6,16],[12,11],[24,8],[6,4],[1,18],[12,21],[25,22],[4,11],[1,10],[-5,31],[11,12],[14,11],[20,0],[31,2],[21,4],[15,0],[35,-6],[5,11],[0,515]],[[6023,7525],[0,70],[35,-1],[108,0],[2,1],[0,277]],[[1313,5870],[7,-6],[4,-14],[16,-48],[-1,-12],[-3,-8],[-1,-17],[-10,-13],[-29,-27],[2,-3],[14,-5],[6,1],[15,-15],[9,-5],[21,-4],[9,2],[14,-2],[13,-7],[9,-22],[4,-5],[1,-9],[9,-8],[14,-2],[18,-9],[8,0],[8,-40],[-4,-10],[0,-21],[-8,-13],[-1,-13],[-11,-8],[0,-11],[-3,-25],[2,-35],[0,-25],[4,-6]],[[1449,5425],[-16,3],[-49,19],[-38,12],[-128,64],[-34,26],[-41,38],[-90,78],[-20,12],[-27,6],[-15,7],[-12,7],[-9,22],[-24,12],[-40,19],[-33,30]],[[873,5780],[9,6],[10,19],[17,20],[15,11],[12,12],[12,9],[18,10],[27,28],[6,2],[11,44],[8,8],[18,4],[5,5],[7,17],[4,24]],[[1052,5999],[7,0],[13,5],[7,-2],[5,-11],[37,12],[6,3],[5,-12],[7,5],[11,-12],[13,-8],[-1,-11],[2,-12],[4,-3],[6,-26],[-1,-8],[8,-16],[4,-13],[-2,-18],[-12,-21],[4,-3],[12,2],[13,-5],[21,-22],[9,1],[14,7],[10,-2],[9,18],[13,15],[2,15],[3,7],[7,4],[11,-1],[2,-7],[12,-10]],[[3935,4965],[0,4],[-12,8],[-18,3],[6,22],[10,19],[13,15],[7,3],[2,8],[11,23],[13,20],[-4,19],[3,33]],[[3966,5142],[10,-13],[16,-6],[195,0]],[[3811,5343],[25,0],[6,-7],[0,-11],[-23,-31],[-4,-13],[-8,-12],[-8,-1],[-27,7],[-6,9],[6,17],[16,4],[7,14],[1,11],[6,10],[9,3]],[[2222,9689],[4,-10],[9,-8],[48,-31],[1,-4],[-8,-17],[4,-6],[12,-8],[-2,-9],[-6,-9],[12,-27],[2,-25],[-3,-19],[2,-19],[10,-21],[-7,-35],[8,-18],[11,-16],[6,-27],[9,-13],[14,-11],[24,-13],[11,-8],[6,-11],[-25,-19],[-3,-9],[5,-15],[0,-7],[-7,-3],[-52,1],[-64,3],[-23,0],[-31,2],[-61,-8],[-9,-4],[-9,-24],[-4,-5],[-61,-18],[-24,-3],[-14,2],[-10,-1],[-8,-4],[-4,-13],[8,-18],[1,-11],[-4,-7],[-2,-16],[23,-12],[7,-6],[0,-9],[-11,-8],[-41,-4],[-24,-14],[-25,-16],[-30,-10],[-36,-10],[-29,-12],[-12,-19],[-18,-23],[-16,-14],[-23,-15],[-47,-12],[-33,-6],[-31,-2],[-38,1],[-3,-1],[-3,-21],[-11,-11],[-6,-1],[-32,4],[-41,3],[-14,-7],[-36,-25],[-20,-2],[-9,-4],[-38,-24],[-8,-6],[-38,-21],[-43,-29],[-14,-7],[-4,-14],[0,-134]],[[1284,8656],[-19,0],[5,-17],[1,-10],[-4,-13],[1,-8],[6,-16],[0,-6],[-6,-4],[-30,-4],[-51,1],[-9,-1],[-22,-14],[-24,-18],[-24,-1],[-20,8],[-5,0],[-17,-7],[-9,0],[-45,18],[-30,4],[-24,-1],[-18,-6],[-49,-12],[5,-12],[6,-7],[-4,-15],[-19,-16],[-12,-17],[-12,-14],[-6,-12],[-6,-15],[-24,-4],[-20,-6],[-5,-5],[-3,-17],[-14,-32],[-3,-17],[-16,-56],[-7,-20],[-11,-19],[-11,-9],[-18,-12],[-52,-29],[-10,-10],[-25,-43],[-11,-15],[-12,-6],[-27,-9],[-12,-7],[-17,-4],[-10,-6],[-6,-8],[-13,-24],[-7,-15],[-12,-43],[-3,-20],[-7,-27],[-2,-24],[0,-19],[-4,-20],[-13,-16],[-11,-10],[-9,-5],[-3,-6],[-9,-7],[-7,-11],[-8,-7],[3,-16],[-9,-20],[-12,-14],[-13,-7],[-44,-1],[-46,1],[-42,6],[-42,1],[-21,-3],[-58,0],[-20,-1],[-41,-8]],[[76,7791],[11,67],[20,36],[16,16],[25,9],[23,36],[7,33],[14,15],[5,12],[-6,10],[15,18],[16,27],[9,18],[20,27],[1,13],[-9,-6],[-18,-18],[12,24],[18,15],[27,17],[58,56],[21,10],[21,23],[6,21],[2,49],[7,25],[12,20],[17,36],[10,16],[9,33],[8,13],[15,6],[19,16],[33,11],[37,21],[17,13],[12,19],[13,38],[21,40],[12,30],[20,16],[13,20],[22,9],[47,4],[71,17],[62,25],[18,10],[19,20],[32,26],[58,31],[29,18],[41,43],[27,37],[24,23],[15,21],[11,21],[7,33],[-4,13],[-18,22],[-12,6],[-3,10],[6,17],[0,32],[4,49],[18,40],[49,52],[9,21],[6,45],[59,49],[35,37],[12,9],[31,17],[107,37],[60,26],[36,20],[21,22],[58,90],[58,125],[4,14],[26,5],[18,1],[15,5],[18,9],[17,-3],[-8,-7],[0,-15],[12,-18],[21,-21],[39,-25],[30,-11],[44,-6],[50,11],[28,1],[14,4],[15,-7],[28,-2],[28,4],[21,11],[13,12],[2,-14],[4,-3],[13,-22],[16,1],[13,-3],[31,2],[30,-3]],[[7488,6133],[-1,-5],[4,-92],[-1,-24],[-3,-5],[-18,-15],[-24,-1],[-21,0],[-33,3],[-19,-2],[-8,-6],[-23,-49],[-8,-12],[0,-12],[10,-6],[21,-10],[24,-4],[30,-4],[10,-3],[34,-23],[11,-10],[6,-9],[2,-10],[5,-10],[31,-31],[28,-14],[12,-17],[22,-16],[6,-13],[13,-37],[7,-20],[10,-16],[4,-25],[14,-26],[12,-13],[15,-12]],[[7660,5584],[-26,-25],[-65,-61],[-38,-35],[-58,-56]],[[7473,5407],[-59,-56],[-12,-8],[-24,0],[-24,3],[-23,14],[-23,-11],[-15,-4],[-29,-3],[-29,-6],[-13,-7],[-7,-6],[-9,-13],[-28,13],[-8,14],[-13,13],[-25,-14],[-12,-4],[-10,1],[-17,8],[-20,6],[-10,0],[-15,-8],[-17,-13],[-13,-20]],[[7018,5306],[-6,12],[-6,7],[-9,2],[-16,-2],[-4,4],[-3,18],[-4,7],[-13,7],[-33,13],[-25,28],[-22,20],[-13,22],[-15,14],[-18,7],[-12,-3],[-12,-16],[-23,-15],[-12,0],[-13,8],[-17,5],[-31,3],[-29,-18],[-14,-7],[-9,-1],[-8,3],[-17,1],[-17,11],[-14,15],[-20,9],[-8,6],[-10,19],[-8,9],[-25,17],[-8,9],[-6,11]],[[6518,5531],[-9,10],[-11,15],[-4,21],[0,17],[-2,7],[-10,14],[-9,8],[-21,11],[-31,20],[-19,3],[-12,7],[-9,16],[-4,12],[-10,10],[-7,15],[8,25],[-28,21],[-12,12],[-7,12],[-21,15],[-48,23],[-26,14],[-28,26],[-1,5],[7,13],[2,10],[-6,12],[-28,22],[-23,24],[-18,7],[-51,9],[-12,5],[-12,11],[-4,12],[6,21],[-4,6],[-7,2]],[[7018,5306],[8,-3],[1,-8],[-11,-18],[-7,-16],[-4,-17],[13,-15],[1,-12],[-11,-23],[-7,-21],[0,-10],[15,-8],[19,1],[18,-16],[14,-3],[2,-5],[12,-12],[-3,-14],[-14,-17],[-31,-33],[-68,-62],[-22,-7],[-12,-12],[-9,-18],[-19,-15],[-15,-6],[-2,-4],[-1,-16],[1,-24],[-7,-11],[-11,-23],[-4,-13],[-9,-9],[-5,-30],[-7,-46],[1,-12],[-5,-21],[0,-13],[-7,-27],[3,-57]],[[6835,4630],[-27,-17],[-6,-1],[-23,-28],[-9,-19],[2,-38],[-6,-14],[-17,-11],[-16,-12],[-3,-7],[5,-15],[0,-11],[5,-6],[13,-6]],[[6808,4206],[2,-7],[-12,-47],[0,-9],[3,-11],[29,-72],[7,-21],[2,-10],[-2,-7],[-15,-27],[-2,-8],[4,-20],[5,-20],[8,-11],[17,-31],[13,-10],[44,-31],[16,-17],[14,-24],[9,-18],[5,-17],[10,-23],[26,-48],[10,-18],[4,-12]],[[6021,3315],[-6,-2],[-4,-13],[-10,-4],[-20,0],[-33,6],[-10,-1],[-36,-14],[-10,-2],[-38,1],[-37,4],[-12,-5],[-13,-10],[-11,-5],[-5,1],[-8,10],[-1,15],[-6,16],[4,9],[11,6],[4,13],[-4,20],[0,13],[3,8],[-4,19],[-11,30],[-16,25],[-20,19],[-13,18],[-7,18],[3,41],[11,66],[-2,49],[-13,32],[-4,34],[8,37],[1,25],[-5,12],[-8,4],[-122,3],[-44,0],[-7,5],[-3,17],[9,26],[-1,2],[-16,1],[-42,-5],[-28,-4],[-18,-1],[-31,-7],[-19,-15],[-7,-19],[0,-26],[-9,-12],[-7,-14],[0,-7],[-4,-36],[-29,-5],[-29,0],[-43,9],[-12,0],[-33,-9],[-21,-3],[-21,-11],[-6,-1],[-13,6],[-20,-1],[-29,-3],[-6,3],[-42,63],[-14,22],[-13,14],[-11,14],[-5,14],[2,13],[-7,18],[-15,23],[-10,21],[-5,20],[-1,18],[2,14],[-3,10],[-8,8],[-15,20],[-15,9],[-17,5],[-37,0],[-49,1],[-141,-3],[-15,-1],[-36,0],[-42,3],[-50,2],[-17,-1],[-44,0],[-6,-3],[-17,4],[-17,-2]],[[4440,4009],[-10,4],[-20,-2],[-10,-3],[-17,-12],[-24,-6],[-15,3],[-14,12],[-14,19]],[[4316,4024],[6,2],[33,4],[3,3],[2,37],[0,39],[-10,10],[21,13],[12,10],[22,24],[33,12],[2,2]],[[5244,5305],[-2,27],[5,39],[-2,22],[-8,20],[4,12],[16,5],[19,20],[34,51],[36,24],[27,8],[27,-1],[17,-4],[8,-8],[21,-12],[32,-16],[24,-21],[13,-19],[11,-11],[13,-4],[21,2],[24,-5],[25,-12],[15,-3],[5,3],[12,-2],[27,-9],[22,5],[32,-4],[75,-16],[12,10],[16,33],[20,28],[16,10],[18,3],[18,-1],[29,-10],[15,0],[15,5],[23,10],[25,6],[55,19],[12,6],[18,2],[48,-11],[30,7],[13,-2],[27,8],[5,5],[16,27],[19,8],[27,-4],[67,-16],[66,-12],[20,-1],[8,-2],[7,2],[22,15],[13,2],[41,-12]],[[6970,4674],[-5,-2],[-1,-7],[6,-10],[18,-22],[11,-4],[8,-10],[6,-13],[3,-18],[-3,-22],[2,-16],[6,-11],[2,-15],[-3,-16],[-4,-10],[-9,-4],[-7,1],[-18,-5],[-6,0]],[[6835,4630],[4,0],[32,7],[3,-2],[5,-14],[7,-2],[9,3],[23,17],[8,10],[11,10],[4,9],[7,5],[8,2],[14,-1]],[[7360,2880],[6,-4],[22,-35],[16,-20],[19,-18],[9,4],[40,7],[11,0],[8,5],[16,4],[17,2],[7,-2],[19,-24],[6,-45],[1,-31],[-2,-21],[-16,-25],[-3,-14],[-8,-18],[-11,-9],[-5,-8],[0,-8],[19,-19],[4,-8],[-2,-16],[7,-11],[13,-6],[12,-16],[21,-18],[26,-27],[12,-8],[9,-2],[5,-9],[-3,-11],[-7,-6],[3,-8],[8,-7],[22,1],[2,3],[-1,40],[-8,24],[-8,11],[22,51],[5,4],[35,5],[16,4],[7,5],[5,14],[4,39],[2,36],[-4,21],[5,32],[7,20],[-3,4],[-3,27],[-23,28],[-29,36],[-35,43],[-34,35],[-15,13],[-8,4],[-28,5],[-7,6],[-8,11],[-2,20],[0,15],[-3,25],[-8,47],[-8,27],[-8,32],[3,6],[26,40],[9,29],[6,5],[24,2],[19,-1]],[[7615,3217],[33,1],[34,-1],[20,-3],[11,3],[11,7],[11,11],[18,-2],[25,-10],[14,-10],[2,-9],[17,-4],[31,-2],[22,5],[14,10],[15,5],[15,1],[12,-4],[8,-7],[15,-6],[23,-3],[24,5],[26,13],[16,14],[3,14],[5,9],[5,2],[37,3],[19,-5],[27,-14],[44,26],[28,8],[26,0],[22,5],[17,14],[18,7],[19,4],[18,6],[25,12],[69,50]],[[8414,3372],[8,-15],[13,-13],[-18,-14],[16,-9],[-11,-14],[-2,-9],[6,-10],[-8,-15],[-10,-12],[-3,-10],[9,-16],[-5,-29],[9,-26],[6,-22],[-5,-16],[1,-27],[3,-11],[-6,-13],[9,-5],[5,-15],[-1,-17],[-3,-9],[-15,-12],[-2,-10],[19,-1],[1,-10],[-1,-23],[-2,-10],[4,-11],[-5,-12],[6,-54],[1,-37],[1,-7],[16,-6],[0,-11],[-11,-13],[1,-21],[12,16],[7,0],[6,-6],[-1,-10],[3,-4],[-1,-9],[3,-13],[-1,-9],[-9,-7],[-11,-12],[-1,-19],[-11,-7],[5,-11],[0,-9],[-13,-30],[-36,-40],[-15,-14],[-15,-16],[-1,-13],[-17,-21],[-18,-5],[-10,-5],[8,-19],[-12,-5],[-20,-15],[-55,-30],[-9,-6],[-14,-19],[-19,-4],[-10,-5],[-19,-2],[-12,1],[-6,-4],[-36,-13],[-34,-10],[-15,-11],[-30,-10],[-47,-24],[-39,-24],[-28,-23],[-8,-4],[-8,-8],[-6,-19],[-21,-25],[-31,-29],[-19,-24],[-1,-11],[-11,-3],[-10,10],[-3,-19],[-8,-2],[-9,4],[-21,-9],[-18,-13],[-29,-22],[-42,-46],[-60,-44],[-14,-1],[-19,15],[-12,0],[17,-16],[-2,-14],[1,-23],[-8,-43],[2,-11],[8,-11],[16,-15],[16,-20],[19,-53],[2,-28],[20,-36],[1,-15],[8,-38],[0,-31],[-3,-20],[11,-7],[3,7],[-2,12],[4,19],[5,9],[6,-1],[7,-24],[0,-12],[-8,-38],[3,-17],[10,-25],[-12,-31],[-17,-73],[-1,-12],[3,-6],[10,-1],[4,9],[8,-5],[-8,-34],[-7,-15],[-27,-35],[-14,-17],[-24,-14],[-56,-24],[-112,-34],[-70,-27],[-56,-31],[-25,-22],[-10,-24],[-10,-11],[-9,-15],[16,-22],[21,-15],[10,26],[6,0],[-3,-23],[-7,-83]],[[7569,3157],[-7,6],[-7,-7],[5,-6],[6,0],[3,7]],[[7581,3143],[5,12],[-11,3],[-3,-13],[9,-2]],[[6208,2355],[-51,-3],[-17,-6],[-38,-26],[-17,9],[-7,1],[-17,-6],[-35,-18],[-15,-11],[-29,-27],[-15,-5],[-5,10],[-15,22],[-23,28],[-12,4],[-17,-1],[-93,-15],[-65,-11],[-70,-10],[-43,-5],[-37,-2],[0,-506],[-1,-6],[-144,0],[0,-383]],[[4930,855],[-16,10],[-48,43],[-17,11],[-25,26],[-55,81],[-7,14],[-11,40],[-12,29],[-1,16],[6,9],[-4,14],[-6,10],[-19,16],[-5,50],[-13,32],[3,27],[-6,24],[0,14],[2,30],[-10,34],[-20,34],[-18,48],[-3,21],[2,56],[-4,24],[1,27],[-8,28],[-3,15],[5,12],[9,-5],[4,30],[-9,35],[-20,36],[-51,59],[-12,21],[-7,19],[-57,78],[-24,54],[-17,47],[-18,22],[-85,153],[-19,24],[-33,29],[-8,10],[-13,28],[-26,37],[-6,35],[-2,39],[3,30]],[[4247,2431],[24,3],[16,8],[14,1],[15,-6],[48,-1],[35,14],[25,14],[20,6],[12,0],[32,-5],[11,-5],[12,-14],[19,-13],[15,-7],[21,-14],[11,-3],[58,3],[85,0],[167,0],[55,-1],[111,0],[118,0],[46,-1],[8,-6],[15,-17],[19,-19],[16,-9],[19,-5],[16,-2],[18,2],[27,-3],[38,-6],[39,-2],[41,3],[29,-3],[17,-9],[17,-6],[17,-4],[24,2],[30,6],[25,0],[12,-5],[7,0],[79,13],[51,10],[45,7],[64,12],[46,8]],[[4133,9497],[-14,-4],[-20,7],[4,20],[25,1],[17,-12],[0,-3],[-12,-9]],[[4180,9640],[-22,-10],[4,9],[15,11],[3,-10]],[[4213,9423],[-6,-30],[-2,-26],[0,-19],[12,-17],[-4,-15],[-21,-9],[-52,-25],[-26,-12],[-8,-8],[-23,-13],[-10,-18],[-9,-9],[-25,-4],[-5,-3],[-16,-19],[-7,-12],[19,-60],[2,-23],[-6,-11],[-41,-50],[-18,-11],[-26,-8],[-16,-8]],[[3925,9013],[-17,61],[-17,63],[-18,69],[-9,31],[-8,32],[-4,4],[-50,29],[-49,32],[-4,21],[-14,32],[-14,18],[-6,5],[-28,11],[-17,8],[-5,6],[-3,13],[-12,24],[-13,25],[-5,16],[-1,20],[2,14],[6,6],[29,17],[13,23],[30,14],[11,6],[18,25],[5,34],[5,14],[12,17],[-12,27],[2,24],[-1,11],[-11,21],[0,9],[9,44],[5,25],[-6,12],[-13,6],[3,7],[20,12],[11,18],[23,10],[-4,14]],[[3788,9943],[36,7],[34,23],[12,6],[79,20],[22,-4],[-8,-14],[7,-10],[10,6],[-3,10],[30,0],[16,-7],[-1,-23],[21,-24],[-6,-11],[17,-7],[16,8],[7,12],[29,7],[27,18],[14,2],[4,-15],[7,-13],[-10,-4],[-13,-14],[-25,-34],[-22,-11],[-17,-13],[-6,-9],[-1,-12],[4,-19],[12,-20],[15,-13],[13,-3],[32,-20],[0,-11],[4,-14],[2,-16],[11,-13],[-24,-29],[-13,-20],[-25,-29],[-23,-19],[-48,-27],[-12,-9],[-8,-10],[-4,-10],[2,-11],[16,-29],[21,-17],[21,-9],[38,4],[-1,-11],[2,-13],[16,0],[10,2],[9,13],[18,-9],[9,-27],[16,-8],[2,-3],[-10,-5],[20,-6],[9,2],[15,-5]],[[3925,9013],[-30,-16],[10,-16],[24,-28],[18,-32],[11,-27],[11,-35],[3,-21],[-4,-56],[6,-72],[8,-36],[-13,-32],[-11,-31],[1,-15],[6,-24],[6,-18],[8,-10],[-1,-30],[-4,-11],[-25,-15],[-28,-15],[-8,-12],[-2,-14],[4,-11],[80,-102],[2,-10],[2,-29],[13,-36],[14,-16],[6,-11],[10,-9],[16,-7],[36,10],[61,-16],[58,-17],[5,-3],[12,-22],[21,-33],[15,-28],[14,-24]],[[3157,7476],[-79,-14],[-41,-7],[-11,0],[-10,3],[-20,13],[-2,6],[11,17],[2,6],[9,8],[0,5],[-8,21],[1,32],[-11,8],[-20,10],[-27,7],[-20,3],[-29,6],[-9,4],[-18,20],[-9,5],[-42,4],[-14,3],[-12,5],[-10,6],[-10,25],[-47,22],[-12,7],[-6,7],[1,23],[-4,17],[-116,72],[-48,30],[-47,30],[-95,59],[-48,30],[-47,30],[-48,28],[-47,31],[-95,59],[-48,30],[-47,30],[-48,29],[-87,55],[-45,27]],[[1844,8288],[-34,19],[-66,40],[-79,43],[-26,16],[-55,30],[-27,16],[-55,30],[-27,16],[-54,30],[-82,46],[-55,31]],[[1284,8605],[0,51]],[[2222,9689],[29,-3],[15,2],[35,12],[27,17],[22,8],[19,18],[17,11],[25,13],[71,27],[11,0],[23,-6],[21,2],[14,9],[15,23],[22,14],[30,13],[41,14],[26,12],[41,10],[104,7],[54,6],[36,-2],[37,20],[18,6],[80,1],[37,14],[142,0],[17,-4],[18,-8],[29,-18],[14,-4],[19,4],[43,17],[50,9],[26,10],[12,15],[23,6],[13,-12],[51,-11],[31,3],[14,3],[-5,18],[32,-5],[27,-8],[26,-17],[17,-3],[32,7],[65,4]],[[4247,2431],[6,53],[5,23],[1,27],[-4,72],[-4,10],[-2,12],[14,8],[17,19],[7,17],[8,37],[30,84],[15,83],[18,39],[7,45],[50,56],[12,35],[26,17],[37,19],[27,32],[12,23],[15,42],[0,46],[9,60],[-2,17],[-14,24],[-3,17],[-12,17],[-14,13],[-6,22],[-24,36],[-7,24],[-11,17],[-2,21],[-6,23],[-11,22],[-11,25],[0,8],[7,10],[6,3],[-6,-11],[1,-4],[44,44],[3,9],[-2,21],[2,14],[-42,82],[-33,76],[-6,38],[-44,51],[-17,33],[-10,23],[-7,8],[3,5],[11,1],[59,11],[32,13],[9,6]],[[4316,4024],[-9,18],[8,22],[-5,20],[-23,45]],[[8569,4587],[1,12],[-16,22],[-65,81],[-1,78],[0,117],[-1,116],[0,200],[24,25],[30,28],[40,54],[39,54]],[[8620,5374],[4,7],[16,15],[30,9],[18,1],[64,11],[15,10],[5,12],[12,16],[16,11],[30,15],[36,14],[36,8],[23,6],[134,-7],[4,1],[101,105],[44,46],[33,33],[37,36],[80,73],[27,26],[43,39],[76,70]],[[9504,5931],[22,31],[43,64],[28,39],[46,68],[0,250]],[[9643,6383],[18,2],[48,10],[36,15],[68,11],[52,27],[9,13],[16,17],[22,6],[58,-20],[9,-1],[-5,-24],[-12,-22],[-7,-23],[5,-36],[3,-58],[-7,-24],[-9,-6],[5,-1],[18,5],[0,12],[15,-9],[11,-3],[2,-12],[-17,3],[-8,4],[-25,-7],[-16,-7],[-4,-11],[-4,-46],[-6,-29],[-1,-40],[-21,-25],[-6,-20],[-30,-35],[-16,-32],[-5,-15],[-27,-43],[-37,-33],[-12,-42],[-13,-26],[-15,-24],[-33,-42],[-16,-30],[-20,-52],[-7,-32],[-58,-94],[-60,-75],[-37,-63],[-68,-73],[-91,-95],[-121,-112],[-32,-23],[-132,-70],[-85,-58],[-43,-39],[-46,-35],[-36,-32],[-110,-111],[-22,-20],[-14,-19],[-9,-7],[-26,-32],[-35,-32],[-8,-12],[-5,-13],[-7,-7],[-16,-32],[-29,-37]],[[727,5853],[-2,-3],[-10,9],[-50,13],[14,7],[35,2],[14,-7],[1,-7],[-2,-14]],[[873,5780],[-5,5],[-26,20],[-29,13],[-61,22],[-19,6],[0,8],[7,14],[-12,17],[5,12],[-5,0],[-8,-7],[-18,2],[-12,11],[-10,3],[-6,6],[-6,27],[-4,13],[-9,7],[-19,2],[-7,17],[-11,13],[1,8],[9,0],[7,-7],[11,-2],[13,14],[12,8],[1,10],[-7,-5],[-21,1],[-4,-5],[-8,-2],[-7,17],[0,10],[3,10],[20,2],[1,4],[-13,2],[-17,12],[-3,9]],[[616,6077],[8,3],[14,-3],[16,7],[4,6],[6,17],[17,5],[11,10],[12,14],[12,27],[6,5],[7,22],[11,5],[23,4],[19,-8],[31,7],[3,10],[92,0],[10,-2],[4,-8],[9,-11],[9,-8],[28,-37],[14,-18],[11,-10],[0,-8],[-10,-19],[5,-6],[16,-3],[1,-26],[7,-15],[9,-10],[-2,-4],[-18,-18],[-7,-18],[-5,-9],[23,-3],[9,7],[15,16],[5,2],[11,-1]],[[6023,7525],[-70,33],[-139,66],[-69,32],[-70,33],[-139,66],[-69,33],[-70,32],[-139,66],[-139,66],[-69,32],[-70,33],[-117,56],[-52,-22],[-94,-41]],[[4213,9423],[22,-9],[23,-4],[67,-32],[22,-4],[47,-4],[56,13],[21,2],[37,-12],[16,-4],[27,-1],[46,-11],[12,-4],[27,-18],[13,-5],[97,-17],[13,-11],[13,-21],[1,-26],[7,-19],[12,-25],[14,-17],[16,-15],[19,-9],[42,-13],[47,-5],[48,-2],[83,-19],[70,-21],[17,-12],[35,-9],[69,-50],[39,-17],[27,-4],[25,3],[43,18],[18,10],[43,43],[14,23],[6,16],[-1,16],[-6,15],[-12,15],[-8,19],[-5,37],[6,26],[9,15],[13,14],[36,30],[36,21],[64,27],[37,0],[16,3],[31,20],[12,0],[17,-4],[51,1],[22,-6],[26,-11],[34,-8],[23,-7],[26,-10],[5,-23],[-3,-16],[26,-17],[74,-7],[15,-5],[20,-12],[13,-4],[51,-2],[30,3],[28,-5],[10,-4],[11,-10],[18,-31]],[[1284,8605],[0,-179],[-164,0],[-108,0],[-109,0],[-102,0],[0,-335],[-1,-15],[-9,-5],[-42,-16],[-36,-6],[-40,-26],[-20,-12],[-13,-16],[-6,-18],[1,-9],[9,-27],[3,-33],[2,-36],[1,-20],[4,-54],[2,-18],[-90,0],[-133,0],[-66,0],[-133,0],[-33,-1],[-119,0],[-6,-26],[-8,-33],[2,-13]],[[70,7707],[-7,7],[13,77]],[[762,6875],[14,-22],[-6,-26],[7,-12],[10,-7],[13,-16],[1,-19],[-1,-13],[9,-14],[-4,-12],[-8,-8],[-2,-14],[23,-26],[3,-11],[6,-7],[4,2],[6,9],[18,-3],[9,-11],[4,-17],[16,-19],[1,-6],[6,-6],[-3,-23],[-4,-21],[-1,-14],[9,-7],[-1,-10]],[[891,6542],[-26,3],[-34,-5],[-12,2],[-22,-1],[-16,-3],[-20,-7],[-16,2],[-8,5],[-11,0],[-40,11],[-12,9],[-6,1],[-12,-7],[-7,2],[-3,5],[3,8],[-3,7],[-21,1],[-26,3],[-48,1]],[[119,6535],[-10,17],[2,7],[31,11],[16,-3],[-1,6],[-15,5],[-6,7],[-7,-4],[-5,-9],[-9,-5],[-5,12],[2,4],[-1,25],[1,14],[-1,12]],[[111,6634],[18,12],[31,0],[30,1],[28,0],[28,-1],[3,24],[23,4],[54,6],[6,4],[8,15],[6,3],[18,-6],[11,-6],[21,-8],[18,-9],[34,-11],[29,-5],[34,9],[24,5],[3,10],[-4,10],[-18,9],[-25,-1],[-25,-7],[-12,2],[-15,8],[-9,8],[-28,7],[-26,16],[-24,4],[-23,-3],[-23,-9],[-12,-19],[-72,1],[-44,0],[-37,-1]],[[141,6706],[-4,14],[-8,12],[-14,9],[-4,8],[5,9],[13,6],[4,5],[-18,-5],[-8,0],[-1,12],[-12,16],[-13,27],[-16,11],[-13,22],[-13,8],[-12,4],[-11,0],[-3,-10],[-13,14],[17,5],[39,17],[43,53],[41,61],[5,14]],[[145,7018],[4,11],[4,25],[6,15],[5,3],[7,11],[7,20],[10,11],[18,1],[6,-4],[16,-2],[27,-1],[23,3],[15,7],[19,3],[24,0],[13,3],[5,8],[6,-3],[13,6],[5,-4],[21,-2],[36,2],[34,-10],[30,-22],[18,-16],[0,-7],[15,-15],[9,-1],[12,4],[6,-6],[9,-1],[9,4],[6,-2],[4,-5],[12,-5],[8,-12],[7,-17],[6,-21],[8,-12],[9,-2],[6,-4],[3,-8],[13,-1],[9,-7],[10,-16],[1,-13],[11,-8],[6,-8],[11,-7],[16,-6],[12,-9],[9,-11],[18,-12]],[[8896,3115],[10,-7],[-28,3],[-5,14],[11,-2],[12,-8]],[[8996,3148],[7,-20],[0,-14],[-3,-5],[-6,3],[-12,12],[-23,11],[23,1],[5,10],[9,2]],[[8849,3173],[-2,-2],[-14,8],[-7,1],[-11,13],[4,45],[6,8],[6,0],[8,-5],[-2,-29],[10,-19],[6,-15],[-4,-5]],[[8491,4523],[-5,-1],[2,8],[16,10],[7,-2],[1,-5],[-21,-10]],[[8569,4587],[-21,-23],[-17,-11],[-24,-5],[-16,4],[-6,-15],[-9,5],[4,-24],[-3,-10],[-11,-9],[-1,-8],[-25,-21],[-35,-2],[-18,-10],[-8,-8],[-6,-18],[2,-28],[-10,-22],[-2,-10],[-18,-14],[-8,-13],[-5,-13],[-6,-5],[-6,-29],[-12,-29],[-14,-22],[-21,-45],[-17,-21],[-13,3],[-9,-12]],[[8234,4172],[-16,9],[-22,16],[-45,30],[-22,16],[-102,70],[-6,5],[-6,14],[-13,4],[-2,7],[2,7],[8,14],[1,8],[-4,25],[-3,3],[-45,25],[-31,16],[-31,17],[-31,16],[-92,50],[-31,16],[-31,17],[-31,16],[-31,17],[-31,16],[-31,17],[-31,16],[-31,17],[-53,28],[-11,0]],[[7462,4684],[0,23],[3,60],[0,53],[3,27],[14,16],[6,12],[4,17],[8,14],[16,12],[3,6],[17,19],[9,24],[9,8],[15,12],[21,6],[3,6],[-3,15],[10,15],[13,15],[5,17],[0,20],[-2,27],[-7,24],[-5,26],[4,8],[-6,15],[-9,5],[-9,27],[-22,15],[-10,27],[-11,6],[-8,35],[7,26],[0,7],[-7,5],[-18,6],[-15,11],[3,8],[-8,3],[-22,45]],[[7660,5584],[0,-11],[8,-7],[15,7],[6,1],[40,-11],[7,-9],[1,-17],[-3,-7],[-3,-21],[1,-20],[12,-15],[11,-11],[8,-16],[15,-8],[28,0],[80,-2],[12,-3],[97,-59],[27,-17],[27,-16],[20,-15],[20,-3],[33,-2],[23,0],[21,-6],[31,-6],[23,-2],[14,-3],[39,-3],[7,1],[17,15],[19,25],[8,13],[25,14],[43,18],[31,14],[35,13],[37,-30],[9,-9],[20,-7],[22,0],[16,3],[37,2],[21,0]],[[111,6634],[0,11],[-8,27],[10,12],[12,6],[9,-5],[2,-11],[5,-7],[22,-5],[20,3],[13,-1],[4,14],[51,6],[27,4],[21,0],[4,4],[-18,2],[-40,-6],[-43,-1],[-30,-15],[-13,2],[-13,14],[-5,18]],[[9788,2479],[-16,-25],[3,21],[20,31],[6,2],[-13,-29]],[[9557,2970],[0,-5],[-19,2],[-3,17],[9,1],[2,7],[6,1],[5,-16],[0,-7]],[[9730,3099],[7,-15],[8,-13],[43,-61],[5,-27],[15,-43],[15,-64],[4,-66],[4,-30],[12,-28],[18,-30],[6,-33],[-11,-33],[-16,-32],[-12,-14],[-5,0],[-12,7],[-12,15],[-12,31],[-5,16],[-7,3],[-15,-1],[-11,-10],[-2,-8],[2,-17],[4,-16],[3,-36],[10,-12],[7,-14],[1,-31],[-4,-16],[-11,-14],[0,-8],[5,-8],[-4,-4],[-15,-6],[-6,-6],[-8,-14],[-14,-29],[-1,-14],[8,-45],[-2,-32],[-17,-61],[-23,-63],[-21,-45],[-21,-57],[-17,-59],[-13,-35],[-15,-35],[-20,-62],[-18,-61],[-24,-70],[-35,-75],[-4,-11],[-7,-38],[-8,-34],[-10,-33],[-19,-56],[-2,-17],[-5,-16],[-19,-36],[-8,-12],[-5,-14],[-9,-35],[-14,-31],[-21,-25],[-14,-10],[-30,-14],[-16,-3],[-34,0],[-33,-9],[-34,-16],[-34,-16],[-12,-9],[-14,-5],[-44,0],[-13,3],[-44,29],[-17,5],[-32,4],[-19,5],[-13,15],[-32,18],[-7,19],[-6,9],[-5,21],[-9,15],[-23,25],[-3,8],[-2,26],[1,18],[-2,33],[2,16],[9,13],[-4,15],[-9,15],[-3,18],[-7,15],[-24,27],[-6,13],[-14,56],[-1,15],[2,31],[3,17],[6,11],[5,15],[10,12],[10,42],[11,9],[18,4],[14,11],[8,14],[8,30],[22,28],[8,16],[18,23],[15,33],[9,31],[4,34],[3,17],[-1,17],[-9,17],[-21,32],[-1,6],[2,23],[-2,17],[-8,17],[-10,16],[-10,29],[-5,50],[1,18],[-3,16],[-7,15],[5,26],[64,96],[2,11],[-2,29],[3,24],[16,5],[52,4],[19,11],[18,16],[8,4],[7,-1],[11,-11],[21,7],[16,-1],[9,22],[6,3],[26,2],[18,3],[22,5],[5,-1],[18,-22],[12,-2],[6,4],[-14,11],[-3,7],[1,7],[8,16],[13,12],[29,18],[30,21],[9,1],[7,-3],[6,-25],[-1,-4],[11,3],[5,18],[-6,15],[0,6],[15,15],[12,14],[5,17],[4,7],[14,9],[4,-1],[4,-15],[-8,-15],[-2,-9],[8,-2],[6,2],[10,18],[11,17],[15,14],[14,-1],[14,-4],[-22,18],[-6,24],[27,42],[0,9],[6,6],[-14,14],[-3,7],[2,11],[13,16],[8,3],[7,-4],[13,-12],[11,-2],[12,12],[10,14],[15,9],[16,6],[26,22],[16,46],[2,14],[-4,16],[-7,15],[-9,20],[3,4],[14,-3],[19,20],[25,33],[8,0],[8,-6],[2,-9],[5,-7],[17,-15],[8,-12]],[[7320,3518],[7,2],[23,-14],[29,-3],[13,-13],[40,2],[10,-2],[13,-7],[15,0],[-1,13],[7,10],[13,-6],[34,-27],[1,-4],[21,-26],[7,-11],[0,-6],[7,-23],[0,-26],[2,-14],[8,-14],[4,-23],[-2,-11],[-7,-16],[0,-13],[12,-13],[5,-9],[7,-14],[12,-1],[12,-16],[3,-16]],[[169,7554],[-10,-13],[-5,5],[-1,9],[12,19],[7,3],[-3,-23]],[[145,7018],[0,62],[8,24],[2,20],[17,45],[20,37],[18,49],[8,47],[-3,47],[-6,41],[-8,27],[-10,40],[-13,21],[-25,18],[-5,10],[5,5],[16,2],[9,15],[-20,-6],[24,44],[7,29],[-1,20],[3,12],[-18,26],[-13,33],[-14,7],[-5,-14],[-10,4],[-14,24],[-22,38],[-8,5],[-10,-11],[-7,-32]],[[1844,8288],[-118,0],[-94,0],[-45,-1],[12,-100],[5,-35],[28,-241],[5,-34],[24,-207],[4,-35],[29,-241],[5,-34],[20,-173],[8,-68],[18,-17],[21,-22],[-6,-31],[-16,-78],[-90,0],[-148,0],[-119,0],[-174,0],[-17,1],[-6,3],[-3,21],[-5,-2],[-9,-12],[0,-17],[-19,-2],[-25,-5],[-27,-4],[-29,1],[-19,5],[-21,3],[-26,-1],[-15,-2],[-6,-3],[-23,-34],[-7,0],[-10,10],[-51,43],[-13,12],[-8,2],[-25,-17],[-12,-12],[-6,-12],[-3,-13],[-3,-16],[-4,-19],[-9,-15],[-12,-11],[-12,-8],[-26,8]],[[8305,3716],[-11,0],[-5,6],[8,5],[9,10],[18,14],[9,11],[-1,-11],[-11,-24],[-9,-1],[-7,-10]],[[8274,3966],[11,-29],[-2,-6],[-12,-3],[-5,4],[-3,10],[-6,-2],[-10,12],[-10,1],[-9,14],[3,12],[-2,21],[11,11],[6,18],[7,-12],[2,-20],[9,-22],[10,-9]],[[8327,4142],[-2,-48],[-8,-19],[-7,-7],[-11,5],[-4,5],[8,36],[-4,25],[16,-2],[12,5]],[[8234,4172],[-3,-12],[-12,-28],[0,-12],[-9,-23],[-12,-40],[-9,-15],[-14,-34],[-2,-27],[8,-19],[2,-17],[16,-17],[21,-14],[15,-19],[8,-17],[27,-9],[11,-20],[-4,-14],[-13,-12],[-11,-18],[-10,-25],[0,-37],[7,5],[14,-9],[2,-27],[-15,-32],[-5,-15],[0,-13],[10,-39],[16,-19],[-5,-11],[28,-35],[-3,-30],[11,-23],[4,-21],[7,-15],[1,-11],[-8,-12],[20,-3],[12,-10],[5,-9],[15,0],[19,-11],[25,-16],[11,-15]],[[6970,4674],[13,0],[11,3],[10,6],[9,1],[449,0]],[[4790,5865],[-15,-23],[-19,-13],[-6,-8],[-8,-19],[-10,-22],[-7,-17],[-8,-5],[-17,-27],[-12,-26],[-2,-7],[-10,-9],[-27,-12],[-10,-11],[-2,-6],[11,-17],[11,0],[5,-7],[0,-52],[-4,-7],[-3,-14],[0,-13],[11,-10],[3,-15],[7,-56],[3,-9],[6,-6],[17,-12],[19,-15],[6,-11],[4,-16],[7,-13],[-3,-7],[-12,-1],[14,-26],[47,-51],[46,-46],[19,-4],[23,-26],[3,-10],[-3,-9],[5,-24],[1,-18],[5,-15],[7,-13]],[[3966,5142],[3,32],[6,28],[3,25],[9,22],[-5,23],[-5,9],[-30,32],[14,12],[-18,-2],[-4,12],[-10,14],[6,2],[6,8],[16,-2],[-1,3],[-15,12],[8,13],[-2,3],[-10,-7],[-8,0],[-9,5],[2,-10],[-5,-7],[-6,-3],[-16,3],[-9,7],[-20,7],[-16,7],[-4,19],[-6,8],[-5,20],[3,17],[-9,3],[-14,0],[-8,9],[-7,4],[4,-17],[-4,-4],[-12,1],[-6,11],[5,20],[-3,1]],[[3784,5482],[5,10],[32,51],[8,37],[11,44],[9,19],[9,12],[46,44],[17,13],[24,16],[10,16],[8,16],[13,6],[39,26],[9,-14],[13,-2],[18,0],[10,2],[5,5],[4,15],[9,4],[19,-11],[15,-15],[16,-14],[8,-6],[3,-5],[7,-27],[4,-6],[7,-3],[25,6],[22,16],[11,14],[1,22],[3,4],[41,32],[-14,22],[6,10],[30,34],[1,19],[19,30],[11,39],[1,8],[24,43],[26,4],[10,6],[12,11],[11,19],[2,19],[5,21],[3,18],[8,17],[13,9],[22,7],[4,3],[3,12],[3,37],[4,17],[21,19],[9,29],[8,31],[24,37],[28,37],[13,10],[11,4],[13,1],[8,3],[30,18],[13,6],[9,7],[3,13],[-3,19],[5,14],[4,22],[0,23],[-6,10],[-9,10],[-15,7],[-21,1],[-11,4],[-5,32],[-14,65]],[[4584,6636],[26,-1],[32,-7],[8,-6],[4,-22],[11,-13],[20,-10],[13,-21],[5,-33],[13,-22],[16,-37],[1,-16],[-3,-12],[8,-14],[-10,-24],[-3,-14],[-1,-21],[6,-37],[9,-27],[10,-23],[11,-18],[18,-19],[19,-18],[17,-11],[-16,-7],[-32,-1],[-18,4],[-52,-5],[-34,1],[-32,5],[-20,-1],[-15,-11],[-23,-29],[4,-14],[25,-26],[14,-16],[8,-12],[58,-47],[19,-10],[15,-11],[22,-21],[20,-33],[27,-65],[16,-9],[0,-17],[-10,-20]],[[2092,5528],[-19,3],[4,5],[19,-3]],[[1743,6268],[9,-9],[11,-7],[17,1],[13,-4],[11,-7],[6,-15],[9,-12],[3,-16],[23,-12],[14,-12],[14,-6],[14,1],[7,-6],[11,-4],[10,0],[10,13],[12,5],[32,11],[12,5],[13,3],[30,1],[29,-3],[14,-3],[9,2],[9,-6],[10,-14],[15,-9],[13,-21],[12,-15],[8,0],[10,7]],[[2106,5534],[-22,10],[3,19],[-7,2],[-6,-3],[-11,-24],[-5,-4],[-76,12],[-16,10],[-20,3],[-34,-2],[-29,-3],[-8,-6],[72,4],[8,-1],[3,-4],[-90,-7],[-35,-5],[-11,1],[-7,8],[-37,1],[-8,-3],[-5,-6],[15,2],[23,0],[7,-4],[-73,-6],[-51,-11],[-92,-34],[-43,-13],[-11,-5],[-20,-13],[-25,-8],[-28,-15],[-18,-4]],[[1313,5870],[8,6],[11,-1],[18,-5],[16,27],[-1,16],[7,16],[9,13],[0,10],[-12,2],[-17,8],[-6,5],[3,28],[10,5],[16,0],[27,-4],[7,0],[12,-12],[9,4],[-2,21],[-4,12],[-9,10],[-25,10],[2,26],[6,5],[18,9],[-9,10],[-12,5],[3,17],[0,15],[-20,-3],[-9,5],[-6,9],[-1,25],[0,28],[-1,13],[2,7],[18,14],[3,5]],[[1384,6231],[16,3],[10,8],[10,14],[12,12],[15,-1],[9,3],[12,-14],[5,0],[3,-11],[37,-8],[10,-9],[6,2],[5,6],[-5,8],[7,12],[17,2],[20,-1],[3,6],[-3,17],[2,17],[4,3],[13,-10],[20,-4],[2,2],[-3,11],[4,5],[21,5],[4,-17],[-1,-6],[7,-22],[0,-4],[-8,-13],[7,-6],[11,-4],[12,-1],[19,15],[2,7],[7,5],[22,6],[20,1],[5,-2]],[[8692,6551],[-34,-46],[-22,-31],[-26,-26],[-7,-19],[0,-24],[2,-33],[3,-27],[10,-4],[13,-2],[13,4],[37,5],[23,6],[14,5],[14,-1],[18,-9],[21,-2]],[[8771,6347],[-9,-13],[-15,-16],[-15,-23],[2,-8],[8,-10],[8,-17],[5,-16],[4,-7],[10,-9],[23,-29],[16,-7],[6,-15],[12,-22],[13,-19],[13,-13],[14,-6],[6,0],[53,-46],[5,-3],[89,-28],[38,-11],[48,-16],[155,-49],[51,-16],[39,-13],[9,-4],[145,0]],[[7842,6798],[23,8],[18,1],[20,-5],[12,-1],[6,2],[10,17],[7,5],[11,1],[14,-11],[22,-30],[9,-1],[36,77],[10,20],[8,-5],[9,-11],[25,-8],[7,-4],[22,-25],[8,-5],[11,-1],[43,8],[28,14],[4,6],[7,0],[9,-6],[9,-14],[11,-2],[38,10],[24,-6],[8,0],[20,-8],[25,3],[23,-4],[44,-29],[35,-11],[8,-4],[17,-18],[26,-34],[35,-33],[38,-26],[21,-18],[13,-22],[14,-20],[26,-15],[23,-28],[13,-14]],[[891,6542],[-5,-4],[-12,-25],[3,-4],[26,-21],[15,1],[21,21],[7,5],[12,-2],[8,-6],[19,-31],[9,-4],[9,6],[23,27],[13,5],[14,5],[16,-5],[50,-18],[10,-2],[6,2],[8,14],[25,12],[18,3],[3,4],[0,12],[-8,13],[14,4],[12,-1],[14,-5],[11,-6],[6,-8],[13,-33],[14,-26],[-1,-34],[16,-8],[7,-15],[14,-4],[25,-16],[-4,-8],[-14,-10],[-7,-8],[-14,-20],[3,-6],[12,1],[12,7],[11,-2],[9,-6],[5,-13],[-3,-20],[9,-37],[5,-7],[31,-16],[6,-12],[-3,-10]],[[616,6077],[-3,4],[6,13],[-5,6],[-13,14],[-6,14],[-20,17],[-18,-1],[6,15],[-1,19],[-6,10],[1,11],[-9,-8],[-9,2],[-20,11],[-10,11],[0,10],[-22,2],[-36,16],[-27,42],[0,9],[3,17],[0,4],[-13,-11],[-12,24],[-2,10],[-16,5],[-6,-3],[-8,-20],[-10,3],[1,16]],[[4790,5865],[15,-1],[37,-5],[17,4],[10,9],[24,7],[27,9],[3,12],[21,13],[6,-17],[12,-13],[17,-14],[5,1],[10,11],[26,6],[7,3],[19,16],[22,9],[14,4],[22,10],[16,-1],[26,1],[43,5],[32,2],[20,4],[6,15],[17,10],[23,23],[15,19],[14,15],[-7,9],[-25,16],[0,8],[23,14],[14,3],[37,0],[39,1],[25,4],[17,4],[16,8],[40,-2],[32,21],[10,4],[5,6],[15,8],[18,17],[13,15],[4,11],[37,36],[12,-1],[7,5],[14,24],[5,5],[15,4],[7,7],[7,11],[0,13],[-3,15],[9,10],[28,13],[12,12],[15,0],[12,10],[20,8],[18,6],[34,-6],[19,-5]],[[3603,5435],[-14,-4],[-9,1],[12,18],[15,-6],[-4,-9]],[[4518,6722],[23,-29],[24,-33],[19,-24]],[[3784,5482],[-6,-5],[-12,3],[-4,10],[-8,1],[-13,14],[-3,-2],[14,-35],[-5,-14],[-38,0],[-33,-5],[-23,1],[-12,5],[-5,13],[-3,-9],[-7,-5],[-25,-1],[-12,9],[-9,9],[-10,5],[13,-14],[-1,-14],[-21,-16],[-13,-1],[-8,7],[-4,12],[-2,16],[-5,11],[-3,0],[3,-18],[0,-17],[10,-13],[-21,-5],[-12,0],[-4,16],[-4,3],[-4,-19],[-13,-2],[-23,-3],[-7,3],[3,6],[0,9],[-9,-7],[-1,-13],[-5,-2],[-14,2],[-15,7],[-9,7],[-16,9],[-31,27],[-5,12],[-8,14],[-7,15],[-9,25],[10,0],[2,4],[-12,3],[-2,3],[0,19],[19,6],[7,13],[-24,-10],[-22,12],[-5,7],[3,5],[24,0],[10,5],[-16,2],[-3,3],[1,9],[-8,-9],[-15,-6],[-8,6],[-3,17],[-8,4],[-26,32],[-33,26],[-30,19],[-44,7],[-92,0],[-6,3],[6,5],[8,2],[30,15],[-5,2],[-31,-9],[-11,-1],[-13,-18],[-82,-3],[-10,-1]],[[2936,5705],[7,41],[3,7],[-6,19],[-1,18],[5,12],[-1,11],[0,35],[5,11],[-10,19],[1,15],[-2,14],[-3,7],[2,24],[1,31],[-1,14],[3,9],[2,25],[-1,23],[6,37],[40,5],[9,14],[6,19],[-2,18],[12,16],[16,14],[-1,15],[5,4],[16,6],[12,8],[6,13],[8,22],[-10,15],[4,11],[11,11],[11,-2],[4,3],[7,24],[-1,6],[-10,16],[-3,28],[-3,15],[-9,11],[-24,33],[0,15],[15,27]],[[2890,6472],[-14,-29],[-8,-8],[-37,-30],[-18,4],[-38,-6],[-6,7],[-7,1],[-15,-4],[-12,-19],[-5,-3],[-20,-3],[-1,-10],[-6,-3],[-5,-14],[-11,3],[-4,-7],[-8,-5]],[[2675,6346],[-38,-1],[-13,-4],[-9,0],[-1,5],[-47,11],[-33,6]],[[1743,6268],[6,19],[3,29],[-1,22],[-4,15],[21,12],[7,11],[7,23],[3,21],[-9,22],[-1,11],[2,9],[8,9],[18,11],[45,8],[25,13],[11,14],[17,16],[1,34],[-8,12],[37,17],[0,12],[-5,13],[-7,11],[-3,9],[26,26],[13,11],[15,2],[15,-4],[40,-24],[7,-2],[8,2],[25,12],[5,16],[-1,25],[4,11],[7,2],[23,-5],[13,2],[5,4],[-2,15],[8,22],[14,17],[28,22],[18,6],[50,-14],[8,3],[13,37],[13,3],[16,1],[16,5],[24,14],[42,19],[23,8],[20,16],[22,16],[13,3],[19,1],[12,-3],[7,-6],[25,6],[35,-10],[30,-10]],[[2675,6346],[-4,-14],[-8,-19],[-5,-6],[-3,-45],[4,-5],[78,-49],[2,-4],[0,-55],[5,-16],[1,-13],[6,-10],[20,-21],[4,-12],[2,-39],[0,-29],[3,-40],[0,-177],[-14,0],[7,-16],[2,-20],[-2,-6],[2,-11],[7,-4],[15,-22],[5,-18],[-24,-6],[1,-5]],[[2779,5684],[-46,-9],[-17,-8]],[[8818,6417],[-47,-70]],[[8692,6551],[10,7],[4,-1],[28,-19],[14,7],[8,20],[9,7],[34,12]],[[8799,6584],[2,-6],[24,-28],[8,-13],[8,-25],[-4,-13],[-6,-9],[-10,-8],[-32,-20],[-36,-12],[-23,-25],[-18,2],[3,-10],[16,1],[20,7],[18,4],[19,0],[17,-3],[13,-9]],[[8367,6998],[6,-7],[8,3],[2,5],[23,-11],[-1,-6],[-14,0],[-16,3],[-15,-1],[-17,3],[-4,11],[11,-5],[7,3],[-8,8],[-11,1],[1,6],[8,6],[-7,8],[13,-2],[13,-11],[1,-14]],[[8358,7052],[5,-13],[-17,7],[8,9],[4,-3]],[[8145,7319],[44,-81],[18,-47],[15,-49],[12,-75],[11,-37],[18,-19],[12,-35],[11,-2],[7,-9],[13,-33],[10,-13],[4,11],[-4,16],[4,13],[7,8],[26,-19],[2,-16],[4,-9],[17,-19],[15,-6],[19,-1],[16,-4],[13,-7],[24,-20],[54,-17],[44,-52],[26,-36],[85,-55],[15,-26],[8,-26],[18,0],[30,-27],[9,-22],[25,-7],[5,13],[12,-11],[5,-16]],[[8818,6417],[28,-22],[27,-43],[33,-35],[44,-32],[17,-11],[16,-6],[81,1],[57,30],[52,21],[17,5],[31,-6],[33,-2],[30,-6],[15,1],[59,25],[37,24],[26,11],[10,0],[34,-9],[44,4],[62,21],[19,4],[15,0],[33,-9],[5,0]],[[2936,5705],[-60,-5],[-68,-10],[-29,-6]],[[3510,4839],[-16,-10],[-8,10],[-4,15],[8,16],[15,8],[9,0],[9,-10],[0,-13],[-13,-16]],[[3621,5040],[-6,-4],[-6,3],[-2,6],[12,13],[6,-5],[-4,-13]]],"transform":{"scale":[0.006893277218721872,0.007213333638363837],"translate":[-17.53564453,-34.78574219]},"bbox":[-17.53564453,-34.78574219,51.39023438,37.34038086]}