{"type":"Topology","objects":{"all":{"type":"GeometryCollection","bbox":[112.91944421,159.10645593,-43.64128997,-9.24016692],"geometries":[{"type":"MultiPolygon","properties":{"a":127,"b":"Western Australia","c":121.6582,"d":-25.7365},"arcs":[[[0]],[[1]],[[2]],[[3]],[[4]],[[5]],[[6]],[[7]],[[8]],[[9]],[[10]],[[11]],[[12]],[[13]],[[14,15,16]]]},{"type":"Polygon","properties":{"a":133,"b":"Norfolk Island","c":159.0944,"d":-31.568},"arcs":[[17]]},{"type":"MultiPolygon","properties":{"a":124,"b":"Western","c":142.6897,"d":-9.4042},"arcs":[[[18]],[[19]]]},{"type":"MultiPolygon","properties":{"a":131,"b":"Victoria","c":144.042,"d":-37.0061},"arcs":[[[20]],[[21]],[[22]],[[23,24,25]]]},{"type":"Polygon","properties":{"a":129,"b":"New South Wales","c":146.8533,"d":-32.259},"arcs":[[26,27,-26,28,29,30],[31]]},{"type":"MultiPolygon","properties":{"a":130,"b":"South Australia","c":135.1465,"d":-30.1216},"arcs":[[[32]],[[33]],[[34]],[[35]],[[36]],[[37]],[[-25,38,-16,39,40,-29]]]},{"type":"Polygon","properties":{"a":128,"b":"Australian Capital Territory","c":148.9553,"d":-35.501},"arcs":[[-32]]},{"type":"MultiPolygon","properties":{"a":126,"b":"Northern Territory","c":133.3904,"d":-19.4681},"arcs":[[[41]],[[42]],[[43]],[[44]],[[45]],[[46]],[[47]],[[48]],[[49]],[[50]],[[51]],[[52]],[[53]],[[54]],[[55]],[[56]],[[57]],[[58]],[[59]],[[60]],[[61]],[[62]],[[63]],[[64]],[[65]],[[66]],[[67,-40,-15,68]],[[69]],[[70]]]},{"type":"MultiPolygon","properties":{"a":132,"b":"Queensland","c":144.4296,"d":-23.761},"arcs":[[[71]],[[72]],[[73]],[[74]],[[75]],[[76]],[[77]],[[78]],[[79]],[[80]],[[81]],[[82]],[[83]],[[84]],[[85]],[[86]],[[87]],[[88]],[[89]],[[90]],[[91]],[[-30,-41,-68,92]],[[93]],[[94]],[[95]],[[96]]]},{"type":"MultiPolygon","properties":{"a":134,"b":"Tasmania","c":146.7142,"d":-41.9578},"arcs":[[[97]],[[98]],[[99]],[[100]],[[101]],[[102]],[[103]],[[104]],[[105]],[[106]],[[107]],[[108]]]},{"type":"Polygon","properties":{"a":125,"b":"Jervis Bay Territory","c":150.7007,"d":-35.1567},"arcs":[[-27,109]]}]}},"arcs":[[[596,3321],[1,-7],[-4,2],[-2,20],[2,4],[3,-19]],[[569,3381],[-8,-5],[-4,2],[-11,-2],[4,5],[4,-2],[3,6],[12,-4]],[[168,4406],[-3,9],[4,0],[3,7],[7,0],[-11,-16]],[[8,5278],[2,-3],[8,-1],[0,-16],[8,-23],[2,-25],[8,-23],[10,-26],[-4,-15],[0,-8],[7,-1],[0,6],[4,-10],[9,-16],[3,-14],[-1,-13],[-2,-3],[-7,4],[-4,21],[-16,26],[-9,7],[-7,28],[-10,14],[-2,6],[2,6],[-1,17],[-8,19],[0,31],[8,12]],[[32,5338],[-4,4],[0,7],[6,20],[1,10],[0,21],[1,10],[7,6],[-3,-21],[0,-18],[-6,-18],[0,-16],[-2,-5]],[[44,5426],[-3,4],[4,46],[5,13],[2,-13],[-6,-26],[0,-8],[4,-3],[-6,-13]],[[540,6628],[-1,-5],[-10,-6],[-6,8],[-5,-7],[-3,5],[2,15],[5,9],[14,22],[6,8],[6,0],[1,-14],[2,-8],[-5,-14],[0,-5],[-6,-8]],[[2495,8238],[-3,-3],[-7,3],[-3,-5],[-10,3],[-2,4],[17,6],[2,7],[7,-5],[-4,-8],[3,-2]],[[2521,8250],[-3,-14],[6,-4],[-2,-4],[7,-3],[6,-13],[5,-2],[-22,-12],[-7,0],[-1,4],[4,2],[8,12],[-8,2],[-6,-4],[-11,6],[4,3],[0,7],[9,10],[-3,4],[15,10],[-1,-4]],[[3306,8274],[-2,-2],[-11,10],[-2,4],[0,25],[7,-1],[2,-13],[4,-3],[3,-13],[-1,-7]],[[2601,8335],[-4,-5],[5,-4],[0,-9],[-8,4],[-2,7],[-6,-1],[0,10],[5,2],[3,-6],[5,10],[2,-8]],[[3359,8320],[0,-6],[-5,6],[-13,18],[-2,21],[1,4],[7,-7],[6,-15],[4,-6],[2,-15]],[[2661,8476],[-3,-9],[-4,-9],[6,-15],[-14,-7],[-1,-9],[-6,10],[-4,2],[1,17],[3,2],[6,-5],[0,14],[-6,4],[3,5],[6,7],[-1,4],[6,0],[2,-8],[6,-3]],[[2964,8646],[-3,-3],[-10,3],[-9,-3],[-2,9],[11,0],[13,-6]],[[3481,8363],[0,-3235]],[[3481,5128],[0,-1654]],[[3481,3474],[-16,-6],[-44,-27],[-14,-13],[-96,-49],[-43,-21],[-54,-10],[-39,-17],[-6,-2],[-7,-8],[-52,-17],[-38,-6],[-12,-4],[-26,2],[-25,-4],[-7,4],[-7,-4],[-16,0],[-67,8],[-20,9],[-6,4],[-15,3],[-10,-4],[-8,-8],[-4,-2],[-16,2],[-29,-17],[-15,-12],[-57,-51],[-14,-4],[-30,-11],[-17,-11],[-35,-22],[-22,-8],[-21,-27],[-15,-10],[-27,-11],[-40,-6],[-35,-7],[-9,-4],[-14,-14],[-11,-8],[-18,-23],[-8,-20],[-2,-19],[-6,-9],[-9,-22],[0,-8],[-8,-26],[-2,-27],[-14,-5],[-6,-8],[1,-3],[-11,-10],[-14,-17],[-4,-12],[1,-11],[-6,-5],[-16,-11],[-3,-8],[-12,-1],[-10,-16],[-6,2],[-7,8],[-17,4],[-9,-4],[-7,-8],[-10,-16],[-6,-4],[-5,1],[-6,-4],[-9,3],[-2,18],[-5,10],[-5,7],[-15,6],[-14,-4],[-16,-7],[-16,-2],[-7,7],[-9,-3],[-28,-1],[-7,-5],[3,-8],[-5,-6],[-9,8],[-3,-4],[-25,8],[-8,0],[-9,-2],[-8,-6],[-2,-8],[-1,-15],[-9,8],[-7,-8],[-20,2],[-5,2],[8,13],[-6,10],[-2,12],[-12,19],[-17,-2],[-6,-2],[-7,-10],[-14,-6],[-8,1],[-8,7],[-11,2],[-7,-4],[-7,-2],[-4,8],[-15,10],[-9,-2],[-35,3],[-11,-5],[-11,-2],[-14,-8],[-12,6],[-15,-4],[-14,-2],[-23,2],[-17,-9],[-9,0],[-38,0],[-6,-4],[-5,-10],[-22,-10],[-32,10],[-20,2],[-18,-6],[-18,9],[-10,-5],[-6,-6],[-8,-2],[-11,0],[-10,-5],[-17,-20],[-19,-10],[-7,-5],[-1,-8],[-8,-4],[-8,-21],[-8,-6],[-4,-14],[-1,-14],[3,-7],[16,-8],[-17,-5],[-8,7],[-8,2],[-4,-4],[-3,-7],[2,-9],[4,-5],[-11,-10],[-4,12],[-11,0],[-2,-4],[-1,-13],[-5,-6],[-5,0],[-5,9],[-9,0],[-9,8],[-39,8],[-8,-4],[-13,2],[9,-12],[-2,-4],[-18,-3],[-13,-12],[1,-12],[5,-2],[-11,-13],[-9,-2],[-10,-8],[-20,-6],[-9,-3],[-12,-12],[-9,-20],[4,-15],[-5,-10],[-9,2],[-20,-3],[-9,-8],[-9,0],[3,-6],[5,-16],[-5,-1],[-12,9],[-23,-8],[-6,2],[-33,-5],[1,-10],[10,-6],[4,4],[-3,6],[6,0],[3,-10],[15,-2],[-16,-8],[-15,2],[-11,12],[-13,6],[-14,0],[-10,-4],[-2,-6],[-1,-15],[-7,2],[-11,11],[-15,4],[-25,16],[-5,0],[-2,-4],[-16,7],[-16,0],[-7,-15],[-8,8],[-15,4],[-7,-2],[-12,5],[-11,-11],[-11,0],[-13,8],[-11,3],[-1,-4],[-17,0],[-3,-7],[-12,8],[-12,1],[-6,6],[-8,-2],[-20,21],[2,1],[25,-5],[-2,8],[-9,4],[-12,14],[-4,-2],[6,-12],[-6,-3],[-9,0],[-18,11],[-33,12],[-16,2],[-9,-2],[1,9],[-8,14],[-2,10],[-12,13],[-29,39],[-29,29],[-9,6],[-10,3],[-5,8],[-3,0],[-33,20],[-17,6],[-17,-2],[-3,-2],[-10,-16],[-3,6],[-20,23],[-1,14],[0,15],[-8,23],[0,6],[0,42],[-2,18],[5,22],[-3,7],[-3,23],[3,8],[6,6],[1,10],[-4,23],[13,-6],[10,-15],[6,-7],[7,-5],[19,-6],[19,2],[17,9],[5,5],[18,25],[14,25],[5,16],[4,15],[3,6],[9,-4],[6,5],[2,7],[-1,23],[-3,-4],[-2,-10],[-3,-15],[0,50],[0,27],[-2,25],[-7,37],[-6,43],[3,13],[13,25],[6,6],[-1,-11],[-13,-16],[0,-14],[7,-23],[5,-11],[4,-2],[2,5],[-4,16],[-5,4],[0,8],[-4,11],[3,2],[5,-5],[11,0],[3,3],[0,14],[-8,4],[-3,11],[6,10],[2,21],[-3,10],[-5,4],[6,12],[-6,9],[-9,8],[10,0],[5,2],[3,23],[0,7],[-3,7],[1,11],[-4,14],[4,37],[-5,44],[-4,23],[-5,14],[-17,29],[-11,33],[-20,38],[-17,49],[-15,42],[-15,33],[-13,14],[-4,25],[-14,31],[-1,9],[-8,29],[0,11],[-4,28],[-6,14],[2,6],[0,14],[-9,7],[-1,4],[3,21],[-3,15],[-6,8],[-1,10],[6,37],[0,7],[-5,14],[-1,25],[1,25],[4,22],[3,18],[0,11],[-5,16],[-4,11],[-1,14],[-4,15],[-4,17],[-13,41],[-40,52],[-8,16],[-4,17],[-4,4],[5,10],[-1,27],[-14,39],[-4,10],[-19,26],[-12,22],[-3,9],[-9,18],[-15,11],[-17,25],[-3,13],[-1,13],[-8,33],[-2,12],[1,19],[9,32],[-16,70],[-12,38],[-21,42],[-33,74],[-24,41],[-15,29],[-27,35],[-36,46],[0,17],[-11,29],[-19,25],[1,4],[10,-10],[10,-4],[5,-14],[3,31],[-1,21],[4,18],[4,-37],[1,-33],[0,-11],[1,-11],[7,-13],[1,-6],[3,-2],[-5,22],[-1,10],[2,13],[2,6],[1,32],[-4,16],[1,9],[4,-14],[3,-34],[3,6],[9,-1],[0,-12],[1,-14],[4,-4],[4,-18],[1,-15],[-2,-7],[1,-10],[-3,-11],[5,1],[0,17],[5,16],[-4,13],[2,11],[3,2],[2,-7],[5,-18],[-3,-9],[4,-18],[-2,-7],[2,-6],[0,-22],[5,4],[2,10],[4,9],[0,12],[1,2],[5,-12],[0,-20],[-4,-15],[7,-1],[1,-14],[5,-1],[2,12],[17,8],[1,-5],[7,0],[1,12],[8,5],[7,14],[0,22],[-4,7],[4,6],[0,10],[-15,22],[-8,7],[-20,6],[-1,10],[-15,27],[-8,2],[-2,15],[2,8],[-6,11],[2,9],[-8,6],[1,8],[-4,11],[-7,11],[-4,12],[-2,3],[-8,18],[2,14],[9,24],[8,17],[4,1],[2,-20],[-1,-6],[9,-9],[4,0],[6,-21],[4,-10],[6,-4],[4,-9],[12,-4],[-3,-15],[2,-6],[6,-5],[0,-10],[-3,-5],[0,-14],[-5,-14],[-1,-26],[-2,-7],[6,-10],[0,-5],[14,-2],[12,24],[6,23],[-5,21],[0,8],[7,-2],[4,-9],[0,-15],[1,-16],[-1,-9],[9,-6],[-2,-15],[3,-20],[4,-21],[24,-34],[5,0],[9,10],[2,5],[11,6],[6,18],[-7,20],[-2,15],[8,38],[-8,17],[0,10],[6,-7],[11,2],[-8,11],[1,12],[6,14],[-1,6],[-15,11],[-8,4],[-4,11],[-1,10],[-6,6],[-2,7],[-9,7],[-8,23],[-15,23],[-4,12],[-14,42],[-2,12],[-8,16],[-3,10],[-13,11],[-7,3],[-4,6],[-8,23],[-2,11],[4,16],[-5,10],[-6,1],[-2,19],[3,10],[-1,14],[-16,30],[-21,32],[-9,22],[-3,13],[-1,48],[3,9],[5,8],[2,12],[-3,13],[-1,16],[9,17],[1,23],[8,11],[7,31],[8,7],[9,34],[5,7],[12,6],[3,9],[9,6],[2,5],[5,16],[0,19],[2,19],[-2,24],[-6,23],[3,13],[11,12],[1,8],[-1,35],[-1,9],[-6,13],[-4,19],[-10,14],[-12,4],[3,17],[-3,8],[0,10],[-2,8],[2,7],[6,3],[11,22],[2,20],[13,20],[18,64],[3,18],[4,10],[6,18],[14,27],[12,12],[14,4],[5,4],[5,-9],[-7,-11],[-3,-18],[-7,-54],[-5,-20],[10,-29],[-3,-10],[3,-8],[6,13],[3,-3],[2,-10],[-12,-15],[1,-14],[-3,-12],[2,-7],[7,-5],[7,0],[9,15],[13,7],[6,-9],[6,-5],[5,4],[1,10],[4,9],[2,16],[6,17],[3,15],[7,12],[0,10],[7,3],[1,10],[3,11],[0,6],[-4,10],[1,11],[10,-14],[11,26],[1,9],[5,4],[2,16],[1,4],[8,1],[4,9],[17,8],[33,25],[9,4],[8,-4],[19,12],[1,-3],[26,19],[51,25],[4,3],[6,15],[8,8],[13,23],[14,13],[30,18],[4,3],[2,10],[6,11],[3,11],[14,17],[31,19],[8,2],[8,5],[4,7],[4,12],[1,16],[4,2],[11,-6],[10,2],[8,8],[10,0],[12,4],[14,12],[2,6],[13,5],[24,22],[10,12],[8,17],[2,7],[7,2],[6,-3],[-7,-3],[-1,-18],[-6,-10],[0,-6],[12,-11],[8,-3],[14,8],[3,5],[24,14],[7,-5],[2,1],[10,11],[4,-2],[-3,-12],[8,-11],[16,-9],[18,-4],[18,2],[17,4],[15,12],[4,2],[16,-4],[36,16],[6,12],[10,5],[4,9],[1,10],[42,38],[12,4],[0,-5],[10,-1],[16,9],[6,0],[3,-7],[14,5],[46,11],[8,-5],[9,2],[8,8],[10,1],[9,7],[11,23],[16,23],[7,19],[16,9],[2,8],[6,3],[4,0],[9,-11],[0,8],[3,6],[8,0],[18,-7],[18,-3],[15,-5],[5,4],[4,-9],[14,-10],[9,-1],[12,9],[3,8],[6,-2],[7,3],[-1,9],[9,4],[10,-1],[57,12],[36,5],[30,11],[60,30],[66,38],[37,33],[9,10],[6,4],[26,34],[21,39],[24,44],[3,16],[5,7],[4,16],[5,7],[3,13],[8,23],[-1,7],[-6,7],[-1,8],[7,-2],[7,4],[7,0],[13,14],[2,5],[-1,10],[-9,7],[9,10],[4,17],[6,11],[9,-6],[9,2],[26,23],[3,7],[5,12],[12,8],[8,8],[7,11],[2,-4],[6,13],[21,13],[6,9],[4,16],[-2,18],[-10,9],[-13,3],[-7,-2],[-5,-10],[-5,7],[4,10],[3,10],[0,11],[-3,19],[2,28],[-5,14],[-1,10],[-6,16],[-1,33],[2,34],[4,14],[1,10],[4,9],[5,5],[13,21],[-4,5],[4,10],[29,33],[8,7],[0,-9],[4,-1],[3,10],[-1,9],[7,0],[4,-10],[16,-5],[-3,4],[-5,14],[-7,10],[-1,7],[7,6],[1,9],[9,8],[5,-8],[5,0],[6,4],[4,-1],[9,8],[5,0],[13,-5],[-12,14],[-4,8],[0,9],[3,7],[0,13],[2,7],[6,5],[11,2],[2,8],[7,4],[2,18],[4,10],[4,0],[16,12],[2,-2],[-4,-12],[12,-9],[0,-5],[-7,-2],[-7,2],[-3,-10],[3,-7],[-6,-14],[3,-14],[9,4],[2,-18],[4,-5],[4,3],[4,-6],[6,-2],[5,7],[-1,-10],[-7,-4],[-1,-10],[2,-5],[8,-4],[4,-8],[0,-8],[-4,-17],[9,-5],[8,-14],[9,-11],[1,-16],[4,-9],[12,-18],[1,-7],[6,-12],[2,-8],[-2,-7],[3,-10],[10,-9],[6,-11],[10,-13],[1,-13],[7,-8],[5,-10],[2,-17],[3,7],[0,16],[-5,17],[0,15],[2,16],[4,10],[0,11],[4,8],[1,10],[7,3],[-2,9],[-3,5],[-9,18],[-1,20],[3,12],[4,-3],[10,0],[3,-4],[2,-15],[4,4],[12,-10],[3,-13],[14,-14],[7,-11],[9,-2],[2,6],[-8,2],[-6,8],[-3,9],[-4,23],[-6,16],[6,1],[10,-9],[2,6],[-9,12],[9,12],[2,7],[12,9],[3,5],[0,12],[-5,3],[-2,-12],[-3,-6],[-25,-9],[-5,4],[-7,19],[-5,21],[-11,8],[-15,14],[-18,2],[0,5],[13,7],[-4,6],[13,9],[-4,8],[-8,-1],[-4,3],[2,-11],[-8,0],[-4,7],[-15,15],[14,-4],[1,5],[-6,7],[6,-1],[7,-9],[10,-3],[11,-6],[6,1],[-5,5],[-8,1],[5,4],[10,2],[-25,17],[-8,3],[0,3],[9,-2],[1,5],[22,-9],[13,-1],[-8,9],[-5,2],[-5,8],[5,1],[11,-6],[2,3],[0,11],[-11,2],[-7,9],[-6,-7],[-10,10],[-3,6],[6,1],[1,12],[-5,3],[7,12],[4,-2],[-2,6],[22,2],[5,-2],[1,5],[7,-7],[5,0],[6,-8],[-1,-5],[-5,2],[-2,-5],[14,-4],[-9,-6],[-12,-2],[14,-14],[14,-6],[2,-5],[-1,-7],[-8,0],[7,-18],[2,4],[4,-4],[0,27],[4,0],[9,-6],[7,-8],[2,2],[-8,17],[-1,8],[8,2],[-15,14],[-1,6],[13,-7],[10,-1],[4,-5],[7,1],[11,-4],[10,-9],[7,-21],[5,-6],[25,-3],[6,12],[7,4],[5,-7],[11,-5],[32,-2],[7,3],[16,2],[9,-1],[8,-9],[8,-3],[8,2],[5,5],[-13,-1],[-7,6],[-13,3],[-12,9],[-21,5],[-22,-2],[-4,-4],[-5,4],[-2,-3],[-9,4],[-4,18],[3,8],[-5,8],[4,14],[8,7],[0,21],[4,5],[5,-6],[0,-12],[5,-8],[5,-10],[6,14],[5,5],[6,-1],[-4,36],[3,4],[4,0],[-1,6],[1,17],[1,5],[10,5],[5,-5],[2,13],[8,8],[-11,5],[-10,-1],[-5,-4],[-6,-12],[-5,-7],[-10,-28],[-6,-8],[1,14],[-3,5],[-7,26],[-9,-9],[-1,20],[-5,16],[3,8],[-4,13],[5,4],[2,8],[2,-10],[2,14],[-2,5],[-3,-1],[1,14],[-3,11],[7,-4],[6,4],[0,9],[5,7],[6,0],[14,-10],[7,-2],[7,1],[0,23],[4,2],[-1,-11],[2,-4],[7,-1],[2,5],[-6,4],[0,7],[6,13],[8,5],[-6,3],[0,4],[-8,-6],[-1,9],[7,3],[0,4],[-8,4],[1,10],[6,-4],[3,4],[4,-7],[9,-5],[-5,-13],[13,13],[7,-8],[-3,-10],[10,2],[8,-1],[9,-11],[3,-5],[5,-2],[2,-7],[-3,-10],[3,-2],[7,3],[0,-7],[6,-2],[3,14],[5,-1],[21,-19],[-2,5],[-23,24],[5,21],[11,10],[-7,1],[-3,7],[-1,-6],[-5,0],[-6,7],[-13,-9],[-14,-8],[-3,2],[-1,10],[-3,5],[7,8],[2,7],[11,6],[7,-3],[10,17],[-9,4],[-1,-9],[-6,0],[0,5],[-5,-9],[-5,-3],[-15,-14],[-2,16],[2,6],[-2,4],[-6,-1],[7,15],[9,4],[13,-6],[2,-4],[9,14],[2,-4],[1,11],[-3,9],[-1,13],[3,3],[4,-5],[4,6],[4,-1],[0,-5],[-3,-6],[2,-14],[7,11],[5,-8],[-3,-5],[4,-11],[6,-16],[3,13],[-7,26],[4,5],[3,-10],[5,-2],[10,-8],[7,-8],[-1,-6],[4,-4],[7,-4],[2,4],[5,1],[14,-4],[3,9],[-11,1],[-3,9],[5,3],[-5,4],[0,4],[5,1],[2,5],[7,2],[-3,5],[-8,-3],[-7,6],[-6,2],[-7,-3],[-4,8],[-4,-1],[-4,6],[-4,-2],[-5,6],[4,7],[6,4],[5,-6],[6,0],[0,7],[4,3],[-2,5],[-7,4],[-8,-2],[-9,8],[-1,16],[-6,0],[-4,6],[1,9],[8,0],[1,9],[6,-1],[-3,4],[4,7],[10,-3],[0,5],[9,6],[-15,1],[1,11],[11,8],[4,-2],[6,9],[0,8],[3,3],[0,-24],[8,8],[1,6],[2,-4],[7,-23],[2,3],[-1,9],[5,-1],[1,20],[5,-6],[0,16],[5,1],[9,-3],[0,-5],[-6,-9],[6,-3],[8,3],[0,10],[2,23],[4,9],[-6,14],[1,5],[-2,14],[2,7],[-2,5],[4,1],[-1,4],[8,-1],[1,-7],[14,-10],[5,6],[-3,-10],[1,-6],[-8,-4],[-5,2],[0,-8],[3,-29],[1,-4],[0,-10],[-9,-26],[0,-11],[3,4],[10,34],[2,3],[3,27],[5,-3],[-3,-17],[12,4],[3,6],[1,-6],[3,-2],[4,4],[1,-7],[-6,-3],[5,-10],[-4,-6],[5,-2],[-2,-5],[2,-9],[10,-10],[7,-3],[1,12],[-5,8],[5,15],[9,-1],[3,-7],[4,1],[1,9],[6,-3],[3,4],[-2,13],[-5,11],[-8,9],[13,11],[5,2],[0,9],[4,9],[-4,8],[3,10],[8,1],[7,8],[-1,15],[4,3],[-5,11],[-5,4],[-22,1],[-3,2],[-5,12],[2,11],[8,-12],[4,1],[0,11],[3,2],[6,-12],[4,0],[-2,18],[-12,8],[-3,5],[9,-4],[4,10],[5,0],[-2,-8],[9,-2],[5,3],[-5,-10],[5,-2],[-5,-3],[-4,-13],[4,2],[13,14],[6,2],[-2,-6],[-8,-5],[-1,-5],[9,-4],[0,-4],[-9,-3],[0,-10],[9,1],[0,-5],[-6,-7],[4,-1],[-2,-10],[11,-7],[-4,-6],[5,-5],[8,4],[2,-6],[3,11],[8,2],[-2,7],[-9,7],[3,7],[2,7],[5,4],[-2,4],[2,4],[8,1],[2,11],[9,10],[5,-6],[8,3],[9,15],[9,-4],[-9,-6],[-6,-10],[-1,-10],[-8,-8],[0,-7],[13,4],[2,-1],[-7,-11],[3,-9],[6,-1],[4,3],[4,-5],[0,-16],[6,-6],[2,16],[8,5],[0,12],[2,6],[-1,8],[6,-5],[3,-11],[9,14],[-2,5],[4,8],[-1,5],[-5,-6],[-4,11],[1,3],[9,-2],[4,6],[14,-3],[2,3],[-6,6],[4,2],[6,-2],[-2,5],[-8,3],[-4,11],[-5,11],[-5,16],[12,3],[2,4],[4,-7],[-1,-6],[11,6],[-6,7],[4,7],[10,-6],[5,2],[-6,4],[9,6],[9,-13],[7,-3],[0,-14],[5,4],[0,-8],[6,-1],[-4,-13],[6,1],[3,-12],[3,-8],[3,-4],[11,15],[-3,10],[6,-6],[0,-13],[5,3],[3,9],[5,2],[8,-12],[9,-6],[-2,13],[6,3],[3,-7],[7,-4],[2,-6],[4,6],[5,-8],[1,-10],[-1,-13],[8,-9],[1,7],[9,-10],[5,-2],[10,-11],[2,1],[13,-13],[6,-17],[14,-14],[6,-24],[8,-4],[0,-16],[5,-1],[2,7],[6,-7],[-6,-8],[0,-5],[5,4],[5,-8],[11,-10],[-3,-4],[1,-8],[6,-2],[8,6],[8,-10],[5,-12],[10,-4],[10,-12],[7,-4],[5,1],[4,-5],[-1,-8],[-7,4],[-3,-2],[0,-9],[2,-11],[-1,-7],[-8,-1],[-8,-6],[6,-2],[-2,-10],[-6,-22],[-3,-11],[1,-11],[-4,-12],[-2,-11],[4,-14],[-2,-30],[-8,-4],[7,-22],[0,-11],[-4,-11],[-8,-10],[1,-5],[5,2],[9,9],[3,9],[3,26],[0,13],[-3,18],[1,9],[4,5],[12,-9],[13,-18],[4,-10],[5,-27],[1,0],[2,25],[-4,13],[-7,10],[-6,9],[3,13],[-3,13],[-4,5],[-1,12],[5,10],[11,15],[3,2],[0,7],[8,10],[2,-1],[4,-32],[4,-8],[-2,14],[2,4],[12,-16],[5,-2],[4,10],[-8,21],[-3,13],[0,8],[6,5],[-7,8],[-2,8],[9,1],[10,4],[10,8],[13,-8],[18,-2],[8,-3],[9,-9],[3,2],[15,-6],[18,0],[13,-7],[5,-1]],[[9985,3523],[5,0],[9,-14],[-4,-6],[-6,0],[5,8],[-9,12]],[[6463,9960],[2,-3],[-12,-12],[-19,-1],[-6,4],[0,9],[5,3],[13,-2],[13,3],[4,-1]],[[6352,9984],[-17,2],[-8,4],[3,6],[10,2],[16,-5],[0,-8],[-4,-1]],[[7267,1422],[10,-2],[14,2],[13,-2],[-2,-4],[-15,0],[-5,-9],[-9,2],[-8,8],[2,5]],[[7018,1488],[5,-13],[-16,11],[-12,2],[-4,-4],[-9,4],[-13,-4],[1,4],[19,18],[17,2],[7,-16],[5,-4]],[[7024,1546],[16,2],[12,-15],[-5,-2],[-13,-2],[-13,-14],[-6,2],[-9,6],[-3,12],[7,9],[-3,8],[5,2],[3,-6],[9,-2]],[[8022,1782],[-5,-6],[-12,-5],[-26,-2],[5,10],[-7,-3],[-11,4],[9,-15],[1,-4],[-8,-11],[-4,-8],[-9,-16],[-12,-2],[-7,-9],[-14,-4],[-7,-10],[-30,0],[-9,-4],[-7,-6],[-3,10],[-17,0],[-9,4],[-9,-4],[-33,0],[-9,-2],[-29,-2],[-10,-6],[-25,4],[-65,-4],[-38,-11],[-47,-18],[-33,-19],[-37,-27],[-42,-41],[-46,-52],[-22,-21],[-21,-29],[-21,-20],[-8,-13],[-5,8],[-29,-6],[-16,0],[-10,-8],[-14,2],[-17,-6],[-4,-6],[-13,14],[-21,-2],[-6,-4],[-9,-12],[7,-8],[4,-11],[6,0],[0,-12],[5,-5],[1,-10],[6,2],[8,10],[10,3],[6,18],[8,2],[1,-23],[2,-16],[-5,-6],[-5,-17],[0,-6],[8,0],[2,-12],[-10,-6],[0,-11],[-6,-6],[-12,6],[-7,11],[6,3],[-2,7],[-8,4],[-8,12],[-3,17],[-14,20],[-21,15],[-15,-4],[-3,-4],[-1,-15],[-17,-2],[-2,2],[-3,21],[-9,19],[-7,12],[-13,14],[4,0],[9,-8],[7,0],[-10,15],[-16,2],[-8,-2],[-12,-8],[-10,-1],[-5,5],[-9,20],[-5,4],[-14,9],[-11,2],[-4,2],[9,6],[3,16],[-3,9],[7,4],[12,-4],[6,8],[6,4],[-1,6],[-9,7],[3,8],[-13,23],[-9,2],[-38,-4],[2,-5],[-12,-22],[3,-5],[3,-18],[-20,4],[-6,-2],[-5,-8],[-6,-4],[-9,-13],[-22,-4],[-41,45],[-12,5],[0,6],[17,-8],[6,-9],[25,0],[12,8],[7,1],[4,6],[-2,4],[6,6],[3,8],[9,15],[9,14],[2,9],[-4,23],[-5,8],[-11,6],[-7,12],[-4,17],[-11,10],[-4,0],[-1,-10],[-15,2],[-3,-2],[-4,-11],[-16,-8],[-13,-14],[-24,-9],[-9,-12],[-1,-8],[-7,4],[-7,-2],[-12,0],[-6,-4],[-2,-7],[5,-3],[11,-1],[19,-6],[14,4],[15,11],[10,-5],[6,-6],[-2,-12],[-10,-8],[-4,-7],[0,-8],[-10,-2],[-18,0],[-10,-2],[-6,2],[-10,-2],[-20,-16],[-13,-13],[-8,-2],[-7,-8],[-11,-4],[-3,-5],[-10,-2],[-16,-18],[1,-6],[-5,-7],[-9,-2],[-7,-16],[-13,-15],[-31,-10],[-8,-19],[-5,0],[-9,-6],[-9,-12],[-6,-2],[-15,14],[-3,4],[-16,10],[-8,3],[-21,-3],[-12,11],[-1,4],[-14,14],[-13,9],[-23,4],[-10,6],[-8,0],[-13,6],[-9,13],[-6,2],[-19,16],[-13,9],[-12,10],[-4,0],[-3,10],[-7,-4],[-1,-6],[-7,4],[-8,8],[-19,0],[-8,-8],[-11,-4],[-9,2],[-19,10],[-24,19],[-9,6],[-9,-2],[-7,4],[-22,4],[-9,-2],[-11,-6],[-8,-6],[-3,-10],[5,-9],[2,-8],[-11,2],[-7,-6],[-3,-8],[-2,2],[-5,10],[-6,6],[-13,2],[-6,-10],[-8,6],[6,15],[-1,8],[-39,39],[-17,13],[-33,16],[-3,4]],[[6072,1622],[0,1184],[6,-9]],[[6078,2797],[5,-10],[6,-4],[19,0],[5,-2],[7,-5],[8,3],[9,-3],[9,-8],[4,-8],[14,2],[15,-10],[10,0],[6,-12],[6,0],[9,12],[12,12],[10,6],[14,1],[14,-7],[10,0],[10,4],[8,-2],[13,4],[5,-2],[5,-6],[5,-10],[6,4],[8,-2],[9,-9],[7,2],[6,-24],[5,-7],[13,-14],[10,2],[4,-6],[-8,-19],[2,-32],[2,-4],[16,-17],[0,-9],[6,-8],[7,-16],[0,-9],[6,-8],[12,-2],[3,-4],[4,2],[-3,16],[15,2],[0,13],[2,6],[4,17],[12,6],[4,0],[13,-11],[4,-16],[13,6],[9,-10],[4,6],[11,-6],[20,-2],[28,-17],[2,-10],[7,2],[11,-6],[-2,-9],[2,-10],[-5,-10],[2,-7],[-3,-8],[4,-33],[6,-22],[6,-9],[11,-10],[19,-4],[10,-12],[0,-11],[-3,-11],[4,-5],[12,-9],[18,-4],[18,-10],[8,-9],[27,-16],[4,-9],[15,-4],[7,-6],[11,-17],[7,-10],[5,-2],[14,-17],[12,-2],[5,-6],[5,-12],[11,-29],[6,-10],[9,-2],[23,-31],[4,-3],[13,-2],[11,-14],[8,-2],[15,4],[8,12],[4,2],[14,-8],[7,6],[-2,7],[-10,14],[6,17],[3,16],[5,6],[26,7],[28,-1],[18,-6],[10,0],[16,11],[10,2],[9,0],[8,-4],[36,-36],[9,-4],[10,0],[15,4],[9,0],[5,-2],[3,-10],[3,-2],[16,0],[7,-6],[19,-2],[7,-3],[2,5],[8,0],[9,-2],[18,-2],[9,20],[12,-1],[7,3],[7,-6],[17,0],[10,-10],[8,-4],[9,0],[5,-6],[8,-1],[8,-8],[7,2],[10,-8],[7,0],[2,6],[11,0],[6,-4],[-2,-8],[3,-17],[12,-14],[20,6],[-2,4],[-12,2],[-10,10],[-3,19],[4,8],[9,11],[11,-8],[22,4],[12,-7],[4,19],[7,12],[24,5],[11,-13],[26,11],[6,6],[8,-2],[29,-17],[7,0],[5,-10],[15,-6],[0,-21],[8,-6],[1,-6],[-2,-19],[2,-6],[8,-29],[-4,-7],[1,-8],[12,-12],[7,-17],[-1,-12],[2,-6],[9,-4],[4,-13],[-4,-18],[-17,-27],[9,-4],[12,-1],[52,-29],[48,-26],[46,-25],[47,-25],[48,-25],[46,-27],[47,-24],[47,-25]],[[8179,2477],[-7,-1],[-7,-6],[-5,-14]],[[8160,2456],[-13,-6],[-4,-11],[-10,-16],[0,-23],[-8,-8],[-1,-4],[-8,-12],[0,-24],[-4,-2],[-12,-24],[-6,-19],[-8,-8],[-8,4],[-10,-4],[7,-6],[5,-17],[-2,-10],[-10,-3],[-8,-12],[3,-17],[-3,-31],[-10,3],[-4,-3],[11,-10],[2,-6],[-5,-10],[0,-13],[5,-16],[-3,-9],[1,-14],[-7,-6],[-5,-10],[-3,-13],[2,-10],[-5,-11],[3,-20],[-9,-15],[-8,-24],[-2,-19],[-3,-7],[-9,-10],[3,-8],[-6,-14],[0,-11],[6,-4],[-4,-13],[4,-10],[0,-8],[-7,-2],[-7,-8],[9,-9],[4,3],[14,-9],[2,-8],[2,-13],[8,-16],[-10,4],[-5,0],[-7,-6],[4,-17],[-3,-10],[2,-23],[4,-12],[-2,-4]],[[6078,2797],[0,1459]],[[6078,4256],[105,0],[106,0],[106,0],[105,0],[105,0],[105,0],[105,0],[105,0],[106,0],[105,0],[105,0],[104,0],[105,0],[105,0],[106,0],[149,0],[15,12],[7,12],[4,20],[19,8],[7,12],[13,11],[22,14],[9,3],[3,5],[9,20],[3,4],[20,3],[4,2],[4,-12],[5,-2],[11,0],[3,-4],[12,6],[24,1],[9,-2],[9,3],[11,-1],[12,6],[9,2],[15,7],[15,-2],[13,7],[13,-11],[12,-16],[8,-7],[9,-2],[28,0],[9,0],[18,6],[10,1],[8,-5],[13,-8],[10,-2],[10,-11],[14,-3],[2,-7],[1,-20],[4,-3],[17,-3],[28,-21],[5,-32],[1,-20],[4,-5],[1,-11],[8,-5],[10,5],[2,5],[7,5],[5,10],[7,6],[1,16],[7,15],[12,7],[9,2],[11,9],[6,2],[7,-17],[9,-3],[3,-6],[4,12],[8,7],[10,-4],[12,6],[6,0],[5,6],[0,12],[4,10],[1,22],[3,11],[-13,16],[-3,12],[-6,10],[4,10],[6,2],[9,10],[24,15],[14,0],[18,17],[11,1],[12,7],[3,13],[5,3],[7,10],[10,-5],[2,-11],[5,-6],[7,4],[2,7],[4,2],[6,-8],[22,-11],[10,0],[11,10],[8,0],[13,-6],[28,0],[5,-4],[7,6],[4,9],[5,3],[5,11],[7,0],[18,4],[10,-2],[5,4],[28,25]],[[8787,4502],[5,-7],[7,0],[2,-5],[4,-22],[0,-14],[-6,-43],[0,-11],[4,-30],[10,-17],[-2,-6],[0,-13],[-4,-10],[2,-18],[-1,-13],[-5,-7],[-13,-14],[-11,-16],[-4,-11],[-4,-14],[2,-21],[-4,-1],[-12,-24],[-4,-12],[-2,-11],[2,-11],[4,-11],[-3,-8],[2,-13],[-3,-6],[-2,-13],[-5,-12],[1,-14],[-3,-5],[2,-16],[-6,-11],[-1,-11],[1,-17],[-4,-8],[0,-13],[-3,-12],[-12,-23],[1,-14],[-1,-17],[-3,-13],[-12,-24],[2,-8],[-3,-11],[-9,-19],[-3,-14],[-7,-17],[-4,-23],[-1,-18],[-8,-29],[3,-4],[1,-25],[6,-12],[5,-5],[5,4],[3,-4],[0,-12],[-9,-17],[-1,-10],[3,-8],[0,-6],[-10,-13],[-7,-14],[0,-9],[-4,-12],[2,-4],[1,-19],[-9,-14],[-3,-15],[4,-5],[0,-13],[-13,-14],[-6,-11],[1,-9],[-4,-7],[3,-6],[-13,-17],[3,-5],[-12,-22],[-3,-9],[3,-5],[-7,-5],[-4,-8],[-8,-4],[-11,-13],[-13,-28],[1,-9],[-7,-13],[-3,-12],[2,-6],[10,-8],[1,-4],[-9,-17],[1,-10],[5,-2],[-2,-4],[-4,-15],[-1,-12],[4,-4],[-30,-15],[-10,-6],[-13,-13],[-2,-8],[-11,-6],[-9,-13],[0,-9],[-6,0],[-4,5],[-18,-10],[7,-6],[15,0],[6,-2],[0,-9],[-11,-4],[-7,-6],[-11,2],[-27,-8],[-22,-15],[-7,-8],[1,-8],[-13,-11],[-2,-16],[-7,-4],[-8,-11],[-3,-14],[-1,-10],[-3,-3],[-1,-10],[-13,-16],[-1,-5],[2,-5],[-13,-13],[6,14],[-6,4],[-13,-12],[4,-6],[-6,-6],[7,-5],[3,7],[2,-6],[-3,-11],[-9,-12],[1,-13],[-4,-3],[0,-9],[-4,-2],[-10,0],[-6,-4],[-6,0],[-9,-4],[-6,12],[-3,-10],[5,-9],[-5,-5],[4,-1],[8,9],[6,-1],[-4,-18],[1,-4],[5,8],[1,10],[3,-7],[-6,-22],[-1,-10],[3,-10],[-3,-19],[-8,-2],[-6,-8],[2,-4],[10,0],[-5,-19],[2,-4],[-8,-15],[-9,13],[-5,-2],[-4,-10],[-12,0],[-3,-4],[12,-5],[2,4],[16,-2],[-1,-6],[-12,0],[-8,-12],[7,-1],[0,-6],[-16,-16],[-15,-10],[-12,-19],[-10,-19],[1,-10],[-4,-13],[-1,-12],[2,-10],[-3,-5],[-5,-12],[-5,0],[1,8],[-6,0],[-6,-9],[2,-5],[6,0],[10,-8],[6,-4],[-6,-1],[-4,-5],[-5,-36],[-3,-10],[-11,-6],[-6,-15],[-5,-4],[2,-4],[9,-6],[-8,-4],[10,-7],[-2,-14],[4,-4],[11,-4],[-2,-17],[-7,-10],[-6,10],[3,8],[-1,9],[-5,4],[-16,-6],[-4,-15],[4,-2],[2,-10]],[[7778,2294],[7,5],[6,-31],[3,-9],[4,-4],[21,-12],[4,4],[4,10],[5,4],[1,13],[-1,17],[1,8],[0,14],[-3,15],[2,12],[6,6],[6,15],[-3,14],[1,10],[10,18],[8,-3],[9,10],[19,-3],[11,9],[-17,11],[-15,6],[-3,10],[-11,3],[-1,12],[-14,12],[-5,-1],[-35,-30],[-25,-18],[-5,-10],[1,-13],[-5,-10],[-3,-21],[2,-25],[-1,-23],[3,-4],[0,-10],[11,-11],[2,0]],[[5347,2342],[2,-6],[-10,-8],[4,-6],[9,0],[-5,-11],[-8,-12],[4,-4],[9,0],[10,-4],[14,3],[6,3],[2,-5],[0,-14],[10,-2],[7,4],[9,19],[6,2],[15,-6],[12,-5],[4,-14],[10,-2],[-1,-13],[-8,-4],[-9,-12],[-9,0],[-12,11],[-17,1],[-10,4],[-14,-4],[-18,-8],[-11,-2],[-2,-4],[-1,-13],[2,-6],[-3,-10],[-12,-4],[-20,-13],[-9,8],[-10,13],[-7,2],[-10,0],[-11,6],[-7,0],[-4,-4],[-4,-12],[-10,-2],[-12,4],[-8,-2],[-3,4],[-14,-6],[-8,-2],[-12,6],[-6,-4],[-9,0],[-4,-3],[-14,-1],[-2,8],[-10,17],[-10,3],[-16,15],[2,12],[3,11],[5,10],[-1,6],[10,7],[15,2],[20,6],[4,4],[58,10],[15,9],[31,8],[7,8],[5,2],[22,-8],[6,4],[15,0],[11,4],[7,0]],[[5104,2462],[-10,0],[-2,3],[5,5],[7,-8]],[[5041,2491],[-10,2],[-4,17],[-10,10],[-3,7],[10,0],[10,-19],[6,-7],[1,-10]],[[5293,2650],[-3,-4],[-4,6],[7,13],[0,-15]],[[4670,2868],[-4,2],[3,16],[12,5],[2,-11],[-10,-4],[-3,-8]],[[4476,3294],[-6,-4],[-7,2],[6,12],[7,6],[17,4],[-12,-6],[2,-6],[-7,-8]],[[6072,1622],[-3,2],[-52,-6],[-10,4],[-9,7],[-6,0],[-9,8],[-17,16],[-17,9],[-6,8],[-8,23],[-10,20],[-1,5],[-9,18],[-6,8],[-17,13],[-5,10],[5,2],[-5,11],[-16,10],[-5,-6],[-6,4],[-42,64],[-6,14],[-5,11],[7,8],[3,8],[-11,21],[-2,14],[-13,11],[0,4],[25,16],[7,7],[8,20],[1,11],[-1,39],[-1,4],[-26,73],[-35,86],[-12,11],[-9,16],[-3,7],[-41,45],[-16,17],[-7,4],[-7,8],[-14,12],[-8,5],[-6,8],[-7,2],[-11,10],[8,2],[10,-4],[75,-77],[21,-24],[27,-35],[21,-52],[1,0],[-1,14],[-13,31],[-3,15],[-25,37],[-12,6],[-10,13],[-41,41],[-4,0],[-16,17],[-12,8],[0,9],[9,-1],[2,11],[10,12],[10,-10],[12,-4],[1,-7],[-3,-14],[7,-6],[-7,-11],[1,-4],[18,-4],[5,4],[0,12],[4,11],[-1,4],[-15,16],[-13,7],[2,4],[14,7],[11,-5],[5,6],[-5,13],[3,16],[-3,2],[-7,-8],[-3,12],[-8,7],[-9,4],[-10,0],[4,-3],[-3,-4],[-18,-14],[-12,0],[-4,2],[-9,-6],[-7,-9],[4,-12],[13,-6],[0,-6],[-4,-2],[-20,6],[-9,10],[-15,-2],[-3,-2],[8,-8],[15,0],[10,-8],[8,2],[4,-3],[-14,-4],[-8,2],[-7,-4],[-11,6],[-15,0],[-23,-8],[-8,-12],[-16,-10],[-20,-5],[-35,3],[-17,-7],[-4,2],[-15,13],[2,20],[9,7],[21,12],[6,6],[16,25],[6,3],[11,9],[1,23],[5,7],[2,6],[-4,10],[2,21],[10,16],[0,17],[-5,35],[3,31],[4,0],[5,-10],[1,6],[-3,12],[-8,6],[-3,7],[-7,2],[-3,4],[0,10],[-17,19],[-6,17],[-9,5],[-6,19],[-8,34],[-5,10],[-10,8],[1,14],[-17,23],[-7,-14],[-7,-14],[-1,-11],[5,-12],[-7,-15],[-15,-16],[-10,-34],[0,-16],[-2,-2],[7,-9],[-8,-20],[-1,-25],[-10,-21],[-12,-47],[2,-7],[-6,-6],[1,-21],[-8,-4],[-9,-12],[-12,4],[-13,12],[-8,0],[-9,3],[-17,-1],[-11,-14],[-25,0],[-6,-8],[-3,-8],[-5,-5],[-28,5],[-14,-9],[-5,-8],[-10,-4],[-7,0],[-8,12],[4,15],[9,8],[8,9],[6,14],[-1,10],[-4,10],[7,9],[-1,10],[14,19],[14,-9],[8,0],[19,7],[10,0],[8,-7],[12,-2],[6,-6],[7,4],[6,8],[1,32],[5,12],[0,14],[8,29],[-8,25],[1,13],[-5,10],[-9,-4],[7,18],[3,0],[4,13],[3,29],[-3,13],[-6,14],[3,8],[9,-4],[3,4],[5,14],[1,11],[-4,11],[4,9],[14,11],[2,14],[-4,5],[11,14],[12,13],[14,27],[4,-1],[15,21],[2,8],[6,3],[0,-11],[7,3],[1,26],[-8,19],[-8,18],[0,15],[-10,16],[-2,8],[10,22],[8,3],[12,9],[5,-2],[5,6],[7,-4],[2,2],[1,14],[-6,19],[-7,2],[-5,4],[-12,64],[0,4],[8,6],[-13,13],[-5,2],[-1,14],[-11,17],[5,6],[-8,6],[-2,9],[-5,-15],[2,-6],[0,-19],[-2,-10],[6,-4],[3,-6],[2,-15],[0,-23],[-4,-12],[-7,-6],[0,-6],[5,-9],[-1,-5],[-9,-1],[-12,10],[-10,-1],[-7,-9],[-1,-12],[-17,-23],[-13,-8],[-2,-19],[-13,-25],[-2,-28],[-3,-13],[-13,-19],[-10,-33],[-7,-12],[-8,-7],[-7,-8],[-16,-4],[-12,-4],[-6,4],[-7,10],[-7,-2],[-3,-10],[-8,-6],[1,-8],[14,6],[3,0],[-18,-14],[-16,-3],[-10,-8],[-8,-2],[-2,-6],[-9,-5],[-14,-6],[-6,-5],[0,-9],[-19,-17],[-9,-2],[-17,-16],[-3,-13],[-6,-10],[-3,-10],[-5,-7],[-14,-28],[-6,-7],[-13,-8],[-5,-8],[2,-3],[-3,-6],[3,-10],[-2,-19],[-7,-4],[-4,13],[-5,0],[-12,-9],[-8,-1],[-3,-4],[-5,-17],[6,-9],[-3,-8],[-8,6],[-5,-12],[-1,-14],[6,-8],[-2,-7],[-10,0],[-8,-10],[3,-5],[12,0],[7,5],[10,10],[6,-4],[3,4],[-1,7],[3,4],[5,-7],[0,-14],[-11,-21],[9,-29],[-10,-10],[-4,4],[-5,12],[-13,8],[-2,7],[-8,8],[-7,6],[-10,-2],[-12,-16],[0,-11],[-11,0],[-2,12],[-5,11],[-20,23],[-11,20],[-7,4],[-14,9],[-9,0],[4,14],[-10,13],[-9,6],[-4,2],[-13,-4],[-11,-8],[-3,8],[8,10],[2,12],[5,7],[6,12],[4,0],[-2,-16],[6,-5],[18,-6],[-4,-6],[3,-8],[6,-2],[-2,-6],[12,-10],[22,5],[1,3],[-14,4],[0,16],[-7,-10],[-3,2],[-2,16],[4,5],[0,8],[-8,18],[-4,38],[-4,16],[-5,13],[-8,0],[-7,12],[7,2],[0,33],[-2,6],[-8,13],[-9,20],[-8,3],[-16,22],[-14,15],[-19,16],[-6,11],[-8,4],[-1,11],[6,16],[-4,25],[-6,20],[-2,11],[-12,12],[-6,12],[-9,4],[-4,7],[13,2],[-5,16],[-23,7],[-4,0],[-3,-4],[4,-7],[9,0],[7,-12],[-7,-6],[-6,10],[-13,6],[-14,10],[-8,0],[-13,-6],[-7,5],[0,-8],[-3,-5],[-13,13],[-3,16],[-4,14],[-4,5],[-11,-2],[-5,6],[10,4],[4,8],[-6,11],[-5,2],[-3,-3],[-7,3],[-7,2],[-5,6],[4,6],[9,10],[0,15],[-12,23],[5,4],[5,-2],[23,-2],[-6,-9],[0,-12],[5,-2],[4,10],[6,9],[8,18],[0,6],[-6,21],[-3,10],[-14,17],[-9,11],[-10,1],[-3,-5],[-8,3],[-5,-2],[-7,-12],[-11,2],[-7,-6],[-1,-4],[-7,-4],[-6,6],[3,6],[-2,14],[2,8],[7,9],[3,-6],[7,4],[1,4],[-8,14],[-1,6],[-13,15],[-3,6],[-4,2],[-6,-6],[-5,6],[0,7],[-16,8],[0,9],[-5,3],[3,9],[-1,4],[-16,4],[-3,-2],[-3,-18],[-4,-3],[-14,10],[0,6],[-15,-4],[0,-8],[11,-4],[5,-8],[-5,-2],[-8,4],[-5,-6],[-13,2],[-11,4],[-7,-8],[-5,6],[-12,4],[-10,-4],[-3,6],[-17,21],[-8,4],[-9,-4],[-2,10],[-6,4],[-15,13],[-15,17],[-4,2],[-26,0],[-15,5],[-16,-2],[-9,-4],[-5,-10],[6,-11],[-4,-1],[-8,4],[-11,0],[-11,-5],[-20,0],[-7,4],[-7,7],[-18,24],[-34,26],[-30,28],[-54,35],[-41,22],[-36,14],[-10,2],[-9,-6],[-22,-17],[-35,-14],[-28,-1],[-33,5],[-51,0],[-9,4],[-29,0],[-13,-6],[-28,2],[-43,-8],[-47,-2],[-17,-6],[-20,0],[-11,-3],[-24,0],[-13,-8],[-11,0],[-19,-2]],[[3481,5128],[122,0],[122,0],[122,0],[120,0],[62,0],[122,0],[122,0],[122,0],[120,0],[62,0],[122,0],[122,0],[61,0],[121,0],[122,0],[121,0],[62,0],[122,0]],[[5430,5128],[80,0],[82,0],[80,0],[82,0],[82,0],[80,0],[82,0],[80,0],[0,-872]],[[5147,8110],[-8,-11],[-6,8],[-3,10],[1,7],[11,8],[1,-4],[8,-8],[-4,-10]],[[5169,8138],[6,-7],[-2,-7],[-4,6],[-4,-3],[4,-12],[-10,-7],[-5,0],[3,20],[-3,8],[12,0],[3,2]],[[5212,8153],[5,-1],[2,-10],[3,-3],[4,3],[4,-7],[0,-26],[-1,-5],[7,-4],[-1,-9],[-7,-12],[-6,3],[0,8],[-4,5],[-5,1],[-4,11],[-1,11],[-9,-4],[2,17],[4,8],[4,-7],[-1,8],[5,5],[-1,8]],[[5127,8147],[-4,-7],[-8,2],[-6,-4],[-5,4],[4,6],[-4,6],[7,8],[-1,8],[4,0],[8,5],[5,0],[3,-7],[-3,-7],[0,-14]],[[5183,8143],[-3,-3],[-2,11],[4,7],[-3,5],[3,11],[5,6],[-1,-7],[4,-19],[-7,-11]],[[4945,8357],[-1,-3],[-6,1],[-5,-5],[-4,3],[6,7],[0,8],[3,5],[6,-5],[1,-11]],[[3618,8362],[-4,1],[-6,9],[-2,10],[11,-9],[1,-11]],[[3608,8351],[0,-12],[-6,13],[-12,30],[0,5],[6,-4],[10,-18],[2,-14]],[[5057,8692],[-7,-2],[7,-14],[-5,0],[-3,-14],[-4,-4],[-6,0],[3,8],[-7,18],[-6,-2],[-1,-7],[2,-13],[-7,4],[-1,3],[0,27],[9,-6],[3,11],[5,11],[5,2],[5,-3],[10,-10],[-2,-9]],[[5152,8706],[-1,-5],[-8,-7],[1,-7],[9,-3],[-4,-8],[2,-11],[3,-3],[15,-4],[3,1],[7,12],[-4,5],[4,12],[3,-2],[9,0],[6,-10],[0,-4],[-11,-16],[-4,-16],[-8,3],[-6,-4],[-5,-7],[-2,-10],[1,-6],[9,-9],[-4,-2],[-1,-5],[-4,2],[-4,-5],[-4,1],[-5,-4],[0,-15],[3,-17],[14,-1],[2,11],[17,-17],[6,6],[3,12],[5,-3],[9,3],[-8,-15],[4,-10],[-4,-3],[1,-7],[-3,-5],[-5,1],[-2,-5],[-6,5],[-7,-1],[-8,5],[-13,3],[-5,-1],[-8,-7],[-10,1],[-38,19],[-8,6],[-9,-4],[-9,-7],[-4,1],[2,6],[17,12],[6,17],[-4,6],[-3,26],[6,35],[-6,13],[4,7],[9,-9],[11,2],[3,14],[6,-10],[3,6],[5,-4],[0,8],[7,-1],[1,4],[-5,1],[-1,10],[-7,4],[2,5],[-4,3],[3,4],[9,-1],[0,-9],[5,6],[3,-2],[6,13],[7,3],[1,-12]],[[5040,8774],[-1,-6],[-5,6],[0,-6],[-5,1],[2,-12],[-4,-14],[-2,4],[2,10],[-3,12],[2,19],[-4,9],[-6,4],[6,0],[6,-8],[10,-18],[2,-1]],[[5175,9158],[-3,-1],[-3,8],[0,7],[4,3],[2,-17]],[[4219,9158],[-5,0],[-10,10],[1,4],[9,4],[6,-3],[1,-8],[-2,-7]],[[4763,9166],[-7,-2],[-5,11],[-3,11],[7,-6],[8,-3],[2,-6],[-2,-5]],[[4777,9185],[-9,-4],[-7,5],[-1,4],[11,2],[6,-7]],[[5062,9193],[-7,-8],[-11,-4],[-7,-7],[-9,1],[-3,5],[0,12],[6,-5],[9,10],[1,-8],[3,-1],[8,4],[5,10],[3,2],[4,-4],[-2,-7]],[[4798,9212],[-5,-2],[-3,4],[2,6],[11,-1],[4,-2],[-9,-5]],[[5098,9224],[-1,4],[1,7],[1,16],[5,5],[-5,-20],[-1,-12]],[[5126,9262],[-4,-6],[-11,-1],[-2,3],[4,5],[9,2],[9,9],[-5,-12]],[[4997,9282],[-4,-3],[-6,3],[-1,7],[16,12],[7,-2],[-12,-17]],[[4256,9300],[13,0],[1,-10],[-4,-9],[-15,-3],[-6,8],[-4,13],[5,4],[10,-3]],[[4434,9295],[-7,-1],[-3,14],[12,7],[9,3],[7,-5],[-8,-5],[-11,-3],[3,-7],[-2,-3]],[[5096,9334],[-15,-8],[-3,-11],[-12,-6],[-3,-4],[-2,3],[-9,-10],[-6,0],[-11,-11],[3,13],[8,5],[8,16],[4,2],[7,-11],[11,17],[19,16],[4,8],[1,-6],[-4,-13]],[[4458,9341],[-18,-1],[-6,-8],[-1,13],[9,4],[7,6],[9,-14]],[[3781,9351],[0,-15],[13,-13],[4,-8],[0,-16],[-3,-15],[10,3],[12,-3],[15,-14],[3,-6],[-1,-10],[-13,-8],[-10,0],[-7,-2],[-11,8],[-17,5],[-10,7],[-7,-4],[-11,-2],[-18,-10],[-6,-1],[-15,1],[-7,8],[-2,6],[5,5],[7,1],[0,19],[0,5],[4,0],[13,-8],[4,2],[8,12],[-4,30],[4,8],[-1,8],[-5,3],[-5,-2],[4,13],[13,13],[6,15],[7,5],[8,1],[3,2],[5,-13],[7,-19],[-2,-11]],[[3806,9407],[2,-6],[11,8],[8,-9],[-2,-9],[-6,-8],[0,-10],[8,2],[9,13],[3,3],[2,-4],[-3,-9],[10,-17],[6,15],[26,7],[10,13],[6,2],[8,-2],[4,-6],[6,-3],[5,-20],[2,4],[4,25],[11,7],[7,10],[3,2],[2,-5],[3,-18],[10,-18],[2,6],[-2,9],[0,12],[-5,2],[3,13],[4,11],[4,4],[7,1],[5,-7],[0,-8],[-2,-8],[2,-2],[6,10],[9,-4],[6,4],[7,-2],[2,-5],[-1,-11],[5,-2],[1,-13],[3,-12],[5,5],[7,-2],[2,-8],[-2,-18],[-8,2],[-6,-7],[-2,-20],[3,-11],[-8,-2],[-11,9],[-1,-2],[-12,-29],[-5,-5],[-1,-7],[-8,-1],[-9,-8],[-3,-6],[-22,-15],[-27,-29],[-7,0],[-6,8],[-12,12],[-12,5],[-12,9],[-8,3],[-9,7],[-2,5],[-20,20],[-2,7],[-11,2],[-4,3],[-3,30],[-3,3],[-7,15],[-6,32],[-2,9],[0,8],[2,5],[-5,8],[-3,11],[1,14],[5,9],[9,-14],[14,-22]],[[5430,7877],[0,-2749]],[[3481,8363],[11,-3],[8,-6],[4,-5],[3,-9],[11,-5],[3,-11],[-3,-16],[5,-12],[-1,-11],[-5,-11],[-3,-14],[4,0],[6,16],[5,0],[-4,-16],[3,-4],[6,36],[3,2],[-1,22],[-2,6],[-5,48],[2,2],[5,-7],[1,-8],[7,8],[7,0],[7,-5],[3,-8],[23,-8],[4,-6],[3,-15],[12,-9],[7,-23],[-3,-15],[14,10],[3,-1],[3,-18],[12,2],[-1,10],[-16,23],[-4,17],[-4,23],[6,13],[1,16],[3,2],[6,-5],[17,-3],[12,2],[10,5],[10,14],[4,2],[11,-7],[-1,8],[2,16],[-1,4],[-2,-9],[-4,-4],[-13,-5],[-21,-13],[-9,-1],[9,13],[-2,3],[-8,-6],[-9,0],[-10,10],[1,8],[-9,9],[-5,6],[-4,13],[1,6],[12,2],[9,-1],[7,2],[2,6],[11,9],[2,4],[-11,-2],[-12,-10],[-4,-1],[-8,3],[-10,0],[-11,6],[-12,14],[-5,1],[-6,6],[-3,8],[-12,11],[3,23],[8,10],[2,18],[13,16],[4,10],[0,16],[-2,8],[1,4],[5,-4],[3,2],[3,-8],[7,2],[2,-5],[4,7],[-2,17],[2,3],[1,-9],[6,-2],[12,3],[7,3],[4,7],[1,9],[0,14],[-4,5],[-2,8],[5,12],[13,12],[4,7],[-3,5],[-3,-6],[-1,26],[9,31],[2,17],[7,5],[3,12],[4,5],[1,-4],[0,-15],[5,-6],[9,-3],[20,11],[11,13],[5,-4],[5,8],[16,29],[9,5],[8,-8],[4,-1],[-2,9],[-5,6],[-11,3],[-19,33],[-8,2],[-1,3],[1,36],[3,10],[-1,16],[4,6],[10,3],[2,-8],[8,0],[9,6],[7,3],[6,13],[1,24],[3,9],[-5,16],[2,6],[10,-2],[1,8],[8,7],[6,0],[10,-7],[-4,14],[5,0],[10,-22],[14,-10],[3,4],[3,-2],[9,2],[0,3],[-18,7],[-3,-2],[-8,14],[10,2],[2,6],[-2,4],[-6,0],[-1,5],[7,18],[-4,12],[6,11],[-9,7],[7,5],[14,-2],[5,-6],[9,-1],[10,-6],[-2,-5],[2,-14],[2,-24],[3,14],[7,-7],[9,-17],[4,-6],[-2,8],[4,4],[13,-8],[-2,8],[-12,10],[-6,11],[1,5],[4,0],[15,-8],[-3,9],[-5,6],[-7,1],[-3,9],[-4,2],[-6,-5],[-4,4],[2,8],[-2,5],[9,3],[-4,4],[10,7],[1,6],[9,-4],[20,-4],[5,-4],[-1,10],[-4,10],[1,15],[-1,6],[-8,12],[1,6],[7,7],[5,-1],[5,-5],[5,5],[4,-1],[4,-8],[5,2],[7,-8],[6,-4],[3,-7],[6,1],[-6,10],[6,9],[3,21],[0,9],[3,6],[3,0],[3,-11],[0,-16],[2,-13],[5,-10],[12,-15],[10,-5],[9,-3],[14,4],[15,-3],[35,7],[12,7],[9,9],[4,-1],[3,-9],[4,-4],[20,-9],[4,-4],[8,3],[8,7],[12,15],[9,4],[5,14],[6,-1],[3,-19],[15,8],[6,-4],[8,-17],[2,-11],[-4,-3],[-5,-9],[1,-8],[10,15],[4,9],[-6,20],[1,12],[3,10],[11,5],[11,11],[8,2],[6,-6],[16,-7],[7,-1],[10,2],[-12,3],[-16,16],[-2,19],[6,40],[-3,14],[-9,9],[2,6],[10,16],[4,11],[6,6],[-11,5],[-7,0],[-10,10],[-4,5],[2,8],[-7,8],[2,5],[-5,1],[-3,9],[-13,9],[-15,3],[-4,-1],[-9,-7],[-9,2],[-8,-1],[-7,-9],[-5,1],[-7,-7],[-7,-5],[-5,3],[-9,8],[-3,11],[5,3],[-3,6],[-11,-2],[-2,8],[-4,-2],[-3,4],[1,4],[5,4],[-3,6],[-7,-2],[0,9],[-12,5],[-5,0],[-8,-5],[-10,3],[7,6],[-2,8],[11,-4],[2,4],[-7,18],[12,-4],[1,13],[14,-24],[8,8],[-3,17],[5,-1],[-2,12],[10,-5],[3,-10],[9,-3],[1,-11],[7,6],[-2,-11],[1,-9],[-1,-16],[5,-2],[1,10],[3,-6],[0,-17],[6,-7],[6,-1],[-3,17],[7,-3],[3,7],[-7,8],[-3,0],[1,16],[-3,8],[2,2],[-2,8],[-8,11],[4,10],[6,-3],[3,-9],[8,-10],[5,-17],[4,-4],[0,4],[-2,23],[4,7],[5,-3],[4,3],[2,9],[1,-7],[7,-20],[-1,-20],[6,0],[4,16],[5,4],[6,-6],[10,-22],[0,-8],[3,2],[8,-13],[9,-9],[7,-20],[7,-9],[8,-3],[10,7],[4,6],[1,9],[6,2],[5,4],[0,6],[5,0],[8,-6],[2,7],[-2,11],[-6,6],[2,4],[8,-2],[5,-5],[5,-13],[6,-3],[6,-8],[6,-18],[8,-5],[-1,-15],[6,-10],[11,-27],[7,-8],[17,-4],[3,3],[2,9],[11,1],[5,-3],[-9,-11],[1,-7],[10,-1],[4,8],[4,3],[4,-5],[-4,-5],[16,-9],[10,12],[3,-6],[0,-9],[-4,-17],[1,-2],[7,16],[7,4],[4,-10],[12,4],[3,14],[8,-3],[8,3],[10,16],[7,0],[7,-6],[8,-1],[3,5],[5,-11],[-6,-4],[-3,-7],[-6,1],[-5,-4],[-2,-7],[2,-7],[10,-10],[10,-7],[15,9],[3,11],[8,0],[7,-13],[0,-11],[11,14],[6,-17],[5,-3],[0,-4],[-5,-2],[4,-14],[-2,-15],[4,-2],[3,7],[10,10],[1,12],[4,2],[22,-22],[10,-4],[20,-2],[9,4],[5,0],[1,-4],[10,10],[14,18],[5,5],[10,0],[0,-13],[8,-14],[6,2],[3,-22],[7,-6],[9,0],[12,-6],[5,-16],[9,-5],[6,-10],[2,-1],[15,6],[4,-8],[11,-9],[5,3],[-2,5],[-9,7],[-5,6],[19,2],[6,-8],[5,-2],[6,3],[3,6],[-9,-2],[-18,12],[4,4],[5,0],[10,6],[2,5],[-3,4],[4,5],[5,1],[4,5],[10,1],[-1,-6],[4,-3],[17,5],[3,10],[4,1],[0,-6],[10,-5],[10,10],[18,13],[-2,4],[-14,-5],[-13,-10],[-2,9],[0,9],[4,9],[8,3],[5,-4],[8,9],[8,2],[3,-3],[9,6],[12,13],[3,6],[7,3],[2,6],[-4,17],[6,2],[9,-5],[-8,-22],[-14,-18],[-5,-11],[-4,-4],[-9,-1],[-8,-10],[2,-2],[13,6],[18,3],[6,5],[4,0],[-3,-4],[-10,-4],[-13,-14],[-7,-10],[-25,-27],[0,-11],[4,-10],[9,-8],[5,-14],[4,12],[3,4],[5,-2],[5,14],[9,8],[9,12],[4,-10],[6,10],[7,1],[13,18],[5,5],[-7,-16],[-7,-7],[-1,-5],[-9,-9],[-1,-6],[4,-13],[8,-1],[11,9],[3,-1],[0,-9],[-3,-2],[-4,-12],[-10,-15],[2,-8],[6,2],[0,-15],[4,-9],[4,3],[1,8],[2,1],[4,-6],[12,3],[3,-1],[4,-6],[5,0],[11,6],[8,7],[5,9],[5,23],[7,14],[0,10],[-7,6],[-21,-3],[-2,6],[-8,0],[-1,9],[9,2],[1,6],[12,20],[4,4],[6,0],[18,23],[6,3],[2,6],[6,-3],[8,3],[3,6],[7,3],[0,5],[4,-4],[-7,-10],[-17,-8],[1,-10],[13,3],[5,-25],[6,-1],[-1,-19],[3,-8],[11,-18],[3,-8],[7,-5],[5,0],[12,11],[-4,5],[-6,2],[-5,8],[-4,-4],[1,6],[6,0],[10,6],[5,-2],[8,-12],[12,-3],[11,-19],[2,-10],[-1,-8],[4,-2],[7,3],[-3,-6],[-14,-6],[-9,-14],[-19,-31],[-1,5],[6,13],[0,10],[-13,-8],[-1,-10],[2,-11],[5,-8],[-8,-1],[-6,-11],[-4,-16],[4,-8],[-2,-4],[-13,3],[-5,-4],[-1,-5],[4,-9],[1,-13],[-3,-7],[-6,3],[-5,20],[-4,3],[-3,-4],[1,-14],[-4,0],[-9,11],[-1,-7],[3,-15],[10,-11],[4,2],[0,-12],[4,1],[15,-13],[0,-6],[4,-6],[-1,-5],[-10,9],[-5,-9],[-4,1],[-2,14],[-5,-4],[-9,-1],[5,-11],[3,0],[2,-9],[6,-3],[-5,-13],[-1,-15],[-4,4],[-6,-2],[-2,-5],[-1,-18],[-3,-7],[-2,10],[-12,-7],[-2,-7],[-9,-16],[-6,7],[6,4],[-1,10],[6,-2],[4,9],[-4,9],[0,40],[-8,3],[-5,-9],[0,-9],[2,-4],[-2,-12],[-7,1],[-4,9],[-6,-7],[3,-13],[-6,-4],[-1,-6],[-7,-1],[-5,-8],[-3,16],[3,10],[-2,15],[-2,-1],[-7,-10],[-5,-12],[0,-9],[-6,0],[1,-18],[-2,-5],[-2,15],[-8,13],[-6,-5],[-1,-13],[-3,-4],[-3,10],[-8,-8],[0,-6],[-5,-7],[0,-12],[9,-5],[-1,-8],[10,0],[0,-10],[-6,-1],[-5,-4],[-4,8],[-3,2],[-6,-7],[2,-7],[1,-21],[-4,-5],[-1,-9],[6,-16],[3,-4],[6,4],[1,-6],[-5,-4],[-2,-7],[2,-8],[9,-3],[7,2],[5,6],[9,14],[3,8],[6,-4],[-5,-8],[-4,-18],[-7,-14],[0,-14],[-3,-4],[0,-12],[-5,-10],[-10,-7],[-4,-51],[1,-17],[-8,1],[-7,-8],[-6,-2],[-5,-5],[-12,-16],[-13,-32],[-1,-6],[-9,-1],[-20,-43],[-3,-11],[1,-10],[-15,-10],[-5,-10],[-11,2],[3,-8],[2,-21],[10,-30],[5,-9],[18,-21],[13,-8],[8,2],[3,-7],[12,-14],[3,1],[10,-5],[4,-6],[14,-8],[19,-26],[10,-5],[13,-9],[6,-8],[11,-5],[6,-7],[9,-4],[7,-8],[3,-14],[4,-22],[3,-7],[14,-14],[14,-1],[12,-15],[13,-14],[5,-1],[6,5],[4,-4],[3,-9],[13,-13],[7,-14],[3,-5],[-3,-15],[2,-6],[4,-1],[8,11],[22,-2],[5,-7],[7,-1],[1,12],[12,9],[5,-8],[7,-9],[11,-7],[8,-4],[4,-4],[11,-3],[13,-14],[7,-12],[15,-14],[12,-4],[1,-4],[7,0],[6,-8],[14,1],[25,-11],[7,-6],[12,-6],[7,-19],[14,-24],[4,-11],[18,-21],[12,-9]],[[5162,9482],[0,-6],[-5,-16],[-6,-32],[-7,-5],[-3,-10],[-7,-9],[-2,-13],[-3,-1],[-6,-12],[-13,-20],[-2,3],[-5,-6],[-4,2],[5,8],[-4,3],[3,4],[14,12],[4,8],[1,13],[15,28],[9,3],[5,23],[4,10],[-4,4],[11,9]],[[4258,9476],[5,-20],[-4,-5],[-2,-8],[7,-2],[3,-4],[-4,-3],[3,-18],[-5,-20],[-1,-9],[-7,10],[-4,19],[-12,23],[1,5],[5,3],[-2,18],[-3,1],[-7,13],[8,-3],[10,2],[4,15],[7,4],[-4,-14],[2,-7]],[[8782,4716],[13,0],[-4,-11],[-4,-15],[-11,-64],[-12,0],[-3,7],[2,13],[3,8],[-3,11],[3,9],[0,7],[-3,13],[8,16],[0,13],[7,-2],[4,-5]],[[8770,4734],[-4,4],[-3,21],[-6,12],[-1,18],[1,18],[-2,11],[4,6],[9,2],[7,6],[3,-6],[-1,-7],[-8,-35],[-1,-29],[3,-13],[-1,-8]],[[8677,5323],[-2,-3],[-6,11],[0,9],[6,-10],[2,-7]],[[8739,5494],[-1,-35],[3,-20],[14,-14],[3,-10],[-6,-20],[-17,-51],[-24,-61],[-16,-59],[4,-16],[0,-10],[-4,-8],[-7,-3],[-12,19],[0,11],[-3,21],[-5,2],[-3,9],[1,9],[7,8],[2,8],[1,18],[9,10],[7,21],[-4,16],[4,7],[-5,5],[-7,2],[5,12],[23,20],[14,17],[8,18],[1,11],[-2,12],[-10,21],[-8,9],[-5,-2],[13,20],[19,16],[1,-13]],[[8328,5748],[-5,-2],[-4,12],[-5,7],[0,11],[3,5],[2,-13],[6,-7],[3,-13]],[[8252,5869],[9,0],[0,-6],[14,-5],[9,-8],[-3,-4],[4,-2],[11,12],[0,-6],[-3,-14],[1,-13],[3,-14],[9,-7],[3,-16],[-7,-12],[-12,-1],[-10,14],[-2,11],[-11,19],[-6,6],[-13,21],[-8,14],[7,4],[0,6],[5,1]],[[7969,6166],[-5,1],[2,6],[-2,5],[2,9],[4,5],[6,-8],[-2,-3],[0,-7],[-5,-8]],[[8149,6204],[-8,-11],[-6,-6],[-4,7],[3,4],[-3,4],[-4,-2],[7,16],[-3,11],[5,0],[5,-10],[0,-6],[8,-7]],[[8008,6227],[-8,-1],[1,8],[-3,5],[0,9],[6,21],[5,8],[-1,-9],[3,-13],[0,-20],[-3,-8]],[[8106,6370],[-5,-13],[-3,0],[-7,7],[5,4],[4,-2],[6,4]],[[8094,6389],[-6,-7],[-8,6],[1,11],[3,-4],[10,-6]],[[7831,6729],[-9,-11],[-3,3],[1,7],[6,1],[3,5],[2,16],[1,-10],[3,-8],[-4,-3]],[[7820,6792],[6,-5],[0,-7],[-7,8],[-4,-12],[-3,5],[-7,-3],[0,11],[-6,-3],[-4,2],[9,14],[-5,2],[5,20],[4,4],[4,-12],[0,-11],[4,-3],[4,-10]],[[7807,6855],[-9,-18],[2,-9],[-6,-9],[1,9],[-8,-3],[-3,7],[9,14],[-2,6],[9,2],[2,5],[5,-4]],[[7698,6864],[-3,-6],[-4,1],[0,23],[6,-6],[1,-12]],[[7351,7131],[0,-10],[-13,-10],[-4,4],[-3,9],[3,4],[5,0],[3,4],[6,-3],[3,2]],[[7299,7239],[3,-3],[8,1],[-2,-6],[-6,-2],[-18,3],[3,12],[-1,11],[8,-7],[5,-9]],[[7212,7388],[2,-3],[13,-1],[-5,-15],[1,-10],[6,-10],[4,0],[3,-5],[-5,-5],[7,-5],[-9,-20],[-4,-4],[-13,5],[-4,9],[-3,20],[-7,12],[-14,13],[-3,6],[1,7],[6,0],[10,-7],[11,-3],[0,14],[2,9],[1,-7]],[[5769,7714],[-11,-2],[-3,-4],[-4,1],[-1,5],[-4,0],[-7,-6],[0,-6],[-5,12],[1,4],[7,6],[11,19],[0,5],[12,-11],[3,-5],[-2,-4],[5,-8],[-2,-6]],[[5670,7784],[-3,-1],[-2,11],[10,4],[5,0],[0,-4],[-8,-3],[-2,-7]],[[5796,7904],[-1,-5],[5,-1],[3,6],[3,-2],[-1,-15],[-3,6],[-4,-5],[0,-7],[-6,3],[-12,-6],[-3,-5],[-5,14],[-6,7],[-7,-9],[-6,0],[-2,-4],[8,-5],[0,-4],[-6,1],[-6,-4],[2,-11],[-6,-15],[-4,-4],[-7,9],[-6,-14],[-6,-3],[-8,-7],[-14,0],[-4,4],[-10,14],[1,-21],[-2,1],[-5,-9],[-2,19],[4,7],[2,16],[2,5],[8,12],[2,9],[8,6],[3,8],[8,5],[13,1],[26,7],[11,9],[13,1],[7,-9],[13,-5]],[[5430,7877],[12,-21],[10,-6],[11,-13],[18,-12],[8,-2],[3,-6],[17,0],[8,-4],[19,-10],[11,5],[25,0],[6,-9],[15,-9],[11,-3],[8,-6],[5,-2],[23,-2],[8,-3],[5,-6],[7,-18],[6,-7],[14,-9],[-3,-11],[0,-13],[2,-16],[3,-10],[9,-24],[7,-10],[7,-8],[9,-3],[19,-2],[9,-4],[7,-7],[22,-19],[9,-13],[5,-5],[11,-3],[24,-8],[6,-6],[19,-9],[8,-14],[9,-11],[26,-2],[27,3],[35,10],[8,8],[17,3],[10,10],[6,2],[11,9],[9,11],[11,1],[3,12],[9,5],[11,5],[9,28],[2,24],[1,11],[8,10],[3,15],[2,24],[-2,11],[2,5],[20,33],[6,26],[10,3],[16,25],[6,18],[1,20],[2,5],[5,-2],[7,19],[2,16],[-3,3],[1,12],[4,8],[2,11],[5,17],[0,12],[5,13],[12,28],[1,6],[-4,6],[-7,30],[1,6],[3,4],[1,15],[8,59],[10,50],[18,55],[1,15],[6,16],[8,12],[0,14],[4,0],[-1,11],[2,13],[-2,11],[-4,9],[1,4],[-7,14],[-13,75],[0,19],[-5,21],[0,12],[15,57],[3,25],[-1,13],[-4,11],[-5,10],[-5,7],[-12,20],[-3,25],[1,26],[12,59],[5,14],[1,7],[8,13],[8,25],[2,5],[7,2],[-3,5],[8,20],[-2,14],[-10,11],[-3,11],[-2,25],[-2,12],[-5,4],[0,5],[8,14],[3,10],[2,-4],[16,13],[9,13],[10,44],[3,0],[-1,-10],[4,6],[5,-1],[6,-10],[1,-17],[0,-13],[11,-25],[0,18],[-6,22],[-2,4],[18,8],[4,4],[-17,1],[-9,11],[-14,6],[3,4],[23,16],[7,0],[-8,5],[-8,-5],[-19,0],[-8,7],[-8,13],[-9,4],[13,12],[-3,2],[-8,-1],[-9,5],[-1,-2],[0,-23],[9,-2],[1,-3],[-9,0],[-8,-6],[-5,0],[-1,11],[21,62],[3,19],[5,5],[9,-4],[7,2],[-4,10],[-2,-4],[-5,2],[3,16],[4,11],[3,18],[6,14],[10,12],[8,3],[-3,-15],[5,-17],[0,-12],[7,17],[3,3],[12,-10],[3,9],[-5,5],[-5,11],[-8,3],[-1,23],[4,25],[10,15],[0,16],[26,106],[0,7],[0,16],[4,21],[1,11],[0,24],[-3,24],[1,10],[6,6],[18,5],[14,3],[4,3],[12,21],[9,27],[5,4],[10,-1],[7,8],[2,-6],[12,-7],[3,-4],[-3,-9],[-8,-5],[-4,-12],[-7,-4],[-1,-8],[1,-13],[-3,-7],[5,1],[3,5],[3,13],[9,5],[6,-5],[2,-14],[5,-1],[3,-5],[-3,-10],[3,-5],[2,6],[10,4],[4,-2],[2,-12],[6,-11],[2,-9],[1,-17],[3,-8],[-4,-15],[2,-16],[10,-9],[5,-24],[-8,-18],[-3,-7],[5,-6],[1,-7],[-1,-13],[4,-8],[2,-41],[-2,-25],[1,-5],[14,-16],[3,0],[10,-12],[8,1],[12,7],[9,-1],[12,-15],[14,2],[0,-7],[-9,-1],[-20,-45],[-4,-3],[1,-18],[-3,-8],[3,-4],[-3,-11],[0,-12],[5,-4],[7,-1],[9,2],[18,-15],[4,-12],[0,-18],[3,-12],[3,-4],[15,-6],[13,-12],[-7,-16],[2,-5],[-8,-14],[-3,-21],[0,-17],[3,3],[6,-4],[8,4],[13,-1],[9,7],[-10,-26],[4,-10],[0,-12],[-2,-23],[4,-36],[0,-38],[2,-5],[9,-8],[5,-18],[-3,-23],[4,-2],[-8,-22],[-3,-10],[-1,-17],[-4,-17],[8,-24],[8,-15],[0,-12],[3,-9],[16,-17],[1,-17],[-1,-5],[3,-7],[0,-27],[10,-38],[11,-27],[12,-13],[16,-3],[2,-7],[5,5],[6,1],[8,7],[9,4],[9,14],[12,9],[4,10],[0,22],[3,4],[4,-6],[5,4],[4,-12],[9,-4],[30,18],[2,2],[6,16],[1,8],[9,-6],[14,-24],[-2,-5],[-1,-18],[2,-6],[4,-1],[8,8],[0,-11],[-6,-11],[1,-15],[2,-7],[7,-6],[4,-13],[5,-2],[13,3],[3,-4],[5,-10],[6,-2],[18,-2],[6,-18],[1,-15],[3,-5],[13,-11],[5,-7],[5,4],[9,-7],[15,-7],[12,2],[-2,-7],[2,-7],[11,-19],[5,-1],[10,3],[-3,-9],[-16,-30],[-2,-6],[-2,-20],[6,-25],[7,-2],[5,4],[1,8],[3,-4],[1,-11],[-13,-9],[-1,-6],[5,-4],[-4,-12],[-6,-4],[-2,-16],[3,2],[4,-17],[-4,-4],[2,-8],[10,-9],[2,-12],[-3,-6],[12,-31],[-1,-22],[3,-6],[-6,-15],[1,-6],[8,-9],[13,-28],[3,-8],[0,-12],[-6,-19],[-1,-10],[5,-4],[4,-14],[-10,-12],[-3,-9],[0,-22],[-2,-11],[2,-7],[7,0],[4,-3],[4,-14],[7,-11],[4,-9],[5,-8],[0,-4],[4,-9],[14,-14],[6,-4],[6,-15],[7,-4],[3,-14],[7,-9],[0,-6],[-5,-1],[-2,-6],[6,-10],[0,-7],[7,-1],[-4,12],[12,18],[7,-7],[3,0],[8,11],[8,-2],[-6,-12],[2,-3],[-2,-7],[-5,-6],[-4,-14],[0,-16],[4,-2],[12,-30],[2,-17],[6,-15],[7,-18],[9,-13],[-1,-13],[1,-17],[-1,-3],[2,-7],[13,-18],[3,-9],[-10,-15],[-1,-7],[1,-18],[-4,-4],[1,-15],[4,-9],[-2,-3],[-1,-16],[-6,-21],[-10,-24],[-5,-21],[4,-16],[-2,-7],[4,-8],[15,-25],[8,-4],[6,0],[5,-5],[7,-32],[-1,-6],[8,0],[5,-3],[7,1],[7,-2],[0,-14],[-4,-21],[-5,-19],[-5,-47],[9,-14],[4,-11],[17,-15],[8,-14],[4,-5],[12,-6],[9,-13],[5,0],[14,-12],[10,-3],[10,6],[14,-19],[10,-8],[5,-7],[6,-4],[12,2],[13,17],[1,12],[5,-4],[3,-10],[-2,-13],[1,-8],[17,-27],[7,3],[21,-7],[5,4],[28,-1],[7,5],[1,5],[-5,11],[-6,4],[-1,7],[5,-3],[5,-8],[10,-33],[12,-19],[4,-20],[7,-14],[-2,-7],[3,-12],[-5,-3],[8,-12],[15,-21],[22,-3],[-6,22],[-2,20],[16,-6],[5,-6],[3,-27],[3,-8],[12,-13],[8,-4],[11,0],[1,7],[14,1],[9,-15],[15,-3],[13,-5],[5,0],[-2,-6],[7,-14],[-8,-4],[3,-5],[-3,-6],[7,-4],[6,-10],[10,-9],[6,-4],[0,-6],[11,1],[2,5],[-8,4],[7,4],[5,5],[-7,8],[-2,8],[4,6],[9,-8],[6,0],[3,6],[5,1],[2,-25],[4,-9],[5,-1],[-2,-7],[5,-2],[5,14],[3,-5],[-2,-5],[5,2],[1,-5],[-4,-5],[6,-4],[-2,-10],[13,7],[4,-1],[-1,7],[5,-3],[6,-8],[-4,-6],[11,-12],[2,-6],[-2,-12],[3,-9],[15,-15],[-6,-1],[9,-17],[-9,3],[-6,-1],[-5,9],[-3,1],[1,11],[-5,7],[-5,-1],[-2,-8],[-8,-2],[-5,7],[-5,2],[4,-12],[0,-12],[-8,-10],[-5,0],[1,-5],[7,-11],[0,-6],[5,0],[2,-7],[-4,-7],[4,-2],[4,-9],[6,-4],[4,-11],[10,2],[3,-8],[1,-14],[-3,-6],[2,-8],[5,13],[5,-7],[7,-3],[10,2],[6,-10],[5,2],[10,-3],[1,-5],[-11,1],[3,-9],[-3,-7],[4,-1],[12,3],[2,-7],[10,-1],[5,-12],[4,-3],[7,-12],[0,-11],[-7,-16],[0,-11],[9,-18],[6,8],[1,-7],[7,-5],[-3,-7],[7,-17],[-8,-6],[3,-3],[10,-4],[-12,-11],[0,-15],[13,9],[1,-4],[10,-3],[-2,-8],[9,-15],[4,3],[7,13],[4,-12],[-12,-14],[0,-12],[8,-17],[-2,-6],[-8,-4],[-1,-11],[11,-21],[-2,-10],[3,-16],[7,-17],[3,-25],[9,-18],[-5,-8],[5,-2],[7,-16],[-3,-11],[12,-6],[6,-14],[4,3],[2,-11],[-2,-19],[-6,-13],[5,1],[16,13],[11,19],[4,-3],[8,-15],[2,-8],[19,-19],[3,-12],[9,-17],[5,-3],[-6,26],[-13,45],[-5,6],[-2,12],[6,-2],[-6,14],[3,9],[7,23],[4,7],[14,5],[7,-7],[7,-23],[8,-5],[2,-13],[5,-8],[-3,-5],[8,-12],[19,-6],[12,-12],[13,-7],[10,-12],[11,-3],[21,-22],[-7,23],[1,7],[-7,7],[-4,16],[2,18],[6,12],[7,-6],[4,3],[6,-6],[-3,-3],[1,-9],[6,-7],[0,15],[2,3],[2,-13],[4,-11],[11,-5],[1,-7],[-7,-11],[-5,-2],[-1,7],[-6,-5],[4,-4],[-3,-8],[10,0],[1,-18],[6,4],[2,22],[5,-3],[1,-7],[-2,-17],[1,-8],[5,1],[5,-18],[-4,-17],[-3,-22],[-2,-23],[-10,-1],[0,-4],[5,-5],[-1,-10],[4,-5],[0,-8],[-5,-24],[1,-11],[9,-7],[-2,-4],[5,-13],[1,4],[3,-6],[-1,-8],[-9,-9],[6,-30],[5,-7],[10,-17],[-8,-3],[-7,1],[11,-9],[4,-12],[5,2],[6,7],[5,-1],[14,-10],[4,-10],[6,-3],[12,-15],[6,-15],[0,-7],[4,-11],[9,-7],[14,-3],[4,-10],[7,-3],[3,-8],[17,-23],[4,-10],[4,5],[8,0],[11,-10],[-2,-6],[1,-11],[6,-4],[2,16],[4,-4],[6,2],[8,-10],[6,-4],[-2,11],[-4,9],[-10,10],[2,4],[11,0],[8,-9],[5,-1],[-5,-8],[5,-6],[0,4],[10,8],[1,-19],[3,-9],[7,-13],[10,-2],[4,8],[0,-10],[8,-9],[14,-58],[13,-30],[6,-6],[8,-17],[5,-8],[35,-31],[7,-1],[13,-6],[9,-6],[6,-10],[4,-12],[2,-14],[0,-25],[1,-6],[20,-35],[8,-6],[-1,-9],[-10,2],[-4,-4],[8,-1],[8,-5],[8,-12],[5,-4],[11,-1],[14,-7],[0,7],[3,5],[6,-10],[11,-2],[3,-4],[0,-8],[3,-27],[-10,-8],[-3,-9],[16,11],[4,-4],[-5,-7],[5,-6],[-13,-20],[-2,-6],[3,-25],[-6,-1],[2,-4],[11,-8],[-5,-2],[6,-9],[7,-3],[10,-18],[3,-22],[-4,-10],[2,-9],[6,19],[0,8],[5,14],[2,-11],[7,-20],[5,-3],[14,2],[-6,-12],[-1,-6],[-8,-18],[-2,-13],[-1,-2],[-10,-49],[-1,-16],[3,-9],[9,-3],[1,-6],[-4,-17],[-1,-55],[2,-9],[6,-2],[-2,-20],[4,-13],[-4,-14],[2,-23],[13,-35],[0,-10],[-3,-6],[-10,4],[-7,-1],[-7,-6],[-8,-12],[-2,-12],[4,-3],[13,2],[0,-14],[-6,-5],[-7,-10],[7,-11],[13,-5],[6,-9],[2,-15],[5,-9],[9,-2],[7,-15],[0,-5],[5,-11],[0,-18],[3,-8],[6,-6],[3,-13],[11,-14],[-2,-8],[5,-1],[5,6],[-4,-25],[1,-18],[-3,9],[-4,-9],[0,-9],[3,-2],[5,8],[2,-36],[13,-23]],[[6357,9570],[-7,0],[-10,-5],[-4,-11],[-10,6],[-6,19],[3,13],[3,0],[8,7],[3,6],[4,-2],[10,-19],[5,-8],[1,-6]],[[6360,9594],[-5,-2],[-4,4],[-2,7],[3,7],[7,2],[5,-5],[1,-7],[-5,-6]],[[6363,9716],[-5,-13],[-19,11],[-2,8],[4,5],[0,7],[4,3],[14,1],[4,-3],[6,-12],[-6,-7]],[[6331,9725],[-5,-1],[-1,4],[-6,7],[-2,9],[8,20],[4,-1],[8,-9],[0,-18],[-6,-11]],[[7457,75],[-8,-29],[-6,-8],[-15,8],[1,15],[-4,4],[-3,-2],[-1,-13],[-3,-6],[-9,-4],[-4,10],[-8,8],[0,9],[5,-2],[11,-11],[5,6],[-2,15],[3,8],[7,-10],[3,6],[-2,10],[13,17],[5,2],[6,-21],[6,-12]],[[7473,116],[-4,-2],[-9,0],[-4,-4],[-3,10],[8,9],[-3,4],[-16,4],[1,6],[12,2],[-6,6],[4,11],[3,2],[7,-12],[1,-9],[9,-27]],[[7633,288],[-6,-6],[-18,0],[9,-13],[-15,-4],[-6,-6],[0,6],[5,7],[1,10],[-6,6],[3,10],[11,11],[12,-4],[4,-13],[6,-4]],[[7667,373],[-18,10],[-5,6],[8,2],[11,-6],[4,-12]],[[6894,847],[4,2],[10,0],[14,-7],[7,-2],[13,2],[16,-12],[3,-6],[9,-4],[7,4],[-3,4],[20,-2],[7,6],[-1,13],[2,4],[10,-11],[-8,-2],[0,-12],[14,-11],[15,-2],[7,-6],[19,8],[2,-12],[8,-8],[11,-4],[19,-2],[4,-2],[2,-11],[15,-14],[10,-4],[11,0],[5,-7],[11,0],[8,-8],[13,-8],[9,0],[21,-10],[30,-5],[14,0],[28,11],[4,-13],[7,0],[-4,4],[12,13],[3,8],[12,2],[8,6],[10,-4],[4,-10],[-2,-8],[2,-5],[12,-4],[4,5],[15,-3],[-10,9],[-14,4],[-5,12],[5,11],[9,4],[10,2],[21,12],[3,-4],[29,-4],[9,4],[16,15],[2,-5],[10,5],[5,-11],[5,0],[3,-8],[9,-2],[8,8],[9,10],[16,30],[16,6],[9,-13],[8,4],[16,-10],[13,4],[6,8],[8,15],[1,10],[7,8],[11,-4],[1,-6],[12,-2],[11,-16],[13,-3],[17,-24],[7,-11],[3,-12],[-12,-12],[6,-5],[-6,-18],[-1,-17],[2,-10],[8,-11],[0,-8],[-10,-8],[-3,-10],[17,16],[4,0],[-5,-10],[-11,-37],[0,-25],[5,-11],[3,-10],[-7,-23],[4,-18],[-9,-15],[5,-20],[9,-13],[-3,-10],[-4,-29],[15,-17],[-10,-18],[10,-4],[-2,-17],[-7,-10],[-6,6],[-6,2],[8,19],[-6,8],[9,6],[1,4],[-10,2],[-11,11],[-13,6],[14,10],[2,10],[-7,3],[-2,10],[-3,-2],[3,-15],[-7,4],[-4,-4],[2,-12],[-6,-4],[4,-6],[15,-5],[-21,0],[-9,-6],[0,-20],[-9,-11],[-1,-10],[-10,-19],[8,2],[2,-10],[-5,-6],[-1,-7],[2,-14],[-1,-21],[-12,-12],[-9,12],[-6,-8],[12,-14],[1,-13],[3,-4],[0,-12],[-3,-13],[-9,-4],[-5,-10],[0,-13],[-2,0],[-5,-16],[11,-4],[3,4],[-7,4],[2,6],[6,2],[7,-10],[5,2],[8,-12],[-3,-9],[4,-8],[-9,-6],[-2,-6],[0,-15],[-2,-4],[5,-12],[-3,-7],[9,-6],[-6,-8],[5,-13],[-8,3],[-13,12],[-5,14],[-5,-12],[3,-8],[-7,0],[-10,-13],[-4,9],[-15,16],[-1,8],[10,9],[-22,8],[-5,16],[2,5],[13,8],[-2,10],[7,2],[3,-4],[0,-12],[-3,-4],[11,-11],[13,-4],[11,4],[7,7],[-10,2],[-5,14],[5,4],[-6,4],[2,9],[-3,2],[-13,-2],[-9,4],[-8,-2],[-10,10],[-4,0],[-4,10],[-5,2],[-10,-4],[-7,-6],[0,-8],[11,-27],[-5,-12],[-17,-7],[-7,0],[-5,9],[3,8],[9,-10],[3,2],[3,10],[-4,4],[2,15],[-12,-5],[-2,11],[-11,8],[-13,25],[-9,-4],[13,-17],[10,-18],[-7,-25],[1,-13],[-3,-2],[-10,11],[-5,-5],[10,-16],[-9,-10],[-3,-9],[3,-14],[0,-17],[-10,-10],[-12,6],[0,8],[-14,2],[7,11],[-3,12],[-7,-10],[-5,-4],[-6,6],[-1,21],[-11,-7],[-1,-12],[1,-6],[20,-17],[9,-14],[-9,-8],[-9,6],[-10,-4],[-2,-5],[13,0],[6,-2],[-11,-22],[-8,-2],[-10,0],[6,-5],[12,-2],[4,-8],[-16,2],[-2,-6],[4,-6],[-3,-7],[-9,3],[-2,-9],[12,-6],[0,-6],[-19,-11],[-5,0],[-3,5],[-8,4],[-16,-6],[-7,12],[-15,8],[-6,19],[-5,8],[-2,-4],[2,-12],[-4,2],[-12,-7],[-23,3],[-9,8],[-4,-6],[-8,0],[-4,8],[-6,4],[-5,-4],[-4,-13],[-7,11],[-9,-4],[-3,-9],[-6,2],[-11,-4],[1,21],[-1,8],[-6,11],[-15,10],[2,4],[13,-4],[-5,10],[3,0],[20,-2],[6,-4],[11,-14],[0,12],[10,0],[5,-6],[1,4],[-2,19],[-13,12],[-7,-14],[-5,-3],[-6,3],[-1,10],[-4,2],[-3,-12],[-4,0],[-11,12],[-3,17],[-10,8],[-1,-15],[-8,-4],[-1,-4],[10,0],[2,-4],[-6,-6],[-15,4],[-5,16],[1,7],[-11,10],[-2,8],[-3,4],[-1,11],[-9,-2],[-5,6],[5,12],[-12,6],[-9,17],[-3,2],[-15,0],[-8,14],[-10,19],[-3,15],[-4,8],[-6,4],[5,12],[-4,3],[-5,16],[-4,0],[-7,13],[-8,2],[9,12],[-7,4],[-5,10],[-2,13],[2,10],[-6,17],[-3,18],[0,17],[-4,16],[10,-12],[2,-8],[15,-6],[4,-11],[7,-2],[15,-14],[7,-36],[4,-2],[1,27],[8,-4],[1,10],[7,15],[-8,-6],[-3,10],[-3,2],[-2,-6],[-5,4],[-16,23],[-5,4],[-6,21],[1,4],[-4,2],[-11,-12],[1,-9],[-4,-2],[-6,8],[7,21],[-3,23],[-9,23],[-11,14],[-21,19],[-2,10],[-4,2],[-9,19],[-8,8],[-8,4],[0,15],[-12,31],[-11,20],[-4,9],[-9,8],[6,8],[-3,15],[-19,33],[2,8],[-1,17],[-3,6],[1,10],[-3,11],[-12,14],[8,6],[-6,13],[10,10],[5,2],[4,6],[2,17],[-5,31],[2,12],[6,6],[9,-24]],[[6955,859],[4,-8],[-6,0],[-5,6],[-7,-2],[-13,-8],[-10,2],[-1,16],[12,15],[3,-9],[23,-12]],[[7638,888],[-1,-4],[-6,4],[-1,4],[-9,2],[-4,10],[5,5],[27,6],[-9,-17],[-2,-10]],[[6899,933],[0,-22],[-6,-6],[0,-17],[-4,-2],[-2,4],[-1,21],[-4,2],[2,6],[9,2],[3,17],[3,-5]],[[6925,923],[-7,-2],[-9,12],[5,2],[5,11],[8,2],[9,-6],[-2,-15],[-9,-4]],[[7680,952],[8,-2],[11,-17],[-7,0],[-1,-6],[-5,-2],[-4,-10],[-8,2],[-6,-6],[0,10],[-3,11],[-7,0],[-14,-9],[-7,6],[-4,-4],[-6,2],[-16,-2],[-9,8],[-7,0],[2,15],[18,10],[17,-2],[5,-4],[2,8],[16,2],[10,7],[4,-2],[11,-15]],[[7584,1142],[40,-55],[7,-11],[8,-4],[19,-4],[-1,-27],[-1,-6],[-14,-13],[5,-2],[9,5],[2,4],[9,-21],[-3,-6],[-7,8],[-1,-8],[9,-6],[-5,-7],[-13,9],[-9,0],[-2,-11],[-16,-8],[-16,8],[-2,7],[4,6],[-8,10],[-1,14],[-4,7],[-9,2],[0,8],[-6,6],[-9,2],[5,15],[-6,25],[-11,-6],[-5,1],[-10,9],[7,10],[14,4],[0,10],[5,3],[-3,12],[6,-4],[13,14]],[[6744,1043],[-4,-8],[-8,0],[-20,-15],[-8,7],[-4,16],[4,0],[1,17],[-1,8],[-8,4],[-3,10],[2,15],[3,6],[1,19],[-3,8],[3,4],[-1,11],[13,6],[5,8],[-2,18],[8,5],[25,-15],[5,-16],[-2,-13],[5,-24],[-5,-19],[0,-6],[10,-9],[-1,-16],[-7,-15],[-8,-6]],[[8179,2477],[5,-5],[9,4],[-2,-16],[-5,-2],[-7,-4],[-4,6],[-10,0],[-5,-4]]],"transform":{"scale":[0.004619163088308832,0.003440456350635064],"translate":[112.91944421,-43.64128997]},"bbox":[112.91944421,-43.64128997,159.10645593,-9.24016692]}