{"type":"Topology","objects":{"all":{"type":"GeometryCollection","bbox":[2.67108199,14.66993616,4.27216218,13.88029083],"geometries":[{"type":"MultiPolygon","properties":{"a":2181,"b":"Rivers","c":6.8061,"d":5.0142},"arcs":[[[0]],[[1]],[[2,3,4,5,6,7,8]]]},{"type":"Polygon","properties":{"a":2185,"b":"Taraba","c":10.4383,"d":8.055},"arcs":[[9,10,11,12,13,14,15]]},{"type":"Polygon","properties":{"a":2180,"b":"Imo","c":7.0441,"d":5.5634},"arcs":[[-9,16,17]]},{"type":"Polygon","properties":{"a":2213,"b":"Federal Capital Territory","c":7.1426,"d":8.8613},"arcs":[[18,19,20,21]]},{"type":"Polygon","properties":{"a":2197,"b":"Delta","c":6.0749,"d":5.5407},"arcs":[[-7,22,23,24,25,26]]},{"type":"Polygon","properties":{"a":2176,"b":"Borno","c":13.4124,"d":11.8303},"arcs":[[27,28,29,30,31,32]]},{"type":"Polygon","properties":{"a":2189,"b":"Ogun","c":3.2346,"d":6.9573},"arcs":[[33,34,35,36,37,38]]},{"type":"Polygon","properties":{"a":2199,"b":"Enugu","c":7.3724,"d":6.5036},"arcs":[[39,40,41,42,43]]},{"type":"Polygon","properties":{"a":2206,"b":"Kano","c":8.5134,"d":11.7356},"arcs":[[44,45,46,47]]},{"type":"Polygon","properties":{"a":2202,"b":"Kogi","c":6.9536,"d":7.5536},"arcs":[[-20,48,49,-44,50,51,52,53,54,55]]},{"type":"Polygon","properties":{"a":2196,"b":"Gombe","c":11.2444,"d":10.4037},"arcs":[[-30,56,-10,57,58]]},{"type":"Polygon","properties":{"a":2198,"b":"Edo","c":6.1677,"d":6.6792},"arcs":[[-26,59,-52]]},{"type":"Polygon","properties":{"a":2201,"b":"Kaduna","c":7.8658,"d":10.3996},"arcs":[[60,61,62,-22,63,64,65,-46]]},{"type":"Polygon","properties":{"a":2187,"b":"Lagos","c":3.9057,"d":6.516},"arcs":[[66,-37]]},{"type":"Polygon","properties":{"a":2194,"b":"Anambra","c":6.9755,"d":6.0373},"arcs":[[67,-17,-8,-27,-51,-43]]},{"type":"Polygon","properties":{"a":2178,"b":"Abia","c":7.6279,"d":5.6402},"arcs":[[68,69,70,-3,-18,-68,-42]]},{"type":"Polygon","properties":{"a":2186,"b":"Kwara","c":4.9379,"d":8.7127},"arcs":[[-55,71,72,73,74,75]]},{"type":"Polygon","properties":{"a":2212,"b":"Adamawa","c":12.3768,"d":9.5809},"arcs":[[-11,-57,-29,76]]},{"type":"Polygon","properties":{"a":2182,"b":"Bayelsa","c":6.0054,"d":4.7369},"arcs":[[77,-23,-6]]},{"type":"Polygon","properties":{"a":2200,"b":"Ebonyi","c":8.0382,"d":6.2812},"arcs":[[78,-69,-41,79]]},{"type":"Polygon","properties":{"a":2209,"b":"Zamfara","c":6.1553,"d":11.9906},"arcs":[[80,-65,81,82,83,84]]},{"type":"Polygon","properties":{"a":2188,"b":"Niger","c":5.7767,"d":9.7385},"arcs":[[-82,-64,-21,-56,-76,85,86]]},{"type":"Polygon","properties":{"a":2192,"b":"Osun","c":4.5358,"d":7.5344},"arcs":[[87,88,-34,89,-73]]},{"type":"Polygon","properties":{"a":2203,"b":"Plateau","c":9.6826,"d":9.2247},"arcs":[[-15,90,-62,91]]},{"type":"Polygon","properties":{"a":2208,"b":"Sokoto","c":5.5335,"d":13.3662},"arcs":[[-84,92,93]]},{"type":"Polygon","properties":{"a":2204,"b":"Nassarawa","c":8.179,"d":8.503},"arcs":[[-91,-14,94,-49,-19,-63]]},{"type":"Polygon","properties":{"a":2207,"b":"Katsina","c":7.5933,"d":12.4739},"arcs":[[95,-47,-66,-81,96]]},{"type":"Polygon","properties":{"a":2193,"b":"Oyo","c":3.5479,"d":8.2411},"arcs":[[-90,-39,97,-74]]},{"type":"Polygon","properties":{"a":2177,"b":"Water body","c":13.7587,"d":13.2173},"arcs":[[-33,98]]},{"type":"Polygon","properties":{"a":2184,"b":"Cross River","c":8.3825,"d":5.7712},"arcs":[[99,100,-70,-79,101]]},{"type":"Polygon","properties":{"a":2190,"b":"Ondo","c":5.2529,"d":7.0696},"arcs":[[-60,-25,102,-35,-89,103,-53]]},{"type":"Polygon","properties":{"a":2205,"b":"Jigawa","c":9.5144,"d":12.4838},"arcs":[[104,-48,-96,105,106]]},{"type":"Polygon","properties":{"a":2195,"b":"Bauchi","c":9.7408,"d":10.523},"arcs":[[-58,-16,-92,-61,-45,-105,107]]},{"type":"Polygon","properties":{"a":2183,"b":"Benue","c":8.8554,"d":7.3385},"arcs":[[-13,108,-102,-80,-40,-50,-95]]},{"type":"Polygon","properties":{"a":2211,"b":"Kebbi","c":4.2161,"d":11.3203},"arcs":[[-83,-87,109,-93]]},{"type":"Polygon","properties":{"a":2210,"b":"Yobe","c":11.5178,"d":12.3611},"arcs":[[-31,-59,-108,-107,110]]},{"type":"Polygon","properties":{"a":2191,"b":"Ekiti","c":5.3042,"d":7.723},"arcs":[[-104,-88,-72,-54]]},{"type":"Polygon","properties":{"a":2179,"b":"Akwa Ibom","c":7.8116,"d":4.9004},"arcs":[[-101,111,-4,-71]]}]}},"arcs":[[[398440,21166],[1472,-432],[1519,208],[2998,935],[1438,216],[2767,356],[855,-338],[-468,-1377],[-739,-1246],[-1452,-402],[-3181,161],[-1282,-270],[-4150,-1865],[-1452,-186],[-6138,467],[-1282,813],[-488,1360],[773,1875],[834,534],[4029,1533],[984,-437],[2963,-1905]],[[382325,23456],[1302,-588],[3792,484],[1072,-484],[-1004,-1130],[-516,-1237],[-170,-1407],[-19,-1626],[-353,-1612],[-787,-1017],[-1126,-890],[-1180,-606],[-7420,-1909],[-2828,317],[-807,1246],[807,1965],[2666,3523],[1871,3608],[1608,2312],[346,991],[325,1729],[1140,-873],[1281,-2796]],[[381735,96015],[1663,-3831],[-439,-5049],[-8571,-16441],[1103,-8092],[3385,-1302],[6856,1749],[3239,73],[3178,-1568],[4419,-156],[5573,-4654]],[[402141,56744],[1016,-2632],[1465,-2899],[723,-3912],[-103,-2493]],[[405242,44808],[-474,-430],[-610,-916],[-258,-1024],[190,-1542],[258,-1143],[-7,-1042],[-692,-1244],[-20,-648],[1139,-1704],[272,-875],[-272,-263],[-1383,-1940],[-773,-758],[-957,-665],[-943,-118],[-800,897],[-570,0],[-718,-2147],[-1811,234],[-2890,1913],[-2082,140],[-2170,538],[-1845,1088],[-1044,1783],[-509,-390],[-570,-220],[-1505,-92],[-265,-323],[-103,-728],[-284,-741],[-793,-411],[0,-644],[549,-424],[590,-350],[-515,-658],[1071,-481],[1418,-1415],[2279,-584],[407,-713],[-122,-923],[-509,-914],[-3723,-712],[-407,550],[-1872,3388],[-5270,7174],[-733,2136],[0,2836],[-230,983],[-543,4],[-1180,-715],[-1818,-21],[-271,139],[-693,957],[-1505,1534],[-637,1058],[-1370,4734],[-909,1601],[-108,-1016],[-421,-1007],[-434,-704],[-217,-109],[231,-1059],[440,-182],[550,-90],[529,-737],[833,-3595],[774,-1524],[1526,-636],[2584,-1631],[1872,-3549],[305,-3437],[-2156,-1340],[1071,-948],[1269,-1507],[752,-1812],[-529,-1831],[-2299,-3210],[-1424,-788],[-1730,869],[-40,-1614],[40,-520],[-1547,884],[-1138,1152],[-502,1541],[339,2042],[-1112,-1237],[-217,-1740],[454,-1850],[875,-1567],[-2265,-713],[-624,0],[-1004,2428],[-502,2605],[-217,5301],[-1357,2838],[-400,1745],[936,779],[366,856],[428,1939],[230,2151],[-203,1453],[434,-254],[773,-178],[516,-216],[-550,1156],[-1675,2337],[-354,1145],[-413,2247],[-372,932],[-1560,-2671],[-529,29],[-340,1693],[-983,2314],[-407,-1597],[204,-2478],[-367,-839],[930,-1684],[1858,-6201],[-868,0],[-584,122],[-434,408],[-332,893],[-332,-287],[-807,-424],[-733,2015],[-888,1767],[-2415,3391],[170,-1740],[407,-1385],[1173,-2558],[692,-1083],[312,-640],[142,-826],[-319,-897],[-576,-509],[-279,-610],[604,-1186],[835,1610],[1546,500],[1491,-458],[679,-1335],[-800,-7164],[176,-2453],[2951,-7317],[1057,-1666],[-128,-1003],[-488,-1000],[-807,-448],[-1092,178],[-896,495],[-1553,886],[48,-475],[115,-474],[285,-610],[-1838,720],[-1831,1046],[-1867,520],[-1918,-871],[-950,1214],[-651,1652],[-135,1856],[597,1804],[-1425,918],[-1288,2727],[-909,3292],[-360,2620],[156,1890],[414,1029],[570,732],[617,1000],[380,1051],[346,1676],[-244,1562],[-1384,687],[-2137,1520],[-1478,3486],[-1275,6428],[-244,2562],[285,1325],[861,1445],[570,1263],[-211,896],[-759,82],[-1024,-1173],[-794,1186],[-264,744],[-129,974],[-719,-449],[-692,-152],[-705,152],[-726,449],[366,-1762],[163,-1879],[407,-1496],[1058,-614],[739,-784],[604,-1855],[692,-3756],[325,-3892],[366,-1804],[733,-762],[1058,-698],[1092,-1639],[1553,-3341],[-1872,-1995],[-407,-852],[-163,-1466],[1662,-10235],[828,-3061],[1139,-1652],[-176,-2415],[1695,-1829],[1072,-1512],[-2069,-1410],[-2611,-585],[-3337,-278],[-3087,343],[-1830,1295],[-251,1500],[312,6145],[407,753],[102,482],[-183,548],[-774,813],[-183,418],[0,3621],[305,1678],[1872,6224],[183,1119],[-81,3053],[-1122,-1719]],[[337661,33223],[-905,1657],[-2731,1532],[-2377,2230],[-1301,3426],[-646,3753],[-5160,4050],[-6890,-3207],[-2593,-299],[-897,3173],[432,1957],[-689,1232],[-1258,143],[-1145,723],[-1913,3158],[42,4241],[913,3544],[1715,3121],[225,1556],[818,2221],[1473,2005],[-664,939],[-482,1048],[-336,1131],[-224,1148],[9,2129],[370,2618],[543,2204],[499,928],[1490,939],[681,2229],[448,4714],[1163,3342],[1817,2110],[2033,1882],[2791,4327],[508,1100],[215,1129],[362,612],[1559,453],[361,322],[156,333],[775,881],[259,564],[8,727],[-207,507],[-266,431],[-2404,3582],[-7710,889]],[[318528,116657],[-1420,4523],[-112,211],[500,436],[809,1129],[483,468],[1516,728],[455,388],[1637,2157],[621,1194],[413,1338],[370,2860],[294,2124],[1671,4790],[2152,12014]],[[327917,151017],[2508,-2763],[2747,-242]],[[333172,148012],[-973,-3609],[-2576,-16399],[543,-2308],[2980,-263],[3015,927],[3437,-4488],[-680,-7405],[-1215,-3363],[103,-3604],[784,-1125],[1999,-1832],[584,-1385],[8787,-7118],[11749,-1016],[10491,1301],[4401,-1582],[2662,398],[2472,874]],[[699860,553097],[8855,-909],[29260,1490]],[[737975,553678],[7709,-17878],[2033,-2369],[2816,-632],[2739,-1030],[4815,-5346],[2869,-7517],[1550,-3044],[818,-3224],[-387,-3620],[26,-3655],[2902,-6053],[5255,-3152],[3480,-5316],[508,-7207],[-8373,-21471],[-628,-7207],[430,-3805],[-783,-3437],[-5591,-5674],[-21535,-32045],[-5451,-6021],[-4574,-6658],[-766,-3246],[3626,-11131],[3342,-7414],[2274,-2920],[2722,-337],[2188,2375],[1852,2788],[1618,3201],[2663,1482],[2944,-1661],[2069,-3113],[8096,-9498],[4014,-11956],[-9,-6963],[1052,-6930],[2067,-5543],[1008,-5252],[82,-84]],[[769445,331115],[-4902,-5950],[-5168,-9563],[-1688,-1974],[-1490,-1393],[-664,-925],[483,-607],[1981,-468],[1171,-1237],[4143,-7461],[3248,-4398],[1032,-2609],[-757,-2361],[-801,-409],[-706,248],[-749,430],[-931,107],[-1137,-435],[-956,-716],[-3540,-3996],[-1240,-995],[-241,-935],[-147,-1001],[-482,-818],[-569,-252],[-1300,-65],[-931,-274],[-852,108],[-398,-130],[-334,-489],[-302,-1361],[-310,-543],[-4825,-3781],[-5124,-5852],[-1507,-2640],[-465,-2789],[542,-1557],[1835,-2576],[405,-1870],[-215,-2823],[-543,-2770],[-2412,-7013],[-1972,-3414],[-2266,-1575],[-3290,-407],[-2196,-2212],[-1249,-3520],[-509,-4315],[-525,-2373],[-1628,-1891],[-2136,-1315],[-2059,-609],[-913,66],[-1809,554],[-913,102],[-310,-226],[-887,-987],[-501,-270],[-602,108],[-930,735],[-449,183],[-7613,-993],[-2240,388],[-1369,1573],[-1637,4955],[-1404,8039],[-267,4064],[138,4132],[-258,4960],[-1603,4181],[-2842,2781],[-7770,1770],[-2661,3313],[-1671,4546],[-768,4740],[-1360,4152],[-2730,2302],[-6848,3205],[-5831,3846],[-2197,903],[-1507,1490],[-448,5119],[-1542,2454],[-1206,-2931],[-1033,-3781],[-707,-3916],[-491,-7971],[-353,-344],[-473,-140],[-526,-490],[-1025,-1709],[-680,-1410],[-345,-1629],[-52,-2341],[-21465,-381],[-2299,849],[-1749,1695],[-870,2027],[-1197,7659],[-681,1689],[-1163,307],[-1955,-1382],[-20405,-21515],[-1956,-1022],[-1619,593],[-1619,987],[-1981,177],[-1559,-2190],[-6321,-24917],[-79,-312],[-1043,-1028],[-2976,-21]],[[581199,234079],[18,216],[1946,9909],[1000,17495],[-310,6595],[2747,18124],[2507,6023],[3385,5260],[4195,3738],[3669,4222],[560,12238],[3299,12469],[-3695,12084],[-8536,9440],[-7460,11572],[-9457,8114],[-12740,1804],[-12800,-446],[-3281,-779],[-5642,-3163],[-2636,-715],[-999,2325],[4608,8480]],[[541577,379084],[2877,3040],[12094,10011],[1714,1874],[-276,2758],[-637,1935],[146,1830],[-258,5293],[-4454,6937],[354,3191],[878,2708],[1378,2314],[2068,1069],[4108,-1720],[1938,-1284],[2378,-514],[2480,-891],[2369,-429],[2352,131],[3402,2722],[2265,4478]],[[578753,424537],[4531,-378],[6271,552],[6038,2112],[5383,5119],[4850,6092],[5478,4905],[5943,4015],[2335,2592],[4358,6491],[1886,3739],[4049,5930],[19285,5832],[13188,8052],[2877,6711],[-104,4018],[-1068,6431],[577,3218],[9,3034],[-2420,9885],[-1361,2840],[-698,3089],[-930,7765],[646,6691],[-569,5459],[-1800,5026]],[[657507,543757],[4470,3533],[10560,400],[10294,5958],[5504,1140],[5737,-1699],[5788,8]],[[333172,148012],[5582,5558],[6460,2220],[3583,-1895],[3299,1167],[3273,8332],[1120,4413],[3127,2374],[3764,1143],[3833,549],[7528,-2023],[3420,1426],[3462,879]],[[381623,172155],[1775,-1904],[4186,-2651],[2317,-654],[3204,-3552],[1077,-11658],[-827,-4766],[-741,-1473],[948,-1968],[585,-2699],[0,-2852],[328,-2832],[52,-2862],[-629,-2458],[-1146,-2139],[-784,-2749],[-999,-2582],[-3152,-4405],[-6082,-21936]],[[412934,524403],[198,-2071],[-284,-1995],[-1000,-796],[-964,-359],[-1525,-3414],[-1921,-11151],[-206,-6471],[310,-10167],[-3902,-21007],[-3601,-12462],[-2937,-5825],[-3643,-5039],[-10724,-6591],[-11766,-3921],[-12016,-2291]],[[358953,430843],[-741,-100],[-2980,-634],[-3102,418],[-5108,-204]],[[347022,430323],[-3798,554],[-2024,4400],[-508,1861],[-784,74249],[370,2941],[2025,1173],[15401,748],[5021,-1936],[7787,-9374],[3928,-2717],[525,166],[11715,20634]],[[386680,523022],[7916,1064],[2334,-95],[2300,-449],[2093,-1087],[1809,1674],[2653,4512],[2980,-1390],[1533,-3526],[2636,678]],[[318528,116657],[191,-2260],[-1353,-969],[-10793,-2020],[-1360,-572],[-1534,-1412],[-758,-907],[-637,-952],[-431,-1065],[-163,-1245],[-26,-1476],[-181,-591],[-1499,-484],[-3523,31],[-1567,-693],[-655,-2504],[181,-1161],[775,-1527],[180,-928],[-413,-1049],[-973,-632],[-2024,-775],[-672,-662],[-457,-670],[-602,-559],[-1111,-307],[-982,173],[-1051,396],[-965,226],[-732,-406],[-2395,-4102],[-1379,-919],[-2231,370],[-1721,912],[-1749,1286],[-2861,3151],[-1067,-634],[-2748,-4865],[-2308,-1527],[-2524,-610],[-1550,443],[-1603,-642],[-1515,-861],[-1559,-622],[-2817,-2484],[-3049,-2026],[-1284,78],[-1448,-246],[-2040,349],[-1576,1524],[-4231,2905],[-3823,1592],[-3247,2584],[-2218,2362]],[[232450,89675],[-495,1597],[1776,-216],[1689,-491],[-610,1235],[-2280,3118],[-860,622],[-312,-435],[74,-1907],[-306,-432],[-786,-33],[-583,-115],[-1214,-563],[-1099,593],[-2000,-432],[-882,550],[-163,843],[163,3765],[-373,4811],[-1744,9364],[461,1376],[1941,507],[5527,136],[1581,573],[210,-967],[223,-685],[713,-1258],[671,669],[631,1558],[454,683],[482,418],[2896,1406],[1370,323],[1268,-64],[855,-715],[529,0],[-631,1321],[-1994,2167],[-794,1542],[-305,1449],[-109,1706],[171,1639],[529,1246],[1105,888],[1261,315],[2781,-69],[997,594],[977,1345],[1179,2322],[-1335,-687],[-1113,-1215],[-1194,-801],[-1525,572],[-224,-507],[-529,-458],[-393,-521],[-1926,525],[-1994,-1237],[-1161,-2304],[530,-2675],[-956,-2534],[-1099,-1550],[-1357,-389],[-1763,927],[-488,708],[-136,664],[-326,496],[-1037,195],[-441,-593],[230,-1355],[535,-1441],[529,-872],[-4821,340],[-9400,3921],[-395,555],[-379,1138],[-312,565],[-2631,3010],[-1716,1491],[-617,2228],[-176,2215],[223,1011],[563,385],[1357,1831],[719,631],[616,134],[8160,-422],[3093,-635],[1729,-1220],[570,0],[813,1473],[1384,3723],[651,1207],[1079,576],[1323,-29],[1268,-479],[888,-779],[223,-762],[468,-2304],[210,-483],[869,59],[427,288],[130,635],[-7,1143],[-617,1626],[-1418,1780],[-1689,1486],[-1451,792],[-1580,-42],[-794,-1033],[-1039,-3185],[-873,-978],[-1364,-827],[-1512,-448],[-1377,118],[-1580,1105],[-679,1475],[27,1778],[1561,5670],[189,1534],[-136,1944],[-516,0],[-2278,-7754],[-903,-2055],[-1077,-1334],[-1438,-724],[-1994,-216],[-903,-297],[-1945,-1419],[-2103,-978],[-509,293],[-1120,978],[-1274,1440],[-1309,2028],[-1037,2155],[-787,2932],[-787,1443],[-767,1860],[-305,2423],[204,2091],[501,2354],[773,1924],[1025,805],[955,-407],[1669,-1661],[624,-194],[434,665],[-182,928],[-326,1054],[74,1028],[2619,2863],[6836,3110],[1913,3975],[-1737,-385],[-2848,-3172],[-3297,-1240],[-6320,-4147],[-1207,-1092],[-4205,-4900],[-863,93],[-3112,8503],[-359,583]],[[194347,164716],[52,149],[9294,28175]],[[203693,193040],[5823,-3514],[3945,-5683],[-766,-6845],[680,-5422],[1644,-1564],[1474,738],[4798,5165],[-431,3437],[852,2537],[5393,-340],[2498,505],[3101,-293],[3238,-2872],[1524,-692],[810,-225],[819,814],[499,1398],[4661,3548],[5125,255],[9715,-6566],[4549,-6173],[2790,-1888],[2343,-2189],[-361,-3836],[-1793,-3631],[397,-1180],[921,-1030],[449,-1206],[-336,-1177],[112,-1692],[1404,-610],[1490,75],[8165,2170],[4273,3834],[3411,5044],[4651,4364],[3437,4946],[982,3942],[-9,4055],[-1111,1211],[-1551,432],[-4995,5736],[-2550,5236],[-990,4123],[-259,3501],[-2678,5820],[274,3689],[1181,2969],[1946,2248],[2843,-338],[2101,-2712],[1689,-3396],[2343,-51],[3454,5426],[2197,1711],[7890,4049],[10138,7581],[5047,2700],[2989,82],[2946,-654],[2369,995],[2592,3927]],[[333835,235524],[-8,-3300],[362,-3060],[2317,-10190],[517,-5725],[1481,-5085],[327,-4054],[345,-1432],[1094,-2618],[422,-1385],[155,-1451],[-267,-4604],[-319,-1389],[-585,-827],[-853,-524],[-1094,-492],[-1645,-1654],[-362,-2345],[327,-5462],[-1111,-5299],[-77,-935],[120,-1809],[-120,-975],[-311,-886],[-3324,-5524],[-1620,-3559],[-827,-2680],[-551,-2805],[-311,-4438]],[[959185,852545],[434,-1716],[-26,-1996],[-500,-3184],[61,-1215],[758,-1581],[1102,-823],[1283,-334],[17133,-640],[5332,-1597],[2273,-1484],[268,-1060],[-432,-1533],[164,-962],[595,-733],[2472,-2280],[913,-478],[0,-775],[-319,-156],[-818,-554],[1637,-1441],[1679,-1098],[1318,-1338],[543,-2162],[474,-480],[1085,474],[1154,742],[698,328],[990,-646],[405,-989],[138,-1108],[-1611,-2012],[-206,-651],[-414,-624],[-499,-1210],[-1439,-7464],[189,-1092],[-1490,-1206],[164,-1994],[1575,-4491],[148,-1135],[16,-742],[-309,-3491],[-948,-3286],[-1784,-10595],[-619,-1748],[-3058,-4970],[-387,-915],[120,-908],[758,-1259],[336,-156],[1422,21],[620,-462],[344,-672],[292,-743],[440,-693],[1361,-1684],[931,-1775],[481,-2092],[35,-2636],[-310,-2173],[-637,-2581],[-870,-2492],[-999,-1904],[-1430,-947],[-4307,-1925],[-1748,-1306],[-3058,-3376],[-1750,-1267],[-4934,-1904],[-1568,-1081],[-7426,-8447],[-653,-333],[-2249,-334],[-1016,-535],[-2291,-2932],[-1490,-1341],[-1776,-1135],[-1851,-583],[-1722,312],[-5840,3063],[-3282,1167],[-2567,-11],[-3204,-3179],[-3136,-3923],[-2756,-4322],[-1998,-4364],[-1430,-4139],[-999,-1616],[-3170,-2266],[-1344,-1416],[-921,-1788],[-371,-2135],[551,-3951],[-598,-1645]],[[923317,694232],[-47,-3],[-4798,-363],[-12111,-3311],[-2773,465],[-2662,1237],[-939,901],[-1145,291],[-2834,-482],[-733,-5962],[35,-7078],[-1111,-7212],[-4600,-14001],[-2963,-13873],[-4212,-2899],[-5676,1558],[-4850,3896],[-4642,5036],[-5659,3005],[-7193,1226],[-6839,-1906],[-4471,-6506],[-4909,-5470],[-3118,-196],[-2059,-1936],[-1533,-3714],[-2309,-3178],[-6020,-3322],[-6668,-876],[-6098,-1673],[-4797,-4968],[-8580,-13835],[-10611,-9189],[-13446,904]],[[772946,600798],[-5935,4606],[-5607,11171],[-3058,2539],[-3601,1697],[-3169,2729],[-2593,3929],[-1740,4558],[197,4586],[6160,12305],[-1034,9068]],[[752566,657986],[3230,1110],[2550,2521],[1955,3135],[913,3615],[-551,8713],[1137,8331],[4720,6389],[19665,8506],[5194,4814],[2541,7145],[-431,8747],[457,8803],[1748,3385],[2291,2983],[3437,7591],[8424,12860],[-379,3797],[-1516,3663],[-2437,3434],[-3394,1355],[-2791,-489],[-2206,858],[466,4069],[4987,12211],[448,4582],[-1972,10386],[3841,35014],[-1714,15576],[9182,10644],[3661,6257],[2093,6331],[-715,6388],[-4496,4073],[-3678,5064],[-1499,6591],[1956,19927],[32,193]],[[809715,916558],[2298,-99],[1912,-377],[1593,-685],[1361,-339],[1163,691],[378,1232],[716,5549],[379,380],[1886,420],[629,237],[671,922],[449,1111],[525,2299],[-1326,605],[568,1546],[1086,1907],[241,1689],[3040,3512],[431,362],[284,-599],[595,237],[577,513],[551,710],[164,616],[103,1686],[887,-831],[715,-914],[827,-729],[1266,-301],[732,543],[577,2399],[973,548],[1887,525],[1370,1304],[2145,3211],[559,1724],[112,47],[233,418],[491,-454],[474,-717],[181,-375],[1171,118],[-34,404],[-526,771],[-327,1227],[232,373],[1111,485],[362,242],[216,69],[723,-129],[249,60],[61,285],[-120,841],[59,296],[2318,3160],[1094,1103],[-526,836],[-525,629],[-586,422],[-689,240],[0,774],[1292,-438],[1068,-629],[758,86],[345,1697],[2326,-635],[2299,538],[7494,4590],[2136,958],[2300,233],[0,-648],[-456,-1011],[938,-425],[1568,100],[1370,561],[26,-365],[-26,-1121],[620,745],[620,1740],[465,424],[810,-193],[181,-832],[-181,-1048],[-293,-836],[2231,1229],[2248,511],[2016,901],[1524,2398],[-1180,189],[-172,505],[775,1439],[362,175],[586,-51],[534,153],[232,823],[-120,588],[-422,738],[25,419],[448,1046],[577,944],[3325,3811],[1266,1089],[-44,1788],[768,741],[2417,502]],[[890737,982716],[8,-154],[95,-3109],[439,-3098],[163,-3837],[-844,-3808],[4893,-11596],[-999,-3138],[163,1786],[-1731,-2120],[1111,-3539],[4962,-4609],[8,-796],[1110,-890],[1724,-4410],[5263,-8791],[3161,-3937],[5470,-3851],[2024,-793],[2308,-382],[948,-659],[-336,-1711],[-1025,-607],[-439,573],[-483,-291],[-492,-134],[-163,-484],[1017,-901],[1016,-3781],[1429,71],[2775,1088],[6736,7513],[2696,861],[-260,-648],[-800,-1140],[35,-917],[878,-382],[405,-2020],[43,-895],[-465,-259],[-509,1106],[-714,239],[-801,-1681],[-2240,-1253],[-887,-1003],[405,-1588],[77,-1280],[-766,-1029],[-2568,-5099],[10,-2317],[1774,-1299],[-26,-1517],[-465,-2875],[568,-94],[-353,-1904],[-792,-1826],[1025,-1656],[1275,-164],[-577,-1192],[-2180,-928],[-18,-583],[604,-57],[1249,-545],[103,-1305],[638,-551],[508,-672],[-646,-406],[-1404,-466],[1568,-1269],[-1387,-425],[-741,-613],[293,-928],[724,-637],[-250,-718],[-328,-671],[138,-574],[1008,-261],[-18,-723],[-1248,-853],[0,-726],[654,-70],[690,30],[94,-912],[-878,-511],[-922,-374],[1033,-941],[1775,-670],[1180,-1782],[500,-2442],[784,-172],[1128,-1038],[310,-1676],[879,-1196],[990,510],[689,657],[1284,-931],[783,-2146],[802,-667],[835,-511],[421,-1288],[819,-796],[1895,-1175],[671,-3625],[-59,-1337],[379,-860],[2257,-1342],[2024,812],[1921,-363],[395,-858],[707,-761],[5754,2187],[2558,255],[204,-40]],[[117179,295610],[5900,3513],[1740,-4375],[681,-4709],[3366,495],[3154,2512],[3867,204],[2747,-2899],[1017,-2587],[784,-2684],[223,-1657],[441,-1543],[2377,-145],[2928,2017],[1748,-649],[1801,-115],[1387,769],[1507,527],[3368,393],[1301,-1989]],[[157516,282688],[-1886,-13630],[-1602,-2615],[-7503,-6820],[-4144,-5506],[-2023,-6877],[-26,-3152],[1222,-2678],[1120,-993],[2637,-1056],[1386,-294],[4316,-185],[3592,2778],[1326,2380],[2085,1240],[1575,-2685],[-16,-7418],[765,-4838],[-223,-1401],[-921,-1326],[-1336,-523],[-4220,-3847],[-2731,-455],[-1318,-661],[1422,-2095],[2498,24],[4634,-2479],[128,-2800],[-1317,-1969],[-5030,525],[-86,-139]],[[151840,213193],[-7289,3989],[-5295,1218]],[[139256,218400],[33,267],[328,2873],[-130,2779],[-2300,986],[-4745,214],[-1947,-561],[-1404,1050],[-1145,1357],[-2343,796],[-1947,1480],[-129,2548],[4806,3308],[741,2169],[-854,2203],[-2376,1028],[-2722,-716],[-2541,-2130],[-2524,-1567],[-2369,2390],[-68,1313],[-862,2529],[715,2612],[2032,1952],[896,2738],[-4969,1622],[-48684,-326],[-733,-949],[-267,-1482],[-981,-1785],[-1645,-329],[-2963,162],[-1947,3044],[-3781,2463],[-1956,740],[-2618,-1264],[-534,-1484],[-1197,-5339],[-1293,-1743],[-1232,-2156],[-887,-5045],[-1231,-1731],[-4893,-862],[-18174,992],[-897,-539],[26,-1458],[-1593,-2280],[-2213,-1840],[-2102,-142],[-2162,854],[-2799,-324],[-2784,289],[-488,63]],[[3404,229169],[291,2126],[1825,6613],[173,2203],[-715,4388],[25,2133],[957,2238],[1507,1670],[1026,842],[464,1175],[-275,4799],[-164,1058],[-491,471],[-1033,121],[-854,317],[-706,632],[-636,1057],[-423,2052],[225,2253],[887,4365],[-414,4362],[-1129,3991],[-276,3775],[2162,3743],[974,576],[1069,392],[852,564],[327,1124],[-483,986],[-2186,2232],[-715,1118],[-320,1356],[86,721],[363,692],[766,1974],[663,1077],[276,983],[86,1443],[-1749,25601],[207,1151],[638,457],[869,-12],[1800,-445],[267,210],[62,586],[197,929],[224,4352],[-1844,3814],[-2462,3652],[-1671,3872],[-439,4082],[193,3410],[796,14026],[-232,1496],[-741,1495],[-1999,2770],[-937,2985],[-673,1275],[-43,399]],[[51,376896],[552,405],[7209,6311],[8080,-337],[2085,-4882],[447,-11615],[1421,-5678],[2352,-421],[836,5325],[1179,4522],[3153,151],[526,-9183],[-3067,-10558],[69,-2173],[1653,-5400],[3464,-3584],[2739,-4358],[3755,-8498],[5857,-6609],[4548,-1901],[4685,192],[3317,3581],[3393,10321],[3447,2898],[3065,-2840],[1422,-5081],[2446,-1727],[2404,1697],[2523,1330],[8330,-261],[2833,-5089],[-34,-5772],[223,-1815],[2421,-2197],[2437,-1643],[534,-1805],[-16,-1987],[233,-1608],[542,-1514],[991,-6231],[-3092,-5238],[-2257,-4814],[5021,-255],[10294,1567],[5132,1722],[2293,1882],[2696,1131],[2489,211],[2498,542]],[[401926,291658],[827,-4195],[3230,-8275],[2282,-3550],[2781,-3264],[3102,-2816],[3170,-1907],[3377,497],[2462,2300],[3016,974],[3454,-2090],[2084,-4130],[922,-5003],[-26,-5052],[-2851,-9724]],[[429756,245423],[-5547,-714],[-2799,302],[-2653,-2054],[3281,-13299],[-77,-7408],[-3635,-13805],[1499,-2774],[119,-1413],[975,-4375],[146,-3140],[603,-3273],[155,-3130],[-1637,-3117],[-2032,-2763],[-543,-5233],[939,-5445],[-2240,-1436],[-2980,3428],[-1774,1534],[-2154,1344],[-4160,-1635]],[[405242,177017],[-5435,5123],[-4023,-188],[-3962,-821],[-225,358],[-507,487]],[[391090,181976],[-836,223],[-422,1103],[-1490,1060],[-904,158],[-2205,-815],[-2361,465],[-1817,2605],[-896,3226],[-1352,2828],[-991,3045],[465,3617],[-1998,1820],[-353,2518],[-1378,1059],[-1172,-1156],[-1318,-328],[-689,1209],[319,1405],[198,1806],[-34,1959],[542,371],[552,806],[-198,1063],[-474,946],[-2680,7554],[-1704,2887],[-1267,865],[-2782,658],[-1232,743],[-732,2560],[2248,7815],[4643,6282],[362,6997],[-2550,1366],[-2661,699],[-4807,2541],[-4444,-217],[-1086,633],[78,3340],[-724,2916]],[[352940,260608],[2231,5508],[2765,2213],[216,-848],[8,-944],[388,-1475],[560,-620],[1326,-2435],[2093,-1170],[3687,3539],[3135,4767],[6969,6030],[4143,4784],[4772,7721],[1533,1745],[2601,1131],[2679,2605],[3040,1973],[4075,-306],[2765,-3168]],[[546185,735863],[-6287,-3201],[-1534,-368],[-1430,877],[-1240,1006],[-5573,-3139],[-8527,-10931],[-3282,-5994],[-2257,-3023],[-2980,-1670],[-4979,-371],[-2515,-6589],[-534,-7804],[241,-8710],[2378,-7917],[3815,-5602],[595,-7164],[-2343,-6809],[-3833,-5167]],[[505900,653287],[-1731,-459],[-3472,1028],[-1619,1007],[-3652,5384],[-6693,1058],[-4557,4692],[1740,2875],[3532,1076],[1206,3910],[-1301,12450],[1594,7966],[-1628,14484],[-8545,11206],[-6339,2060],[-5789,2737],[-2041,3446],[-2713,2643],[-5884,2538],[-2696,2236],[-1696,3388],[370,3695],[1568,3414],[129,3948],[-2963,1725],[-11723,-4619],[-9785,-8959],[-5747,-613]],[[425465,737603],[-5735,5989],[-1266,5262],[603,5066],[1326,4997],[2600,3835],[3852,1186],[4694,2926],[3721,1092],[-310,4109],[-2016,6467],[-835,1341],[-276,1591],[457,1906],[112,1984],[-414,3367],[-1765,6667],[525,21726],[-818,10195],[973,4684],[6400,5401],[14643,6733],[3049,3521],[2765,10017],[1981,4469],[3807,1377],[4152,70]],[[467690,863581],[4195,-9167],[568,-1799],[-8,-1552],[370,-1444],[1490,-1062],[921,1981],[1439,5137],[2515,4580],[4195,2675],[4919,1184],[4961,-864],[5374,-1785],[2017,-1038],[369,-2714],[-102,-3974],[732,-3717],[1981,-1815],[2239,-1434],[2042,-1788],[1059,-2880],[-103,-3566],[689,-3154],[4669,-1928],[5280,-748],[3471,-5322],[60,-9590],[-413,-1796],[-879,-1417],[-680,-1631],[1119,-2212],[827,-775],[819,-396],[1981,889],[3454,621],[637,-363],[560,-2517],[103,-2646],[5194,-18],[2955,2446],[3850,-531],[922,-3012],[1240,-6176],[-207,-3563],[-973,-3257],[-379,-2528],[-715,-2425],[-3040,-5462],[-1146,-6309],[1361,-1501],[3575,353],[2282,-308],[922,-827],[1895,-5887],[1188,-2297],[2300,-3003],[1938,-1425],[1068,-412],[1895,-1426],[-758,-2325],[-7381,-8229],[-1318,-2837],[-767,-3164],[-129,-1416],[77,-2810],[-224,-1342]],[[358953,430843],[-707,-3544],[-2067,-6740],[4022,-8831],[354,-6807],[-1292,-15290],[-999,-3262],[-1525,-2945],[-948,-4166],[-146,-4340],[698,-223],[1971,1027],[2878,2224],[1611,1780],[594,345],[104,581],[4280,3181],[16813,7078],[2792,367],[14660,-1588],[11792,1425],[1387,-123],[1059,-329]],[[416284,390663],[-465,-5987],[233,-5498],[1042,-5250],[2455,-4533],[2446,-3050],[1645,-3730],[354,-3765],[-199,-12021],[1301,-12450],[999,-4040],[2688,-1828],[3170,527],[2101,-1815],[-1697,-3655],[-965,-3012],[-197,-3337],[-1473,-8329],[-3480,-7174],[-11060,-7471],[-1344,-4125],[-242,-4715],[-2230,-856],[-2670,1526],[-3575,3652],[-3195,1931]],[[352940,260608],[-5659,-6675],[-1972,-4929],[-1835,-10181],[-2739,-3383],[-2119,-411],[-2188,567],[-1860,101],[-733,-173]],[[333835,235524],[0,1465],[-163,1564],[-1671,5885],[-345,4421],[371,13328],[-483,5466],[94,1744],[904,4058],[2181,5787],[163,927],[-43,4587],[78,1072],[715,2450],[405,5386],[1016,3819],[336,1925],[-112,2023],[-224,949],[-1335,3581],[-181,880],[-2196,833],[-1130,823],[-223,1791],[-921,1450],[-1267,1213],[-2214,-229],[-3385,-1764],[-4168,-955],[-1112,1961],[-327,1971],[-1102,1834],[-1887,5787],[-2111,2345],[-1739,260],[-3144,-995],[-1929,148],[-2369,3347],[-2766,2369],[-1214,1293],[-887,1801],[-1628,-441],[-1645,-1290],[-3885,-1971],[-3824,-99],[-2059,3528],[913,4588],[-628,2333],[-2697,1124],[319,2045],[-1404,1123],[-1679,-441],[-1431,960]],[[279802,343583],[-5219,7022],[-4160,8019],[542,4064],[-2525,1406],[-6726,-1492]],[[261714,362602],[-3764,1395],[-6546,3991],[-1353,1469],[-1137,-92],[-2747,3047],[-1232,4475],[629,4429],[2403,3742],[1851,1357],[130,2312],[-1232,1114],[-1550,266],[-3084,-378],[-3007,-873],[-2256,-1660],[-1584,735],[-130,4394],[1662,2905]],[[238767,395230],[-602,6233],[-5582,4271],[-3369,3856],[-843,1915],[-1448,1559],[-1222,1835],[-2507,5908],[646,3418],[9527,14761],[3704,4235],[3299,-1659],[4212,-5113],[8363,-3928],[8243,-2365],[11543,-742],[9156,-2532],[2781,694],[1698,2519],[827,3053],[1292,10734],[3411,14436],[3532,5642]],[[295428,463960],[3669,877],[1456,-177],[593,-635],[3102,-2596],[1662,-323],[1334,-894],[1069,-1354],[2068,-4299],[60,-1901],[155,-846],[1292,-3250],[198,-836],[457,-124],[310,-893],[181,-902],[215,-3055],[1076,-5007],[1895,-4823],[663,-421],[8243,-7714],[974,-1390],[3248,-6484],[3144,-4155],[1025,-643],[86,-557],[1214,-1347],[242,-686],[1429,1834],[569,2741],[922,2579],[1042,1038],[1180,-835],[370,1709],[-163,2318],[1335,1640],[1714,735],[2455,2917],[1110,4122]],[[772946,600798],[-871,-9063],[440,-13728],[-1275,-4322],[-3109,-3163],[-15427,-11435],[-7073,-3882],[-7656,-1527]],[[699860,553097],[533,2501],[-1842,2896],[-2386,5965],[-1353,6456],[-560,6707],[-2498,6850],[-17192,15769],[-3454,6013],[474,3447],[9492,5972],[224,3012],[-328,3125],[173,14466],[-1723,6242],[-5366,4125],[-5944,3483],[-887,8180],[-2610,7191],[-8923,4711],[241,2892],[4358,7539],[1266,3879],[2843,12282],[2558,7728],[2454,2625],[6332,2383],[2730,2562],[3997,6718],[7821,5569],[1981,2647],[1370,2355],[1688,1509]],[[695329,730896],[11551,3758],[11447,-6872],[5315,-5092],[4599,-6025],[4066,-6753],[8717,-10851],[1766,-2762],[551,-3553],[-1077,-23886],[569,-7478],[731,-3082],[5867,-726],[3135,412]],[[203693,193040],[34,3262],[-1542,2977],[-912,844],[-1034,589],[-957,2],[-801,372],[-206,1395],[-1722,2573],[-2042,2142],[-1688,1215],[-456,1017],[155,774],[524,707],[518,1305],[413,3049],[1136,2197],[1845,753],[2109,1416],[1154,2548],[595,3085],[1396,2611],[1946,5464],[-1465,5475],[-1429,2816],[-724,446],[-405,874],[0,3251],[294,1458],[327,3398],[938,2177],[2594,3975],[2963,3539],[1076,2818],[1369,2255],[-9,2622],[1000,1389],[1379,801],[23333,-13],[3825,-3771],[-1404,-2595],[-827,-2963],[2187,-6828],[1853,352],[4117,4107],[2378,-221],[1068,-1206],[2653,-753],[1412,577],[905,796],[1171,2493],[439,1387],[965,6635],[784,2624],[1895,564],[-35,1615],[362,706],[362,227],[353,949],[-293,1269],[-1197,3141],[190,3640],[1050,3772],[2230,2872],[1147,1823],[474,2498],[3833,10892],[-233,1061],[86,1367],[1818,2547],[2033,2234],[1361,1124],[1137,1474],[775,3405],[-267,2296],[-491,1458],[-345,3246],[931,2240],[-431,1807],[-2472,2022],[784,3631],[1119,1182],[2248,687],[1026,583],[1912,2813],[1515,3186]],[[505900,653287],[-913,-6829],[-2808,-6210],[1128,-2718],[2507,-1670],[1964,-2244],[1765,-2538]],[[509543,631078],[-792,-3006],[-362,-3499],[-2067,-3254],[-3023,-1756],[-4169,-5812],[-1516,-7743],[2161,-7870],[-3290,-13684],[26,-7962],[-465,-4039],[706,-3507],[-3462,-5864],[34,-1740],[-241,-1904],[-2377,-2133],[25,-14809],[3377,-6178],[3954,-5084],[3143,-5573],[-361,-6335],[-1724,-5950]],[[499120,513376],[-3074,-4453],[-2162,-6214],[-2644,-5774],[-3566,-4450],[-3248,-504],[-2067,2510],[-1094,2345],[-1619,1958],[-3360,5380],[-7502,2523],[-2705,1312],[-2239,-2596],[-4789,-8339],[-6615,-4487],[-2145,10057],[-887,12192],[-3282,2435],[-2688,2678],[52,2641],[-749,2362],[-2714,3119],[-5116,-990],[-3230,-7363],[-2843,-1565],[-2868,1501],[-1369,31],[-1387,259],[-2050,2049],[-2662,-263],[-1998,1307],[-1223,2721],[-2343,-1355]],[[386680,523022],[-1981,574],[-2111,-799],[-542,1697],[956,3131],[163,1479],[-1412,2304],[-1094,833],[-1688,3182],[714,3857],[4557,4007],[448,2011],[267,2146],[861,1675],[1232,1345],[1904,2657],[-517,3250],[-2558,1592],[-1163,2604],[663,2899],[-1757,1842],[-3049,1083],[-1689,2793],[1826,1774],[2593,261],[2162,2132],[172,3828],[-1593,16632],[-4031,3485],[-12361,-285],[-6167,909],[-5986,3136],[-3713,6033],[1999,2865],[2712,2195],[2232,3372],[2679,2668],[2790,2210],[2007,3284],[198,3568],[-2498,2071],[-5969,2714],[-1783,2288],[1111,3708],[-155,8315],[-4591,4805],[-2885,-1040],[-1361,412],[-560,8449],[-672,2020],[-2610,1280],[-2989,249],[-2704,-1443],[361,-4077],[-1852,-1656],[-3195,666],[-3179,-785],[-6055,-3435],[-2654,582],[-1077,3249],[-2178,1820],[-5909,-1601],[-9948,-9393],[-4333,-5792],[-1740,-3488],[-2196,-2956],[-2861,-481],[-1429,3520],[-2059,3152],[-2697,2479],[-541,3486],[344,2063],[483,1296],[138,1331],[34,2818],[224,1294],[1154,3488],[395,2325],[62,1273],[-95,1234],[-1404,5225],[-121,2663],[500,8667],[706,2649],[1645,2272],[1670,971]],[[290930,685938],[3817,1587],[1223,1370],[336,1405],[0,1334],[121,1320],[671,1355],[845,723],[2007,912],[844,635],[1007,1632],[1525,3876],[1017,1486],[1653,775],[1758,-226],[5461,-2415],[1851,-492],[1878,-8],[5479,1941],[904,122],[1377,-170],[733,181],[732,464],[6986,3311],[1490,1108],[1284,1374],[1068,1754],[827,2224],[1559,9417],[930,3104],[1687,2616],[5893,4556],[1688,1999],[1344,3118]],[[350925,738326],[3807,-2270],[2050,-696],[4410,-97],[1775,-1613],[1016,-2469],[-293,-1931],[-1326,-1275],[-2266,-3017],[103,-2901],[6099,-2031],[2920,-2112],[4333,-5590],[2765,-419],[2730,1775],[2050,2744],[-103,2968],[-1430,2683],[1395,5558],[6374,-107],[2972,-1270],[2291,1510],[431,3735],[1421,3337],[5229,3773],[6063,-1458],[3213,-1766],[2851,-2558],[1646,-2761],[2386,-1267],[6753,3391],[2875,5411]],[[139256,218400],[-3,0],[-18014,4139],[-21296,2214],[-35560,-2214],[-1872,381],[-1023,927],[-815,1156],[-1179,1093],[779,504],[564,169],[488,-160],[495,-513],[1302,1477],[481,-558],[170,-1567],[325,-1550],[2931,3346],[488,-81],[285,-825],[650,-40],[1080,510],[1587,46],[1409,313],[1290,847],[1146,1640],[156,1130],[-190,1156],[55,901],[834,366],[3377,0],[1784,439],[3669,1457],[1119,-415],[1872,924],[1669,1232],[1179,1665],[448,2223],[1037,513],[6940,1262],[-639,614],[-522,282],[-508,17],[-611,-202],[-4740,1388],[-4688,-2210],[-4469,-3218],[-4048,-1647],[-1520,-14],[-861,-143],[-2930,-1948],[-956,-424],[-977,-241],[-1085,-73],[-197,247],[-1059,465],[-1016,-67],[-536,524],[-259,327],[-345,1347],[-88,1273],[577,2233],[81,1470],[-1431,-1038],[-1010,-1088],[-1833,-2495],[-671,-317],[-881,-43],[-747,-228],[-312,-864],[123,-734],[460,-1528],[35,-965],[-333,-1110],[-1172,-2236],[-251,-1250],[-320,-736],[-603,-573],[-339,-634],[433,-929],[407,-546],[225,-532],[129,-620],[448,-500],[-414,-2320],[-4864,-651],[-9332,550],[-10988,-1584],[-12885,792],[-18659,-2160],[-2,0],[35,6342],[639,4659]],[[391090,181976],[-5590,-3679],[-3877,-6142]],[[405242,177017],[138,-6085],[-750,-6687],[4953,-3090],[12111,-180],[4479,-2602],[620,-3606],[1352,-3206],[2705,-2569],[3084,-1398]],[[433934,147594],[1378,-4748],[-732,-5809],[1903,-10948],[4057,-9593],[-1042,-3678],[-3954,919]],[[435544,113737],[-4332,4225],[-4695,3268],[-2842,5444],[-4117,3627],[-3179,605],[-2196,-1955],[508,-7144],[-2076,-5669],[-60,-1436],[2050,-755],[861,-1973],[-517,-1943],[-2429,-1970],[-4229,731],[-3738,-1270],[-164,-2124],[887,-1877],[130,-2027],[-1137,-6492],[-354,-4531],[509,-4809],[-500,-4660],[-2705,-3405],[-1869,-3748],[1111,-5059],[-499,-1887],[-250,-1712],[1835,-4129],[594,-4318]],[[238767,395230],[-8932,-371],[-2980,-1120],[-1766,-2669],[-483,-3332],[-1033,-2430],[-749,-277],[-690,268],[-3505,-718],[-2050,528],[-3299,338],[-5521,4248],[-5203,-1914],[-1740,876],[-423,1782],[-955,729]],[[199438,391168],[-1231,355],[-4781,-800],[-2481,2054],[-1775,3582],[-3470,108],[-3299,-1705],[-4660,-481],[-577,-807],[-147,706],[-2292,-609],[-2188,-1142],[-4667,-1253],[-5444,714],[-5366,-352]],[[157060,391538],[-1371,1083],[-1403,350],[-1026,2124],[-2437,9829],[-3023,6075],[-2179,1724],[-1904,2192],[-3032,5443],[-2816,13914],[-2990,5539],[-7373,20346],[-1112,6321],[1061,6314],[1860,2207],[1344,2632],[2093,2637],[2747,1990],[2869,5031],[-1439,4004],[-4091,-3092],[-2300,-46],[-6116,1737],[-9880,4326],[-3686,2408],[-3178,3412],[-1895,4607],[-2413,3760],[-3780,2137],[-4006,-502],[-3747,-3376],[-2110,-5052],[-801,-6790],[-1602,-2162],[-1938,-1716],[-17133,-10717],[-3618,-3349],[-3350,-2042],[-3746,-3518],[-9821,-5515],[-1076,-199],[-879,1214],[-981,587],[-682,1159],[-1377,373],[-1318,-199],[-1912,-728],[-1784,-1323],[-3427,-3713],[-1646,-1244],[-1318,-1319],[-620,-1030],[-1930,-939],[-4521,-4574],[-1567,-2343],[-1991,-1648],[-6597,-1924],[-1612,191],[-1644,-27],[-4291,-4654],[-598,-576]],[[5947,442887],[-1624,25367],[-8,113],[25,1106],[474,786],[1404,798],[448,548],[103,923],[-429,1600],[-105,923],[310,1605],[1043,2963],[35,1590],[-319,726],[-414,183],[-353,228],[-146,853],[207,215],[938,1751],[267,632],[456,2849],[181,6598],[-267,2759],[6426,-653],[1121,192],[801,737],[706,920],[887,710],[895,211],[2558,102],[906,-136],[913,-537],[809,-685],[836,-501],[973,11],[5693,1832],[2051,1764],[1275,3253],[2772,10676],[1715,4045],[517,2162],[8,6758],[-283,1738],[-1060,3270],[-560,2903],[328,2883],[1602,3214],[603,554],[1343,562],[620,672],[5082,8230],[94,537],[-438,1325],[-104,703],[628,2566],[1345,511],[1628,-377],[1472,-107],[2713,1878],[587,2727],[-664,3166],[-1024,3206],[-294,2046],[189,2356],[733,2081],[1343,1235],[5995,3044],[3248,1067],[5014,-674],[1472,1702],[2197,4953],[2695,3982],[844,2069],[518,8891],[542,1683],[1293,1530],[1214,718],[1042,960],[758,2284],[70,582]],[[82820,609534],[430,126],[7312,1644],[13326,490],[5702,-933],[2335,-2437],[28027,-40894],[1250,-1210],[1351,-1010],[2852,-37],[1343,-7009],[-835,-8358],[-94,-7768],[2738,-5795],[6134,936],[7270,-1304],[146,-708],[224,-3939],[-104,-2004],[182,61],[112,154],[25,-1949],[293,-1730],[706,-1457],[1267,-1139],[1326,-633],[4168,-864],[2336,-1086],[1016,-2125],[102,-2780],[-447,-3059],[155,-3134],[1525,-2042],[2316,-920],[2558,216],[3377,1256],[3712,2611],[5401,2149],[1138,2],[1094,-330],[2075,-1185],[103,-556],[1464,-860],[2792,-2383],[4375,-2559],[1207,-1125],[1421,-2326],[1430,-1850],[404,-1094],[51,-1077],[-51,-1108],[86,-1190],[604,-1412],[1008,-869],[1231,-474],[7933,-1611],[5581,418],[1215,-296],[1008,-644],[869,-857],[1543,-1930],[982,-990],[1025,-601],[1120,-301],[2558,-171],[1180,-263],[1128,-493],[1112,-780],[491,-518],[1085,-1747],[1773,-1876],[759,-1030],[645,-1089],[785,-1818],[292,-531],[1086,-1058],[1308,-543],[4825,-165],[646,-126],[1826,-876],[698,-146],[1068,-2203],[1240,-1997],[878,-1924],[526,-690],[991,-409],[4436,77],[3669,-701],[1249,-37],[990,265],[2636,1547],[2051,484],[9138,113],[1293,-251],[1231,-591],[2523,-2971],[647,-274],[4600,1107]],[[923317,694232],[-452,-1244],[-14846,-26174],[-2291,-5993],[-3127,-13020],[-2842,-19643],[-1861,-6465],[-26,-1353],[569,-2119],[138,-1207],[-181,-1391],[-1327,-3512],[-973,-1554],[-1774,-1675],[-1964,-1434],[-1551,-839],[-6537,-879],[-2783,-1321],[-1481,-3547],[26,-2078],[999,-3402],[327,-1998],[-344,-2470],[-1964,-3820],[-638,-2111],[138,-2354],[853,-1667],[2420,-3111],[913,-2343],[-206,-1667],[-784,-1713],[-810,-2490],[-1077,-7017],[-413,-6741],[-2334,-7382],[-5427,-2673],[-6555,-1251],[-5771,-3113],[-1120,-1095],[-2411,-3849],[-922,-1142],[-689,-586],[-4894,-2872],[-550,-499],[-586,-1889],[397,-345],[2368,-459],[810,-2106],[672,-3120],[-78,-4120],[-318,-1922],[-517,-1794],[-3850,-8565],[-1671,-4957],[-95,-4202],[603,-3796],[-1878,-19614],[-930,-4464],[-1801,-3076],[-1111,-587],[-1034,21],[-1060,237],[-1187,60],[-948,-579],[-603,-1224],[-732,-2941],[-1223,-3351],[-1482,-2017],[-8536,-5583],[-1284,-382],[-1232,296],[-2686,1531],[-1086,384],[-1516,-219],[-1042,-671],[-964,-843],[-1318,-710],[-1155,-134],[-1189,237],[-2290,918],[680,-1506],[1955,-5902],[232,-1476],[53,-2882],[-724,-958],[-2507,-2162],[-628,-1061],[-534,-1263],[-664,-1195],[-990,-881],[-1758,-305],[-3205,669],[-1817,-938],[-1911,-3379],[-647,-4491],[207,-4735],[1327,-8406],[-78,-2071],[-637,-2238],[-3402,-6008],[-474,-2527],[8,-4042],[457,-3996],[577,-2554],[224,-1722],[-474,-1511],[-3152,-4093],[-8278,-14302],[-2997,-6770],[-569,-2136],[-258,-2292],[137,-2193],[1189,-6105],[-327,-2119],[-1042,-1183],[-1310,-1129],[-2222,-4120],[-5219,-6335]],[[337661,33223],[-458,-704],[-1275,-4379],[-563,-4717],[569,-3464],[-366,-865],[-40,-2045],[-163,-1359],[-780,2347],[-258,1430],[-231,6387],[-440,1271],[-319,-704],[-380,-601],[-448,-486],[-563,-403],[448,-1475],[75,-4856],[332,-1691],[1011,-2260],[664,-1999],[841,-3604],[48,-1233],[-617,-1109],[-848,-364],[-2571,50],[-2346,-292],[-489,623],[-909,3362],[-245,3218],[109,4739],[-352,3807],[-1255,2686],[-2529,-314],[2326,-2290],[834,-3665],[-305,-4238],[-1099,-4015],[-163,-3482],[-4144,-1223],[-4842,576],[-2286,1931],[-1119,-246],[-1099,-402],[631,-1953],[-1364,-652],[-2089,-165],[-1532,-495],[-1601,-877],[-3832,-131],[-1648,-762],[-1973,2900],[1688,4422],[5454,7660],[-1087,116],[-677,199],[-516,33],[-664,-348],[-2849,-4259],[-379,5606],[-1330,5049],[-515,0],[-95,-2067],[149,-2642],[393,-2588],[638,-1877],[-815,1013],[-697,1130],[-943,929],[-1519,419],[895,-2427],[909,-1613],[569,-1728],[-108,-2757],[-543,-2037],[-598,-1520],[-515,-479],[-691,-280],[-503,-610],[15,-1473],[664,402],[530,0],[1125,-402],[-469,-983],[-2359,-999],[-3093,-208],[-2095,707],[-285,-503],[-544,-480],[-312,-435],[-1342,622],[-746,1050],[-285,1466],[55,1892],[345,1732],[1120,2474],[229,1423],[-379,-203],[-923,-272],[-392,-173],[13,1639],[299,2811],[-910,124],[-867,280],[-997,508],[-1011,-394],[-252,-1060],[156,-1532],[366,-1475],[354,-901],[-354,-1367],[449,-1144],[678,-1228],[367,-1627],[-224,-2245],[-651,111],[-985,1075],[-1260,670],[-1845,109],[-665,552],[-122,3671],[502,165],[149,306],[-1085,2015],[-136,360],[-95,1758],[95,1787],[-501,0],[-624,-3545],[-428,458],[-1282,961],[1261,-3553],[259,-1742],[-950,-1168],[-1261,169],[-1282,1033],[-1065,1152],[-665,556],[-1689,762],[-1865,1918],[-990,2532],[855,2600],[-936,95],[-597,-323],[-251,-750],[75,-1155],[-523,0],[-1363,1744],[-3365,2406],[-1010,1605],[577,-458],[1099,-606],[597,-423],[-646,1314],[-1009,605],[-1168,356],[-1160,571],[-1782,2415],[-638,1104],[-2225,2847],[-529,445],[-7731,9011],[-2334,4037],[-800,4424],[353,-144],[257,-139],[577,-420],[-7,1931],[-3649,2804],[-943,2007],[-406,1670],[-2097,4497],[-908,1295],[2842,-2125],[-712,2482],[-2666,3735],[-2314,8055],[-738,4862],[-448,1601],[-1064,2723],[-449,1575],[-197,1740],[-263,788],[-591,796],[-577,1068],[-277,1642],[407,1263],[997,490],[1302,-118],[1281,-533],[903,-940],[1506,-2585],[1058,-803],[-1268,4082]],[[468448,250145],[1206,-5739],[3178,-4526],[1076,-1102],[1181,-889],[629,-997],[258,-1184],[1447,-1973],[379,-3236],[836,-2857],[1766,-2785],[293,-3273],[-5177,-3635],[-646,-3426],[1602,-3100],[-698,-7074],[-4703,-5912],[-1921,-3051],[-1567,-3118],[-1525,-7843],[-1404,-2732],[-2377,1337],[-2257,8],[-1051,-2229],[-1326,-2019],[-3851,-2263],[-1516,-1821],[-2144,-114],[-1654,4700],[-3101,1111],[-3376,-1345],[-974,-2622],[1344,-3256],[-1025,-4628],[-2972,-5648],[-1128,-1382],[-112,-2464],[301,-2438],[-1094,-2037],[-1361,-1935],[-740,-2445],[-310,-2609]],[[429756,245423],[2722,-7156],[5728,-4396],[3687,6197],[818,8735],[1292,3438],[3557,558],[3273,55],[3213,944],[3118,5170],[1887,506],[1938,-46],[904,1678],[379,1112],[1654,-203],[896,-1678],[680,-4046],[1034,-3453],[1912,-2693]],[[366021,907874],[-1383,-10910],[2635,-42865],[1783,-5292],[-413,-6231],[2282,-5505],[1215,-5225],[491,-5357],[792,-3012],[483,-3150],[-551,-2704],[-1818,-6054],[-1344,-3270],[1646,-2510],[2859,-1647],[4583,-4580],[930,-6169],[-2481,-1151],[-2636,855],[-1507,-1799],[-431,-3394],[-1981,-2363],[-3531,-3389],[-1344,-828],[-474,238],[-732,983],[-508,207],[-6194,-3],[-4831,-2772],[-3170,-18640],[2877,-6394],[-534,-3467],[258,-3661],[-767,-4835],[-1300,-4654]],[[290930,685938],[-1291,6921],[-6391,13229],[-3557,5709]],[[279691,711797],[-741,15920],[-6383,12470],[-3290,1603],[-1576,3168],[2084,7815],[422,7099],[-3911,4695],[-3169,1329],[-6167,1291],[-1388,-407],[-1291,-909],[-12698,-1070],[-4934,1318],[-7236,3816],[-1215,3007],[-1989,2046],[-4730,-877],[-1981,154],[-1782,1022],[-1826,-135],[-1464,-1778],[-638,-2476],[-1507,-1025],[-1939,-164],[-4375,-1335],[-1731,405],[-1352,1422],[-3412,1624],[-3419,-766]],[[196053,771059],[646,48796],[3075,12472],[12257,-2480],[25471,1291],[4159,5398],[-327,8137],[-1679,7678],[500,6841],[3936,3281],[4376,6745],[3109,6128],[4212,4077],[18769,2219],[3110,1054],[2988,1635],[2473,5653],[-1465,17810],[947,2907],[5263,3636],[6065,932],[3246,-1564],[2094,678],[930,4289],[111,2754],[397,2610],[1224,1292],[3893,11],[1800,-288],[1568,-465],[1481,-657],[1284,-1920],[1395,-1600],[8123,-2428],[8114,3],[6477,4550],[4190,4049]],[[340265,926583],[2068,-4643],[4935,-6952],[3024,-3434],[2704,-2461],[2541,-1191],[2782,-371],[6202,37],[1500,306]],[[82820,609534],[223,1865],[-242,1626],[-748,1309],[-5668,7224],[-1190,2375],[-76,1947],[1714,4708],[2102,3996],[327,1237],[86,2050],[232,661],[552,977],[1628,1992],[1635,654],[1759,-385],[5340,-3448],[1300,248],[1267,1950],[550,1926],[86,5373],[751,2775],[2126,5194],[630,2793],[-15,3196],[-11,2520],[-413,3028],[-768,2013],[-1058,752],[-1180,274],[-1069,400],[-783,1155],[-784,3415],[-414,1115],[-628,894],[-733,759],[-671,866],[-424,1242],[105,1802],[1809,5479],[94,3066],[-1715,9271],[0,27],[-851,1777],[-621,1909],[-337,2079],[0,2254],[854,4041],[-698,829],[-676,45]],[[86217,712789],[598,745],[7623,-1075],[7416,-5691],[9330,-5276],[4409,-626],[22801,739],[8647,1586],[8451,-2784],[10086,-8145],[5357,-2008],[147,-2574],[-2773,-18580],[25,-3934],[-154,-1807],[-646,-1398],[-2094,-2625],[-120,-1886],[-9699,-6743],[-3145,-6644],[-524,-7738],[336,-3951],[1274,-3604],[2145,-1997],[1799,-2431],[-524,-7557],[-1266,-7694],[2015,-2221],[5685,-390],[1034,2807],[43,4177],[878,3613],[2929,1221],[9664,2529],[2843,1155],[2403,2177],[2068,6816],[-2542,7066],[-3927,6322],[-474,3488],[388,3625],[-448,7808],[1412,6915],[2644,1167],[5789,-982],[5589,3322],[5902,2060],[2239,2205],[-1826,6806],[-3402,5266],[3996,6247],[-215,4198],[-784,4222],[-1016,2992],[-2291,850],[-1086,850],[-680,1839],[-1120,759],[-1421,8],[-6367,1240],[-6002,3106],[-5290,4918],[1362,6569],[11447,6318],[24635,6142],[6073,-227],[4926,-3659],[1146,-7769],[2971,-6635],[2654,-2075],[1326,-3477],[-491,-7993],[121,-4082],[1059,-3658],[2248,-959],[8329,18],[5530,1197],[14419,7552],[2868,952],[2894,294],[2136,2102],[880,1629],[2102,2924],[1232,1210],[2920,192],[2558,-2040]],[[199438,391168],[-1895,-8459],[-2567,-2859],[-3187,-1880],[-3851,-6316],[-679,-12492],[-897,-4582],[431,-5392],[6589,-22103]],[[193382,327085],[-59,-4162],[-4075,-1393],[-3634,-2324],[-1474,-4873],[-688,-4959],[25,-7820],[-242,-2791],[191,-2385],[-224,-2249],[-871,-809],[-2214,218],[-1033,594],[-4194,3402],[-3118,1623],[-3299,-1151],[-3541,-3514],[-2265,-4813],[-620,-2682],[-1309,-2221],[-3222,-2088]],[[117179,295610],[5702,37669],[-465,2891],[-1637,2476],[-1336,3292],[-1817,2904],[-2309,1753],[-1721,2375],[111,3039],[1404,2610],[749,2934],[432,3061],[292,6785],[1369,4736],[5626,-1856],[4272,3819],[-87,2331],[716,896],[947,855],[1525,2719],[1766,2305],[2601,-1251],[2300,-2541],[3058,-6134],[3402,-842],[1722,2187],[2412,2172],[500,624],[507,940],[639,752],[180,-329],[1430,1395],[1568,1209],[1490,723],[1844,385],[429,640],[706,1307],[174,3558],[-620,3539]],[[578753,424537],[-3058,5456],[-4487,3493],[-9768,5123],[-5194,221],[-5306,-1985],[-7640,-1635],[-7856,81],[-5082,1701],[-6934,4535],[-1817,4292],[465,5018],[-577,4315],[-2024,3532],[-1628,5013],[1438,4367],[2102,3141],[1973,3700],[3083,1237],[1938,2363],[3515,5880],[1240,3630],[413,2983],[-1490,2331],[-2300,1875],[-2627,-850],[-1275,-756],[-1404,-262],[-5685,-109],[-5469,1326],[-3988,5047],[-1301,7111],[-4065,3704],[-4825,2961]],[[509543,631078],[4790,1014],[4883,-1587],[2981,-4512],[1653,-5725],[423,-5110],[-104,-16608],[3067,-2550],[9664,2100],[5332,-2377],[1800,-7122],[345,-8516],[-646,-3138],[-1448,-2783],[-1102,-3007],[-413,-3229],[1998,-2482],[3032,-1162],[3729,-5387],[2860,-6241],[5194,-2063],[11749,-2681],[13205,836],[3221,837],[2989,1519],[2489,6391],[2119,2295],[5453,2571],[783,3405],[-1119,3681],[-3222,5650],[1086,2404],[1197,965],[2627,726],[40845,-23441],[13911,-10695],[2593,-1299]],[[196053,771059],[-1645,-1288],[-1809,-199],[-879,1638],[-1274,976],[-932,-460],[-990,-333],[-1327,890],[-1773,519],[-1740,-530],[-15841,-8796],[-2919,-4438],[-3636,-2794],[-3737,1512],[-2679,3773],[680,9916],[3687,9778],[2824,16220],[-550,40009],[2988,6498],[5961,1828],[5685,-2259],[3738,2348],[310,7850],[-2506,16738],[388,3928],[808,3841],[699,7531],[-1929,6506],[-2740,5854],[499,4180],[913,3975],[518,1414],[327,1603],[-18,1955],[285,1906],[1215,3090],[309,3227],[-1472,2232],[-2154,-863],[-1568,-2482],[-1257,-2738],[-2584,-1882],[-3170,320],[-2997,1744],[-2766,2360],[-2902,1285],[-3016,896],[-5666,2595],[-5168,3714],[-2525,3025],[-2558,2452],[-3023,-779],[-2885,-1713],[-5410,1078],[-6331,-202],[-729,-208]],[[120782,930299],[281,2392],[173,24915],[5392,213],[2506,583],[2326,1407],[13109,15309],[3902,3386],[4514,2176],[9927,2963],[16586,4954],[2669,349],[1912,-1048],[1878,-2189],[1895,-1030],[4842,-355],[8431,1858],[11939,-646],[2869,667],[956,498],[2558,2229],[1155,1665],[1395,3827],[955,1545],[2317,1426],[12310,2606],[2713,-715],[23588,-11415],[23588,-11414],[759,-522],[525,-562],[551,-296],[870,285],[4815,3300],[1602,409],[4532,-1201],[1498,-396],[5564,-3912],[11698,-13552],[13605,-18201],[6778,-15224]],[[541577,379084],[-15875,14675],[0,-584],[-3049,-287],[-9147,381],[-6065,1618],[-16822,6979],[-10982,-1545],[-4634,-4887],[-1352,-7325],[1921,-7483],[3953,-10699],[517,-3650],[-1068,-1699],[-620,135],[-1017,413],[-939,638],[-2075,1996],[-3859,2637],[-1895,2556],[-2421,870],[-2679,339],[-2652,974],[-4455,2875],[-2281,1038],[-7020,1491],[-1414,690],[-4177,3052],[-2859,971],[-5892,858],[-2868,828],[-3971,1675],[-5367,732],[-4229,1317]],[[525615,892057],[-76,-912],[-440,-1637],[-1438,-764],[-1034,-1148],[-732,-1423],[-672,-2036],[-895,-1731],[-3713,-3636],[-3988,-2606],[-4496,-1261],[-3326,341],[-1205,1331],[-1016,1619],[-2610,-1821],[-1904,-174],[-2102,1033],[-1912,1511],[-2282,4710],[-1456,5345],[-1576,1873],[-12826,-701],[-5487,829],[-5986,-154],[-8881,-1652],[-1171,-2710],[-689,-7002],[180,-6686],[4375,-3321],[6642,-199],[1766,-2388],[1025,-3106]],[[366021,907874],[481,98],[1783,1073],[3945,4250],[5065,7303],[1861,435],[8690,-1949],[2990,-22],[2610,1030],[30302,22337],[2842,1543],[2860,343],[21129,-3670],[2300,-1078],[956,-896],[1955,-2282],[2300,-1743],[2817,-2705],[1214,-705],[2472,-815],[1181,-683],[1102,-1180],[2076,-3044],[8321,-9286],[611,-475],[836,-394],[318,-38],[345,291],[947,582],[957,378],[2067,306],[990,-10],[2249,-587],[1989,-1175],[3644,-3351],[1628,-2188],[2394,-4852],[1430,-2127],[3058,-2162],[21956,-7949],[2923,-420]],[[51,376896],[-51,467],[188,796],[854,1985],[292,924],[320,6561],[1051,6592],[181,6222],[222,1905],[647,1762],[870,1736],[655,1912],[43,2284],[-568,2216],[-1637,4332],[-647,2296],[-301,2480],[104,1993],[637,4311],[0,964],[-206,1923],[17,922],[439,1302],[1663,2327],[663,1226],[653,3514],[-193,3039]],[[890737,982716],[90,18],[20611,-1074],[19069,-32581],[19068,-32582],[4686,-27706],[4686,-27705],[112,-8041],[126,-500]],[[568179,223357],[-499,-232],[-2454,-1905],[-2524,-6070],[-2326,-1750],[-1318,-98],[-1051,113],[-981,-123],[-1146,-783],[-1137,-1610],[-2377,-6253],[-2128,-3712],[-11430,-11474],[-7692,-9958],[0,-16],[-1783,-3214],[-1051,-1402],[-1335,-859],[-448,-707],[-181,-2965],[-301,-1357],[-1473,-227],[-1818,816],[-1791,317],[-1421,-1702],[-1120,-1769],[-2946,-2458],[-887,-1713],[155,-2112],[896,-1652],[732,-1814],[-371,-2614],[-1464,-2234],[-1473,-1358],[-637,-1496],[1094,-2632],[1679,-2029],[1861,-1793],[1567,-2050],[853,-2774],[-370,-2512],[-1266,-2031],[-1568,-1871],[-1249,-2025],[-517,-2254],[121,-2035],[292,-2012],[44,-2197],[-552,-2329],[-1791,-4402],[-534,-2518],[95,-1373],[689,-2514],[86,-1108],[-2231,-14140],[-603,-1342],[-870,-495],[-982,-212],[-931,-528],[-835,-1110],[-1619,-3087],[-517,-1392],[-1232,-4541],[-775,-2054],[-1240,-2163],[0,-17],[-3273,-6454],[-509,-1882],[-2274,-2094],[-732,-1596],[267,-2216],[250,-1438],[310,-1492],[-1421,-1724],[-45,19],[-176,492],[-563,486],[-753,225],[-672,-403],[-874,-910],[-747,-1067],[-325,-822],[-163,-914],[-739,-1999],[-224,-1060],[68,-1029],[542,-1503],[-40,-956],[-733,-1636],[-956,-503],[-1119,216],[-1241,507],[-373,-126],[-807,-90],[-570,285],[359,991],[353,685],[393,1102],[177,1025],[-353,448],[-746,-236],[-1614,-1008],[-1085,-238],[-2469,1152],[-149,2862],[820,3707],[387,3645],[-516,0],[-556,-3549],[-1838,-1828],[-2380,161],[-2171,2446],[272,399],[352,1016],[-651,203],[-1668,1152],[380,1406],[-685,1162],[-2259,2117],[-1995,1389],[-94,92],[-475,1721],[-936,2239],[-596,928],[-1031,382],[-916,494],[-1011,1119],[-827,1199],[-421,736],[-515,0],[0,-639],[4565,-5375],[1119,-1796],[2170,-4963],[325,-2423],[-1357,-1143],[544,-1427],[841,-1655],[949,-1381],[800,-571],[357,-389]],[[469055,53099],[-986,237],[-3196,2936],[-9784,12706],[-2989,5279],[-2231,5210],[-1155,5768],[612,12732],[-1387,2010],[-3712,2871],[-2154,708],[-4892,-1051],[-1662,1603],[-957,1921],[-1361,4439],[2343,3269]],[[468448,250145],[2731,317],[2515,1708],[2248,3021],[2455,2293],[3282,-81],[3324,-663],[3670,120],[3566,1144],[2756,1857],[1447,2950],[-784,3934],[1086,3354],[5375,2536],[5710,-628],[6004,-2632],[10009,-7304],[2050,-5360],[-801,-6236],[1619,-1726],[2248,-611],[4729,106],[13153,3078],[7365,-4644],[9957,-14591],[2369,-5373],[1648,-3357]],[[194347,164716],[-9761,15795],[-1702,1986],[-3275,1762],[-1521,2134],[-2101,4108],[-2910,3782],[-2563,2579],[-6267,4916],[-2761,2173],[-5115,5963],[-3193,2549],[-1338,730]],[[193382,327085],[5840,2362],[3144,148],[9123,-811],[5934,426],[4220,-1604],[2042,-5057],[1758,-7216],[4693,-2275],[8777,9203],[4565,13238],[1492,9889],[1102,3023],[3618,4830],[2195,1554],[1026,1756],[810,1876],[2161,1479],[2292,-1260],[2067,987],[1473,2969]],[[661598,856595],[-11008,-8961],[-4393,1346],[-2558,2043],[-6296,-1318],[-2584,-1232],[-1895,-2261],[-1180,-4470],[-784,-4623],[-6004,-20704],[-551,-3402],[758,-4267],[-1387,-3556],[-25384,-11894],[-2731,-2146],[-2808,-1611],[-7020,-720],[-4453,-4978],[-1757,-7702],[3540,-2931],[5074,1799],[2988,402],[2860,-823],[1318,-3460],[1258,-7433],[86,-3582],[-2757,-6335],[-353,-3422],[1637,-2777],[2748,-36],[1429,539],[3463,-7438],[7993,-13122],[6064,-2963],[13291,-3050],[7115,-335],[6003,-2466],[-379,-3372],[-2015,-2891],[-2877,-2168],[-9208,-4425],[-1731,-7023],[930,-3765],[-2257,-1772],[-3247,1511],[-2903,1816],[-13144,-1214],[-4763,2413],[-1956,5760],[750,6702],[-18,6736],[-1843,6271],[-3652,4142],[-4806,-1501],[-10750,-952],[-4221,1824],[-3273,5133],[-5177,-954],[-5306,373],[-5211,2676],[-4987,1711],[-5091,126]],[[525615,892057],[24296,-3474],[3092,5],[4445,1536],[1507,123],[17701,-2538],[1766,161],[577,296],[904,729],[956,1013],[577,833]],[[581436,890741],[2279,-763],[7907,-3192],[7287,3875],[1266,2598],[982,2781],[1516,1369],[5763,2928],[4057,1312],[7855,3886],[3730,1166],[3480,-1292],[2153,-4028],[2179,-10405],[801,-2611],[3601,-670],[5495,1920],[2739,-271],[2998,-1743],[3084,-844],[2833,123],[2317,-2135],[2541,-6680],[1525,-14699],[1774,-6771]],[[661598,856595],[5703,-4763],[4772,-5663],[1102,-3951],[1283,-8199],[121,-4193],[414,-3662],[1722,-3287],[1628,-4033],[517,-4499],[86,-7260],[2524,-16629],[10017,-30361],[491,-8812],[-2894,-16082],[2197,-3534],[4048,-771]],[[581199,234079],[-1012,-9],[-2472,-621],[-1240,-1296],[-1947,-4592],[-1318,-1607],[-1696,-1056],[-3335,-1541]],[[86217,712789],[-100,6],[-784,-175],[-688,143],[-2015,2358],[-14937,25932],[-1239,2829],[-147,2393],[1671,5599],[526,1584],[989,4690],[5788,12123],[1835,2367],[4282,3146],[1007,1259],[595,2248],[-413,2060],[-1026,1909],[-1956,2571],[-352,258],[-285,350],[-474,1102],[-267,1022],[-482,5911],[379,1705],[922,1490],[1421,1802],[1413,3458],[-387,3559],[-2076,7623],[43,4518],[2247,13671],[-827,25914],[346,1097],[18226,16770],[5392,6319],[13307,25588],[2631,22311]],[[581436,890741],[14307,20677],[2791,3253],[1602,1261],[888,382],[422,-76],[336,76],[663,841],[387,1044],[319,2544],[353,1084],[1473,1745],[15806,10837],[3480,1781],[40533,10637],[2259,593],[8028,789],[15143,-2164],[40587,264],[25194,-7804],[9208,-4585],[11593,-8670],[3843,-3719],[1636,-998],[4901,-1449],[2765,285],[1180,247],[1748,1471],[1388,347],[4203,-1813],[948,-640],[318,-696],[35,-576],[146,-392],[663,-145],[310,247],[371,538],[517,500],[792,135],[827,-571],[620,-914],[612,-524],[792,589],[1361,-487],[2931,-127]],[[469055,53099],[478,-523],[1254,-4471],[1031,-1729],[-284,-651],[-665,-2325],[-122,-962],[332,-1490],[807,-585],[943,-355],[753,-801],[244,-2426],[-1282,-1458],[-1628,-1220],[-793,-1680],[-1140,-3164],[-814,-492],[-793,-182],[-3629,4],[-4747,670],[-7135,0],[-3473,636],[-1607,-64],[-2774,-1809],[-1614,-250],[-3670,0],[-14236,-2062],[-786,585],[-1058,156],[-991,-411],[-630,-1109],[895,50],[773,-101],[644,-255],[536,-406],[-1797,-589],[-2700,-174],[-2441,484],[-1079,1381],[-1159,381],[-7380,648],[279,435],[156,340],[230,304],[468,343],[-1058,406],[-977,-182],[-691,69],[-163,1194],[285,610],[569,465],[577,610],[325,1093],[-244,512],[-1512,2393],[244,402],[373,1021],[-1261,1800],[284,2646],[1499,4862],[-522,0],[-937,-865]]],"transform":{"scale":[0.00001199886616886617,0.000009608138258138259],"translate":[2.67108199,4.27216218]},"bbox":[2.67108199,4.27216218,14.66993616,13.88029083]}