{"type":"Topology","objects":{"all":{"type":"GeometryCollection","bbox":[13.36526127,16.51530155,45.42363678,46.8639623],"geometries":[{"type":"Polygon","properties":{"a":2827,"b":"Bohinj","c":13.90406,"d":46.2931},"arcs":[[0,1,2,3,4,5,6,7]]},{"type":"Polygon","properties":{"a":2963,"b":"Trbovlje","c":15.03752,"d":46.07908},"arcs":[[8,9,10]]},{"type":"Polygon","properties":{"a":2924,"b":"Bloke","c":14.50427,"d":45.78893},"arcs":[[11,12,13,14,15]]},{"type":"Polygon","properties":{"a":2928,"b":"Jesenice","c":14.06445,"d":46.44513},"arcs":[[16,17,18,19]]},{"type":"Polygon","properties":{"a":2876,"b":"Kamnik","c":14.66091,"d":46.23687},"arcs":[[20,21,22,23,24,25,26,27,28,29,30,31,32]]},{"type":"Polygon","properties":{"a":3005,"b":"Šmartno ob Paki","c":15.03651,"d":46.34402},"arcs":[[33,34,35,36]]},{"type":"Polygon","properties":{"a":2956,"b":"Crnomelj","c":15.21015,"d":45.48174},"arcs":[[37,38,39,40]]},{"type":"Polygon","properties":{"a":2941,"b":"Markovci","c":15.9501,"d":46.39479},"arcs":[[41,42,43,44]]},{"type":"Polygon","properties":{"a":2900,"b":"Trnovska Vas","c":15.87927,"d":46.51206},"arcs":[[45,46,47]]},{"type":"Polygon","properties":{"a":2875,"b":"Domale","c":14.64214,"d":46.14215},"arcs":[[48,49,50,51,52,53,-27]]},{"type":"Polygon","properties":{"a":2844,"b":"Hrpelje-Kozina","c":13.99003,"d":45.5688},"arcs":[[54,55,56,57,58,59]]},{"type":"Polygon","properties":{"a":2935,"b":"Krievci","c":16.13219,"d":46.55823},"arcs":[[60,61,62,63,64]]},{"type":"Polygon","properties":{"a":2942,"b":"Cankova","c":16.05945,"d":46.68688},"arcs":[[65,66,67,68,69,70]]},{"type":"Polygon","properties":{"a":2909,"b":"Dobrna","c":15.2347,"d":46.36136},"arcs":[[71,72,73,74,75,76]]},{"type":"Polygon","properties":{"a":2927,"b":"Ribnica na Pohorju","c":15.25743,"d":46.52568},"arcs":[[77,78,79,80,81,82]]},{"type":"Polygon","properties":{"a":2934,"b":"Ljutomer","c":16.19029,"d":46.5109},"arcs":[[83,84,85,86,87,88,-62,89,90]]},{"type":"Polygon","properties":{"a":2997,"b":"Šentilj","c":15.73754,"d":46.68912},"arcs":[[91,92,93,94,95,96]]},{"type":"Polygon","properties":{"a":2966,"b":"Ivancna Gorica","c":14.81847,"d":45.9567},"arcs":[[97,98,99,100,101,102]]},{"type":"Polygon","properties":{"a":2884,"b":"Podvelka","c":15.37586,"d":46.60609},"arcs":[[103,104,-83,105,106]]},{"type":"Polygon","properties":{"a":2840,"b":"Ajdovšcina","c":13.87664,"d":45.9034},"arcs":[[107,108,109,110,111,112]]},{"type":"Polygon","properties":{"a":2874,"b":"Dobrova-Polhov Gradec","c":14.31691,"d":46.06363},"arcs":[[113,114,115,116,117,118,119,120,121]]},{"type":"Polygon","properties":{"a":2881,"b":"Majšperk","c":15.76039,"d":46.3213},"arcs":[[122,123,124,125,126,127]]},{"type":"Polygon","properties":{"a":2931,"b":"Šempeter-Vrtojba","c":13.64438,"d":45.91977},"arcs":[[128,129,130]]},{"type":"Polygon","properties":{"a":2932,"b":"Crenšovci","c":16.29503,"d":46.5585},"arcs":[[131,132,133,-84,134,135,136]]},{"type":"Polygon","properties":{"a":2960,"b":"Gornji Grad","c":14.79185,"d":46.29124},"arcs":[[137,138,-22,139,140]]},{"type":"Polygon","properties":{"a":2867,"b":"Kuzma","c":16.08688,"d":46.84226},"arcs":[[141,142,143,144]]},{"type":"Polygon","properties":{"a":2913,"b":"Prebold","c":15.10342,"d":46.21505},"arcs":[[145,146,147,148,149]]},{"type":"Polygon","properties":{"a":2905,"b":"Lovrenc na Pohorju","c":15.38875,"d":46.52733},"arcs":[[150,151,152,153,154,-78,-105]]},{"type":"Polygon","properties":{"a":2866,"b":"Šalovci","c":16.25636,"d":46.8434},"arcs":[[155,156,157,158,159]]},{"type":"Polygon","properties":{"a":2835,"b":"Škofja Loka","c":14.30334,"d":46.16367},"arcs":[[160,-122,161,162,163]]},{"type":"Polygon","properties":{"a":2958,"b":"Dravograd","c":15.03992,"d":46.59712},"arcs":[[164,165,166,167,168]]},{"type":"Polygon","properties":{"a":2923,"b":"Dobrepolje","c":14.70163,"d":45.85426},"arcs":[[-100,169,170,171,172,173]]},{"type":"Polygon","properties":{"a":2901,"b":"etale","c":15.81198,"d":46.28002},"arcs":[[174,175,176,-124,177]]},{"type":"Polygon","properties":{"a":2839,"b":"iri","c":14.118,"d":46.04833},"arcs":[[178,179,180]]},{"type":"Polygon","properties":{"a":2822,"b":"Vrhnika","c":14.2871,"d":45.97196},"arcs":[[181,182,183,-119,184,-117,185]]},{"type":"Polygon","properties":{"a":2862,"b":"Ormo","c":16.14432,"d":46.43624},"arcs":[[186,187,188,189,190,-88]]},{"type":"Polygon","properties":{"a":2824,"b":"Zasavska","c":14.92665,"d":46.15027},"arcs":[[191,192,193,194,195,-25,196]]},{"type":"Polygon","properties":{"a":3000,"b":"Škocjan","c":15.30209,"d":45.92097},"arcs":[[197,198,199,200]]},{"type":"Polygon","properties":{"a":2944,"b":"Gornji Petrovci","c":16.21391,"d":46.81116},"arcs":[[201,202,203,-142,204,-159]]},{"type":"Polygon","properties":{"a":2911,"b":"Vransko","c":14.94286,"d":46.24346},"arcs":[[205,-197,-24,206,207]]},{"type":"Polygon","properties":{"a":2863,"b":"Sveti Jurij","c":16.04059,"d":46.56782},"arcs":[[-63,-89,208,209,210,211,212]]},{"type":"Polygon","properties":{"a":3001,"b":"Škofljica","c":14.57374,"d":45.99769},"arcs":[[213,214,215,216]]},{"type":"Polygon","properties":{"a":2880,"b":"Luce","c":14.72242,"d":46.35029},"arcs":[[217,-140,-21,218,219]]},{"type":"Polygon","properties":{"a":2973,"b":"Osrednjeslovenska","c":14.58412,"d":46.04937},"arcs":[[220,-52,221,222,-102,223,-217,224,225,-115,226,227,228]]},{"type":"Polygon","properties":{"a":2836,"b":"Tolmin","c":13.79954,"d":46.1908},"arcs":[[229,230,231,232,233,234,235,-5]]},{"type":"Polygon","properties":{"a":2845,"b":"Izola","c":13.64548,"d":45.52052},"arcs":[[236,237,238]]},{"type":"Polygon","properties":{"a":2837,"b":"Tric","c":14.33524,"d":46.38743},"arcs":[[239,240,241,242,243,244]]},{"type":"Polygon","properties":{"a":2869,"b":"Benedikt","c":15.89032,"d":46.61391},"arcs":[[245,246,247]]},{"type":"Polygon","properties":{"a":2985,"b":"Muta","c":15.13844,"d":46.62555},"arcs":[[248,249,-165,250]]},{"type":"Polygon","properties":{"a":2861,"b":"Odranci","c":16.27007,"d":46.58857},"arcs":[[-136,251]]},{"type":"Polygon","properties":{"a":2969,"b":"Spodnjeposavska","c":15.46862,"d":45.93549},"arcs":[[252,253,254,255,-198,256,257,258]]},{"type":"Polygon","properties":{"a":2841,"b":"Bovec","c":13.62412,"d":46.35469},"arcs":[[-7,259,260,261]]},{"type":"Polygon","properties":{"a":2967,"b":"Kidricevo","c":15.75825,"d":46.39415},"arcs":[[262,263,-128,264,265,266]]},{"type":"Polygon","properties":{"a":2922,"b":"Dobje","c":15.40137,"d":46.13284},"arcs":[[267,268]]},{"type":"Polygon","properties":{"a":2888,"b":"Ribnica","c":14.74201,"d":45.72658},"arcs":[[269,270,271,272,273,-172]]},{"type":"Polygon","properties":{"a":2865,"b":"Zavrc","c":16.05717,"d":46.37035},"arcs":[[-188,274,275]]},{"type":"Polygon","properties":{"a":2982,"b":"Mislinja","c":15.22282,"d":46.45714},"arcs":[[-155,276,277,-76,278,279,-79]]},{"type":"Polygon","properties":{"a":2993,"b":"Rogaška Slatina","c":15.64287,"d":46.24938},"arcs":[[-126,280,281,282,283,284]]},{"type":"Polygon","properties":{"a":2848,"b":"Komen","c":13.75037,"d":45.81661},"arcs":[[-111,285,286,287,288,289]]},{"type":"Polygon","properties":{"a":2929,"b":"irovnica","c":14.16827,"d":46.41212},"arcs":[[-244,290,291,-17,292]]},{"type":"Polygon","properties":{"a":2968,"b":"Kozje","c":15.54178,"d":46.07714},"arcs":[[293,294,295,-259,296,297]]},{"type":"Polygon","properties":{"a":2921,"b":"Solcava","c":14.65588,"d":46.40709},"arcs":[[298,-219,-33,299,300]]},{"type":"Polygon","properties":{"a":2959,"b":"Duplek","c":15.77005,"d":46.51274},"arcs":[[301,302,303,304,305]]},{"type":"Polygon","properties":{"a":2873,"b":"Destrnik","c":15.88517,"d":46.48513},"arcs":[[306,307,308,309,-47]]},{"type":"Polygon","properties":{"a":2945,"b":"Gornji Petrovci","c":16.13005,"d":46.7478},"arcs":[[310,311,-66,312,313,-203]]},{"type":"Polygon","properties":{"a":2971,"b":"Laško","c":15.27758,"d":46.13034},"arcs":[[314,315,-268,316,317,318,319,320,321]]},{"type":"Polygon","properties":{"a":2916,"b":"Kocevje","c":14.83941,"d":45.74155},"arcs":[[322,-270,-171,323]]},{"type":"Polygon","properties":{"a":2906,"b":"Trzin","c":14.54899,"d":46.12764},"arcs":[[-221,324,-53]]},{"type":"Polygon","properties":{"a":2871,"b":"Hodoš","c":16.3149,"d":46.82409},"arcs":[[-156,325]]},{"type":"Polygon","properties":{"a":2912,"b":"Mirna Pec","c":15.08714,"d":45.85371},"arcs":[[326,327,328]]},{"type":"Polygon","properties":{"a":2882,"b":"Novo Mesto","c":15.19123,"d":45.78244},"arcs":[[329,330,331,332,333,334,-327,335,-200]]},{"type":"Polygon","properties":{"a":3006,"b":"Šoštanj","c":14.99774,"d":46.41764},"arcs":[[336,-37,337,338,339,340]]},{"type":"Polygon","properties":{"a":2838,"b":"elezniki","c":14.12154,"d":46.21942},"arcs":[[341,-163,342,343,-230,-4]]},{"type":"Polygon","properties":{"a":2990,"b":"Race-Fram","c":15.67005,"d":46.44682},"arcs":[[344,345,-266,346,347]]},{"type":"Polygon","properties":{"a":2860,"b":"Pomurska","c":16.17359,"d":46.65061},"arcs":[[348,-65,-67,-312,349]]},{"type":"Polygon","properties":{"a":2850,"b":"Miren-Kostanjevica","c":13.63932,"d":45.85544},"arcs":[[350,-289,351,-129]]},{"type":"Polygon","properties":{"a":2826,"b":"Bled","c":14.03345,"d":46.37721},"arcs":[[-292,352,-1,353,-18]]},{"type":"Polygon","properties":{"a":2964,"b":"Ig","c":14.51067,"d":45.93424},"arcs":[[-216,354,355,-225]]},{"type":"Polygon","properties":{"a":2885,"b":"Preddvor","c":14.47134,"d":46.32514},"arcs":[[-31,356,357,358,359]]},{"type":"Polygon","properties":{"a":3010,"b":"Trebnje","c":15.04016,"d":45.92862},"arcs":[[360,-336,-329,361,-98,362]]},{"type":"Polygon","properties":{"a":2914,"b":"Polzela","c":15.08868,"d":46.30515},"arcs":[[363,-150,364,-34,365]]},{"type":"Polygon","properties":{"a":2995,"b":"Semic","c":15.15796,"d":45.64994},"arcs":[[-41,366,367,-333,368]]},{"type":"Polygon","properties":{"a":2962,"b":"Hrastnik","c":15.12336,"d":46.13119},"arcs":[[369,370,-320]]},{"type":"Polygon","properties":{"a":2981,"b":"Meica","c":14.84577,"d":46.52567},"arcs":[[371,372,373]]},{"type":"Polygon","properties":{"a":2829,"b":"Gorenja Vas-Poljane","c":14.1199,"d":46.11461},"arcs":[[-121,-181,374,-343,-162]]},{"type":"Polygon","properties":{"a":2996,"b":"Šencur","c":14.4167,"d":46.22776},"arcs":[[375,376,377,-358,378]]},{"type":"Polygon","properties":{"a":2825,"b":"Zrece","c":15.37714,"d":46.41711},"arcs":[[379,380,381,382,383,-277,-154]]},{"type":"Polygon","properties":{"a":2975,"b":"Logatec","c":14.18279,"d":45.92096},"arcs":[[-184,384,385,-108,386,-179,-120]]},{"type":"Polygon","properties":{"a":2910,"b":"Tabor","c":15.01537,"d":46.22077},"arcs":[[-148,387,-192,-206,388]]},{"type":"Polygon","properties":{"a":2892,"b":"Videm","c":15.89033,"d":46.36661},"arcs":[[-43,389,390,391,-178,-123,-264,392,393]]},{"type":"Polygon","properties":{"a":2943,"b":"Gornja Radgona","c":15.96021,"d":46.6603},"arcs":[[-69,394,-212,395,396,-248,397,-92,398]]},{"type":"Polygon","properties":{"a":2893,"b":"Vojnik","c":15.30832,"d":46.32181},"arcs":[[399,400,401,-72,402,-383]]},{"type":"Polygon","properties":{"a":2939,"b":"Velika Polana","c":16.36446,"d":46.57997},"arcs":[[403,-132,404]]},{"type":"Polygon","properties":{"a":2930,"b":"Goriška","c":13.71715,"d":45.98224},"arcs":[[405,-112,-290,-351,-131,406,407,408,-233]]},{"type":"Polygon","properties":{"a":2952,"b":"Celje","c":15.28571,"d":46.24991},"arcs":[[409,410,-322,411,-73,-402]]},{"type":"Polygon","properties":{"a":2988,"b":"Notranjsko-kraška","c":14.20446,"d":45.68045},"arcs":[[412,413,414,415,416]]},{"type":"Polygon","properties":{"a":2849,"b":"Koper","c":13.82507,"d":45.50893},"arcs":[[417,418,-239,419,-58]]},{"type":"Polygon","properties":{"a":2998,"b":"Šentjernej","c":15.34086,"d":45.81971},"arcs":[[420,-330,-199,-256]]},{"type":"Polygon","properties":{"a":2853,"b":"Vipava","c":13.97439,"d":45.82078},"arcs":[[421,422,423,-286,-110]]},{"type":"Polygon","properties":{"a":2917,"b":"Braslovce","c":15.022,"d":46.283},"arcs":[[-365,-149,-389,-208,424,425,-35]]},{"type":"Polygon","properties":{"a":2961,"b":"Grosuplje","c":14.66161,"d":45.93797},"arcs":[[-101,-174,426,-214,-224]]},{"type":"Polygon","properties":{"a":3003,"b":"Slovenske Konjice","c":15.4588,"d":46.32279},"arcs":[[427,428,429,-400,-382,430]]},{"type":"Polygon","properties":{"a":2957,"b":"Dol pri Ljubljani","c":14.67607,"d":46.09377},"arcs":[[431,432,-222,-51]]},{"type":"Polygon","properties":{"a":2965,"b":"Ilirska Bistrica","c":14.29427,"d":45.55553},"arcs":[[433,434,-56,435,-414]]},{"type":"Polygon","properties":{"a":2902,"b":"Podlehnik","c":15.86858,"d":46.31109},"arcs":[[436,-175,-392]]},{"type":"Polygon","properties":{"a":2896,"b":"Oplotnica","c":15.45489,"d":46.38571},"arcs":[[-431,-381,437]]},{"type":"Polygon","properties":{"a":2984,"b":"Mozirje","c":14.93919,"d":46.35189},"arcs":[[-36,-426,438,-138,439,-338]]},{"type":"Polygon","properties":{"a":2852,"b":"Seana","c":13.86965,"d":45.76288},"arcs":[[440,-60,441,-287,-424]]},{"type":"Polygon","properties":{"a":2974,"b":"Ljubno","c":14.84679,"d":46.37549},"arcs":[[-339,-440,-141,-218,442]]},{"type":"Polygon","properties":{"a":2937,"b":"Sveti Andra v Slovenskih Goricah","c":15.96882,"d":46.5249},"arcs":[[443,-307,-46,444,445,-210]]},{"type":"Polygon","properties":{"a":3007,"b":"Podravska","c":15.76654,"d":46.45573},"arcs":[[446,447,-267,-346,448,-303]]},{"type":"Polygon","properties":{"a":2828,"b":"Cerkno","c":13.96846,"d":46.12938},"arcs":[[-375,449,-231,-344]]},{"type":"Polygon","properties":{"a":2831,"b":"Kranj","c":14.33162,"d":46.23499},"arcs":[[-378,450,-164,-342,-3,451,452,-241,-359]]},{"type":"Polygon","properties":{"a":3008,"b":"Štore","c":15.3361,"d":46.19834},"arcs":[[453,-315,-411]]},{"type":"Polygon","properties":{"a":2904,"b":"Selnica ob Dravi","c":15.49914,"d":46.58233},"arcs":[[454,-151,-104,455,456]]},{"type":"Polygon","properties":{"a":2854,"b":"Beltinci","c":16.23514,"d":46.6125},"arcs":[[457,-252,-135,-91,458,-349,459]]},{"type":"Polygon","properties":{"a":2987,"b":"Pesnica","c":15.70972,"d":46.62402},"arcs":[[460,461,462,-95]]},{"type":"Polygon","properties":{"a":2832,"b":"Kranjska Gora","c":13.84637,"d":46.46231},"arcs":[[-19,-354,-8,-262,463]]},{"type":"Polygon","properties":{"a":2823,"b":"Vuzenica","c":15.14561,"d":46.57207},"arcs":[[-81,464,-166,-250,465]]},{"type":"Polygon","properties":{"a":2859,"b":"Moravske Toplice","c":16.26357,"d":46.70765},"arcs":[[466,467,468,469,-460,-350,-311,-202,-158]]},{"type":"Polygon","properties":{"a":2878,"b":"Lenart","c":15.83264,"d":46.57342},"arcs":[[470,-246,-397,471,-445,-48,-310,472,-306,473,-461,-94]]},{"type":"Polygon","properties":{"a":2994,"b":"Rogatec","c":15.73727,"d":46.23505},"arcs":[[-177,474,-281,-125]]},{"type":"Polygon","properties":{"a":2898,"b":"Miklav na Dravskem Polju","c":15.72262,"d":46.4825},"arcs":[[-304,-449,-345,475,476]]},{"type":"Polygon","properties":{"a":2977,"b":"Lukovica","c":14.76689,"d":46.18184},"arcs":[[477,-49,-26,-196]]},{"type":"Polygon","properties":{"a":2834,"b":"Gorenjska","c":14.19485,"d":46.32141},"arcs":[[478,-452,-2,-353,-291,-243]]},{"type":"Polygon","properties":{"a":2948,"b":"Borovnica","c":14.37871,"d":45.91422},"arcs":[[479,-182,480]]},{"type":"Polygon","properties":{"a":2886,"b":"Ptuj","c":15.90033,"d":46.43472},"arcs":[[-309,481,482,-44,-394,483,-447,-302,-473]]},{"type":"Polygon","properties":{"a":2899,"b":"Hoce-Slivnica","c":15.6224,"d":46.4931},"arcs":[[-476,-348,484,485,486]]},{"type":"Polygon","properties":{"a":2870,"b":"Sveta Ana","c":15.84171,"d":46.65693},"arcs":[[-247,-471,-93,-398]]},{"type":"Polygon","properties":{"a":2895,"b":"Komenda","c":14.54068,"d":46.2028},"arcs":[[487,488,489,-29]]},{"type":"Polygon","properties":{"a":2954,"b":"Cerknica","c":14.35463,"d":45.80608},"arcs":[[-480,490,491,-15,492,-417,493,-385,-183]]},{"type":"Polygon","properties":{"a":2868,"b":"Cerkvenjak","c":15.94726,"d":46.55799},"arcs":[[-211,-446,-472,-396]]},{"type":"Polygon","properties":{"a":2890,"b":"Šentjur pri Celju","c":15.41983,"d":46.17825},"arcs":[[494,495,-297,-258,496,-317,-269,-316,-454,-410,-401,-430]]},{"type":"Polygon","properties":{"a":2999,"b":"Sevnica","c":15.29855,"d":46.00208},"arcs":[[-497,-257,-201,-361,497,498,-318]]},{"type":"Polygon","properties":{"a":2992,"b":"Radlje ob Dravi","c":15.25462,"d":46.61847},"arcs":[[-82,-466,-249,499,-106]]},{"type":"Polygon","properties":{"a":2919,"b":"Jugovzhodna Slovenija","c":15.04617,"d":45.71366},"arcs":[[-334,-368,500,501]]},{"type":"Polygon","properties":{"a":2889,"b":"Ruše","c":15.49175,"d":46.51699},"arcs":[[-486,502,-152,-455,503]]},{"type":"Polygon","properties":{"a":3004,"b":"Šmarje pri Jelšah","c":15.52984,"d":46.21348},"arcs":[[-284,504,-495,-429,505]]},{"type":"Polygon","properties":{"a":2946,"b":"Radenci","c":16.05556,"d":46.62225},"arcs":[[-64,-213,-395,-68]]},{"type":"Polygon","properties":{"a":2846,"b":"Kanal","c":13.66077,"d":46.09451},"arcs":[[-409,506,507,-234]]},{"type":"Polygon","properties":{"a":2908,"b":"uemberk","c":14.96157,"d":45.8088},"arcs":[[-328,-335,-502,508,-324,-170,-99,-362]]},{"type":"Polygon","properties":{"a":2950,"b":"Krsko","c":15.57886,"d":46.00987},"arcs":[[-253,-296]]},{"type":"Polygon","properties":{"a":2907,"b":"Jezersko","c":14.47314,"d":46.38219},"arcs":[[-300,-32,-360,-240,509]]},{"type":"Polygon","properties":{"a":2857,"b":"Dornava","c":15.9808,"d":46.48544},"arcs":[[-191,510,-482,-308,-444,-209]]},{"type":"Polygon","properties":{"a":2858,"b":"Kobilje","c":16.38514,"d":46.68258},"arcs":[[511,-468,512]]},{"type":"Polygon","properties":{"a":2938,"b":"Razkrije","c":16.28108,"d":46.52546},"arcs":[[513,-86]]},{"type":"Polygon","properties":{"a":2877,"b":"Kocevje","c":14.8911,"d":45.60459},"arcs":[[-501,-367,-40,514,515,516,-271,-323,-509]]},{"type":"Polygon","properties":{"a":2926,"b":"Maribor","c":15.65716,"d":46.55009},"arcs":[[-462,-474,-305,-477,-487,-504,-457,517,518]]},{"type":"Polygon","properties":{"a":2920,"b":"Horjul","c":14.293,"d":46.0229},"arcs":[[-185,-118]]},{"type":"Polygon","properties":{"a":2918,"b":"Sodraica","c":14.62331,"d":45.75361},"arcs":[[519,-12,520,-273]]},{"type":"Polygon","properties":{"a":2883,"b":"Bistrica ob Sotli","c":15.56695,"d":46.1435},"arcs":[[521,522,-298,-496,-505,-283]]},{"type":"Polygon","properties":{"a":2979,"b":"Mengeš","c":14.56041,"d":46.15368},"arcs":[[-54,-325,-229,523,-488,-28]]},{"type":"Polygon","properties":{"a":2821,"b":"Vodice","c":14.4961,"d":46.17159},"arcs":[[-489,-524,-228,524,-376,525]]},{"type":"Polygon","properties":{"a":2830,"b":"Idrija","c":14.00195,"d":45.9895},"arcs":[[-180,-387,-113,-406,-232,-450]]},{"type":"Polygon","properties":{"a":2940,"b":"Dobrovnik","c":16.35527,"d":46.66018},"arcs":[[-512,526,527,528,-469]]},{"type":"Polygon","properties":{"a":2951,"b":"Brezovica","c":14.41418,"d":45.95146},"arcs":[[-226,-356,-491,-481,-186,-116]]},{"type":"Polygon","properties":{"a":2855,"b":"Dornava","c":16.00455,"d":46.44374},"arcs":[[529,-45,-483,-511,-190]]},{"type":"Polygon","properties":{"a":2819,"b":"Velenje","c":15.13477,"d":46.37216},"arcs":[[-279,-75,530,-366,-337,531]]},{"type":"Polygon","properties":{"a":2842,"b":"Brda","c":13.53797,"d":46.00689},"arcs":[[-408,532,-507]]},{"type":"Polygon","properties":{"a":2947,"b":"Rogašovci","c":16.00147,"d":46.80172},"arcs":[[533,-313,-71,534,-144]]},{"type":"Polygon","properties":{"a":2851,"b":"Piran","c":13.6385,"d":45.47856},"arcs":[[-237,-419,535]]},{"type":"Polygon","properties":{"a":2903,"b":"Prevalje","c":14.87763,"d":46.56589},"arcs":[[536,-374,537,538]]},{"type":"Polygon","properties":{"a":2991,"b":"Radece","c":15.14146,"d":46.06072},"arcs":[[-319,-499,539,-9,540,-370]]},{"type":"Polygon","properties":{"a":2986,"b":"Nazarje","c":14.91977,"d":46.29253},"arcs":[[-425,-207,-23,-139,-439]]},{"type":"Polygon","properties":{"a":2879,"b":"Loška Dolina","c":14.49325,"d":45.66957},"arcs":[[541,542,-434,-413,-493,-14]]},{"type":"Polygon","properties":{"a":2843,"b":"Divaca","c":14.00537,"d":45.67501},"arcs":[[543,-415,-436,-55,-441,-423]]},{"type":"Polygon","properties":{"a":2933,"b":"Lendava","c":16.4197,"d":46.55753},"arcs":[[-133,-404,544,-528,545]]},{"type":"Polygon","properties":{"a":2915,"b":"Kostel","c":14.71723,"d":45.5364},"arcs":[[546,547,-516]]},{"type":"Polygon","properties":{"a":2983,"b":"Moravce","c":14.75553,"d":46.13625},"arcs":[[-195,548,-432,-50,-478]]},{"type":"Polygon","properties":{"a":2953,"b":"Cerklje na Gorenjskem","c":14.50451,"d":46.25609},"arcs":[[-490,-526,-379,-357,-30]]},{"type":"Polygon","properties":{"a":2856,"b":"Gorišnica","c":16.00167,"d":46.35046},"arcs":[[-189,-276,549,-390,-42,-530]]},{"type":"Polygon","properties":{"a":2955,"b":"Crna na Koroškem","c":14.82266,"d":46.46685},"arcs":[[-537,550,551,-340,-443,-220,-299,552,-372]]},{"type":"Polygon","properties":{"a":2887,"b":"Ravne na Koroškem","c":14.97904,"d":46.55377},"arcs":[[553,-551,-539,554,-168]]},{"type":"Polygon","properties":{"a":2936,"b":"Verej","c":16.17922,"d":46.58461},"arcs":[[-90,-61,-459]]},{"type":"Polygon","properties":{"a":2833,"b":"Naklo","c":14.29452,"d":46.28609},"arcs":[[-453,-479,-242]]},{"type":"Polygon","properties":{"a":2818,"b":"Velike Lašce","c":14.58171,"d":45.83933},"arcs":[[-173,-274,-521,-16,-492,-355,-215,-427]]},{"type":"Polygon","properties":{"a":2847,"b":"Kobarid","c":13.55549,"d":46.24861},"arcs":[[-6,-236,555,-260]]},{"type":"Polygon","properties":{"a":2872,"b":"Grad","c":16.09094,"d":46.79669},"arcs":[[-314,-534,-143,-204]]},{"type":"Polygon","properties":{"a":2925,"b":"Podcetrtek","c":15.64918,"d":46.04957},"arcs":[[556,-294,-523,557]]},{"type":"Polygon","properties":{"a":2976,"b":"Loški Potok","c":14.66287,"d":45.65628},"arcs":[[-520,-272,-517,-548,558,-542,-13]]},{"type":"Polygon","properties":{"a":2978,"b":"Medvode","c":14.38835,"d":46.13402},"arcs":[[-227,-114,-161,-451,-377,-525]]},{"type":"Polygon","properties":{"a":2949,"b":"Breice","c":15.58782,"d":45.88432},"arcs":[[-254,-295,-557,559]]},{"type":"Polygon","properties":{"a":2970,"b":"Kungota","c":15.58706,"d":46.64536},"arcs":[[-463,-519,560,-96]]},{"type":"Polygon","properties":{"a":2891,"b":"Slovenska Bistrica","c":15.57066,"d":46.41123},"arcs":[[-485,-347,-265,-127,-285,-506,-428,-438,-380,-153,-503]]},{"type":"Polygon","properties":{"a":3009,"b":"Trbovlje","c":15.04497,"d":46.17234},"arcs":[[-147,561,-371,-541,-11,-193,-388]]},{"type":"Polygon","properties":{"a":2864,"b":"Turnišce","c":16.32989,"d":46.60745},"arcs":[[-529,-545,-405,-137,-458,-470]]},{"type":"Polygon","properties":{"a":2897,"b":"Hajdina","c":15.83408,"d":46.41755},"arcs":[[-393,-263,-448,-484]]},{"type":"Polygon","properties":{"a":3002,"b":"Koroška","c":15.0848,"d":46.4906},"arcs":[[-80,-280,-532,-341,-552,-554,-167,-465]]},{"type":"Polygon","properties":{"a":2980,"b":"Metlika","c":15.32251,"d":45.65476},"arcs":[[-38,-369,-332,562]]},{"type":"Polygon","properties":{"a":2820,"b":"Vitanje","c":15.29696,"d":46.39867},"arcs":[[-403,-77,-278,-384]]},{"type":"Polygon","properties":{"a":2972,"b":"Litija","c":14.86992,"d":46.0521},"arcs":[[-10,-540,-498,-363,-103,-223,-433,-549,-194]]},{"type":"Polygon","properties":{"a":2989,"b":"Postojna","c":14.15579,"d":45.78327},"arcs":[[-494,-416,-544,-422,-109,-386]]},{"type":"Polygon","properties":{"a":2894,"b":"Savinjska","c":15.16359,"d":46.25787},"arcs":[[-74,-412,-321,-562,-146,-364,-531]]}]}},"arcs":[[[153223,664842],[9842,-10244],[6463,90],[15175,-4718],[5415,-5203],[6053,-3228],[4774,-6746],[3511,-1077],[4134,-4198],[1918,-2834],[1773,-3426],[3050,-4233],[4545,-2172],[2509,576],[2659,1255],[1870,1310],[2115,-431],[1527,-3713],[1821,-6745],[1377,-1400],[3019,5399]],[[236773,613104],[15405,-2618],[1673,950],[2133,466],[1132,-825],[1575,-3479],[-345,-10155]],[[258346,597443],[-3986,-1972]],[[254360,595471],[-10598,1758],[-3691,-557],[-3462,-1201],[-2362,-4987],[-1329,-4665],[-985,-10764],[-738,-3785],[-2609,-1740],[-17832,4270],[-6200,-2530],[-4003,-4968]],[[200551,566302],[0,72],[-32400,-6530],[-4545,89],[-4723,1094],[-14240,7015],[-15913,14011],[-10827,16754]],[[117903,598807],[-2953,10800]],[[114950,609607],[4724,16898],[2314,6423],[4625,6816],[20293,16666],[4347,9095]],[[151253,665505],[1970,-663]],[[546810,454039],[394,-6746],[-5560,-2206]],[[541644,445087],[-14191,-7157],[-3150,-646],[-4593,2009],[-246,3624],[-1526,4520],[-492,5095],[-591,4053],[-98,2782],[1477,2099],[1328,3480],[887,3910],[-1526,13992]],[[518923,482848],[7349,-10046],[4134,-3622],[6497,-2908],[9907,-12233]],[[380612,254412],[-3462,-6099],[4053,-10082],[1132,-5059],[48,-5094],[2018,-11679]],[[384401,216399],[-6513,-448],[-1771,2492],[-3986,-2673]],[[372131,215770],[-2511,-2906],[-1377,-915],[-5415,1526],[-9465,11625]],[[353363,225100],[4479,5453],[-738,2708],[-1132,3103],[-1674,1096],[-5659,6799],[-5365,9579],[-1395,4521],[0,3283],[1297,4431],[1377,3408],[2068,3766],[8366,10889],[3052,1849],[3806,3624]],[[361845,289609],[7775,-19340],[10992,-15857]],[[248464,705941],[-2242,-2800],[-985,-1578],[-2657,-6243],[-491,-12702]],[[242089,682618],[-8335,-2259],[-1574,717],[-4675,3194],[-2905,3730],[-25526,20990]],[[199074,708990],[2330,5633],[1574,1757],[2412,3588],[641,5794],[207,9414]],[[206238,735176],[5566,1512],[5578,-216],[5185,-2331],[4659,-3535],[17848,-23267],[3390,-1398]],[[404646,654527],[2165,-22568],[7579,-16145],[1985,-7606],[1034,-6280],[1721,-2905],[6399,341]],[[425529,599364],[-541,-11894],[3198,-4665],[12369,-6063],[11336,-914],[7136,950],[13847,-1058]],[[472874,575720],[9548,-8558]],[[482422,567162],[14337,-15105],[-6348,-5722]],[[490411,546335],[-3544,-1291]],[[486867,545044],[-35911,-6190],[-5086,-2673],[-6692,55],[-4332,1147],[-6069,3158],[-10433,-2098]],[[418344,538443],[-8039,5184],[-1870,-359],[-2068,-1059],[-1968,-1668],[-2264,-3391],[-7152,-6116],[-6153,430]],[[388830,531464],[-3247,2295],[885,3912]],[[386468,537671],[-4036,11661],[-1426,9202],[-4101,10476]],[[376905,569010],[3657,2817],[838,1920],[590,2456],[296,2764],[146,2726],[-3591,9041],[-1691,2871],[-935,7463],[-2115,6511],[97,9185]],[[374197,616764],[2905,6494],[-838,2602],[-590,2978],[-1328,4987],[738,6745],[-394,4449],[-3052,5309]],[[371638,650328],[10401,5885]],[[382039,656213],[8564,-5131],[4478,395],[9565,3050]],[[540101,644337],[-2018,-10154],[-197,-8575],[-491,-7104],[-2166,-5023]],[[535229,613481],[-4429,11929],[-9171,8862]],[[521629,634272],[-2559,8880],[-542,4162],[395,14747]],[[518923,662061],[4445,-8863],[7973,-6206],[8760,-2655]],[[590399,128192],[-442,-5776],[4887,-2477],[3150,1257],[1329,-968],[-98,-1794],[984,-3482],[1723,-4735],[3001,-4270],[2953,-2117],[650,-1176]],[[608536,102654],[138,-617],[1903,-18082],[2559,-14997],[4561,-11841],[15979,-16575],[-3053,-4091],[-5675,-12234],[-2756,-3947],[-3544,-1613],[-10303,323],[-17690,-10085],[-13216,-7532],[-14272,3086],[-23218,30471]],[[539949,34920],[2778,10430],[3739,7102],[1968,2262],[3447,2744],[4577,1632],[1000,2009],[-165,3374],[-2460,2654],[-3641,-610],[-3496,-2080],[-3445,-1329],[-2115,1759],[-1035,4019],[1084,7892],[2755,5706],[1576,1326],[1033,1435],[1231,-178],[1034,-862],[1082,807],[0,3158],[-3692,5472],[-1721,3516],[48,7748],[-1477,6424],[297,4089],[-2018,8377]],[[542333,123796],[10089,-5165],[8825,1274],[2559,1399],[1526,1613],[444,1507],[1033,2441],[1624,2887],[5758,4790],[4642,-287],[5759,-1686],[5807,-4377]],[[831044,689436],[1526,-9759],[245,-6136],[2559,-8682],[444,-3587],[98,-2117],[-3051,-4987],[-1033,-1095],[-2609,-1435],[-2559,-216]],[[826664,651422],[-5726,2746],[-2755,2582],[-1969,7750],[-395,1849],[-2115,2421],[-7744,4663]],[[805960,673433],[9959,9508],[1180,2225],[1182,2584],[49,4376]],[[818330,692126],[12714,-2690]],[[812325,771166],[1970,-3156],[639,-1724],[443,-3229],[148,-2618],[-1772,-10298]],[[813753,750141],[-12911,-2941],[-6545,144],[-4085,4340]],[[790212,751684],[788,6585],[983,2851],[591,3982],[985,2674],[836,2942],[1673,2923],[3594,2979],[2509,2907],[10154,-8361]],[[418344,538443],[-6218,-9347],[-3494,-10692],[-640,-3982],[345,-2154],[1132,-412],[1083,-1094],[885,-1973],[985,-1866],[1131,-932],[2576,-1167],[2460,-4718]],[[418589,500106],[-2953,-3516],[198,-4269],[1328,-1310],[1279,-1830],[1921,-1776],[-689,-5812]],[[419673,481593],[-6611,233],[-4233,-3175],[-7580,-7517],[-3739,-2672],[-7350,-1221]],[[390160,467241],[-640,6135],[-7284,1615]],[[382236,474991],[541,11625],[1526,6888],[4430,9185]],[[388733,502689],[-1920,19984],[2017,8791]],[[181932,152052],[3953,-4629],[6545,-2009],[5167,-4127],[5874,-6493],[5954,-4413],[4677,-6244],[6315,-1973],[2165,969],[1773,1795],[1672,4377],[3988,2924]],[[230015,132229],[4674,-6512],[-738,-2260],[-983,-5131],[-1724,-5220],[-1329,-8235],[296,-3122],[1033,-1901],[1871,843],[1920,-1884],[-247,-3911],[-690,-6887],[-2607,-13348],[-2314,-9149],[641,-1882],[5806,-7302],[1477,-2369],[1935,-6636],[-48,-8521],[-425,-4531]],[[238563,34271],[-7565,638],[-8334,4414],[-7972,8933],[0,36],[-4200,6566],[-4561,3694],[-8406,2733]],[[197525,61285],[-1157,5303],[-10040,18335],[-13256,4215],[-5020,5382],[-3116,5508],[-1527,3300],[-3002,17366],[-833,3258]],[[159574,123952],[6067,11524],[2428,9078],[-332,1331]],[[167737,145885],[4844,6955],[9351,-788]],[[887460,820822],[-3412,-3230],[-4330,1293],[343,-5616],[198,-1344],[1919,-5580],[3593,-4754],[935,-6710],[5808,-5883]],[[892514,788998],[-887,-4163],[591,-1399],[936,-1434],[-99,-1687],[-394,-1757],[-345,-2154],[-344,-4287],[-345,-1937],[-1033,-1865],[-1476,-1742],[-3790,-1613],[-3592,286],[-6513,2206],[-7776,6943],[-6349,1973]],[[861098,776368],[3642,15429],[344,3856],[-3495,16325]],[[861589,811978],[5169,9921],[5217,394],[-2167,6386],[1625,4628]],[[871433,833307],[3198,-3300],[12829,-9185]],[[854044,925012],[737,-14297],[-442,-4466],[-985,-6334],[1822,-7372],[2362,-3374],[2724,-2098],[2854,-1184],[2607,-3247],[5071,-3158]],[[870794,879482],[-1675,-9436],[444,-3623],[1279,-6961],[1772,-3533],[1476,-3965],[1379,-4771],[-838,-4809],[-3198,-9077]],[[871433,833307],[-13715,14209],[-7956,12737],[-99,35]],[[849663,860288],[-4412,1614],[-3530,3912]],[[841721,865814],[-687,15984],[-3577,10746],[-6758,6494],[-3641,16988],[-264,12163],[408,10078]],[[827202,938267],[5319,540],[5463,-1238],[689,-2619],[3608,-5992],[2017,-1865],[9746,-2081]],[[603950,653594],[541,-3302],[-541,-1112],[-1427,-2063],[-641,-2242],[-97,-4377],[195,-2458],[-295,-2960],[-442,-1938],[-6053,-10440]],[[595190,622702],[-4447,-2189]],[[590743,620513],[-9400,7140]],[[581343,627653],[3100,9938],[0,2583],[-492,5706],[-1132,4592],[-3445,19375]],[[579374,669847],[13387,2834]],[[592761,672681],[11189,-19087]],[[621437,754698],[-3395,-12629]],[[618042,742069],[-17045,2170],[-6398,-664],[-4938,1616],[-8563,9687]],[[581098,754878],[-2215,4376]],[[578883,759254],[3347,8325]],[[582230,767579],[3100,4449],[394,5309],[1427,2978],[1722,2297],[15913,15086]],[[604786,797698],[7350,-10746],[2657,-7264],[4970,-4235],[986,-2134],[-246,-1937],[-740,-1849],[-97,-3138],[1771,-11697]],[[914988,784693],[2083,-4467],[4414,-5311],[1214,2064],[901,1219],[2216,1903],[3347,-8683],[5872,-2601]],[[935035,768817],[-2900,-2711]],[[932135,766106],[-7600,4720],[-5708,-10101],[421,-3996]],[[919248,756729],[-8262,-14050],[-229,-5863]],[[910757,736816],[-1002,-775],[-1280,-1757],[-837,-2350],[-787,-1704],[-1624,-593],[-2018,1131],[-1230,-1903],[-836,-358],[-640,377],[-3248,7302],[-2625,3749],[-4036,4412],[-4774,-1740],[-984,-2511],[-1525,-789],[-3545,519],[-7250,4630],[-14634,3964],[-5119,3264],[-9892,3463]],[[842871,755147],[1969,7121],[49,2226],[492,2511],[-442,1757],[442,1651],[1921,4072],[2115,2242],[1476,2009],[10205,-2368]],[[892514,788998],[4347,4377],[1377,216],[2216,-109],[787,1005],[3986,11231]],[[905227,805718],[9761,-21025]],[[768036,894631],[636,-1532],[5627,-7105]],[[774299,885994],[-147,-11965],[-1231,-4341],[-296,-4018],[-1985,-3336],[-97,-3338],[607,-4269],[1820,-5454]],[[772970,849273],[-6907,898],[-689,-2009],[-935,-1382],[-836,-6260]],[[763603,840520],[-3149,6851],[-1428,2476],[-1082,2978],[-1232,2261],[-1427,1615],[-1788,3156],[-229,1759],[-165,2045],[-737,1973],[-1478,2009],[-4477,1937],[-3791,-449],[-1869,970],[-1427,-55],[-837,-269],[-1133,-2242],[-885,-5131],[-2132,-5991],[-542,-3391],[99,-1613],[246,-700],[-886,-862],[-838,-1147],[-8464,-2278]],[[723952,846422],[-7399,16628],[-220,7959]],[[716333,871009],[1664,1873],[1903,6081],[-33,8916],[985,10476],[5118,-4682],[24312,-5436],[8400,719],[9354,5675]],[[495874,374460],[-5857,-9580],[-6365,-5453],[-2165,-6045],[-1035,-5292],[-1476,-18226],[-1674,-7912],[838,-6835],[1821,-5525]],[[479961,309592],[-197,-8647],[-8269,-2367],[-984,-1920],[0,-4108],[935,-3588],[1870,-10261],[-147,-11965],[-2165,-5651],[-3758,-2548],[-4034,1365],[-6300,-324]],[[456912,259578],[-6316,7498],[-935,4736],[-3397,5454],[-2165,6099],[-1723,3876],[543,9436],[2165,8933],[245,2045],[-5166,11481]],[[440163,319136],[-1429,6351],[50,3156],[788,4324],[97,3247],[-4330,13311],[-690,5705],[-689,4089],[494,2386],[-197,1670],[-1345,1577],[-3347,1973],[-1132,324],[836,9130],[4988,11339],[2214,11158]],[[436471,398876],[3002,3337]],[[439473,402213],[7333,1093],[788,1221],[1968,1560],[9368,-539],[10204,-4951],[4085,-447],[2214,556],[245,2458],[641,1471],[1821,-827],[1918,-2187],[8925,-20271],[6891,-6890]],[[657172,835615],[1850,-5285],[-494,-6889],[-1033,-5058],[-491,-3769],[0,-3121],[1771,-1471],[935,-3911]],[[659710,806111],[-2362,-6887],[-1772,0],[-1525,250],[-4873,5059],[-836,646],[-6119,3086],[-3888,646],[-1477,-970],[-738,-2368],[49,-5883],[-837,-4592],[-5757,-12164],[-2921,-11677],[-3199,-6763],[-2018,-9796]],[[604786,797698],[4479,18048],[4248,6403],[2167,1040],[5166,3697],[2609,3193],[1082,10979],[64,5931]],[[624601,846989],[17572,1387],[9351,-5292],[5648,-7469]],[[239874,315978],[1624,-6905]],[[241498,309073],[-9318,-11769],[-1133,-2098],[-14927,-8253]],[[216120,286953],[-7728,7715],[-1132,5023],[-1083,6851],[-3050,5454],[-2477,2009],[-3347,1257],[-4232,-359],[-5366,-2441],[-7644,-7103],[-3347,-5418],[-4577,-4358],[-4971,-6046],[-1886,-8342]],[[165280,281195],[-7038,-1704],[-1821,214],[-7627,6243]],[[148794,285948],[-3413,8325],[-837,1543],[-4971,4377],[-1328,1757],[-887,2816],[-983,1634],[-1132,2690],[-1378,2709],[-5726,8736],[-4380,4217],[-2559,4789],[-2609,2440],[-1574,1005],[-344,1811],[4380,4718],[2066,1130],[6759,12288],[7777,20056],[14336,15859],[0,6745],[2609,5992]],[[154600,401585],[4283,-9221],[294,-2728],[2068,-3192],[3100,-3266],[5726,-4448],[7184,-12666],[7694,-9973],[4233,-1973],[3051,-4127],[6250,-6207],[4053,-6458],[12549,-13418],[24789,-7930]],[[304690,468425],[2559,-5452],[1592,-2440],[3887,-2459],[6841,4629],[11631,-5006]],[[331200,457697],[2067,-70],[1821,-1184],[1034,-1957],[2657,-10565],[738,-1650],[788,-3104],[836,-4145],[295,-6422],[-147,-3335],[-245,-1670],[-3397,-3283]],[[337647,420312],[-5216,4056],[-1625,627],[-7004,-2458]],[[323802,422537],[-5907,-3300],[-2263,-4700],[-5561,-4646]],[[310071,409891],[394,3749],[392,1721],[-48,2297],[-394,2709],[-1886,5919],[-1970,2100],[-2459,1399],[-12945,2009],[-8037,-2996],[-1429,-1058],[-2903,-5741],[197,-7785]],[[278983,414214],[-17045,3086]],[[261938,417300],[788,6941],[-1920,2242]],[[260806,426483],[6350,15393],[245,4735],[787,4557],[345,10189]],[[268533,461357],[6612,8162],[11221,4576],[18324,-5670]],[[773709,646598],[2018,-6998],[886,-1721],[541,-2404],[-3888,-12737]],[[773266,622738],[-8924,-15859],[-3544,-8322],[-1230,-16470]],[[759568,582087],[-5266,2799]],[[754302,584886],[-11927,-1310],[-6004,6872]],[[736371,590448],[8563,15822],[985,4430],[1476,5616],[542,9652],[48,7981],[-1723,5113],[-2263,1759],[-5956,1434],[-3066,5490],[-887,3732],[985,3965]],[[735075,655442],[28035,-2960],[4823,-1597],[5776,-4287]],[[89424,328787],[-10582,4737],[-4543,5768]],[[74299,339292],[2836,9875],[2248,13442]],[[79383,362609],[5612,-2858],[2017,-682],[2312,-1901],[2904,-4343],[1494,-1291],[1574,-322],[1279,214],[936,-286],[640,-664],[689,-1131],[836,-645],[1084,-216],[1132,126],[343,-2457],[-295,-4809],[-394,-1614],[-836,-861],[-1673,646],[-3397,-1794],[-6216,-8934]],[[940694,805501],[1920,-4304],[1082,-9580],[-1082,-5095]],[[942614,786522],[-1870,-5381],[1968,-2477],[1724,-932]],[[944436,777732],[-3265,-5812],[-6136,-3103]],[[914988,784693],[5857,10620]],[[920845,795313],[4282,5113],[2411,1165],[4051,7822],[230,5471]],[[931819,814884],[8875,-9383]],[[476713,619239],[3198,-10098]],[[479911,609141],[-1624,-8862],[-3100,-6405],[-1477,-7122],[-836,-11032]],[[425529,599364],[8137,16557],[15699,19266]],[[449365,635187],[5332,3374],[1033,-1651],[3100,-2727],[11879,-14567],[6004,-377]],[[877761,994963],[-2342,-9263],[739,-7193]],[[876158,978507],[-8368,-646],[-2165,-1291],[-4527,-5347],[-1690,-2582],[-5216,-1903]],[[854192,966738],[-975,20831]],[[853217,987569],[13048,11604],[11496,-4210]],[[551978,577208],[6268,-9327],[4429,-3876],[1722,-3050],[147,-1130],[-935,127],[-836,-216],[-738,-1956],[-444,-3391],[-48,-10620],[-541,-5865],[-493,-2314],[-787,-1831],[-1034,-1541],[-1131,-1077],[-1051,-538],[-2313,-396]],[[554193,530207],[-10581,-2045],[-10351,6207]],[[533261,534369],[2066,9904],[296,2618],[-443,10244]],[[535180,557135],[4921,3067],[9024,18854]],[[549125,579056],[2853,-1848]],[[659710,806111],[2461,-2511],[2018,-3086],[1345,-5811],[-656,-12665]],[[664878,782038],[-3100,-5634],[294,-2888],[-541,-4305],[-2706,-9077],[-8072,-13203],[-2214,-15105]],[[648539,731826],[-5530,-3893],[-1082,-1202],[-1968,-1058],[-1378,395],[-4085,6080],[-1526,1401],[-7645,-1939]],[[625325,731610],[-6151,3319]],[[619174,734929],[-1132,7140]],[[930822,988245],[160,-1899],[1641,-6046],[0,-9203],[-606,-3927],[-1673,-4522],[295,-2187],[443,-2082],[4090,-4511]],[[935172,953868],[-2827,-7293],[-858,-5211]],[[931487,941364],[-996,-923],[-1870,-755],[-10385,2046]],[[918236,941732],[837,5309],[885,2583],[1035,7321],[-346,5309],[-2067,5777],[-4543,6852],[-5364,4539],[-15281,16763]],[[893392,996185],[29371,3814],[3248,-2799],[4811,-8955]],[[326525,511480],[-3068,-1507],[-591,-1902],[-1526,-3623],[-2656,-2100],[-3742,-1274],[-6201,-7462],[-2182,-5345],[-983,-5742],[886,-3659],[-1772,-10441]],[[268533,461357],[-984,6244],[-2314,3730],[-294,5956],[49,6171],[983,3804],[1232,3192],[-197,3230],[-493,2279],[-1377,2098],[197,2225],[786,3300],[1526,4306],[1968,2762],[2626,8108],[-1197,3014],[-1920,2800],[-2756,1147],[-5857,-539],[-3938,-1237],[-3657,754]],[[252916,524701],[2477,6476],[6692,3461],[2511,3642],[5463,4037],[1771,485],[1247,967],[1576,2655],[1524,12163],[2412,3804],[1821,6458]],[[280410,568849],[8515,-6172],[591,-1345],[442,-1704],[-197,-2062],[-788,-1418],[-1083,-1399],[-786,-2225],[-49,-3516],[2017,-2476],[19719,-12432],[3692,-305],[5018,2153],[543,-735],[-690,-1992],[-591,-2582],[346,-3302],[1230,-574],[1180,432],[2559,-1042],[1674,-3551],[2773,-11122]],[[546171,849917],[985,-9326],[1575,-6154],[3494,-9614],[6660,-7231]],[[558885,817592],[-4397,-1793],[-1033,-2583],[-1526,-5670],[690,-5237],[-838,-6387]],[[551781,795922],[-10286,-13670],[-639,-3192],[-1476,-2369],[-1297,-573],[-3641,2152],[-3986,-2116],[-838,-1076],[-1033,-969],[-689,-360],[-1132,36],[-4479,8539]],[[522285,782324],[1182,5992],[-591,2405],[-1542,4448],[-3052,2889],[-5069,6189],[-3494,6654],[-1477,3678],[-1918,1937],[-5332,737],[-7383,8950],[-206,956]],[[493403,827159],[4471,4247],[4562,-1292],[6101,-13202],[11812,25401],[18275,8827],[7547,-1223]],[[456912,259578],[-641,-11965],[444,-3445],[3100,-12252]],[[459815,231916],[-5659,-10118]],[[454156,221798],[-34336,51987]],[[419820,273785],[-5873,13420],[-5562,6331],[-2066,1490],[-2018,538],[-590,3158],[688,3353],[344,2799],[0,8342]],[[404743,313216],[6201,5920],[1526,3732],[2265,1005],[2033,-969],[2117,-2045],[12156,-6494],[2625,0],[6497,4771]],[[780893,614343],[11731,-17114],[1524,-1436],[2610,-10943],[1845,-4633]],[[798603,580217],[-499,-22],[-14323,-653],[-5053,-1974],[-4824,-3480],[-1133,-1323]],[[772771,572765],[-195,139],[-13008,9183]],[[773266,622738],[7627,-8395]],[[260806,426483],[-4971,-12305],[-10301,-10010]],[[245534,404168],[-8728,4771],[-837,1795],[-934,2475],[-1576,5920],[-1329,3372],[-2066,125],[-2609,1670],[-8826,19625],[-7580,7032]],[[211049,450953],[936,5884],[1820,1184],[3643,1219],[25279,-8287],[3397,-2369],[1869,-2511],[3988,-7749],[2182,-3444],[6643,-8397]],[[317551,376182],[-6792,-3013],[-786,-2225],[-1232,-2188],[-1296,-7965],[197,-6207],[1002,-6136],[6348,-25203],[2018,-4790],[3936,-7517]],[[320946,310938],[-3641,-2781],[-12419,13778],[-5167,2709],[-3249,-3821]],[[296470,320823],[-4280,15032],[-8039,15177],[-6792,10512],[-2855,3013],[-2033,1400],[-1527,-53],[-1426,1274],[-1035,3265],[543,3372],[1377,4054],[-491,5202],[1377,9579],[2773,2745],[394,1309],[-7597,7751],[-3050,1327],[-1871,11518]],[[278983,414214],[739,-4987],[-2363,-2871],[492,-2403],[1574,-2764],[6941,-4843],[2066,-394],[935,1183],[-197,2117],[444,2261],[1738,1327],[8121,2225],[2215,1471],[8383,3355]],[[323802,422537],[3658,-5633],[738,-3300],[-147,-2440],[-394,-3445],[-3658,-2044],[-2265,-3768],[-2066,-5955],[983,-9365],[-3100,-10405]],[[910757,736816],[-165,-4272],[1213,-9490],[3774,-19122],[230,-5615],[-592,-11177],[853,-5795],[1937,-3533],[5414,-5417],[1476,-3302],[491,-7731],[-1476,-2118],[-7250,181],[-11320,-4216],[-2691,-180],[-5348,1865],[-4527,4037],[-7612,10996],[-3085,2278],[-3903,-1147],[-2658,-4287],[-2429,-5275],[-3018,-3857],[-3707,-1022],[-1807,572]],[[864557,659189],[-4099,7895]],[[860458,667084],[-3118,13634],[-4871,14422],[-7777,5167]],[[844692,700307],[4135,11768],[295,13454],[-6053,15321]],[[843069,740850],[-2183,11695],[1985,2602]],[[509669,537474],[9254,842]],[[518923,538316],[4100,-11661],[-1427,-2045],[-1247,-1416],[-3691,-2744],[-2018,-3123],[-147,-1362],[591,-216],[1083,987],[1279,538],[1230,-430],[4544,-8433],[4332,-10925],[1280,-6134],[48,-3768],[-836,-1650],[-1330,-2062],[-787,-880],[-2313,-1829],[-491,-72],[-444,89],[-3756,1668]],[[518923,482848],[-7530,-4790],[-2462,-2456],[-2953,-5240],[-1131,-1398],[-1296,-1185],[-1427,-843],[-5168,-1488],[-3888,36],[-1230,-305],[-1033,-539],[-1035,485],[-1476,1507],[-3510,9112],[-197,3302],[442,2331],[296,3140],[-49,2207],[-1082,2153],[-2756,1003],[-13486,252],[-1443,5131]],[[466509,495263],[1542,3086],[-66,2655],[360,2582],[-3854,7858]],[[464491,511444],[-1084,3983],[-2165,1900],[-442,1221],[983,969],[20884,3730],[2215,1363],[2870,8145],[-885,12289]],[[490411,546335],[1672,-6369],[4676,-5345],[2313,-1256],[10597,4109]],[[634200,354870],[-2804,-12718],[-297,-11750],[-835,-5436],[3297,-5525]],[[633561,319441],[-1673,-6691],[-2462,-2942],[-1295,-1076],[-788,124],[-442,1616],[-3347,2708],[-8171,-7121]],[[615383,306059],[-639,7229],[1377,4413],[-935,2834],[-1573,3571],[-3068,5597],[-3445,3694],[-2904,2136],[-9499,12108]],[[594697,347641],[-148,5400],[5415,4448],[589,2118],[100,1615],[738,752],[2018,-161],[4232,-5974],[1477,-286],[835,3229],[-491,3516],[97,2512],[345,1901],[1002,1399],[1918,1543],[6792,754],[3200,-898],[2362,-1147],[2509,-1939],[1230,-4807],[5283,-6746]],[[918236,941732],[-5430,-12271],[-2707,-3659],[-2657,-7104],[-1870,-1723],[-2313,431]],[[903259,917406],[-4233,8575],[-1230,3409],[3347,13634],[-640,5829],[-1280,2314],[-2166,1651],[-2330,1094],[-6102,8951],[-1181,5168],[-1968,3014],[-1428,2977],[-4330,2010]],[[879718,976032],[-3560,2475]],[[877761,994963],[1628,-597],[14003,1819]],[[522121,579272],[-11123,-27465],[-786,-4700],[-543,-9633]],[[482422,567162],[4002,9508],[0,3194],[886,3085],[2363,1077],[3345,341],[2364,2529],[6348,3982],[1477,2297],[0,2690],[1426,1221],[706,-253],[4183,396]],[[509522,597229],[12599,-17957]],[[842871,755147],[-4101,9094]],[[838770,764241],[-6594,15464]],[[832176,779705],[-5759,13527],[3101,13759]],[[829518,806991],[11221,5364]],[[840739,812355],[4348,-2871],[1181,2189],[1870,2620],[3790,6780],[2213,-323],[1626,-2619],[1623,-7785],[1133,-2441],[835,538],[2231,3535]],[[397116,397853],[-3068,-3552],[-838,125],[-1130,-1632],[-936,-1041],[-984,-2187],[-1033,-3194],[1180,-7839],[197,-5903],[-1182,-21939],[2953,-13795]],[[392275,336896],[-2016,-5023],[-247,-3194],[-690,-1452],[-2016,914]],[[387306,328141],[-5906,3965],[-689,1920],[148,3947],[-394,3193],[-1034,2492],[-1149,1740],[1477,15643],[-492,7965],[-1870,11985],[-6595,12377]],[[370802,393368],[886,9383],[-198,6476],[2018,2260],[6710,1757],[7629,-2385],[9269,-13006]],[[456764,695320],[492,-11302],[1082,-6745],[-688,-7391],[-8285,-34695]],[[404646,654527],[9351,-1238],[18127,13076],[3510,3840],[1723,2726],[-344,1956],[-641,2027],[99,5885],[4577,9974]],[[441048,692773],[4872,6816],[1821,431],[9023,-4700]],[[366767,492069],[6053,-11211],[9416,-5867]],[[390160,467241],[491,-5704],[6268,-5777],[5561,-2223],[7726,716],[6514,3266],[1869,-557],[2659,-2745],[6397,1005]],[[427645,455222],[3494,-4126],[591,-2690],[3462,-2692],[-935,-5202],[0,-2978],[-591,-2188],[1968,-4018],[1968,-3266],[1576,-4143],[836,-4216],[-1131,-3840],[590,-13650]],[[436471,398876],[-4937,3928],[-2954,3768],[-1771,1326],[-2708,-143],[-4674,-4018],[-1232,-3264],[-1820,-2925],[-5134,-4466],[-9548,-396],[-4577,5167]],[[370802,393368],[-6348,5417],[-3299,-286],[-7102,-3965],[-1970,-6116],[-9268,-6244]],[[342815,382174],[-3051,4054],[148,4737],[2312,4987],[2723,3999],[1871,3929],[-738,2906],[-3904,4485],[-4529,9041]],[[331200,457697],[6988,7859],[1624,1004],[690,1255],[-935,2404],[-1231,2547],[-984,2943],[-1034,4699],[-1280,1293],[149,1579],[442,2368],[1379,2367],[2018,1292],[4150,-36],[4478,3911],[2805,6583]],[[350459,499765],[2265,-3247],[3445,557],[8480,4143]],[[364649,501218],[2118,-9149]],[[200551,566302],[2576,-8844],[-50,-4646],[-4986,-17546]],[[198091,535266],[-9942,-11264],[-10894,-5311],[-5412,-4988],[-4136,-6476],[-1180,-4358],[-1149,-5489],[-33,-3804],[1329,-6744],[2954,-8128],[640,-5506],[-50,-5383],[739,-6135],[835,-3983],[444,-4501],[-296,-2207],[-3789,-3857]],[[168151,447132],[-2313,808],[-493,-1543],[-1247,-2297],[-1672,-305],[-3002,1381],[-1230,-1166],[-838,-3067],[344,-2314],[886,-2081],[1970,-1740],[836,-2153],[296,-2656],[-640,-1254],[-1379,-252],[-343,-2529],[195,-3713],[0,-4162],[-589,-13079]],[[158932,405010],[-8761,8486],[-2378,4162],[-3299,7499],[-2903,9723],[-1083,8539],[-245,8359],[295,4879],[-2559,15465],[-2265,3444],[-3839,250],[-3756,-5112]],[[128139,470704],[-19160,18351],[-1379,3678],[-2313,2028],[-3199,6780],[-590,5166],[-5858,15069],[-8082,-2610]],[[87558,519166],[-1169,6234],[-3183,936]],[[83206,526336],[3018,6491],[-4479,6529],[0,2692],[-245,4126],[639,5992],[1673,3676],[1576,2368],[1722,-1183],[1279,-269],[1429,933],[3592,3732],[2476,932],[5710,269],[2264,3247],[886,8217],[2165,12699],[2215,5956],[3100,4898],[2477,1023],[3200,143]],[[94443,57871],[-1674,-10297],[-1033,-1041],[-2412,-1723],[-1573,970],[-542,969],[-99,1560],[-1968,4467],[-1527,1757],[-2066,3176],[-1034,6154],[-97,4162],[-641,2726],[-1624,5561],[-165,3106]],[[77988,79418],[20384,4666],[9,1]],[[98381,84085],[-280,-16706],[-3658,-9508]],[[340275,690986],[-905,-1945],[-3691,-13615],[-1230,-6602],[-3347,-9669],[98,-6190],[-984,-8665]],[[330216,644300],[-14584,-574],[-2855,-1685],[-3936,-5705],[-2479,-2333],[-1279,-10726]],[[305083,623277],[-8120,-1652],[-1772,503],[-1871,1865],[-7004,2602]],[[286316,626595],[-2215,2923],[-1229,4970],[638,3283],[-1673,1507],[-836,2153],[-591,4054],[2117,25581],[-738,16182],[-4677,8161]],[[277112,695409],[1231,8234],[49,288],[37,492]],[[278429,704423],[38040,-1641],[10695,3552],[3379,-1148],[1509,-3264],[1018,-3910],[1771,-3230],[5434,-3796]],[[815230,814239],[-2264,-3751],[-3494,-3586],[-1182,-468],[-1936,-89],[-935,-1094],[-1329,574],[-1624,2709],[-5610,12324],[-3986,3480]],[[792870,824338],[935,8539],[2854,9149],[4233,6566]],[[800892,848592],[3985,-2619],[1182,-323],[1542,-1257],[1280,-124],[1623,197],[1427,538],[1626,-844],[983,-860],[-836,-3319],[-4823,-6529],[98,-3839],[886,-5383],[5365,-9991]],[[573737,845449],[355,-2490],[2526,-5705],[739,-2762],[-147,-4252]],[[577210,830240],[-9221,-10997],[-4528,-2655],[-4576,1004]],[[546171,849917],[6307,-1023],[21259,-3445]],[[920845,795313],[-1280,4951],[-196,2152],[-592,2763],[788,4018],[1379,2620],[2460,3838],[8415,-771]],[[696556,412042],[1427,-8664],[245,-3228],[1232,-1543],[4789,-2619]],[[704249,395988],[-3903,-15105],[262,-24648],[-754,-7248],[-937,-4269],[-2508,-2369],[-788,-5919],[-1920,-1507],[-1329,-1902],[-1427,143],[-3691,-2045],[-4724,-4521],[-1642,-8251],[-97,-5561],[983,-5023],[1593,-4395],[1525,-5418],[6989,-15625],[1596,-4572]],[[693477,277753],[-8324,2168],[-3050,-2367],[-5906,-7462],[-3149,-1723],[-3643,968],[-3609,1831],[-3577,645],[-3477,-2548],[-1509,-6494],[1247,-7246],[492,-6602],[-3586,-4497]],[[655386,244426],[-1827,2882],[-7285,20880],[-459,9472],[-885,8288],[-394,15069],[-2362,13454],[-8613,4970]],[[634200,354870],[2708,11339],[5709,12879],[10990,16900],[1673,4609],[149,4413],[-640,3912],[-1673,3659],[-1133,5508],[-738,5095],[0,5991],[885,3228],[248,2422],[-592,9294]],[[651786,444119],[23541,3030]],[[675327,447149],[7891,-5417],[2362,-430],[4086,-4593],[3396,-5919],[3494,-18748]],[[114950,609607],[-17734,-4701],[-6365,969],[-6989,2943],[-14289,-646],[-10892,1685],[-5612,-2798],[-2016,-2511],[1082,-2368],[245,-3302],[-935,-3282],[-3838,-2959],[-12123,2637],[-8909,4304],[-5183,3696],[-4332,2028],[-4772,5381],[-2645,2435]],[[9643,613118],[4498,11719],[4265,14746],[3445,6261],[4200,682],[3936,2906],[7612,8414],[14699,11929],[7744,12234],[6759,14388],[7775,11087],[10763,2133],[7841,-411],[5939,4824],[2655,8313]],[[101774,722343],[1396,-7004],[-1033,-15426],[1576,-1688],[3297,628],[3248,1418],[8186,5561],[3986,-1435],[5217,-3552],[9957,-9113],[3987,-4843],[1920,-3768],[1132,-4360],[1033,-2528],[5577,-10728]],[[773069,699805],[9842,-25545]],[[782911,674260],[-2165,-16129],[-1082,-3821],[-789,-4806],[-5166,-2906]],[[735075,655442],[-886,5326],[1395,3230],[983,5095],[-557,3552],[459,2081],[0,824],[-1886,2459],[-591,1488],[3216,4359]],[[737208,683856],[14912,13689]],[[752120,697545],[5627,2815],[5610,-950],[3936,2619],[5776,-2224]],[[640450,475278],[-3739,19124]],[[636711,494402],[10286,11409],[1197,358],[1477,-430],[492,-2045],[2756,-5436],[1181,-1668],[2953,-2690],[1131,-2244],[541,-2242],[-392,-1938],[-197,-2187],[-346,-2081],[-541,-1041],[-1280,144],[-1427,1399],[-1279,2548],[-936,1147],[-1032,-573],[-345,-1723],[-590,-1579],[-2610,-3319],[-2329,-4018],[-1328,-950],[-1329,-466],[-2314,501]],[[454156,221798],[8415,-10584]],[[462571,211214],[-10483,-37314],[-344,-7390],[-3313,-10262],[-2264,-4735],[-5070,-1615],[-7284,5167]],[[433813,155065],[1083,3588],[-197,2368],[197,2727],[-689,3283],[-591,2151],[-3362,1705],[-3986,4018],[-9992,5239],[-2968,4376],[-6644,12558]],[[406664,197078],[3591,4916],[1969,5956],[4347,19087],[197,6171],[-934,5633],[-2084,1830],[-1771,1220],[-6103,1740],[-6448,3461],[-3018,861],[-1526,790],[-3051,2529],[-3986,5472]],[[387847,256744],[12960,3408],[8465,4737],[5069,6260],[5479,2636]],[[864557,659189],[-9742,3088],[-164,-12415],[721,-9956],[-32,-9023],[-2298,-9526],[-781,-1291]],[[852261,620066],[-72,375],[-2231,11768],[-640,7965],[-786,3912],[-1181,1866],[-984,2995],[49,4018],[2902,10746],[4628,5884],[6512,-2511]],[[619174,734929],[639,-8647],[2165,-4627],[788,-3140],[-689,-5059]],[[622077,713456],[-8515,-914],[-5380,-2226],[-2411,-2386],[-2018,-4179],[-4183,-16110],[-6809,-14960]],[[579374,669847],[-4592,3874],[-99,2834],[197,2961],[-197,4682],[-1771,1256],[-2609,1111],[-2116,180],[-9991,6405]],[[558196,693150],[3592,15212],[1527,520],[935,-197],[590,519],[1575,3194],[541,7301],[3494,5256],[7597,16701],[3051,13222]],[[754302,584886],[-6218,-4664],[-1723,-1704],[-2509,-3605],[-2215,-6961],[-3052,-3013],[-4298,-12038],[-102,-3842]],[[734185,549059],[-5296,596],[-6824,-5310],[-4200,-8652]],[[717865,535693],[-147,219],[-4068,6064]],[[713650,541976],[-1968,10906],[-985,1831],[-2264,1973],[-3494,7319],[-6365,26156]],[[698574,590161],[1772,3820],[1788,1812],[3445,1579],[6692,-143],[13995,-7068],[10105,287]],[[165280,281195],[5283,-12790]],[[170563,268405],[-15815,-7391],[-31629,-6046],[-6743,322],[-1918,-1094],[-6365,-6959],[-1857,-6399]],[[106236,240838],[-12565,14937],[-5315,2512],[-10924,2045],[-8859,7391],[-2253,6792]],[[66320,274515],[5665,1496],[18078,-790],[6709,1776],[3791,6296],[3789,3211],[2117,4576],[1821,2456],[885,12899]],[[109175,306435],[16897,-14243],[5479,-2458],[6792,53],[3445,682],[7006,-4521]],[[277112,695409],[-4773,-2421],[-2724,-3319],[-4577,-9132],[-1673,-7049],[-1377,-4683],[-3297,-3587],[-3642,-502],[-2971,466],[-6939,-6637]],[[245139,658545],[-5265,14280],[2215,9793]],[[248464,705941],[613,-251],[29352,-1267]],[[711829,445895],[3839,-17367],[1426,-2116],[2232,-2512],[2363,-1327],[7824,-72],[1428,-4018]],[[730941,418483],[-13944,-15751],[-8318,-6422],[-4430,-322]],[[704249,395988],[6350,16826],[-591,1578],[-788,1257],[-4527,-898],[-2265,-1183],[-1918,-216],[-1444,-878],[-2510,-432]],[[675327,447149],[-1918,13939],[-3200,10046],[641,4090],[984,3175],[2018,-502],[1230,-1076],[2362,-753],[2609,2189],[3314,6386],[5757,6028]],[[689124,490671],[3347,-4540],[3938,-1291],[5281,-6907],[2855,-2386],[4675,-15660],[-983,-2512],[-297,-2547],[1182,-6674],[2707,-2259]],[[415005,719388],[1025,-3780],[14715,-4412],[3659,-3893],[6644,-14530]],[[382039,656213],[-1821,14531],[-272,1394]],[[379946,672138],[1551,5996],[2659,13437],[4691,10207],[3084,1901],[6891,934],[3215,1435],[3280,3228],[6365,10046],[1444,574],[1879,-508]],[[778088,745441],[-3101,-8251],[-3739,-3768],[-4200,-8520]],[[767048,724902],[-7924,12502],[-1920,1526],[-2559,1416],[-951,1256],[-524,1347],[-1494,6601]],[[751676,749550],[-443,1058]],[[751233,750608],[-2313,6099],[-983,3408],[-394,1974],[245,1614],[738,2404],[4742,3876],[4971,9938]],[[758239,779921],[4871,89],[2067,593],[1674,-682],[1279,-1399],[886,-2207],[344,-2888],[691,-2082],[5823,-6457],[1869,-3588],[788,-3677],[-1033,-1957],[-837,-2350],[-442,-1668],[1869,-6207]],[[813753,750141],[5905,-11749]],[[819658,738392],[-934,-4610]],[[818724,733782],[-6940,-6638],[-4445,-7337],[-935,-2673],[-1575,-1956],[-2411,-1023],[-2560,915],[-4725,4468],[-7792,15857],[-6989,8397]],[[780352,743792],[9860,7892]],[[903259,917406],[-6497,-12341],[-1837,-72],[-1919,-4341],[-838,-1507],[986,-14675]],[[893154,884470],[-8663,-5275],[-2263,1257],[-11434,-970]],[[854044,925012],[2559,5706]],[[856603,930718],[5972,466],[2805,-808],[1968,-1094],[2460,1202],[2167,2457],[4724,13975],[3019,29116]],[[614645,531320],[493,-4665],[-493,-2115],[-836,-2226],[-1182,-1650],[-1329,-1041],[-689,-1380],[427,-1831],[1197,-1380],[5858,519],[16208,10496]],[[634299,526047],[3691,-9402],[-541,-6744],[-1970,-5849],[1232,-9650]],[[640450,475278],[-1180,-7211],[344,-6010],[-885,-3677],[-2806,-8145]],[[635923,450235],[-16405,-2403],[-4479,-2745],[-3347,-3929],[-1591,36],[-983,2009],[-444,3982],[-492,2584],[-1379,3210],[-2509,2476],[-4724,2566],[-16011,251],[-3052,-1058],[-295,-897],[245,-1669],[2265,-4089],[935,-2638],[345,-1651],[-936,-3927]],[[583066,442343],[-12221,22028]],[[570845,464371],[-4233,3086],[-1230,1615],[-886,1579],[-493,1901],[99,1471],[886,2278],[1280,250],[1329,-1004],[2509,-2385],[3839,-2009],[1099,752],[2657,2764],[1083,2475],[0,3695],[-2608,8971],[-2723,6277],[-3938,7356],[-7775,8843],[-1182,4020],[-5626,11176]],[[554932,527482],[20046,807],[8728,2564],[3937,6944]],[[587643,537797],[591,-3570],[1083,-432],[2361,-358],[6169,3838],[2806,-250],[2312,-2297],[11680,-3408]],[[479911,222372],[-1427,-7678],[98,-5237],[-737,-5418],[-4726,-3912],[-10548,11087]],[[459815,231916],[4183,-36],[2806,2028],[3412,-664],[5070,-2727],[2313,-2368],[2312,-5777]],[[366767,492069],[21966,10620]],[[930822,988245],[1424,-2651],[2789,-2225],[4659,-394],[1411,-3499],[-723,-6206],[-1804,-8469],[-2198,-7820],[-1208,-3113]],[[564938,312212],[-3050,-16792],[-2068,-2870],[-1082,-843],[-1050,161],[-592,-142],[-491,-862],[344,-2620],[115,-1973],[-115,-2475],[-443,-2332],[-984,-3696],[-788,-2331],[-1082,-2423],[-2559,-1076],[-1576,-3587],[-3248,-2782]],[[546269,265569],[-10646,12163],[-1181,1723],[-3642,10226]],[[530800,289681],[147,13956],[1773,4090],[2263,3983],[3150,3766],[3265,1220],[1230,216],[2658,1255],[1821,3086],[1673,4593],[1131,1184],[1428,90],[1083,-2099],[2066,-2369],[1625,-2781],[1936,-1937],[1524,-2243],[5365,-3479]],[[615383,306059],[-7250,-6047],[-1427,-3676],[-1624,-5956],[836,-8306],[1674,-6637],[5724,-9006],[7382,-17311],[3101,-18692],[0,-91],[246,-2022]],[[624045,228315],[-8645,-4400],[-12795,-10942],[-2691,-4807],[-1620,-6757]],[[598294,201409],[-283,-313],[-6627,-7318]],[[591384,193778],[-11862,-12702],[-1968,-824],[-4150,-611],[-4872,611],[-9500,-933],[-7448,1740]],[[551584,181059],[935,5794],[2265,2260],[985,682],[786,1094],[509,1309],[591,1328],[689,3085],[-951,3410],[-2167,4610],[-10678,17902],[-394,3463],[-1035,3588],[-4198,9758],[-1526,8827]],[[537395,248169],[8874,17400]],[[564938,312212],[12666,-4055],[3739,1651],[4232,2745],[2511,4035],[3495,11231],[-149,3265],[-442,2978],[147,2978],[3560,10601]],[[547304,696252],[-494,-18459],[-1721,-9508],[-3988,-9992],[-1000,-13956]],[[518923,662061],[837,6457],[-198,1077],[-542,1543],[-738,1219],[-1377,1651],[-2510,932],[-4332,-1613],[-2853,573],[-4200,1740],[-3248,3140],[-11862,-5130]],[[487900,673650],[-394,16467],[-2919,4109]],[[484587,694226],[15961,11426],[4397,5023],[149,8755]],[[505094,719430],[13829,-9041],[28381,-14137]],[[254360,595471],[8169,-9186],[5020,-8575],[4396,-3694],[8465,-5167]],[[252916,524701],[-20392,-6261],[-1083,-1920],[-6545,-6619]],[[224896,509901],[-1969,6405],[-8531,4071],[-11959,1759],[-2969,1649],[-1624,1812],[-99,3785],[346,5884]],[[744196,722982],[2362,-3444]],[[746558,719538],[2018,-7140],[0,-2368],[-444,-2009],[3988,-10476]],[[737208,683856],[-6316,10496],[-4528,3299],[-3692,1831],[-492,2368],[-26363,23716],[-2904,3982],[-48,1506],[-640,4593]],[[692225,735647],[8121,-1435],[4888,-3121],[8318,-19],[7545,-5471],[3298,-4162],[2165,-1507],[1526,-502],[5513,322],[2214,610],[1197,825],[7186,1795]],[[912856,853937],[-11271,-16826],[-4134,-2583],[-3067,-7195],[-6924,-6511]],[[893154,884470],[4101,-12557],[147,-5149],[1919,-3569],[1723,-2387],[7087,-5542],[4725,-1329]],[[89424,328787],[-2362,-3174],[-1773,-647],[-2657,-377],[-1576,-1344],[-48,-2208],[2804,-4879],[3150,-3264],[8286,-4359],[4428,340],[9499,-2440]],[[66320,274515],[-2604,7846],[1050,23751],[9533,33180]],[[245139,658545],[1674,-4235],[2067,-6313],[935,-3552],[-443,-3499],[-4676,-7121],[-1131,-4521],[-1084,-2834],[-4083,-5383],[-1625,-7983]],[[153223,664842],[22261,18243],[9268,12648],[4184,4413],[3790,2852],[2263,4197],[4085,1795]],[[387306,328141],[392,-9686],[-1672,-5419],[-3543,-4825],[-2659,-198],[-2181,396],[-1624,1794],[-2264,1489],[-3789,4286],[-7235,4020],[-5627,-2548]],[[357104,317450],[-7383,17437],[-935,10154],[-1624,11463],[98,7660],[-4445,18010]],[[374197,616764],[-9104,-8450],[-4594,-2223],[-5413,-252],[-5267,-3192]],[[349819,602647],[-15863,-1902]],[[333956,600745],[-8776,1614],[-3102,-1363],[-2706,2924],[-985,3139],[-442,3982],[688,1759],[3101,-1543],[1280,-359],[1231,2439],[836,3482],[1394,9829],[3741,17652]],[[330216,644300],[6840,-788],[1625,2098],[590,1291],[1034,3552],[1033,2925],[1330,1149],[1639,502],[1526,-145],[4626,-1811],[21179,-2745]],[[555817,403073],[5382,-5364],[1327,-3588],[1970,-1435],[2559,1310],[1722,1920],[1526,1076],[1427,322],[836,-1220],[-392,-3838],[-1428,-2781],[-1034,-2888],[-295,-4358],[2263,-6835],[4644,-9007],[7283,-9722],[11090,-9024]],[[530800,289681],[-3691,-2010],[-1919,1202],[-1329,3569],[-4938,2978],[-6645,-4842],[-3789,1148],[-2559,2942],[-1329,3730],[-591,3912],[-1344,3192],[-3200,3444],[-2904,1365],[-16601,-719]],[[495874,374460],[3888,2225],[4741,6171],[4380,-305],[4429,-1506],[5611,-5581],[7694,4020],[2559,5023],[1427,5739],[394,5670],[836,4628],[4528,1113],[7743,-610],[3200,3516],[2510,394],[984,-322],[639,-1024],[4380,-538]],[[557949,620227],[-392,-16218],[-1002,-4234],[-2460,-7174],[-1034,-4019],[886,-3785],[-1969,-7589]],[[549125,579056],[-13896,34425]],[[540101,644337],[4692,-3660],[1870,-4557],[4824,-5023],[2509,-6672],[3953,-4198]],[[542333,123796],[-5479,3391],[-5956,17006]],[[530898,144193],[1034,13958],[1377,3946],[5857,12808],[2920,4628],[3692,2817],[5806,-1291]],[[591384,193778],[2624,-145],[541,-1129],[4086,-13617],[4330,-5739],[3150,-6818],[3100,-9077],[-245,-4663],[-1378,-3374],[-2313,-447],[-1182,-1238],[-1033,-2261],[-1033,-5023],[-887,-2798],[-1821,-2369],[-1377,-2332],[-1427,-1326],[-788,-1543],[-935,-503],[-838,-915],[-803,-216],[-2756,-53]],[[570845,464371],[-11123,-4521],[-7005,5239]],[[552717,465089],[-2313,6799],[-541,2817],[-2953,4377],[-2265,1579],[-1082,2259],[-1968,5311],[-935,1649],[-1050,5059],[196,3516],[1542,5669],[4282,11015],[5709,5777],[3593,6566]],[[487064,750393],[-1542,-4664],[-2706,-861],[-4037,573],[-6939,3445],[-6414,7821],[-5857,2547],[-5162,1521]],[[454407,760775],[3340,11540],[2329,10633]],[[460076,782948],[3528,883],[4938,-322],[838,-252],[1033,252],[788,466],[1132,449],[1278,-665],[1970,-395],[1132,-3299],[1821,-1293],[1721,-2242],[149,-3336],[1034,-4468],[3197,-5165],[2232,-2763],[1182,-1992],[-985,-8413]],[[211049,450953],[-2165,4090],[-442,2188],[788,7284],[1082,6206],[14584,39180]],[[348442,543286],[1426,-5042],[-147,-573],[-2609,-3338]],[[347112,534333],[-16551,-1040]],[[330561,533293],[-5578,17580],[-690,1615],[-836,1597],[-344,1955],[442,4054],[2526,7032],[3101,18190],[4035,8648],[739,6781]],[[349819,602647],[-2313,-5006],[-1329,-1848],[-983,-2512],[-1132,-1290],[-788,-2656],[-853,-3802],[-542,-8198],[297,-15554],[442,-6674],[5824,-11821]],[[625325,731610],[1083,-8306],[2280,-4090],[2166,-4843],[4970,-3408],[4429,-4773],[5168,-2009],[7744,-9220]],[[653165,694961],[-1970,-4969],[-589,-3535],[-738,-3264],[-788,-1507],[0,-2081],[1673,-3264],[1230,-3122],[-491,-2045],[-838,-1867],[-1574,-2744],[-247,-1955],[5118,-6691]],[[653951,657917],[-4133,-11391],[-1427,36],[-1985,1435],[-2462,1040],[-1770,-1507],[-1921,-3211],[-4231,-12289]],[[636022,632030],[-6005,5131],[-3510,5561],[-591,6315],[-1821,4682]],[[624095,653719],[7251,12413],[836,3643],[541,6458],[-886,3624],[-2164,2295],[-2724,3625],[-4724,12377],[-197,4162],[688,2691],[1477,1830],[1673,1398],[50,1507],[-886,719],[-2953,2995]],[[296470,320823],[-7201,-27501]],[[289269,293322],[-17290,11606],[-7088,6656],[-6545,2135],[-16848,-4646]],[[239874,315978],[-3758,15787],[-1524,3266],[-1133,5398],[-98,5258],[442,6134],[2215,6512],[1936,8198],[394,6960],[-639,3122],[-1429,862],[-311,1363],[705,2762],[3150,3749],[2609,4126],[2657,5364],[444,9329]],[[533261,534369],[-8465,-1452],[-5873,5399]],[[522121,579272],[6514,-3230],[3789,-7767],[985,-3050],[1771,-8090]],[[826664,651422],[-641,-8825],[1182,-1849],[739,-2941],[886,-4737],[-297,-5381],[4430,-22478],[1439,-3282]],[[834402,601929],[-3703,-1579],[-10564,-2870],[-9466,-7898]],[[810669,589582],[-165,919],[-639,6118],[98,1219],[197,1471],[394,1112],[-247,1759],[0,1938],[197,1864],[100,2010],[-197,2081],[-1182,4324],[-788,2259],[-541,2530],[-245,2691],[245,2332],[690,1793],[393,1651],[-49,3158],[-197,1793],[-738,2314],[-1346,1921],[-1820,1739],[-5267,3499],[-1279,1363],[-3495,789],[-1279,35],[-1674,-968],[-1770,-503],[-2380,-1398],[-1377,-394],[-1526,-1185],[-1772,-4037],[-1082,-3927],[197,-4413],[-1232,-13096]],[[782911,674260],[5956,-8971],[6119,1490]],[[794986,666779],[8514,8916],[2460,-2262]],[[849663,860288],[-10795,-20756],[-294,-7946],[2165,-19231]],[[829518,806991],[-7104,1560]],[[822414,808551],[-7184,5688]],[[800892,848592],[147,11731],[-3740,3876],[-5710,2243],[-10007,10261],[-2853,6799],[-4430,2492]],[[768036,894631],[12169,7384],[8825,1149],[8826,-2620],[21523,-16361],[12895,-3444],[3477,-3660],[5930,-11221],[40,-44]],[[636022,632030],[-1378,-6780],[393,-1902],[689,-2691],[639,-1418],[2117,-2923]],[[638482,616316],[-935,-7606],[885,-1185],[1133,-2797],[-590,-3482],[-1231,-1882],[-1477,-3141],[-1820,-1596],[-1674,-13579]],[[632773,581048],[-10401,8073],[-1477,824],[-2067,323],[-1131,-933],[-1624,-233],[-1378,1202],[-3100,4378],[-1444,6189],[-5463,12646],[-9498,9185]],[[603950,653594],[20145,125]],[[956559,816588],[6053,-14997],[-2511,-2367],[-2066,-3302],[-4970,-4915],[-5333,-3677],[-2018,-628],[-3100,-180]],[[940694,805501],[2117,7033],[148,2225],[1525,1524],[2757,843],[4691,-2188],[4627,1650]],[[158932,405010],[-4332,-3425]],[[79383,362609],[2379,14220],[-5380,13204],[-1631,-583]],[[74751,389450],[3255,4565],[4823,3802],[-7055,11319]],[[75774,409136],[3561,-896],[1230,-1094],[1968,-2458],[1231,-1992],[1083,-1507],[1279,-250],[1280,682],[935,1865],[-1673,4126],[-4332,8934],[247,2583],[2361,2636],[6989,16379],[3807,4701],[4626,3802],[7530,-824],[8580,-5473],[2410,198],[3791,4450],[2853,7677],[1970,4342],[639,13687]],[[632773,581048],[-739,-6727],[-1476,-2853],[-2526,-3426],[-1328,-8863]],[[626704,559179],[-2264,432],[-1427,-808],[-1921,-1471],[-2411,-2547],[-1871,-3085],[0,-13151],[543,-3856],[-2708,-3373]],[[587643,537797],[2412,26334],[-394,5328],[-984,8575],[-198,2637],[493,1507],[48,860],[-836,4718],[344,2656],[1083,4879],[1132,2996],[0,22226]],[[324096,197078],[2282,-12628],[7381,-12881],[2904,-6350],[148,-12199]],[[336811,153020],[-15125,5525],[-3002,5345],[-6940,8683],[-4643,-214],[-1328,-862],[738,-2117],[-787,-2584],[-3593,-3048],[-9991,-3086],[-12369,-7570],[-2756,-2405],[-3544,-5095],[-3511,-1399],[-6840,-1255],[-13404,1327],[-7727,-717],[-5479,-3049],[-2362,-2226],[-3887,1005]],[[230261,139278],[-3396,2548],[-100,1184],[1132,4125],[-1673,6854],[-1624,5273],[-1132,4628],[-196,9652],[-1279,4234],[-641,4699],[689,4917],[2214,6350],[3642,2655],[3250,5400]],[[231147,201797],[7545,-5222],[5315,-2187],[5070,36],[7104,2187],[9349,6585],[5709,555],[11682,6691],[4774,5633],[16405,13365]],[[304100,229440],[1427,-9920],[18569,-22442]],[[197525,61285],[-4948,1610],[-2198,-2262],[-1115,-4914],[0,-7463],[6725,-12379],[-4068,-8575],[-14863,-9722],[-4625,-6997],[-2790,-6708],[-3378,-3875],[-16963,3803],[-4988,2439],[-4233,6602],[-14993,14602],[-31531,-2216]],[[93557,25230],[459,4512],[1477,1614],[296,180],[1230,1507],[492,2062],[738,2314],[935,3733],[3494,5525],[1427,3139],[-541,1668],[-541,1149],[-8580,5238]],[[98381,84085],[24690,5649],[0,4293],[-3358,7430],[-4754,7939],[-4961,8334],[15647,2103],[12533,-10405],[14995,2369],[6401,12155]],[[655386,244426],[-220,-275],[-31121,-15836]],[[216120,286953],[4002,-19661],[-2084,-8109],[-1033,-13096],[-1674,-3587],[-2018,-8270]],[[213313,234230],[-6791,6620],[-1132,359],[-2215,214],[-786,-1004],[-4103,-3409]],[[198286,237010],[-2016,5509],[-16553,14081],[-9154,11805]],[[509522,597229],[99,13257]],[[509621,610486],[4528,6494],[1229,3247],[444,3874],[3101,7337],[2706,2834]],[[404743,313216],[-4527,7965],[-1379,5777],[-6562,9938]],[[678625,649790],[6858,-6242],[2461,-413],[2755,-3641],[2166,-7535],[2313,-17509],[885,-10549],[-1723,-10906]],[[694340,592995],[-7136,-771]],[[687204,592224],[-5724,4340],[-1871,-1452],[-1919,-502],[-32957,15141],[-6251,6565]],[[653951,657917],[9057,-7839],[2476,-1257],[13141,969]],[[419673,481593],[5166,-3982],[3938,-1113],[1821,-2584],[1477,-4090],[2673,-896],[6104,790]],[[440852,469718],[-1280,-4881],[-1673,-1829],[-10254,-7786]],[[336811,153020],[-1182,-13975],[-197,-4879],[1970,-5705],[4183,-6010],[836,-3730],[-147,-4862],[-1674,-3230],[247,-1560],[3313,-646],[3494,252],[2411,-861],[1921,1039],[2115,-395],[2362,253],[1068,-730]],[[357531,107981],[-1298,-15667],[-1673,-9830],[-4200,-11697],[-12434,-14028],[-5874,-8467],[-12204,-10656],[-14601,-2045],[-14731,4305],[-12633,8504],[-6956,2654],[-8136,-3660],[-15093,-10871],[-8203,-2331],[-932,79]],[[230015,132229],[246,7049]],[[810669,589582],[-11172,-9324],[-894,-41]],[[653165,694961],[5708,-4018],[3347,-6332],[1034,-2925],[935,-3893],[901,-1452],[1035,-593],[1672,430],[2264,127],[4480,-1956],[1476,-1668],[294,-1831],[-491,-6277],[886,-6352],[1919,-8431]],[[509621,610486],[-1329,10960],[-2068,4073],[-1918,843],[-1936,-1507],[-7285,-9437],[-15174,-6277]],[[476713,619239],[4626,15357],[48,10279],[6513,28775]],[[198286,237010],[-4527,-11480],[-3544,-2870],[-2460,-3033],[-344,-4645],[1279,-7768],[1722,-5544],[887,-6135],[-1723,-4968],[-8236,-19250],[2280,-6422],[-1688,-12843]],[[167737,145885],[-160,642],[-2855,322],[-4757,4163],[-3412,5704],[-25297,65298],[-21983,15213],[-3037,3611]],[[456764,695320],[27823,-1094]],[[838770,764241],[-7678,-3569],[-3739,-3696],[-2953,-2098],[-2379,-3338],[-1625,-3103],[-738,-10045]],[[812325,771166],[1379,5238]],[[813704,776404],[5315,-4198],[739,-1704],[2115,-305],[1576,324],[8727,9184]],[[767048,724902],[4627,1021],[1738,-824],[1033,-826],[4381,-8359]],[[778827,715914],[-4134,-3946],[-591,-2906],[690,-5095],[-1723,-4162]],[[746558,719538],[5020,10010],[-935,4001],[-689,4143],[-1378,3838],[394,2064],[2706,5956]],[[211049,450953],[-48,-4880],[-1723,-1111],[-1674,-468],[-3198,485],[-2970,1829],[-5659,6155],[-5513,7479],[-1426,341],[-344,-1326],[-247,-2351],[-442,-1884],[-2412,-3552],[-1329,-3086],[-1739,-466],[-1279,144],[-1477,1596],[-1082,-305],[-394,-1435],[48,-2385],[-934,-3033],[-3052,-250],[-1871,753],[-4133,3929]],[[330561,533293],[1525,-11625],[936,-3103],[-6497,-7085]],[[258346,597443],[15519,-6313],[2018,-1293],[12795,1185]],[[288678,591022],[7547,-4592],[8465,-9400],[1575,1218],[885,2942],[591,6746],[-1427,4735],[-4676,9707],[-1230,1417],[-99,2618],[394,2475],[2658,3965],[639,3696],[1821,1705],[-738,5023]],[[626704,559179],[7102,-4627],[641,-2405],[836,-4072],[-738,-4412],[-246,-17616]],[[696851,790432],[-20440,-16916],[-4184,-2259],[-7842,2852],[493,7929]],[[657172,835615],[1471,-1949],[7185,-6763],[9516,2531],[5906,6995],[861,2900]],[[682111,839329],[1993,-3707],[1428,-9275],[-99,-5184],[1133,-3910],[1279,-2781],[1723,-1203],[1427,-1524],[1624,-3266],[491,-6530],[0,-4484],[3741,-7033]],[[930982,849955],[-3690,-4593],[49,-3480],[-1033,-5938],[4774,-6799],[737,-14261]],[[905227,805718],[-4232,5416],[-13535,9688]],[[912856,853937],[8825,-1435],[2511,4018],[2213,-932],[4577,-5633]],[[763603,840520],[-3149,-13420],[-936,-8503],[690,-10118],[-1675,-10296]],[[758533,798183],[-3149,-3302],[-7644,539],[-6891,7068],[-6070,9257],[-10384,879]],[[724395,812624],[5462,6583],[-5905,27215]],[[101774,722343],[822,2576],[459,17760],[1773,3678],[1180,4306],[591,4896],[-32,5455],[4806,-610],[20966,-7696],[4330,72],[20605,5112],[9580,-2403],[29037,-20738],[5218,-969],[5129,1394]],[[578883,759254],[-14436,11356],[-1674,5436],[-3445,7283],[-4446,5561],[-3101,7032]],[[577210,830240],[2656,-4772],[985,-1310],[738,-681],[1871,-1023],[1919,-2367],[739,-2207],[0,-2907],[-543,-3839],[-2607,-6923],[-1821,-1723],[-2018,-825],[-1132,72],[-690,-790],[935,-2870],[197,-2977],[-1180,-5579],[-1723,-4648],[-688,-4592],[-165,-3425],[1591,-5975],[5956,-3300]],[[931487,941364],[-423,-2574],[723,-2583],[4364,-19967],[3608,-6977],[2723,-8002],[2953,-5256],[4398,1148],[97,-11677],[2476,-1596]],[[952406,883880],[-459,-1323],[-2442,-7021]],[[949505,875536],[-4923,2907],[-2066,-3552],[-2165,-5275],[-3151,-10692],[-983,-10853]],[[936217,848071],[-5235,1884]],[[772970,849273],[5759,-986],[1623,-3677],[591,-2619],[1033,-6172],[197,-2584],[50,-3318],[1673,-2817],[3248,-3999],[2215,-1166],[1591,-108],[1920,2511]],[[822414,808551],[-3936,-4879],[-1723,-1113],[-3692,-4162],[-1327,-3299],[-837,-2440],[2805,-16254]],[[780352,743792],[-2264,1649]],[[758239,779921],[4920,8628],[-1132,1309],[-638,2584],[-1034,1795],[-1822,3946]],[[772771,572765],[-3296,-3843],[-6430,-16468],[-6071,-5957],[-22789,2562]],[[744196,722982],[-3741,11445],[-836,3587],[1377,5347],[346,2618],[-1920,5508],[639,4252]],[[740061,755739],[11172,-5131]],[[464491,511444],[-7579,3408],[-10303,2206],[-13402,-4251],[-5956,-7212],[-8662,-5489]],[[286316,626595],[-344,-20110],[491,-4735],[2215,-10728]],[[334055,310525],[-3642,-2440],[-1968,-4287],[-2167,-555],[-1344,1792],[-1330,1436],[-2658,4467]],[[317551,376182],[1427,-9363],[4479,-8791],[2460,-3874],[3069,-3158],[1672,36],[1871,-2098],[640,-2495],[-984,-8969],[-542,-7462],[-935,-5095],[3347,-14388]],[[818724,733782],[-246,-14244],[3051,-6280]],[[821529,713258],[-3199,-21132]],[[794986,666779],[541,3857],[-591,1362],[-1869,1329],[-985,1344],[-788,1704],[344,1831],[-97,4198],[344,1328],[0,1955],[-443,2601],[-3461,10889],[-9154,16737]],[[692225,735647],[-2018,9866]],[[690207,745513],[7727,8647]],[[697934,754160],[14189,4701],[27938,-3122]],[[386468,537671],[-14239,-16577]],[[372229,521094],[-4183,2011],[-7595,17902]],[[360451,541007],[16454,28003]],[[334055,310525],[5806,-5525],[2018,359],[15225,12091]],[[357104,317450],[2559,-7301],[-641,-5688],[297,-7174],[2526,-7678]],[[353363,225100],[-21523,-26227],[-7744,-1795]],[[304100,229440],[-7580,2190],[-3741,3909],[-5724,9330],[-3545,9902],[345,7534],[6300,24845],[-886,6172]],[[687204,592224],[-1869,-3122],[-984,-2279],[-1920,-2672],[-3855,-7462],[-4774,-4862],[-3641,-2620],[-5578,-6063],[-2658,-4341],[-788,-1668],[-245,-3212],[934,-5811],[2626,-10208],[5659,-13419],[739,-3983],[1623,-5147],[2412,-3553],[4430,-2655],[3609,1687],[3149,502],[1772,896],[4282,-4340]],[[692127,507892],[-3003,-17221]],[[651786,444119],[-15863,6116]],[[555817,403073],[-7234,18423],[245,6638]],[[548828,428134],[16012,1526],[24180,-9024],[4496,753],[1722,2152],[-345,2207],[-738,1490],[-1197,1021],[-2559,3319],[-936,861],[-1180,718],[-2608,1005],[-1035,1399],[-738,1400],[-836,5382]],[[573737,845449],[10264,-1665],[40600,3205]],[[530898,144193],[-4134,11230],[-1427,12164],[-6414,11641],[-5956,10279],[-1427,4379],[-1477,6027],[2609,20738],[1082,5364],[-491,11892]],[[513263,237907],[4577,9330],[2263,1828],[3610,1669],[5857,-2476],[7825,-89]],[[690207,745513],[-12369,1293],[-29299,-14980]],[[696851,790432],[-3200,-30622],[4283,-5650]],[[713650,541976],[-10975,-17384],[-3560,-10062],[-6988,-6638]],[[694340,592995],[4234,-2834]],[[75774,409136],[-5315,10496],[-5119,7301],[-2853,7445],[-1773,6529],[-3313,5202],[-4527,2871],[-2931,3460]],[[49943,452440],[29784,34535],[9089,25474],[-1258,6717]],[[513263,237907],[-13601,3643],[-4083,-1634],[-9712,-16718],[-5956,-826]],[[340275,690986],[4377,-3056],[5316,-1257],[10957,3947],[4332,-9023],[3575,-11893],[4200,-6657],[5512,3679],[1402,5412]],[[843069,740850],[-4003,-11768],[-1379,-4952],[-2313,-5525],[-6200,-8575],[-7645,3228]],[[964222,860549],[-3185,851],[-6152,3947],[-2953,3354],[-2427,6835]],[[952406,883880],[1921,-1240],[5905,-538],[4758,-4790],[1740,-13113],[-2508,-3650]],[[932135,766106],[-1956,-1828],[-9975,-5919],[-956,-1630]],[[539949,34920],[-3161,4151],[-15487,646],[-3149,4413],[-3545,2548],[-2843,596]],[[511764,47274],[-44,156],[-3772,13597],[-6809,9635],[-1918,627],[-2561,-627],[-5069,-2386],[-3839,-414],[-5232,1920],[-4724,4269],[-1821,593],[-2018,-952],[-3101,-3892],[-837,-2709],[-739,-4521],[-1591,-6458],[-935,-1901],[-1377,-1399],[-4480,1077],[-6741,12269],[-12616,18083],[-5365,5974],[-1968,5597],[-442,2565],[541,1328],[98,3228],[-1132,2692],[-2035,14727]],[[431237,120352],[-4034,21618],[4969,6708],[1641,6387]],[[682111,839329],[1173,3954],[847,6582]],[[684131,849865],[5240,-7947],[10778,-4376],[6365,286],[2412,-1615],[2214,-4161],[2657,-2619],[4298,-5992],[1132,-4952],[5168,-5865]],[[406664,197078],[-3692,8951],[-1574,2907],[-3199,2996],[-6563,449],[-7235,4018]],[[380612,254412],[7235,2332]],[[717865,535693],[-1180,-2434],[-5874,-17150],[-4560,-19661],[-34,-17474],[4430,-15643],[6277,-10115]],[[716924,453216],[-27,-39],[-5068,-7282]],[[364649,501218],[3150,3302],[1280,4555],[2903,3105],[247,8914]],[[350459,499765],[-3347,34568]],[[348442,543286],[12009,-2279]],[[964222,860549],[-1890,-2755],[-6037,-4359],[-2919,-6851],[1209,-4619]],[[954585,841965],[-1668,-1464],[-6070,-13113]],[[946847,827388],[-10630,20683]],[[844692,700307],[-4494,1829],[-5218,-4251],[-1327,-2279],[-2609,-6170]],[[581343,627653],[-4725,-1685],[-7348,7534],[-3938,-197],[-2559,-2064],[-2165,-3588],[-2659,-7426]],[[547304,696252],[935,5346],[2017,-233],[4232,-2135],[3708,-6080]],[[74751,389450],[-9229,-3293],[-10238,-7499],[-9514,-1112],[-8629,15141],[-132,790],[-197,682],[-263,644],[-294,575],[-1476,1829],[-4135,7392],[4855,6708],[1642,1651],[2461,4951],[886,4809],[-788,4484],[-2559,4091],[7250,14710],[5552,6437]],[[854192,966738],[-1379,-28039],[148,-3874],[3642,-4107]],[[827202,938267],[85,2102],[2198,21562],[-262,4915],[-1412,1543],[-294,1526],[3083,4896],[1871,1615],[14109,5239],[6637,5904]],[[93557,25230],[-9827,-689],[-12535,20727],[671,2965],[-800,5905],[2170,7147],[0,4323],[-3100,932],[-2403,2711],[-1861,4577],[-1317,6441],[6665,-2400],[6768,1549]],[[494840,750627],[-7776,-234]],[[460076,782948],[2463,11253],[3609,11697],[5315,11624],[4003,2565],[4462,-825],[5398,1091]],[[485326,820353],[441,-1881],[1739,-5543],[740,-1040],[983,-36],[788,125],[639,-646],[641,-1130],[885,-932],[1133,-1902],[1132,-2835],[1279,-4629],[1525,-4484],[935,-1488],[2559,-861],[838,-2208],[442,-3874],[-148,-8467],[197,-3768],[50,-2512],[98,-1183],[393,-1076],[689,-1435],[-886,-6388],[-7578,-11533]],[[548828,428134],[-5019,5705],[-1034,3445],[-1131,7803]],[[546810,454039],[3101,1291],[1428,1310],[1378,8449]],[[372131,215770],[6102,-29311],[608,-7572],[3050,-10152],[272,-1680]],[[382163,167055],[-1649,-1083],[-2461,-4162],[-3971,-14064],[-3347,-7463],[-8004,-13776],[-2953,-6709],[-2003,-8863],[-244,-2954]],[[213313,234230],[11090,-12252],[3102,-6333],[3642,-13848]],[[956559,816588],[-9712,10800]],[[954585,841965],[1316,-5034],[5776,-6995],[11319,-10154],[11713,-27554],[10696,-13814],[4594,-29923],[-7678,9329],[-3117,2692],[-3347,861],[-6889,-1328],[-2757,467],[-2657,2906],[-5348,8575],[-2822,2725],[-3609,432],[-4036,-502],[-4036,824],[-3674,4449],[-1969,-5203],[-139,304],[-2256,4899],[-1229,-2189]],[[511764,47274],[-4669,982],[-5480,7892],[-7218,7249],[-5774,-360],[-1150,-14781],[-6101,-16217],[-13585,-7498],[-13222,4304],[-4986,19411],[-33,36],[-33,108],[-34,0],[-29462,19912],[-6300,8288],[-99,3587],[1117,12270],[-591,5382],[-1838,3804],[-117,104]],[[412189,101747],[5367,4200],[13681,14405]],[[466509,495263],[-9056,-14943],[-16601,-10602]],[[852261,620066],[-3484,-5758],[-6267,-6674],[-6595,-5059],[-1513,-646]],[[494840,750627],[5266,-8594],[886,-1113],[7053,-932]],[[508045,739988],[-2951,-20558]],[[415005,719388],[2354,-640],[2264,8575],[3707,6764],[1576,4718],[1903,3300],[5281,3607],[2823,-3033],[8136,2046],[7021,4843],[1773,2350],[2564,8857]],[[522285,782324],[-2133,-12879],[-491,-12253],[-1182,-5866],[-2066,-4934],[-1673,-1954],[-6695,-4450]],[[485326,820353],[1164,236],[6913,6570]],[[83206,526336],[-4265,1254],[-9351,-1543],[-8071,1937],[-9548,14388],[-5971,6350],[-8859,2726],[-4430,3840],[-9515,1004],[-4922,2584],[4627,-12271],[-8662,-2046],[-2691,6028],[-1115,9615],[-4200,8756],[-65,142],[-1936,17402],[-1771,8252],[-2461,6960],[8268,7821],[1375,3583]],[[738915,429067],[-2643,-1147],[-5331,-9437]],[[716924,453216],[2517,-4057],[3871,-3516],[8892,-5632],[3871,-4342],[2840,-6602]],[[412189,101747],[-2016,1797],[-2230,1435],[-10893,13348],[-4102,6601],[-2920,8753],[-295,9366],[361,12735],[-690,10656],[-3477,3086],[-3764,-2469]],[[738915,429067],[1622,-3766],[-1377,-7248],[-3709,-8503],[-2427,-14028],[-34,-108],[370,-14355],[550,-21308],[-492,-11552],[-1641,-8683],[-2232,-8217],[-1245,-8323],[1345,-8863],[3739,-13956],[198,-9902],[-3184,-6961],[-6495,-5237],[-6202,-2728],[-12303,-681],[-11921,3105]],[[684131,849865],[169,1311],[3118,9884],[4856,5578],[6792,2692],[6759,144],[4789,-2045],[4102,1757],[1617,1823]],[[554193,530207],[739,-2725]],[[598294,201409],[-316,-1316],[624,-2907],[2329,-1757],[3051,-4629],[3150,-9329],[1674,-3408],[2821,-3156],[4133,-2369],[1314,1399],[426,2799],[1444,1865],[3839,1579],[1180,968],[985,-1326],[5129,-9040],[613,-1078],[5183,-13204],[1739,-6135],[-6561,72],[-4430,-2367],[-3937,-3230],[-9319,-4557],[-1836,-5165],[-1181,-5491],[-2166,-2906],[-3970,-3121],[328,-5704],[2263,-7464],[1733,-7778]]],"transform":{"scale":[0.000003150043430043431,0.0000014403269603269549],"translate":[13.36526127,45.42363678]},"bbox":[13.36526127,45.42363678,16.51530155,46.8639623]}