{"type":"Topology","objects":{"all":{"type":"GeometryCollection","bbox":[-8.68238521,11.96886072,18.97556122,37.09393952],"geometries":[{"type":"Polygon","properties":{"a":785,"b":"Médéa","c":3.022,"d":36.0031},"arcs":[[0,1,2,3,4,5,6]]},{"type":"Polygon","properties":{"a":786,"b":"M'Sila","c":4.2764,"d":35.3007},"arcs":[[7,8,9,10,-1,11,12]]},{"type":"Polygon","properties":{"a":788,"b":"Batna","c":6.0028,"d":35.5227},"arcs":[[13,14,15,-9,16,17]]},{"type":"Polygon","properties":{"a":779,"b":"Bordj Bou Arréridj","c":4.6835,"d":36.1247},"arcs":[[18,-13,19,20]]},{"type":"Polygon","properties":{"a":780,"b":"Béjaïa","c":4.8204,"d":36.6016},"arcs":[[21,22,-21,23,24,25]]},{"type":"Polygon","properties":{"a":766,"b":"Ouargla","c":6.6513,"d":30.6482},"arcs":[[26,27,28,29,30,31]]},{"type":"Polygon","properties":{"a":748,"b":"Adrar","c":-1.973,"d":25.4717},"arcs":[[32,33,34,35,36,37]]},{"type":"Polygon","properties":{"a":768,"b":"Boumerdès","c":3.7226,"d":36.7534},"arcs":[[38,39,40,41,42]]},{"type":"Polygon","properties":{"a":770,"b":"Tipaza","c":2.2907,"d":36.5201},"arcs":[[43,44,45,46,47]]},{"type":"Polygon","properties":{"a":794,"b":"Souk Ahras","c":7.8297,"d":36.1051},"arcs":[[48,49,50,51,52]]},{"type":"Polygon","properties":{"a":753,"b":"Béchar","c":-2.5667,"d":29.9156},"arcs":[[-36,53,54,55,56]]},{"type":"Polygon","properties":{"a":782,"b":"Bouira","c":3.9121,"d":36.2886},"arcs":[[57,-24,-20,-12,-7,58,-40]]},{"type":"Polygon","properties":{"a":756,"b":"Annaba","c":7.5502,"d":36.8535},"arcs":[[59,60,61,62]]},{"type":"Polygon","properties":{"a":750,"b":"Oran","c":-0.6705,"d":35.5933},"arcs":[[63,64,65,66,67]]},{"type":"Polygon","properties":{"a":769,"b":"Tizi Ouzou","c":4.2689,"d":36.6726},"arcs":[[-25,-58,-39,68]]},{"type":"Polygon","properties":{"a":767,"b":"Alger","c":3.1206,"d":36.7143},"arcs":[[-42,69,-44,70]]},{"type":"Polygon","properties":{"a":792,"b":"Mila","c":6.1984,"d":36.2496},"arcs":[[71,72,73,-18,74,75]]},{"type":"Polygon","properties":{"a":764,"b":"Ghardaïa","c":3.0537,"d":31.1791},"arcs":[[-30,76,-38,77,78,79]]},{"type":"Polygon","properties":{"a":783,"b":"Biskra","c":5.686,"d":34.7444},"arcs":[[80,81,82,-10,-16]]},{"type":"Polygon","properties":{"a":790,"b":"Guelma","c":7.3991,"d":36.4022},"arcs":[[83,-51,84,85,86,-61]]},{"type":"Polygon","properties":{"a":795,"b":"Tébessa","c":7.7993,"d":35.0331},"arcs":[[87,88,89,90,-49]]},{"type":"Polygon","properties":{"a":771,"b":"Aïn Defla","c":2.0802,"d":36.1761},"arcs":[[91,-5,92,93,-46]]},{"type":"Polygon","properties":{"a":777,"b":"Tiaret","c":1.6341,"d":34.9782},"arcs":[[-3,94,95,96,97,98,99,100]]},{"type":"Polygon","properties":{"a":781,"b":"Blida","c":2.9807,"d":36.529},"arcs":[[-59,-6,-92,-45,-70,-41]]},{"type":"Polygon","properties":{"a":787,"b":"Sétif","c":5.5742,"d":36.0765},"arcs":[[-75,-17,-8,-19,-23,101]]},{"type":"Polygon","properties":{"a":793,"b":"Oum el Bouaghi","c":7.07,"d":35.8474},"arcs":[[-85,-50,-91,102,-14,-74,103]]},{"type":"Polygon","properties":{"a":789,"b":"Constantine","c":6.6919,"d":36.3513},"arcs":[[-86,-104,-73,104]]},{"type":"Polygon","properties":{"a":778,"b":"Tissemsilt","c":1.7657,"d":35.7467},"arcs":[[-93,-4,-101,105,106]]},{"type":"Polygon","properties":{"a":758,"b":"Jijel","c":5.9401,"d":36.7146},"arcs":[[-76,-102,-22,107,108]]},{"type":"Polygon","properties":{"a":776,"b":"Saïda","c":0.3606,"d":34.5834},"arcs":[[-98,109,110,111,112]]},{"type":"Polygon","properties":{"a":759,"b":"Skikda","c":6.8853,"d":36.7392},"arcs":[[-62,-87,-105,-72,-109,113]]},{"type":"Polygon","properties":{"a":752,"b":"Tlemcen","c":-1.3298,"d":34.661},"arcs":[[114,115,116,117]]},{"type":"Polygon","properties":{"a":763,"b":"El Oued","c":6.4917,"d":33.7072},"arcs":[[118,-89,119,-32,120,-82]]},{"type":"Polygon","properties":{"a":749,"b":"Aïn Témouchent","c":-1.0308,"d":35.3351},"arcs":[[121,-118,122,-67]]},{"type":"Polygon","properties":{"a":791,"b":"Khenchela","c":6.9144,"d":35.0523},"arcs":[[-90,-119,-81,-15,-103]]},{"type":"Polygon","properties":{"a":773,"b":"Mascara","c":0.1502,"d":35.4119},"arcs":[[123,-99,-113,124,-65,125]]},{"type":"Polygon","properties":{"a":761,"b":"Tamanghasset","c":5.9894,"d":22.9877},"arcs":[[126,127,-33,-77,-29]]},{"type":"Polygon","properties":{"a":751,"b":"Sidi Bel Abbès","c":-0.4432,"d":34.6297},"arcs":[[-112,128,-115,-122,-66,-125]]},{"type":"Polygon","properties":{"a":757,"b":"El Tarf","c":8.0856,"d":36.7149},"arcs":[[-52,-84,-60,129]]},{"type":"Polygon","properties":{"a":784,"b":"Djelfa","c":3.1158,"d":34.5758},"arcs":[[-11,-83,-121,-31,-80,130,-95,-2]]},{"type":"Polygon","properties":{"a":775,"b":"Relizane","c":0.8349,"d":35.7721},"arcs":[[-106,-100,-124,131,132]]},{"type":"Polygon","properties":{"a":762,"b":"El Bayadh","c":1.1393,"d":32.6189},"arcs":[[133,-78,-37,-57,134,-110,-97]]},{"type":"Polygon","properties":{"a":765,"b":"Laghouat","c":2.7909,"d":33.5727},"arcs":[[-79,-134,-96,-131]]},{"type":"Polygon","properties":{"a":755,"b":"Tindouf","c":-6.0372,"d":27.3951},"arcs":[[-35,135,-54]]},{"type":"Polygon","properties":{"a":760,"b":"Illizi","c":7.8285,"d":27.0849},"arcs":[[-127,-28,136]]},{"type":"Polygon","properties":{"a":772,"b":"Chlef","c":1.248,"d":36.2378},"arcs":[[-47,-94,-107,-133,137,138]]},{"type":"Polygon","properties":{"a":774,"b":"Mostaganem","c":0.3239,"d":36.0019},"arcs":[[-132,-126,-64,139,-138]]},{"type":"Polygon","properties":{"a":754,"b":"Naâma","c":-0.808,"d":33.29},"arcs":[[-111,-135,-56,140,-116,-129]]}]}},"arcs":[[[596129920,935361498],[30028,-668831],[232718,-1166531],[-142634,-504832],[-262745,-511962],[-660618,-865629],[-152643,-996828],[-292774,-290920],[-1891768,-697352],[-1098527,-857073],[-202690,-646013],[127619,-788621],[563027,-1331957],[220206,-762951],[90084,-849942],[-67564,-1812545],[-220205,-720169],[-397872,-347964],[-945885,704483],[-563026,596101],[-457928,704482],[-475445,958324],[-608069,1006811],[-2322170,2884955],[-563027,380763],[-465435,134051],[-487956,-316589],[-322802,-350815],[-715669,-2353028]],[[584076150,925890916],[-2071938,-202504],[-723176,111235],[-765716,278085],[-540505,480588],[-390365,569005],[-623083,1190775],[-407881,228172],[-502970,-105529],[-683139,-611788],[-525492,-897003],[-693148,-2926311],[-420393,-781491],[-517984,-464901],[-885828,-470606],[-4659357,-775786],[-788237,213912],[-450421,402154],[-347825,1488824],[-202689,524797],[-285267,325146],[-930871,618918],[-360337,494849],[-262745,620343],[-352830,1306288],[-255239,593248],[-633092,533353],[-1020954,211060],[-1466372,-322294],[-855800,-67026],[-623082,-121216],[-420393,-211059],[-315295,-616066],[0,-804308],[180168,-829977],[450422,-1534460],[60056,-544762],[-75071,-1100932],[15015,-472031],[202689,-1607190],[-7507,-764378],[-120112,-650291],[-247732,-504832],[-510477,-536205],[-5727856,-4208355],[-863307,-808586],[-548012,-621770],[-232718,-333703],[-818265,-1370460],[-580543,-708761],[-720673,-636031],[-780731,-393597],[-835781,-231025],[-818265,-29947],[-825772,212485],[-698153,339407],[-3683444,2676748],[-112605,47060],[-2389735,-450640],[-9293689,-2977651]],[[531111628,908663896],[-1744131,6652653]],[[529367497,915316549],[548013,2536993],[-315295,530500],[-585548,583266],[-1729116,657422],[-833280,521945],[-968405,1086671],[-442914,952620],[-105098,781490],[217703,593249],[540506,526222],[773222,280938],[863307,139755],[880824,373632],[780730,618918],[3380661,6779574]],[[532372807,932279744],[2081947,2632540],[3095394,2712399],[630589,790048],[392868,738708],[352830,1317695],[247731,707335],[345323,486293],[397872,409284],[5034708,3017580],[457928,724448],[630589,1443191],[603064,1021071],[1576474,1363331],[225211,550466],[-67564,407858],[-285266,205355],[-382858,94121],[-1654046,4278],[-818266,406432],[-330309,-14260],[-352829,-185390],[-1045978,-875612],[-300281,-128347],[-187676,-22817],[-112605,55617],[-142633,121217],[-367844,454918],[-232718,474884],[-292774,442084],[-788237,646013],[-130121,266677],[-120113,430675],[52550,881317],[182671,499127],[307787,362223],[623083,578988],[472942,590396],[315294,290920],[420394,185390],[2960268,62747],[843288,285216],[818265,490571],[818265,770082],[412886,608935],[182671,396450],[45042,683091]],[[549288623,959663289],[1096025,-122643],[4794483,387893],[1088518,-145459],[930870,-5705],[1008443,223894],[765716,466328],[705659,546188],[1113542,1153696],[540505,373633],[675632,-119791],[412886,-549040],[400374,-842811],[502971,-857073],[780729,-643162],[773223,-327998],[640600,-79860],[570533,173982],[818265,414989],[1368780,1011088],[2357204,1414670],[1706595,593248],[1218640,576135],[983419,852795],[352830,644587],[240225,630327],[405379,400727],[813260,349389],[1216137,74157],[1834215,419266]],[[579404281,966676739],[2847663,-1136583],[1005941,-594675],[915856,-852794],[1143569,-1396131],[848293,-563300],[563027,-114087],[693148,748691],[465435,342259],[1576474,626048],[452923,114086],[427900,-8556],[1171095,-432102],[600562,-124068],[482952,-319442],[240224,-601805],[22521,-1103784],[135127,-969733],[833279,-1397556],[105098,-578988],[-345323,-550466],[-923363,-801455],[-227713,-325146],[-22521,-550466],[97591,-975437],[753204,-2228960],[187676,-1049593],[37535,-1547294],[-563026,-4825848],[-30029,-1454599],[127620,-1568685],[705659,-2849304],[2397242,-4225468]],[[665181983,927332680],[285267,-511962],[262746,-329424],[670627,-541909],[1058489,-620344],[3358141,-1280618],[292773,-400727],[355332,-1139437],[735688,-701630],[1298714,-727300],[7431950,-1716997]],[[680931710,919362332],[-5582720,-4574858],[-1413822,-810012],[-1201124,-365076],[-1774158,-1015367],[-863307,-165425],[-803251,259546],[-760712,350815],[-863307,211060],[-2892705,39930],[-1118546,-125495],[-783232,-327998],[-397872,-235303],[-405379,-500553],[-180168,-171129],[-1126053,-524797],[-715669,111234],[-585548,273807],[-210196,168277],[-893335,989698],[-405380,322294],[-415388,219616],[-465435,88417],[-330309,-152591],[-180168,-345111],[15014,-453492],[938377,-3278553],[257741,-1986526],[90084,-1975118],[-135126,-1446043],[-565529,-2963390],[-345323,-906985],[-788237,-1149419],[-1421329,-1581520],[-1839219,-1484547],[-745698,-847090],[-277759,-610361],[97591,-430676],[165154,-329424],[317798,-283789],[472941,-199651],[3613379,-270955],[1283700,-231024],[1218640,-376485],[1043476,-479162],[1045978,-658848],[390365,-362224],[352830,-396449],[570533,-914116],[217703,-209634],[217704,-111234],[452924,-131199],[750701,-64173],[457928,77008]],[[664416267,889028232],[255239,-8061617],[-135126,-1026777],[-615576,-1018219],[-1316230,-1426078],[-2019389,-1347643],[-1293709,-608935],[-4877060,-1085246],[-795744,17113],[-795744,112660],[-595557,-49912],[-1328742,-420693],[-780730,-77008],[-1293710,211059],[-750702,-116938],[-4156386,-1366183],[-2207064,-326571],[-1984355,-576136],[-758209,-128347],[-625585,9982],[-1426334,236730],[-870814,44208],[-873316,-141182],[-998434,-570431],[-940880,-868481],[-1433840,-2097761],[-870815,-1045315],[-3570838,-3520986],[-713167,-1083819],[-570534,-1420373],[-660617,-975437],[-1811694,-2044996],[-548012,-968306],[105098,-848517],[307788,-476310],[390364,-424971],[292774,-607509],[1128556,-4900003],[570533,-1019646],[1193616,-1627154],[743195,-1708442],[550515,-658847],[668124,-647440],[360337,-610361],[82577,-623196],[-180168,-422119],[-728181,-283790],[-585548,-139755],[-3480754,-235303]],[[624471419,842053231],[-780730,496275],[-1361273,1806840],[-735687,724448],[-4153884,2621131],[-1008443,1078115],[-435407,968307],[-30029,854220],[75070,1018219],[-7506,995403],[-150141,1012515],[-315294,884168],[-2434777,3251458],[-728181,1554425],[-2104467,7044823],[-127620,1075263],[-7507,958324],[105098,1704163],[-45042,636031],[-247731,369354],[-405379,222468],[-7304330,1554425],[-788237,-25670],[-1593990,-396449],[-863307,19965],[-825772,373632],[-595558,844238],[-225210,825699],[-82577,701631],[-127620,540483],[-315295,405006],[-915856,608935],[-715669,597527],[-502970,777212],[-270253,711613],[-150140,680239],[15014,584692],[240224,1106637],[-37534,600378],[-202690,596101],[-653111,1369034],[-225210,616066],[-30029,102678],[-15014,195372],[45043,292346],[232717,464902],[420393,544761],[487956,521944],[412886,530501],[225211,503406],[-67563,494849],[-345323,179685],[-623082,-82712],[-1781666,-771508],[-525492,-86991],[-367844,125495],[-487956,772934],[-2232087,4386615],[-150140,553319],[8798226,7010598],[465435,547613],[220206,637458],[0,785768],[-467937,2102039],[-105099,848516],[112606,554744],[300280,483440],[437910,432102],[382858,456345],[352830,667405],[225210,874185],[105099,905559],[-60057,1029628],[-285266,718744],[-465436,578987],[-5815437,5065429],[-1158583,831403],[-728181,397876],[-3470745,2732365],[-618078,710186],[-2780099,4372355]],[[596129920,935361498],[3778532,523371],[1406316,-126921],[210196,-118365],[968406,-858499],[563026,-269528],[610571,-223894],[555520,-302329],[472942,-422119],[540505,-587544],[713167,-584692],[948386,-386467],[1058490,-47061],[940880,285216],[1614009,981142],[750702,313737],[640599,55617],[660617,-166852],[1826709,-912689],[810757,-239581],[623083,218189],[322802,491997],[15014,857073],[-105098,771508],[285267,2087778],[1864243,4527797]],[[618205561,941228382],[758209,-366502],[217703,-303755],[165154,-362223],[127620,-500554],[67563,-68451],[1181104,-245286],[645604,-34226],[360337,59895],[180168,145460],[52549,68452],[75071,222468],[337815,288068],[663120,265251],[1486390,142607],[6328417,-1269209],[1629023,-139756],[1218640,62748],[998433,450641],[1811694,1172235],[975913,365077],[563026,11408],[315295,-151164],[225211,-356520],[152642,-382189],[262746,-949767],[367844,-1015368],[232718,-482014],[472942,-708761],[195182,-377911],[37535,-339406],[-187675,-233877],[-517984,-145460],[-978415,-116938],[-247732,-119790],[-150140,-188242],[-232718,-857073],[-255238,-557597],[-412887,-524796],[-1451357,-1254949],[-195182,-556170],[142633,-591822],[895838,-916969],[728181,-345110],[795744,-128347],[4922102,-105530],[1015950,99825],[1028462,259547],[3725983,1585798],[1428836,357946],[690646,92695],[1924299,59895],[1734122,356519],[805753,22818],[517984,-199651],[457929,-392172],[1088517,-1441765],[400374,-382188],[600562,-336555],[563026,-151164],[743195,-118364],[465436,-255268],[1045978,-969733],[1126052,-661700],[820768,-299476],[1831712,-81287]],[[718194050,934125089],[6115718,-1893832],[900842,25670],[1068499,142608],[690646,790046],[435407,185391],[563026,-114087],[1331245,-1162253],[645604,-375059],[773223,-185389],[2449790,-236730],[405379,-156868],[490459,-330850],[187676,-638883],[7507,-567579],[-97592,-685943],[45042,-671683],[345323,-690222],[720674,-136903],[900842,171129],[2922733,1061002],[1076006,129773],[1081011,-77008],[1166090,-306607],[2352200,-1721276],[3440716,-4502127]],[[748212116,922177409],[247732,-2693860],[630590,-2434315],[-67563,-849943],[-202690,-720169],[-720674,-1430356],[-495463,-637457],[-693148,-574709],[-1020955,-521945],[-2592424,-785768],[-945884,-449215],[-948387,-630326],[-848293,-738709],[-885828,-1163679],[-255239,-814290],[112605,-1675642],[-240224,-1792580],[-37535,-885594],[202689,-539057],[555520,-316589],[645603,203929],[472943,8557],[270252,-209634],[0,-607509],[-420393,-767230],[-1811694,-1802563],[-608068,-929802],[-600562,-3693541],[-1826708,-2991911],[-225210,-695926],[-90085,-660274],[-105098,-2129134],[60056,-926951],[337816,-804308],[1361273,-2151951],[1819201,-3680707],[262745,-847090],[405379,-906986],[-135126,-453492],[-1000935,-1973692],[-225211,-958324],[-7507,-750117],[165154,-734430],[412886,-1273487],[272755,-578988]],[[739436411,872207645],[-332811,-490571],[-322802,-112660],[-765716,-172556],[-878321,65600],[-820767,193947],[-713167,347963],[-480450,372206],[-1443850,1648546],[-788236,703056],[-623083,740135],[-375351,945489],[-37535,898429],[593055,2947703],[22521,2294559],[82577,838534],[150140,577561],[412886,936933],[105099,424971],[-82578,844239],[-487956,748690],[-893335,1045315],[-805754,219616],[-915856,-141182],[-1088518,-380762],[-2457297,-434954],[-1211133,-1426],[-795744,-118365],[-735688,-243859],[-1451357,-794325],[-427900,-506257],[-382858,-998255],[-112605,-163999],[-142633,-59896],[-900842,118365],[-175164,-32800],[-1118546,-474884],[-930870,8557],[-715670,260972],[-337816,218190],[-180168,315163],[-277760,654570],[-195182,698778],[-277760,613214],[-442914,524796],[-608068,262398],[-603064,114087],[-517985,-108383],[-412886,-414988],[-375351,-730152],[-713166,-2002213],[-300282,-238155],[-618077,-369354],[-893335,42782],[-893336,730152],[-527994,549040],[-1156081,938359],[-615575,865629],[-7507,908412],[803251,1642841],[60056,898430],[-608068,1977969],[217703,486293],[593055,637457],[1939313,1584372],[517984,607509],[315295,616065],[-45042,633179],[-352830,188243],[-698153,94121],[-1015950,-5705],[-4131362,1505938],[-1699089,1448895],[-563027,199651],[-472942,-28521],[-2997803,-1018220],[-2232087,-1003958],[-4178907,-2487080],[-3470745,-818569],[-202690,-350815],[367845,-614639],[1961834,-1726981],[277759,-335128],[300281,-560448],[112606,-396450],[22520,-704482],[-232717,-443511],[-585548,-366502],[-983419,-365075],[-475445,-242434],[-735687,-486292],[-705660,-308033],[-1068499,-163999],[-5635269,-275233],[-990927,-280937],[-1028461,-491997],[-1218640,-762952],[-1231151,-504831],[-1624018,-165425],[-1819202,162573],[-2424767,533353],[-2029397,1219296],[-3328112,1541590],[-1721610,124069]],[[680931710,919362332],[1443850,-28522],[675631,179686],[713167,342259],[743195,810012],[377853,738708],[247732,895577],[165154,1622876],[112605,621771],[225211,511961],[382858,429250],[2457298,1649971],[870814,423545],[367844,687370],[292774,770082],[385360,576135],[668124,265251],[870815,-231025],[810758,-423545],[1271188,-440658],[502971,-323720],[502970,-429249],[585548,-386467],[1939313,-771508],[660617,134051],[505473,654570],[728181,1545868],[-315295,617492],[-638097,432102],[-775725,248137],[-480449,332276],[-225211,509110],[105098,593248],[352830,620344],[502971,524797],[685641,499127],[1583980,931229],[1053486,352241],[1103532,69878],[1609004,-454919],[1141067,-688796],[2029398,-1533033],[900842,-226747],[465435,183964],[7507,690222],[-195182,466328],[-22522,472031],[67563,221042],[1443850,928377]],[[709838737,934975031],[1914290,-559022],[558022,-259547],[1951825,-450640],[3931176,419267]],[[652913012,960581683],[-570533,-761526],[-145136,-416414],[-52549,-648866],[227712,-705908],[690646,-895577],[825772,-594674],[833279,-104104],[715669,19965],[2147008,-302329],[775726,5705],[1456361,154016],[2277129,701630],[412886,28522],[352830,-22817],[1368780,-258120],[1358770,-524797],[543008,-395023],[480449,-685944],[1133560,-2000787],[880824,-727300],[893335,-166851],[788237,315164],[690646,406432],[655613,171129],[487956,-226746],[247732,-417841],[157647,-714465],[90084,-738708],[195183,-598953],[375351,-114086],[375351,211060],[512979,392171],[427900,-35652],[300281,-413563],[30028,-922672],[-142633,-636031],[-382858,-814290],[-798246,-929803],[-803251,-370780],[-720674,-171129],[-390365,-250990],[-157648,-430676],[180169,-707334],[450421,-1116619],[-37535,-440658],[-510477,-738708],[-210197,-487719],[-115108,-1043889],[-187675,-929802],[-1050983,-1926632],[-420393,-951193],[-345323,-1590077],[-45042,-1282044],[172662,-2293133],[-15014,-772934],[-262746,-476310],[-588050,-182538],[-2177036,-39930],[-527993,-192521],[-375351,-608935],[-187675,-473458],[-22522,-2402941]],[[618205561,941228382],[450421,936933],[315295,308033],[1473878,1166531],[683138,821421],[525492,1095228],[563026,1996509],[445416,941211],[690646,869907],[2247101,1748372],[1088518,1150844],[2277129,3332744],[2412256,2816504]],[[631377877,958412619],[990926,-1162254],[668125,-2846451],[850795,-1620024],[735688,-678813],[1013448,-179686],[3248037,156869],[735688,122643],[1711600,601804],[2820136,499127],[480450,299476],[127619,554745],[-180168,608935],[-120112,633179],[22520,761525],[210197,1622876],[217703,516241],[390366,349389],[1654046,737282],[765716,474884],[585547,497701],[1316231,1928057],[720674,554745],[495463,213911],[435407,8557],[337816,-188243],[285267,-355093],[723176,-1508790],[90084,-145460],[202690,-288068]],[[683272282,976263818],[56669,-300460],[337816,-1423226],[-60057,-236729],[-150140,-342259],[-217703,-270954],[22520,-248138],[247732,-250990],[1178602,-339406],[880824,-630326]],[[685568545,972221330],[-653111,-961177],[-137629,-316589],[-90084,-352241],[-67563,-734430],[22521,-382189],[90085,-450641],[160149,-453493],[112605,-479162],[-7507,-385041],[-145135,-333702],[-135127,-158294],[-255238,-205355],[-1298715,-805734],[-908349,-439232],[-1781666,-345111],[-1578976,-685944],[-472943,-312310],[-285266,-310886],[-285267,-470605],[-180168,-700204],[37535,-618918],[-105098,-713039],[-375351,-497701],[-1263682,-436380],[-1050982,-139756],[-1609005,300903],[-713167,446362],[-953391,884168],[-7507,464902],[337816,1234983],[7507,576135],[-202690,607509],[-352830,547614],[-783232,995403],[-75070,305180],[127619,219616],[105098,98400],[505473,320867],[435407,375059],[210197,439231],[-37536,389319],[-277759,383615],[-1451357,1045316],[-713167,637456],[-367844,252416],[-480449,196799],[-1151077,250989],[-570533,-31373],[-645603,-154017],[-573037,-655995],[-187675,-573284],[-90084,-684517],[-210197,-490571],[-450421,-362223],[-818265,-68452],[-548012,128347],[-430403,156868],[-255238,65600],[-135127,17113],[-2116979,-1109489],[-317797,-359371],[-75070,-116939],[7507,-111234],[97591,-154016],[217704,-258120],[1136062,-862777],[382858,-373632],[22521,-362224],[-330309,-365076],[-885828,-439232],[-482952,-524797],[-195182,-544762],[-30028,-556170],[-150141,-573283],[-360337,-474884],[-675631,-551892],[-683139,-367928],[-1045978,-270955],[-780730,-115512],[-3373154,221042]],[[631377877,958412619],[442914,469179],[608068,399302],[608069,270955],[280262,278085],[112605,417841],[-150140,824273],[52549,673108],[150140,550466],[165155,382189],[60056,453493],[-172662,539057],[-993428,1132306],[-457929,906985]],[[632083536,965709858],[2697523,875612],[675631,380763],[457928,201077],[175164,136904],[3605872,3697819],[465435,705909],[668124,1537312],[1961835,2893511],[292774,738708],[67563,731578],[-240225,462049],[-352830,318016],[-427900,192520],[-495463,149738],[-505473,213912],[-457928,269529],[-307787,422119],[-52550,375058],[157648,697352],[450421,434954],[573036,303755],[645603,99825],[532999,-67025],[1178602,-454920],[520486,-65599],[487957,259546],[270252,510536],[300281,1227853],[75070,569005],[-67563,477736],[-195183,417840],[-1991862,2740922],[-292774,611787],[-105098,874186],[-86096,384115]],[[642765008,989033860],[1519602,62820],[3637259,-287461],[3440224,377293],[874834,-143731],[7881385,-3069997],[890596,-779290],[260086,-372801],[583223,-101061],[669917,2246],[472883,-58391],[346781,-280723],[425595,-680476],[189153,-202121],[811783,-357081],[953647,-276232],[996995,-148222],[902419,26949],[-969410,-2688212],[260085,-873613],[1367421,-961199],[5686419,-2672492],[1607802,-377293],[1710261,-60637],[3294419,437930],[2693895,713753]],[[859303554,718862917],[130015,-580355],[1381292,-6075092],[1366277,-6075091],[1376287,-6069387],[1371283,-6075091],[1371281,-6075091],[1376287,-6072239],[1366278,-6075091],[1381291,-6072239],[1371283,-6075092],[1371282,-6075091],[1371282,-6072239],[1376286,-6075091],[1376287,-6072239],[1371283,-6072239],[1371282,-6075091],[1371282,-6075091],[-11290557,-6169213],[1136062,-1808267],[2880294,-3398350]],[[874129911,609725238],[-62,-37],[-107650653,-65315787],[-10129471,1600059],[-7251780,-5704],[-17746593,-7561065],[-22671198,-13272505]],[[708680154,525170199],[-58216932,-1597207],[-45272330,4639031],[-40170059,31881394]],[[565020833,560093417],[17358730,10100909],[2569903,3218657],[3973716,15010894],[2269622,3134519],[3538308,4094270],[5905522,5272209],[3923668,6982077],[12013733,86303373],[2915226,13128471],[4404118,10075240],[3913659,7231640],[1909285,5256523],[1796680,3078902],[713167,939785],[1211132,1283470],[6948997,4376632],[9513896,8627771],[11593340,17047333]],[[661493535,765256092],[-1218640,22117040],[1563963,5307861],[1096024,5752798]],[[662934882,798433791],[57378649,-3582307],[8985902,-3279979],[4176405,-8823143],[10602413,-35650518],[2111975,-4624770],[5980592,-10416072],[3803556,-5340661],[4912093,-4941359],[6733796,-2019327],[6966514,-778638],[84706701,-114086],[10076,-14]],[[521117283,555281831],[2652480,-30071702],[-645604,-11116276],[-2675001,-11966218],[-6108211,-69820767],[-367844,-1361904],[-543008,-1279192],[-923363,-1344791],[-2081946,-2333063],[-1508911,-1341939],[-3087887,-3312779],[-227714,-158295],[-345322,-141181],[-5054727,-792900],[-573035,-162573],[-322802,-151164],[-390365,-326572],[-3027831,-4339554],[-1301217,-1481695],[-833279,-603231],[-1373784,-721595],[-3916162,-1189349],[-532998,-68452],[-6678745,55617],[-422895,-48487],[-1764150,-626047],[-730683,-65600],[-2667494,385041],[-3530801,-266677],[-420393,-144034],[-397872,-226746],[-3283070,-2497062],[-3540810,-1333382],[-2207064,-1130880],[-445417,-340833],[-945884,-1243540],[-495464,-1179366],[97592,-734430],[548012,-794325],[4118851,-4000149],[7617122,-10679896],[490459,-962602],[382858,-1032480],[292774,-1093802],[165154,-1196480],[150141,-3200118],[-705660,-5383443],[360337,-1545869],[608068,-1169383],[8190158,-6448724],[630590,-597527],[285266,-514813],[97591,-795752],[-345323,-180549999],[918359,-1819676],[2419763,-3269996],[106734797,-66721899],[5057228,-5001255],[3575844,-5524625],[1488891,-12632197],[390366,-82055088],[0,-85564],[0,-21643]],[[603967248,4702908],[-3618423,-765508],[-8277739,-1756927],[-5074745,-1072411],[-5005,0],[-3923668,-1036758],[-1241161,-71304],[-710664,118364],[-485454,219617],[-1136063,775786],[-2852667,3053232],[-2237091,1045315],[-1025960,637457],[-960898,800029],[-865810,925525],[-810758,1253523],[-70065,995402],[440412,981141],[715668,1215018],[370347,1076689],[245229,500553],[650609,456345],[1050982,1183645],[215201,942637],[240225,2140543],[440412,1009663],[900842,831403],[1025960,606083],[885827,751543],[475445,1262079],[-125117,1217870],[-520486,887021],[-615576,821420],[-425398,1012515],[10010,524797],[265248,1095228],[30028,355093],[-205192,479162],[-250234,215338],[-260243,171129],[-255239,330851],[-620581,2020752],[-55051,2131986],[895838,11130537],[-195183,755821],[-675631,704482],[-755707,397876],[-1751638,563301],[-800749,402154],[-2802620,2410071],[-6130732,2912051],[-13277415,3011876],[-2657484,118364],[-4419132,926951],[-525491,42782],[-940880,229599],[-1746633,1031054],[-940880,403580],[-1171095,286642],[-740692,290920],[-565530,598952],[-1961834,3876080],[-1536436,2347323],[-1786671,2084927],[-2972779,2546974],[-840786,541910],[-890833,253841],[-1020955,-196798],[-1121048,-784343],[-1971844,-2016474],[-1271189,-603231],[-720673,98399],[-3047850,1153697],[-485454,329424],[-375351,359372],[-410383,275233],[-575539,82712],[-680636,-209633],[-820767,-827125],[-525492,-278085],[-1065996,38504],[-365342,681665],[-170159,1043889],[-470440,1130880],[-755707,623196],[-780730,59895],[-870814,-128347],[-1050983,71304],[-1020954,519092],[-5760386,5145289],[-480449,804307],[40037,4135626],[-295276,1967987],[-980917,1577242],[-3097896,2552679],[-1906783,1075263],[-1786671,310885],[-855800,601805],[-885828,288067],[-1951825,347964],[-2091956,698778],[-825772,630326],[-745698,1038185],[-1015950,1919500],[-670626,593248],[-1131058,327998],[-1020954,-22817],[-1926802,-447788],[-1025959,-17113],[-1101030,159720],[-675632,293773],[-355332,698777],[-130122,1369035],[35033,1083819],[1076006,4974159],[610571,6032310],[-105098,1215018],[-900842,3542377],[-620580,1115193],[-5675307,4229746],[-4198926,3128815],[-4193922,3125962],[-4193921,3125963],[-4198926,3123110],[-4193921,3128815],[-4193921,3128814],[-4196424,3128815],[-4195173,3125962],[-4196423,3125963],[-4190168,3123110],[-4198926,3125962],[-3511591,2618210],[-684833,510605],[-4195172,3128814],[-4197675,3125963],[-4196423,3125962],[-4195173,3125962],[-4195173,3125963],[-4196423,3128815],[-4193922,3128814],[-4198925,3125962],[-4196424,3125963],[-4193922,3123110],[-4196423,3125963],[-4193922,3128814],[-4198925,3128815],[-4193922,3125962],[-4193921,3128815],[-4196424,3123110],[-4198926,3124536],[-4191418,3130241],[-4196424,3128815],[-4193921,3124536],[-4198927,3125962],[-4193921,3125963],[-4196423,3123110],[-4193922,3130241],[-4198926,3128815],[-4191419,3127388],[-4196424,3125962],[-4196423,3124537],[-4198926,3125962],[-4193921,3128815],[-4193922,3127388],[-4196424,3125963],[-4196423,3125962],[-4195172,3124536],[-4196424,3128815],[-4192670,3128814],[-3866115,2874973],[-3856106,2877825],[-3858607,2876399],[-3861110,2873546],[-3861111,2874973],[-3861110,2874973],[-3854854,2877825],[-3859859,2874973],[-3857356,2877825],[-3861111,2877825],[-3862361,2874972],[-3857357,2874973],[-3859859,2874973],[-3856105,2874972],[-3861110,2877825],[-3859859,2874973],[-5378780,4011557],[-3695955,2632539],[-3695956,2629688],[-3692202,2633965],[-3694705,2632540],[-6256,2852],[-8757,8556],[-3754,5705],[-8405359,5906814],[-8404108,5909666],[-8405359,5906814],[-8407861,5909666],[-5860480,3930271],[-1188066,795627]],[[146279816,360590765],[4499,4358],[600561,581839],[129521102,92931783],[-37595151,75261253]],[[238810827,529369998],[9588966,858499],[8653090,-4432250],[5079750,-3502447],[11928653,-5941040],[10156997,-2025030],[11778513,4787343],[6803861,4259694],[15254263,12006148],[6023132,3542378],[5507649,2156230],[44436548,7946105],[6426009,4701778],[30333361,40667459],[28974591,53186995]],[[439756210,647581860],[16998394,17730425],[4469179,3697820],[9228629,5787023],[50957645,25211629]],[[521410057,700008757],[-660618,-44092898],[-6213310,-42216179],[6581154,-58417849]],[[616032970,989125974],[-14454,-296543],[-75071,-1568686],[-187675,-744412],[-375351,-752969],[-1406315,-1771189],[-1201123,-1237835],[-825772,-329424],[-640599,-138330],[-450421,-221042],[-90085,-426397],[120113,-407858],[270253,-479162],[407881,-590396],[810758,-837108],[52549,-397876],[-285267,-447788],[-828274,-770082],[-472942,-581840],[-570534,-484866],[-563026,-188243],[-963401,51339],[-1531432,516240],[-525491,116939],[-487956,-102678],[-445417,-606083],[-262745,-523370],[-382858,-480589],[-472942,-121216],[-420393,69877],[-262746,223894],[-217704,292347],[-315295,218190],[-437909,51338],[-450421,-38504],[-412886,-104103],[-360337,-173982],[-307788,-460623],[-135126,-395023],[-90085,-1829658]],[[601224683,973158263],[-3270558,-560449],[-720673,-7130],[-450422,169703],[-172661,387893],[157647,484866],[360337,597527],[1338752,1692755],[195182,501979],[-52548,405006],[-225211,329424],[-397872,246711],[-940880,399302],[-563026,142608],[-608069,77008],[-783232,-185390],[-1869248,-752969],[-1473878,-102678],[-2930240,641735]],[[588818083,977626164],[-1013447,-581840],[-427901,-114086],[-497965,32800],[-2304655,971159],[-220206,242433],[-172661,316589],[-480450,339407],[-840786,168277],[-1488892,-64173],[-1741628,-280938],[-2802621,-1219296]],[[576826871,977436496],[-2697522,3117406],[-39284,55970]],[[574090065,980609872],[294543,11190],[1505344,803994],[520172,774798],[236441,815222],[59111,1441798],[508349,40425],[3156494,-1340738],[1816660,-444667],[5820402,-309919],[957588,119027],[1867889,516532],[1004877,119027],[516230,148223],[370425,343605],[299493,368310],[303433,233563],[476824,76356],[1036402,-103306],[496527,26950],[1820600,848909],[2896409,2717408],[1568396,992640],[4145608,1199253],[2246195,238054],[1875769,-309920],[1726024,-1010606],[764494,-116781],[524112,60636],[1044283,256021],[1694498,47161],[389313,-47063]],[[564967977,984602645],[-14707,-405114],[-367844,-1286322],[-22521,-1132307],[-172662,-289493],[-202689,-272381],[-120112,-302329],[120112,-223894],[465435,-161147],[1909285,-74155],[300281,-199651],[127619,-158295],[-75070,-1284896]],[[566915104,978812661],[-22521,-691648],[157647,-449214],[97591,-145460],[52550,-118365],[45042,-152590],[52549,-108382],[45042,-125495],[37535,-186816],[15014,-179686],[-52549,-260972],[-195183,-221042],[-345322,-192520],[-975913,-148313],[-277760,-89843],[-280262,-188242],[-337815,-369354],[-390365,-249564],[-683139,-124068],[-5560199,141181],[-472942,-124068],[-210196,-373633],[-82578,-387893],[-255238,-482014],[-648107,-521944],[-2975282,-1363331],[-923363,-290920],[-855800,-453493],[-873316,-621769],[-2232087,-1950875],[-773223,-456345],[-277760,-452066],[-127619,-166851],[-75070,-443511],[-135127,-529074],[-375351,-547614],[-555519,-365076],[-978415,-199651],[-1749135,-51339],[-467938,52765],[-1411320,360798],[-367844,0],[-375351,-300902],[-280262,-309460],[-480449,-2136264]],[[540337754,962837738],[-9241140,-353667],[-6883937,1330530],[-1148573,-18539],[-3268056,-1046741],[-1774159,-310885],[-563026,-176833],[-1271189,74155],[-1486390,476311],[-6666233,674534],[-780730,-21391],[-502970,-379336],[-360337,-1303435],[-277760,-509110],[-452923,-414989],[-517984,-322294],[-1096025,-539057],[-487956,-136903],[-405380,55617],[-1338751,2532714],[-1593990,1632859]],[[500220245,964081278],[197684,989698],[1321236,1967987],[480449,1015367],[575480,1769021]],[[502795094,969823351],[755568,40369],[492586,114535],[1134919,505303],[535934,134748],[425595,-60636],[1040343,-276233],[551697,-6737],[2648145,667000],[2723019,152714],[2258017,-442421],[598985,-33687],[4216541,471616],[12101866,3332755],[957589,372801],[1063986,58391],[1052165,-247037],[898478,-530007],[307374,-494074],[94577,-503058],[189153,-386276],[579282,-157205],[520171,-58391],[993055,-260512],[472883,-58390],[6959262,377293],[1560515,485091],[4579085,3317034],[3168316,1529384],[1245259,990395],[1205852,1628199],[303433,754586],[1249200,1145353],[2782128,1864008],[2127974,401996],[378307,-49407],[1624,-206]],[[820812877,937959371],[-20398,7571],[-1844224,684517],[-375351,202504],[-480449,333702],[-595557,604656],[-285267,62748],[-217703,-54191],[-187676,-152590],[-135126,-89843],[-442914,-228173],[-330309,-94121],[-1774159,-114086],[-322802,-74156],[-563026,-223894],[-1526427,-298050],[-2081947,-136904],[-1681573,-350815],[-532998,-228173],[-330309,-196798],[-242727,-216764],[-127619,-265251],[-187675,-573283],[-120113,-269528],[-142633,-235303],[-195183,-202504],[-442914,-333702],[-1834215,-859924],[-510477,-360798],[-187675,-179686],[-307788,-376485],[-495464,-755821],[-970908,-1159401]],[[801319271,931824825],[-3373153,3177301],[-810758,514814],[-948387,430676],[-1223644,59895],[-743195,-440658],[-495463,-667404],[-302784,-771508],[-405378,-627475],[-878322,-741560],[-210196,-487719],[-45042,-653143],[-142634,-693074],[-382857,-453493],[-895838,-176833],[-3117915,138329],[-645604,352242],[-758209,1803988],[-420393,728726],[-798246,416414],[-1966840,516240],[-738189,362224],[-735689,544762],[-1676567,1831084],[-923364,812864],[-1456361,1975118],[-2096961,4262546],[45042,2615427]],[[775172324,946654608],[975913,42782],[555519,86991],[505473,280937],[360336,453493],[585548,1149418],[465436,550466],[645603,407859],[3140436,624622],[948387,59895],[638097,132625],[563026,299476],[713167,916969],[452923,312311],[4844530,1550146],[4824511,2238942],[1676568,116939],[833279,185390],[900842,387893],[753204,559022],[270253,1093802],[-255239,842812],[-532998,804308],[-317797,573283],[-90084,559022],[-37536,577562],[-90084,457771],[-675632,1715572],[75071,326571],[345323,17113],[1969341,-578988],[1373784,98400],[5637772,2859286]],[[807227296,966357298],[735687,-1400409],[202690,-2551252],[277760,-369355],[495463,-108382],[810758,145460],[723176,205355],[675632,273807],[698153,369355],[630590,453492],[512979,486293],[990926,1349069],[690646,710187],[835781,618918],[420394,228172],[16803,9120]],[[815944734,966777128],[-1828,-34745],[1981853,-747265],[4203931,-504831],[935874,-444936],[915857,-233877],[745697,-419267],[410384,-1015367],[95088,-1058150],[-75070,-2278872],[-130836,-762201],[-49332,-287392],[-2292143,-5921075],[-230216,-2278872],[230216,-1095228],[360337,-1023924],[125117,-995402],[-440412,-1043889],[-545510,-915542],[-1020954,-4061469],[-155146,-3040398],[-194764,-655055]],[[238810827,529369998],[-73416144,-19849576],[-35541999,75717687]],[[129852684,585238109],[5753171,1157194],[6091593,771464],[1692109,-5014512],[4061062,-1542926],[4737905,1542926],[5076327,6557438],[4399484,6943170],[3384218,6557439],[4737905,5014511],[5076327,3471585],[5414750,4628780],[4061061,3085853],[5076327,2700122],[7106859,3085853],[6768436,5400243],[5414749,6943170],[4737906,2700122],[5753171,1542927],[7445279,385731],[8122124,1928659],[9137389,4628780],[-338422,3471585],[-338422,3471585],[2368953,2314390],[2707375,4243048],[-2618107,4136423],[-65061,1072410],[-215202,978289],[-465435,1021072],[-568031,504831],[-1746633,838535],[-860805,812864],[-1326240,2079221],[-693148,721596],[-844540,213911],[-719422,-373633],[-1416325,-1311991],[-863306,-373632],[-807005,51339],[-574287,496275],[-170159,958324],[322802,1080967],[1025959,1697032],[100093,1260653],[-305285,4167000],[195183,1009662],[614324,744413],[2664991,1905240],[3582468,224562],[676843,14272071],[3299007,1680793],[2064430,-459197],[1800433,154016],[14156705,2481705],[2783974,818880],[7707102,2266973],[8460546,1157195],[-2030531,5400243],[-3339360,8621583],[2786355,1525903],[8988404,738709],[8688123,2347323],[6658726,-299476],[3072874,-136903],[3475749,-159721],[3791045,-171129],[4031269,-185391],[4183912,-191094],[4256480,-193946],[4241466,-191094],[4146377,-188243],[3968710,-179686],[3708468,-171129],[3363144,-154017],[2940250,-134051],[2432274,-108382],[1839219,-82712],[1161086,-54191],[410383,-19965],[3650914,-168278],[1899276,442085],[955894,1962282],[-242727,1149419],[-785735,678813],[-1010945,296625],[-925866,-11409],[-1799182,-695926],[-783232,14260],[-212699,898430],[187675,346537],[798247,614639],[300280,293772],[307788,588970],[70066,453493],[-15014,466327],[100495,658137]],[[358765847,731515852],[760349,-22151],[6866420,790047],[3200492,-64173],[1048480,-256694],[875819,-310885],[445417,-229598],[332811,-235303],[538003,-483441],[477947,-540483],[575538,-774360],[575538,-1019646],[1503906,-3570899],[1093523,-171129],[2447288,298051],[39011476,11991887]],[[418518854,736917075],[-17513876,-49560480],[15014,-2134838],[1481385,-2961963],[10469790,-11767994],[26785043,-22909940]],[[601224683,973158263],[1366278,-2197586],[1473878,-1160827],[1268686,-788622],[1593991,-1444616],[1809191,-981142],[2292143,-778638],[12113827,-450640],[765716,171129],[1548948,623195],[713167,-34226],[2051918,-541909],[878321,-8556],[2021891,439231],[960898,-295198]],[[579404281,966676739],[517985,1323401],[532998,1075262],[352830,483440],[472942,440659],[663120,315162],[5214876,909838],[638097,235303],[532998,349389],[420393,456345],[803251,1150845],[295276,273807],[548013,326571],[15014,463476],[-105099,607509],[-1488892,2538418]],[[796860607,988730434],[-205697,-83541],[-322802,-91269],[-120111,-176833],[-145136,-350815],[-97592,-5168106],[-135126,-630327],[-255238,-393597],[-1035969,-333702],[-502971,-333702],[-277759,-399302],[-873317,-1756928],[-1328742,-1554425],[-705660,-1220723]],[[790854487,976237164],[-963401,-1420373],[-397871,-447788],[-450422,-382189],[-465435,-236729],[-510477,-154016],[-1413822,-171130],[-720674,37078],[-693148,125495],[-705660,266677],[-833279,470605],[-262746,112661],[-750702,182537],[-265248,262399],[-150140,539057],[15014,1187923],[-390365,748690],[-382858,516241],[-3515787,1825379]],[[777997466,979699681],[-623083,3523838],[-933373,2505619],[15014,715891],[142634,564727],[277759,534779],[135127,708760],[-262745,553319],[-517985,446362],[-1298714,610361],[-663120,1045315],[-2109473,7794941],[-48119,306545]],[[772111388,999010138],[1402,-533],[181272,-71866],[204916,-202121],[197035,-94323],[303433,206613],[350722,397505],[212797,123518],[244323,24704],[465002,-154959],[898478,-494075],[488645,-105552],[409832,119027],[1237378,635559],[654155,2246],[133983,-49407],[31526,-220088],[346781,-487337],[200975,-622084],[311315,-354835],[658095,-152714],[973352,-13475],[425595,-107798],[433476,-256020],[792079,444667],[863011,273986],[1737846,-1205990],[1442293,-1394636],[1595981,-1118405],[2163439,-390768],[476824,116781],[425595,197631],[468943,123518],[610807,-94323],[547756,-240300],[492587,-298690],[429535,-357082],[382248,-404242],[2325008,202122],[484705,179663],[886656,907300],[461061,388521],[-366484,-1125141],[-602926,-1219465],[-208857,-1084718],[819664,-718653],[-859071,-1572054],[15763,-11229],[268,-182]],[[414924642,927966261],[-34181,-278488]],[[414890461,927687773],[-1981853,-1952300],[-2337185,-2944850],[-823270,-633179],[-823270,-327998],[-1093522,82713],[-482952,-14261],[-710664,-119790],[-855800,-402154],[-475445,-550466],[-470440,-1232132],[-660618,-849942],[-715669,-651717],[-2755076,-1975118],[-538002,-661700],[-290272,-596101],[-260243,-1028202],[-130122,-316589],[-270253,-506258],[-360336,-550466],[-497966,-413562],[-1188612,-353667],[-585547,-236730],[-280262,-188242],[-120112,-196799],[-35033,-303754],[37535,-329424],[-30028,-915542],[-405379,-798603],[-447919,-433528],[-1116044,-650291],[-165154,-469180]],[[394020948,907167941],[-495463,21391],[-245229,-119790],[-412887,-273807],[-315294,-550466],[-227713,-636031],[-395370,-2218977],[-250234,-653144],[-365341,-618917],[-507976,-556171],[-487956,-376484],[-505472,-299477],[-620580,-199650],[-482952,145460],[-447919,211059],[-220206,1711293]],[[388040356,902754230],[830777,775786],[7507,442085],[-147638,450640],[-300281,427824],[-105098,296624],[85080,310885],[312792,253841],[1048480,701630],[175164,624623],[-230215,704482],[-1846727,2184751],[-825772,777213],[-1258677,355093],[-1233653,-1426],[-10324654,-2491358],[-878321,68452],[-610571,188242],[-1096024,638883],[-497966,128347],[-315295,-171129],[-325304,-509110],[-400375,-954046],[-502970,-618918],[-452923,-193947],[-387863,253842],[-172662,464902],[-60055,627474],[127619,1022498],[282764,668830],[400374,574709],[1694085,1282044],[392867,436380],[332811,490571],[-77573,436380],[-432904,382189],[-1401310,618917],[-1588986,1306288],[-1356268,3014728],[-44206,104969]],[[366856385,918828418],[1142339,778974],[1485641,1302560],[565489,853400],[360573,341361],[1755579,386276],[922122,561448],[780257,633313],[738880,444667],[1142801,323394],[602925,-47162],[267968,-464879],[256145,-224579],[573370,229071],[1844245,1012852],[1184177,1888711],[1130979,296444],[394069,-211104],[358603,-384030],[433476,-370556],[636423,-166188],[484705,-62882],[945766,-278479],[549726,-67374],[573371,-166188],[262056,-404243],[220679,-485091],[429535,-417717],[476824,-107798],[1844244,107798],[874834,202121],[985173,440175],[811783,637805],[585192,1563071],[591105,89832],[667947,-188646],[500468,-69620],[508349,282970],[338899,375047],[2246195,4397260],[47288,592889],[-114279,152714],[-92607,343606],[-23644,366064],[65021,238054],[275849,67374],[279789,-139239],[248264,-195384],[185212,-78603],[488646,31441],[1008818,-85340],[488645,53899],[2029457,914038],[1335895,370555],[598985,-343606],[228560,-622084],[520171,-300937],[557608,-161696],[352692,-197630],[165510,-574923],[-295553,-754586],[130043,-588397],[792079,-803994],[1264963,-592889],[3455987,-678229],[2080686,-821960],[1026550,-188646],[494557,103306],[153,32]],[[616032970,989125974],[816,-98],[2226491,-267250],[937885,-460387],[2017634,997132],[630511,132501],[583222,-112289],[1233437,-491829],[650214,-114535],[598986,166188],[1280725,754586],[614748,206613],[803901,-62882],[1328014,-552464],[693561,-134748],[5828284,750094],[595045,-85340],[732969,-224579],[693562,-305427],[461061,-323395],[587163,-291952],[1564455,-40425],[685680,-267249],[1501404,617593],[480765,17966],[1505,62]],[[576826871,977436496],[-2322170,-1048167],[-2299651,-407858],[-570533,-299477],[-555520,-152590],[-663120,-34226],[-720674,222468],[-570533,335129],[-292774,556170],[-105098,305180],[-15014,345111],[7507,319442],[-22521,242433],[-210196,379336],[-187676,219617],[-1383794,393597]],[[564967977,984602645],[1417025,-179457],[1631447,-923021],[1264962,-1302559],[1347717,-1075734],[1856066,-565940],[1603862,53899],[1009,39]],[[733115501,971628081],[2262115,-119790]],[[735377616,971508291],[-262746,-2467115],[-120112,-482014],[-165154,-464901],[-180169,-327998],[-180168,-185391],[-713167,-392171],[-160150,-152590],[-82577,-333702],[45042,-466328],[595557,-1427504],[225211,-829977],[-240225,-680239],[-618078,-325145],[-3125422,-363651],[-1088518,-383614],[-495463,-101252],[-955894,-427823],[-405379,-268103],[-457928,-363650],[-450421,-537631],[-187676,-603231],[150141,-514814],[630589,-293772],[1383794,102677],[773223,-322293],[4356574,-4161295],[2487325,-3251457],[255239,-564727],[-420393,-2153377]],[[735970671,948765203],[-412886,17113],[-758209,-152591],[-728181,-252416],[-1458864,-770081],[-1283700,-1063854],[-693148,-832830],[-322802,-1099506],[120112,-1692754],[-22521,-852794],[-277760,-855647],[-833279,-855647],[-1368780,-872759],[-2502340,-1023924],[-3087886,-872760],[-2179538,-382189],[-945885,-270954],[-570533,-342259],[-345323,-539058],[-142634,-430675],[37536,-1494529]],[[709838737,934975031],[90084,1688476],[-285266,858499],[517984,5327826],[-315295,1109489],[-670626,780064],[-773224,369354],[-563026,601805],[-187675,395023],[-45042,685944],[-105099,336555],[-315295,490570],[-585547,559023],[-505473,810012],[22521,597526],[405379,460624],[543008,430675],[465435,576136],[217704,986845],[-390365,539058],[-668125,125494],[-880823,-42782],[-728182,208207],[-600561,849943],[52550,1092375],[322801,1323401],[82577,3536673],[-150140,2131986],[-465435,981141],[-730683,571857],[-885829,74156],[-930870,-12834],[-940880,118364],[-705659,370780],[-480450,695926],[-82577,875612],[262746,1622876],[-37535,921247],[-195183,607509],[-352830,593248],[-270253,335128],[-730683,703057]],[[698242895,970261899],[1864244,423545],[585547,-78434],[918358,-228173],[743195,-362223],[1111039,-390746],[1173598,-28522],[1696586,134052],[948387,305180],[563026,486293],[255239,569005],[502970,647439],[730683,476311],[1786671,704481],[970908,145460],[765716,-59895],[1674065,-474884],[2554889,-235303],[1909284,-410710],[1533935,-145460],[863307,39930],[555520,165425],[292773,308033],[277760,372206],[330309,315164],[1083513,414988],[1298714,711613],[407881,9983],[292775,-149739],[270252,-681664],[210197,-266677],[427900,-209634],[6273365,-1140862]],[[565020833,560093417],[-43903550,-4811586]],[[521410057,700008757],[1443850,1380443],[4078813,2850730],[1098527,965454],[833280,1147993],[135126,974011],[-225211,1125175],[-960898,2608297],[-277760,1617172],[165155,1940892],[653110,1567259],[4206434,6097908],[835781,1915223],[502970,1975117],[75070,2214699],[-157647,1993657],[-337816,1888127],[-1518920,5454747],[-277760,1950874],[375351,13293897],[-285267,2544123],[-382857,1751223]],[[531389388,757265778],[17363735,3115980],[5590226,2016474],[5900518,1293453],[10329658,1008237],[2757578,-376485],[1248668,-426397],[3958701,-1930909],[1451357,-229599],[1268686,209634],[1271188,784343],[960899,1005384],[1841722,2398663],[1065997,1039611],[14893925,6758182],[172662,138330],[1231151,162573],[2404748,-164000],[502971,-141181],[1278695,-703056],[1644038,-181113],[14128209,2636819]],[[622654720,775680721],[38838815,-10424629]],[[739436411,872207645],[878321,-59895],[593055,68451],[2419763,658848],[795743,96974],[633092,-11409],[427901,-65600],[375350,-136903],[277760,-218190],[382858,-507684],[713167,-1781171],[277760,-938359],[52549,-765804],[-405379,-2277446],[-67563,-1836788],[-232718,-1967987],[-735688,-3493891],[-705660,-2310246],[-247731,-433527],[-172662,-727300],[0,-634604],[435407,-2890660],[-465435,-1979396]],[[744666301,849995058],[-1684074,-1371887],[-1691582,-998254],[-1741629,-617492],[-1533934,-272381],[-1531432,-27095],[-1038471,175407],[-713166,213912],[-915857,409284],[-738190,504832],[-517984,540483],[-352830,596101],[-487956,510536],[-2810128,1240687],[-7702202,1983675],[-878320,29947],[-9431319,-1876718],[-25246105,3028989],[-4629328,1386147],[-3012818,1323401],[-172661,48486],[-195182,-85565],[-262746,-300902],[-315295,-751543],[67564,-898429],[-105099,-764378],[-543008,-553318],[-870814,-439232],[-1984355,-738708],[-563027,-316589],[-525491,-487719],[-345323,-520518],[-352830,-677387],[-202689,-690222],[-112605,-675961],[180168,-413562],[255239,-289494],[3433210,-2825060],[1774158,-2046422],[1508911,-2094908],[510477,-932654],[783233,-1909519],[480449,-2036438],[150141,-1192201],[45042,-2722383],[-1886765,-11722359],[-405379,-1257801],[-608068,-1088097],[-2081946,-2049274],[-2554889,-3154484],[-4666864,-7535395]],[[668442532,805652596],[-34629879,19591457],[-2142003,1641415],[-1020954,1033906],[-302783,547614],[-367844,1471713],[-893335,5595929],[-180169,634604],[-330309,563301],[-548012,327998],[-1609005,389319],[-983419,376485],[-753204,586118],[-360337,462049],[-60057,387893],[270253,875612],[60056,497701],[-120112,1417521]],[[790854487,976237164],[2289641,-312311],[527994,-310885],[1614009,-1284896],[517984,-616065],[330309,-578987],[272755,-851369],[345323,-557596],[645603,-430676],[8753184,-3401196],[435408,-272380],[187675,-228173],[67563,-126920],[135127,-414989],[250234,-493423]],[[775172324,946654608],[-1699089,878464],[-2449790,203928],[-795744,-161146],[-495463,-285216],[-150141,-573283],[-165154,-1651398],[-588050,-986846],[-1013447,-675960],[-1954328,-847091],[-1321235,-393597],[-1323738,-193947],[-608068,263825],[-247732,447788],[-97591,470606],[-240225,452067],[-502970,501979],[-570534,442083],[-407881,519093],[-247731,740134],[-127620,777213],[-97591,1157975],[-165155,444936]],[[759903047,948186215],[1383794,2210421],[285267,991124],[157648,1393278],[-127620,2062108],[-240225,539057],[-420393,370781],[-512979,191094],[-532999,256694],[-330308,661700],[-90085,580414],[67564,951193],[-127620,541910],[-172661,276659],[-915857,506258],[-392867,547614],[-112605,688795],[-262746,839960],[-683138,1280618],[-90085,121217],[-397872,316589]],[[756387260,963513699],[1141067,1848197],[1166091,587543],[3718476,1033907],[442914,195373],[202690,181112],[67563,286641],[-112605,426398],[-180168,375058],[-7508,567579],[300281,701630],[1226146,1430356],[1043476,808586],[5447594,2658209],[1346259,486293],[1118545,239581],[825772,12834],[497966,233877],[270253,389319],[202689,1293453],[187676,593248],[548012,748691],[382858,343684],[953392,482015],[820767,262398]],[[820812877,937959371],[-1026377,-3452049],[-280262,-4392319],[210196,-2341620],[575538,-1930909],[2367213,-3610829],[825772,-1805415],[175307,-1699183],[475302,-4606933],[-15014,-1631433],[-1736624,-3913157],[-525491,-1925205],[-100094,-2016474],[310290,-2261759],[1116044,-1965135],[1831712,-835682],[2016886,-587544],[1666558,-1212166],[-480449,-1083819],[-2927737,-4204077],[-2287139,-2364437],[-640599,-1953726],[-850795,-4064322],[-1156081,-2946277],[-490459,-2136264],[90084,-2053552],[900843,-5567408],[-135127,-750117],[-379635,-495910],[-65781,-85929],[-1556455,-1548721],[-570534,-824273],[-135126,-858499],[1251170,-1851048],[-370346,-618918],[-1741629,-1032481],[-305285,-450640],[-340319,-961176],[-210196,-379337],[-385360,-370780],[-1141067,-653144],[-1994296,-1676403],[-407950,-342923],[-4599301,-1985100],[-2021890,-1366183],[-4198926,-1739814],[-1891769,-1297731],[-950889,-1938040],[-1821703,-6530010],[-435407,-897003],[-605567,-693074],[-915856,-462049],[-3077878,-467753],[-1881759,-894151],[-1326240,-1303435],[-1186109,-1491678],[-1953378,-1915266]],[[785502893,835516091],[-40948,0],[-10009,0],[-10197034,-300903],[-2735058,305181],[-3328112,946915],[-3225515,1632860]],[[765966217,838100144],[3338121,7508299],[1103532,3987313],[840786,5159549],[472942,1748372],[940880,2578348],[277760,541910],[187675,253842],[615575,604657],[180169,275233],[925865,2089203],[1779164,2387255],[933373,1622876],[1088517,2471393],[127620,449214],[120112,636031],[0,794325],[-45042,474884],[-67563,367928],[-728181,2093482],[-60056,276659],[-30028,300903],[202689,2973372],[-67563,430676],[-105098,345111],[-150141,226746],[-255238,477736],[-97592,259546],[-67563,273807],[-37535,293772],[-15014,308033],[37535,1277765],[-37535,295198],[-97591,258121],[-167657,216764],[-217703,191094],[-277760,145459],[-330309,82713],[-653111,28522],[-315294,51338],[-765716,342259],[-227713,-28521],[-255239,-182538],[-217703,-345111],[-322802,-633179],[-277760,-298050],[-315295,-161147],[-285267,-74156],[-255238,-119790],[-195182,-203930],[-172662,-323719],[-142633,-397875],[-182671,-1042463],[7507,-356520],[130122,-215337],[180168,-201077],[150140,-219617],[120113,-245285],[67563,-278085],[45042,-285216],[67563,-902707],[82577,-270955],[210197,-499127],[7507,-270955],[-142633,-256693],[-375351,-211060],[-277760,45634],[-202689,168277],[-475445,986846],[-187676,517667],[-112605,564726],[-90084,263825],[-225211,501979],[-292773,456345],[-90085,262398],[-37535,295198],[7507,634605],[-22521,302328],[-60056,285216],[-97591,255268],[-52549,282364],[120112,466327],[330309,655995],[1593990,2226108],[1471376,1366182],[1736623,2186177],[2885198,2974799],[675632,1069558],[472942,1100932],[217704,1468860],[-127620,1015367],[-307787,936934],[-202690,857072],[105098,878464],[517985,1058150],[67563,938359],[-157648,841386],[-60056,815717],[307788,1866735],[-7507,815716],[-262746,618918],[-15014,611788],[625585,591822],[4581784,1707015],[1173598,1078115]],[[785774738,909145911],[11165439,8048783],[758209,285215],[795744,156869],[775726,245285],[833279,500553],[150140,790047],[-180169,1019646],[-758209,2331637],[-157647,1225001],[105099,1468860],[1876754,4080008],[120113,456345],[-150141,657422],[-15014,327998],[15014,191095],[210196,894150]],[[540337754,962837738],[548013,-1066706],[242726,-288068],[285267,-243859],[472942,-252416],[150141,-202503],[127619,-701630],[412886,-370781],[863307,128347],[2397242,864203],[1383793,239581],[1208631,604658],[217703,-62748],[232718,-222468],[407881,-1600059]],[[532372807,932279744],[-3298084,1146566],[-2292143,1314844],[-1193616,333702],[-1263681,37079],[-2259613,-387894],[-2577410,86991],[-1789173,280937],[-1043476,-330850],[-535500,-556170],[-217704,-791473],[-345323,-423545],[-840786,-134052],[-2344692,566153],[-713167,-166851],[-880824,-1036758],[-593054,-295198],[-540505,260972],[-375352,549040],[-1451357,1428930],[-4454164,1233557]],[[503363183,935395724],[-142633,1036759],[225210,727299],[232718,519093],[-97592,464900],[-322801,521945],[-1136063,1046741],[-1568967,2920607],[-307787,949768],[-75070,1408965],[-257742,333702],[-1111038,559023],[-668125,541909],[-783232,1105210],[-172662,637457],[172662,511962],[490458,249564],[623083,193946],[487956,322294],[345323,574709],[0,1273487],[-210197,571858],[-510477,353667],[-472942,98399],[-442914,239581],[-7507,484867],[502970,1446043],[-90084,536205],[-993429,1217870],[-638097,1032481],[-720673,1736962],[-75071,902708],[307788,734430],[3448224,2412923],[825773,1018220]],[[531111628,908663896],[52549,-6060830],[292774,-439232],[375350,-330850],[878322,-480588],[437909,-136903],[893335,-166851],[337816,-219617],[330309,-504831],[660618,-1331957],[272755,-733004],[127619,-790047],[-257741,-720169],[-45042,-591822],[175164,-412137],[375351,-370780],[10512329,-7909027],[608068,-697352],[172662,-618918],[-405379,-447789],[-730684,-353667],[-3410688,-889872],[-142634,-77008],[-795743,-1508791],[-2262116,-5607337],[-1028461,-1615746],[-3345628,-3565195],[-593055,-4604805]],[[534597387,867478771],[-2066933,-92695],[-3710969,-620344],[-863308,-290920],[-427900,-350815],[-370346,-804308],[-397872,-618918],[-728181,-740134],[-4516723,-2514175],[-5154820,-4226894],[-1126053,-586118],[-6055662,-1769763],[-1286202,-839959],[-1749136,-1407539],[-2599930,-2705270],[-1226147,-1587224],[-788237,-1548720],[-292774,-1129454],[-532998,-1374739],[-783233,-895577],[-14786325,-10333360]],[[485133638,833041845],[-2577409,3135946],[-983420,2268889],[-588050,865629],[-923363,516241],[-1864243,249563],[-7451968,-419266],[-745697,134051],[-255239,608935],[-52549,934081],[708162,6631262],[-858302,884168],[-1961835,1474564],[-10464784,3096015]],[[457114941,853421923],[893335,626048],[2982789,1530181],[487956,386467],[300281,412137],[112605,315163],[30028,134051],[-30028,125495],[-7879867,12925969],[-970908,2927738],[-247732,1718423],[-45042,1197906],[112606,733003],[570533,630327],[4479188,3764845],[435407,718743],[97591,536205],[-165154,818569],[-345323,655996],[-983419,1283470],[-768219,705908],[-983419,626049],[-1669061,765803],[-1171095,680239],[-150140,196799],[-105098,205356],[-45043,151164],[-30027,1192200],[-1331246,337981],[-6431013,-529075]],[[444265426,889195083],[1043476,2663913],[2509847,3138797],[1301217,2882104],[563026,991124],[660618,794325],[668124,484866],[700656,370781],[705659,270954],[668125,158295],[480449,12834],[768219,-102677],[1741628,-613213],[693148,-330851],[660618,-159720],[698153,92695],[1141066,611787],[865810,864203],[2307157,2866416],[510477,921247],[112606,641735],[-345323,355093],[-1676568,948342],[-502970,464901],[-270253,356520],[247732,1026776]],[[460518123,908906330],[968405,-302329],[495463,-91269],[385361,-14260],[367844,128347],[360337,292345],[187675,608936],[-142633,838533],[97591,385041],[292774,477736],[3358140,3432570],[510477,320867],[407881,145460],[570534,38504],[382858,-128347],[277759,-149738],[277760,-278085],[210197,-136904],[195182,-5704],[270253,134051],[-60056,406432],[-360337,389320],[-255239,399302],[67563,370779],[375352,188243],[1406314,28521],[2292143,1386148],[1831713,569005],[2547382,1426078],[1000936,300902],[1906782,91269]],[[480744534,920158083],[1166091,-1361904],[487956,-198225],[615576,-78434],[517984,323720],[315295,539057],[422895,1642842],[292774,787194],[450421,593249],[615576,96973],[623082,-182538],[700655,-322294],[1276193,-222468],[2727551,-1155123],[615576,-423545],[405379,-454919],[212698,-594674],[187676,-1253523],[315295,-630326],[442914,-71304],[668124,169704],[925866,340832],[1193616,179686],[833279,-513388],[1586484,-1697033],[1238657,-859924],[1136063,-139756],[668124,332276],[555520,1115193],[420393,349389],[375351,-89843],[317797,-332276],[255239,-497701],[270252,-279511],[555520,-282364],[788237,-94121],[5515156,216764],[4366583,909838],[4899581,165424],[495464,-213911],[247731,-550466],[45042,-544762],[180169,-405006],[465435,-14261],[1624018,601805],[2247102,293772],[4356573,-35652]],[[685568545,972221330],[1103532,-360798],[255238,-962603],[67563,-710186],[292774,-842813],[460431,-443509],[563026,-276659],[517985,-82713],[578040,5704],[540505,159721],[422896,273807],[773223,738708],[442914,303755],[690646,258120],[525491,-102678],[1226146,-770082],[623083,-159720],[600561,-14261],[2990296,1026776]],[[785774738,909145911],[-1083514,1280618],[-1426333,906985],[-405379,482014],[-217704,405006],[-460430,1548721],[-405379,416414],[-397873,37079],[-457927,-336555],[-382859,-193946],[-563026,182537],[-1233653,1638564],[-698153,473458],[-645604,196798],[-543008,-275232],[-405379,-536206],[-465435,-827125],[-510477,-479162],[-825772,-94121],[-265248,561875],[22521,1960856],[-322802,1089524],[-728181,657422],[-1005940,476309],[-895838,216764],[-1058489,68452],[-202690,-31373],[-157647,-202504],[-45043,-145460],[-82577,-155442],[-157647,-166851],[-345323,-59895],[-2712536,363649],[-460431,-95547],[-548012,-370780],[-570534,-693073],[-773223,-707335],[-925865,-469180],[-1538939,17113],[-750702,653144],[-978415,1883848],[-593054,367928],[-517985,119791],[-5875493,-765804],[-985922,64174],[-1253672,236728],[-690646,413563],[-497966,510536],[-623082,1128028],[-893336,1279191]],[[735970671,948765203],[1548948,-1498808],[1178602,-1485973],[217704,-131199],[370346,-27096],[277759,279512],[165155,349388],[82577,243860],[90084,131199],[2277129,991124],[878322,531927],[803251,359372],[2397241,587544],[570533,203929],[573037,345111],[412886,352241],[570533,246711],[683139,-55617],[4509216,-2484227],[285267,-795752],[-15014,-801455],[135126,-493423],[495463,-91269],[1008443,673108],[1448854,1294879],[713168,322294],[970907,31373],[1283700,342259]],[[735377616,971508291],[1744131,-41357],[1929304,-380762],[940880,216764],[2569903,1871014],[555519,-41357],[277760,-258120],[157647,-459197],[315295,-460623],[2584917,-1128028],[2149509,-501979],[5635269,288068],[848294,-59895],[437909,-179686],[0,-367928],[-152643,-504832],[-255238,-442084],[-367844,-236729],[-442915,102678],[-593054,242433],[-585548,94121],[-535500,-17113],[-390365,-121217],[-292774,-169702],[-195182,-252417],[-105099,-349388],[30029,-440658],[105098,-637457],[0,-178260],[-37535,-300902],[-127620,-242434],[-240224,-236728],[-330309,-236730],[-300281,-322293],[-127619,-367928],[172661,-399302],[525492,-212485],[750702,-84139],[768218,-339407],[3590857,-838533]],[[480744534,920158083],[753205,2887808],[112605,985419],[7507,1762632],[202690,827126],[382857,610360],[788238,233877],[683139,-132625],[1338751,-472031],[683139,58469],[675632,369354],[745697,636031],[1306221,1571537],[360337,1381869]],[[488784552,930877909],[-210197,660275],[30029,282363],[127619,337980],[442914,332277],[1518920,869907],[142633,365076],[-135126,450641],[-180168,387892],[22521,326572],[345323,226747],[2104467,717317],[307788,212486],[210197,319441],[165154,405006],[105098,1061002],[180169,285215],[803251,684518],[445416,687369],[52549,125495],[45043,84139],[97591,141181],[240225,94121],[435407,-45634],[1216136,-926951],[287770,-355093],[112605,-306607],[52549,-293772],[142633,-559023],[120113,-248137],[187675,-239581],[292774,-250989],[1276193,-713039],[1751638,-750117],[555519,-106956],[1286203,256694]],[[683272282,976263818],[1539,408],[279788,74111],[1501404,0],[228561,136994],[610807,691703],[334959,269495],[1938821,691705],[961529,664754],[665976,2003246],[650215,848909],[859070,689458],[874834,410980],[2127974,579415],[902419,431192],[1737845,1428323],[1127038,377293],[1213733,58390],[3341708,-642296],[1986109,65128],[8149352,1691082],[7743460,2690458],[1871829,1042047],[588005,778469]],[[722969257,991245082],[4262,-2728],[225210,-144033],[818265,-765804],[210197,-340833],[82577,-336554],[-7507,-523370],[-225211,-1026776],[30028,-442085],[180169,-188242],[975912,-31373],[512980,-99826],[465435,-239581],[427900,-342259],[375351,-405006],[315295,-496275],[232718,-610361],[120112,-861351],[45042,-1524477],[300281,-911264],[633091,-1386147],[2532368,-2555532],[2357204,-1106636],[377854,-355094],[180168,-479162],[-1008443,-2114873],[-15014,-2327359]],[[457114941,853421923],[-1361273,-149738],[-1621516,-616066],[-3488261,-2040717],[-202690,-182538],[-10587399,-6053700],[-405379,-399302],[-1999370,-1600059],[-517984,-219616],[-2900212,77008],[-953391,-77008],[-843288,-221043],[-405379,-235302],[-262746,-225320],[-112606,-188242],[-375350,-517667],[-450421,-902707],[-187676,-539057],[-120112,-256694],[-322802,-474885],[-730683,-764377],[-1786671,-1413243],[-1391301,-1437487],[-442914,-655995],[-495463,-942637],[-555520,-1481695]],[[424594534,831903836],[-813260,-142608],[-1043475,-559022],[-2307158,-1588651],[-2136998,-1079541],[-272755,-85565],[-272755,29948],[-222708,149738],[-82578,315163],[-7506,165425],[22520,108382],[40038,91269],[105098,362224],[-5005,282363],[-95088,578988],[-80075,1594355],[-325304,1098080],[-235220,270955],[-392868,242432],[-1478882,292347],[-1201124,61321],[-305285,-62748],[-260243,-111234],[-430403,-313737],[-1651544,-633178],[-905847,-243859],[-470440,-208208],[-215201,-136903],[-207694,-166851],[-1543944,-1637138],[-1706595,-2343045],[-405379,-834256],[-152643,-236729],[-212699,-124069],[-310290,8557],[-405379,98399],[-325304,-17113],[-280262,-88417],[-355332,-275232],[-77573,-128347],[-77572,-208208],[-25024,-249563],[0,-213912],[60056,-462050],[15014,-293771],[-47544,-293772],[-132624,-228173],[-175164,-139755],[-240224,78434],[-265248,213911],[-845791,1008237],[-175164,413563],[55051,536205],[100094,360798],[-75070,694500],[-1301217,3247179],[-3680942,6863712],[-287769,865629],[-235220,1068133],[75071,685943],[600561,1310565]],[[396908648,841894936],[20038736,16578154],[165155,278086],[367844,847090],[270253,972585],[120111,755821],[12512,339406],[-117610,909838],[-72567,276659],[-230216,504831],[-2572405,3545230],[-1604000,1557277],[-1644037,1197905],[-385360,399302],[-227713,171129],[-287769,138330],[-275258,209633],[-210196,315163],[-40037,643161],[-80075,395024],[-175164,266676],[-245230,134052],[-280262,65599],[-660617,24244],[-305286,-25670],[-255238,7130],[-175164,111235],[-112605,182537],[-130122,176834],[-115108,105530],[-222708,121217],[-935875,332276],[-280262,172555],[-187675,255268],[-75070,430676],[-17517,731577],[-80075,276660],[-157647,222468],[-452924,357945],[-265248,151164],[-1901778,727300],[-300280,173981],[-197685,305181],[7507,265250],[130121,243860],[175164,222468],[215201,178259],[237723,108383],[287769,-12835],[487956,-215338],[247732,-5704],[1028461,439232],[1206128,315163],[302783,135477],[290271,239581],[95089,262399],[-65061,245285],[-175164,202503],[-220205,182538],[-492961,329424],[-177666,318015],[-60056,480589],[137628,1470286],[-77572,385041],[-147639,222468],[-102595,206781],[72568,309459],[217703,386467],[82577,546188],[162653,342258],[205191,208208],[280262,54191],[310290,-57043],[560524,-216764],[290272,-28522],[290271,114087],[280262,223894],[297779,406432],[37535,316589],[-140131,231025],[-440412,413562],[-100093,347963],[-195183,998254],[-40038,433528],[40038,718743],[140131,390746],[185173,293772],[205192,185390],[245229,136903],[285267,82713],[680636,45634],[275258,102678],[225210,171129],[385361,410711],[222708,171129],[267750,96973],[345323,11409],[818265,-88417]],[[412430661,891214409],[1433841,260972],[180168,192521],[125117,259546],[30028,345111],[115108,382189],[317797,470605],[387863,168278],[277759,-47061],[207695,-182538],[165154,-221042],[225211,-504832],[45042,-302328],[25023,-313737],[-45042,-684517],[15014,-318016],[85080,-333702],[270252,-303755],[548013,-356519],[728181,-165425],[370346,-219616],[823269,-730152],[973411,-655995],[500467,-11409],[372849,253842],[437910,827125],[610571,519092],[855800,51339],[1348761,-316589],[823270,82712],[630589,273807],[548013,99825],[615575,-305180],[580543,-658848],[818265,-1537312],[585547,-698778],[1166091,-807160],[960898,-111234],[953392,209633],[813260,349389],[773223,222468],[1546446,279512],[1789173,775786],[818265,42782],[2006877,-462049],[960898,-29948],[1068499,226747],[840786,460623],[1376287,1080967],[728180,423545]],[[722969257,991245082],[436575,577989],[82755,1158829],[-185213,911791],[-15763,864630],[602926,1037556],[366485,357081],[1946702,1347475],[689621,732128],[476824,406488],[1592039,783781],[2139797,523270],[2258016,53899],[1950643,-606364],[1737845,-1246414],[271908,-87586],[23644,-563694],[114280,-406488],[252205,-249283],[437416,-85340],[555638,-406488],[508350,-2095324],[784197,-923020],[709325,262757],[847249,-300936],[945766,-471616],[969410,-244791],[7306044,-375048],[618689,-193138],[870893,-485091],[815723,-615347],[504409,-592889],[-19704,-902808],[1442294,-498566],[1895473,-166188],[1308309,62882],[4303237,1221711],[1347716,696195],[764495,-309919],[1221614,-278479],[1146742,-31441],[508349,413226],[433476,534498],[2049160,1599004],[685681,332378],[295552,256020],[390128,597381],[346781,682720],[149747,521024],[-86695,619838],[-244324,428946],[-1907295,1870745],[-1426530,1086963],[0,343606],[535934,74112],[941826,276232],[508349,26949],[488646,-141485],[898478,-476108],[445298,-103306],[104996,-39891]],[[371980340,889253552],[350328,-173981],[160150,-61321],[2750071,-1728407],[162652,-256694],[22521,-370780],[-447919,-1049593],[-522989,-790047],[-195183,-373633],[-7507,-7130],[-555519,-2110595],[-102596,-1096654],[-2502,-733004],[55052,-336554],[315294,-875612],[320300,-581840],[287769,-327998],[232717,-95547],[177667,0],[195182,-34225],[260243,-95548],[242727,-263824],[-5004,-273807],[-705660,-929803],[-200187,-463475],[77572,-482015],[257741,-188242],[395370,-2852],[635594,209634],[648106,112660],[522989,-74156],[130122,-457771],[-87582,-959751],[-352830,-1833935],[22521,-1313418],[502970,-986846],[995931,-483440],[1258677,-119791],[3095395,295198],[240224,-121217],[172662,-199650],[400374,-701631],[17516,-386467],[-130121,-526222],[-700655,-1406113],[-700655,-1129454],[-940880,-1936613],[-805754,-2146247],[-165154,-225321],[-150140,-128347],[-377854,-171129],[-2124486,-671682],[-560524,-325146],[-380356,-424972],[-72568,-496274],[177666,-376485],[232718,-296624],[510477,-507684],[182671,-228172],[287769,-460623],[97592,-206782],[87581,-326571],[25023,-239581],[-15013,-375059],[-160150,-450641],[-202690,-427823],[-770720,-875611],[-7757253,-6210569],[-1906783,-1903814],[-1206128,-1845345]],[[366174912,844210886],[-875819,-655995],[-555519,-336555],[-2942752,-1223574],[-235220,-165425],[-613073,-574710],[-678134,-486292],[-370346,-148312],[-510477,-111234],[-3268056,-330850],[-1096025,129773],[-2372218,-121217],[-1466371,79861],[-660617,-61322],[-1761648,-452066],[-8638077,-4988420],[-669199,-448186]],[[339461361,834316362],[-129086,769098],[-3453228,10175064],[-1223645,2450002],[-1854233,2083500],[5164829,5918222],[-545510,296624],[-1764150,503406],[-5832954,5655824],[395370,935507],[2539875,3704950],[1181104,2489932],[628088,453493],[175163,402154],[-880824,847090],[-5089758,3034693],[-1641535,1457452],[-2567401,1500233],[-665622,750117],[-237722,764378],[-62559,752969],[-190178,653144],[-613073,444936],[-2177035,191094],[-1631526,992550],[-1506408,1337661],[-1804187,1220723],[-1476381,527649],[-865809,1095227],[-457928,1463156],[-69653,2171614],[1087632,377293],[193094,-69620],[169449,-22458],[153688,-80848],[147776,-238054],[1428500,678229],[1678735,-348098],[1749668,-700687],[1633417,-384030],[3130880,410980],[1111275,-343606],[401951,-67374],[321166,116781],[839368,637805],[4541648,1226202],[1257081,862384],[405891,87586],[1458056,-42670],[634451,125764],[752673,507550],[1588099,1753963],[3097384,983656],[539875,336869],[396040,976919],[5769173,4594891],[943796,303181],[4598788,464879],[1276785,357081],[267967,136994],[98170,85725]],[[354477861,902086111],[1116,-2137],[55051,-105530],[45042,-516240],[67563,-193947],[182671,-134051],[345323,64174],[340318,12834],[350328,-102677],[290271,-231025],[260244,-439232],[62558,-345111],[-45042,-337980],[-155145,-644587],[-67563,-1290600],[-57554,-250990],[-72568,-158295],[-155145,-186816],[-640599,-466328],[-95089,-221042],[117610,-504831],[47544,-587544],[80075,-275233],[220206,-206782],[325304,-142607],[595557,-19966],[395370,57044],[340318,96973],[260243,122643],[595557,151164],[335314,19965],[350327,-18539],[10815112,-5427652],[2312162,-547614]],[[744666301,849995058],[923364,-2730939],[1448854,-1538738],[10444766,-5784171],[2750071,-851369],[5732861,-989697]],[[785502893,835516091],[-1054435,-1033862],[-665622,-1493104],[-150140,-4068599],[-1005941,-5538886],[245230,-2146247],[660617,-3037546],[335314,-945490],[1391300,-2572644],[495464,-2869268],[415388,-1407539],[3077878,-5121045],[3708467,-6173491],[730684,-2166212],[2130,-229422],[67935,-7315955],[740692,-2579775],[1246166,-1310566],[1781666,-516239],[2322171,-208208],[1766652,-574709],[5365016,-3714932],[940880,-466328],[990926,-293772],[1015950,-67026],[1010945,218190],[1081011,-634605],[4579282,-6869416],[4914595,-7365691],[655613,-1764059],[655613,-7756436],[465435,-5700033],[565529,-1819676],[66533,-70241],[1324768,-1398619],[5940554,-3655037],[7732230,-5416243],[10129471,-7087607],[8152622,-5705737],[670628,-778638],[545510,-1043889],[885934,-3954572]],[[662934882,798433791],[5507650,7218805]],[[388040356,902754230],[-4106339,-758673],[-703158,-544762],[-1516417,-1913796],[-720674,-434954],[-815763,-95547],[-735688,-11408],[-1131057,-173982],[-535501,-355093],[-307788,-623196],[122615,-646014],[300281,-807160],[152642,-936933],[-132624,-1086671],[-600562,-1110914],[-710664,-509110],[-855800,-196799],[-785735,-82713],[-960898,-436379],[-700655,-684518],[-1316231,-2092056]],[[354477861,902086111],[146152,127625],[1272844,1497942],[914241,242546],[918181,597381],[784198,741111],[528053,680475],[413772,1102684],[575342,2618593],[496527,992640],[563519,857892],[1698438,4132257],[338900,570431],[571400,251529],[1138860,58390],[252205,265004],[1249199,1655148],[516231,350344],[462,315]],[[431536025,922840536],[1796680,-1498808],[517984,-1524477],[405379,-2079222],[367844,-1065280],[573036,-892725],[683138,-564727],[1186110,-159720],[700655,48486],[1719107,422120],[848293,48486],[1121048,-82712],[1096025,-256694],[1271189,-827125],[1508910,-1354774],[873317,-476310],[863307,-25669],[998433,256694],[873317,95547],[735688,-89843],[1035969,-687370],[412886,-457771],[520486,-426397],[758209,-356519],[3185479,-463476],[2675001,-1125175],[2254608,-390745]],[[412430661,891214409],[-770720,1634285],[-653111,821421],[-943382,887021],[-140131,410710],[22521,329424],[175164,215337],[180168,165425],[105098,236730],[60056,337980],[-40037,738708],[55052,480588],[105098,360798],[150140,235303],[115108,239581],[162652,924098],[272755,1043889],[-20019,674535],[-447919,357945],[-372848,231025],[-7537047,2692435],[-535501,42782],[-342821,-196798],[-753204,-781491],[-645604,19965],[-1005940,259546],[-1649042,616065],[-678134,473458],[-230215,427824],[803251,983994],[530496,790047],[47544,798603],[-265248,350815],[-245229,112660],[-850795,-201077],[-970908,-359371],[-1108537,-288068],[-988424,-112660]],[[414890461,927687773],[47545,-367928],[72567,-205355],[130122,-225320],[140131,-193947],[132624,-134051],[120113,-142608],[107600,-188242],[-7507,-256694],[-67563,-289494],[110103,-340832],[330308,-346537],[1866746,-839960],[235220,-145460],[190178,-148312],[260243,-52765],[435407,-44208],[945885,139755],[2257110,608935],[1433840,567579],[1421330,899856],[435407,213911],[262745,-71304],[405379,-243859],[442914,-720169],[242727,-507684],[765716,-2328785],[187676,-218189],[180168,-31375],[442915,232451],[262745,189669],[548012,215338],[390365,104103],[1916793,24244]],[[708680154,525170199],[24090024,-19266310],[2937747,-2862139],[1624018,-4440806],[1073504,-6695434],[-1936811,-1655677],[-13014668,-5109636],[-12001222,-11662464],[-3613378,-2651079],[-3050352,-2725234],[-1691582,-2787982],[-1050982,-4687518],[1193616,-6548549],[5327481,-18814244],[142633,-397875],[240225,-469180],[460430,-661700],[2041909,-2157656],[9506389,-7466943],[1771656,-1778319],[918359,-1601485],[457928,-1545868],[172662,-1070985],[22521,-720169],[-45042,-526223],[-217704,-875611],[-4013753,-9787172],[-367844,-1282044],[-202689,-1183645],[-105098,-1765484],[97591,-877037],[180169,-618918],[225210,-325146],[255238,-250990],[317798,-233876],[5047219,-2541271],[377853,-305180],[10224560,-14011215],[595557,-621769],[337816,-290920],[435407,-290920],[5207369,-2267464],[1261179,-760099],[1526427,-721595],[11946170,-3415457],[713167,-1444616],[535500,-2424333],[540506,-10384698],[5492635,-7094737],[1426334,-1460303],[738190,-1140862],[487956,-959751],[210197,-586118],[127619,-634604],[-7507,-610361],[-37535,-496276],[-90084,-474884],[-187675,-519092],[-232718,-462049],[-2164524,-3194414],[-255239,-473458],[-923363,-2585479],[-97591,-360798],[-115108,-603230],[15014,-5941040],[1008443,-4358094],[330309,-747264],[563027,-770083],[880823,-801455],[3125422,-2186177],[788237,-824273],[668125,-859926],[1338752,-2514174],[1448854,-1896684],[548013,-861351],[340318,-402154],[292774,-269528],[885828,-606083],[870814,-819995],[277760,-213912],[287769,-165425],[2169528,-834255],[1886765,-290920],[1976848,159720],[330309,-12834],[300281,-65600],[255238,-105529],[442914,-299477],[850796,-818569],[285266,-205355],[307788,-136903],[570534,-175408],[262745,-114086],[277760,-163999],[683139,-583266],[295276,-202503],[300281,-119790],[300280,-2852],[630590,55617],[315295,-18539],[270252,-88417],[880824,-580414],[330309,-266676],[1253672,-1326253],[457928,-618918],[563026,-569005],[2074440,-1302009],[232718,-104103],[1121048,-349389],[337816,-188242],[52549,-38505],[2975282,-3185857],[563026,-482015],[993429,-524796],[435407,-309459],[1088518,-1215018],[555519,-487718],[1496399,-993977],[232718,-124069],[142634,-54191],[3155450,-596100],[2404748,-102678],[1263682,-215337],[3628392,-1187923],[1766652,-1187923],[773223,-345111],[300281,-65599],[1028462,-68452],[292773,-82713],[240225,-132625],[1481385,-1401834],[307788,-201077],[4456667,-1420374],[3936180,-462049],[1241160,34226],[487956,-47061],[578041,-136903],[330309,-218190],[375351,-355093],[580543,-721596],[563027,-918394],[2089453,-4708909],[1156081,-1836788],[1291207,-1668510],[1376287,-1466008],[487956,-393598],[337816,-139755],[668125,-115513],[145143209,-68451],[13616,-7]],[[987471928,277319306],[5431436,-11562587],[3393172,-7207398],[3703463,-7876227],[-3293079,-2217551],[-3298084,-2214698],[-3293079,-2213273],[-3293079,-2213273],[-3298083,-2214698],[-3298084,-2214699],[-3288075,-2211846],[-3298083,-2213274],[-3298084,-2216124],[-3288074,-2213273],[-3298084,-2213273],[-3298084,-2217550],[-3288074,-2214699],[-3298084,-2213273],[-3298083,-2214698],[-3298084,-2216125],[-3293080,-2210421],[-3298083,-2214699],[-3298084,-2216124],[-3293079,-2213273],[-3293079,-2210421],[-3298084,-2216125],[-3288074,-2213272],[-3298084,-2213273],[-3298083,-2218977],[-3293079,-2213273],[-3293079,-2213272],[-3298084,-2213273],[-3293079,-2216125],[-3293079,-2213272],[-3298084,-2213273],[-3293079,-2213272],[-3293079,-2216125],[-3298084,-2213273],[-3293078,-2213273],[-3298084,-2216125],[-3293079,-2216124],[-3293079,-2213273],[-3298084,-2213273],[-3293079,-2216125],[-3293079,-2210420],[-3298084,-2216125],[-3293079,-2213272],[-3293079,-2216125],[-3298083,-2210421],[-3298084,-2216124],[-3293079,-2213274],[-3298084,-2216124],[-3293079,-2216125],[-3298084,-2216125],[-3293079,-2210421],[-3298083,-2216124],[-3293080,-2213273],[-3293078,-2213273],[-3298084,-2213272],[-3298084,-2213273],[-3288074,-2216125],[-3298084,-2213272],[-3298083,-2213273],[-3288075,-2216125],[-3298084,-2216125],[-3298083,-2213272],[-3288075,-2216125],[-3298083,-2213273],[-6345934,-4258268],[-4799487,-4466475],[-3453229,-3211528],[-3458234,-3217231],[-3458233,-3211527],[-3458233,-3214379],[-3753510,-3493891],[-1826708,-1756928],[-2792611,-2738069],[-3052854,-2994763],[-3052855,-2991911],[-3047850,-2991911],[-3057859,-2991912],[-3050352,-2994763],[-3052854,-2991911],[-3057860,-2994763],[-3042845,-2991911],[-3057859,-2994763],[-3052854,-2993338],[-3052854,-2991911],[-3052855,-2994763],[-3052854,-2991911],[-3052854,-2994763],[-3057859,-2991912],[-3052855,-2994763],[-3813566,-3733471],[-2096960,-1591503],[-2177036,-888446],[-6240835,-1363331],[-4824511,-1053871],[-10604915,-2313098],[-10604916,-2317376],[-4824511,-1051020],[-9138545,-1997935],[-9133539,-1995083],[-9133540,-1997935],[-9133540,-1996509],[-8282744,-1755501],[-8282745,-1755502],[-4659317,-985716]],[[396908648,841894936],[-765716,2003639],[-370346,546188],[-675632,818569],[-743195,547614],[-913354,450640],[-1008443,248138],[-950889,42782],[-943382,-146886],[-960898,-352241],[-2011881,-1217870],[-3042845,-2273168],[-1116044,-631753],[-1246165,-463475],[-2222078,-356520],[-3675937,279512],[-1108536,290920],[-950889,464901],[-758209,567579],[-925866,559023],[-525491,186815],[-598059,0],[-1411320,-355093],[-1043475,-96973],[-843289,188242],[-655613,290920],[-1266184,724447]],[[796860607,988730434],[1749399,-1192333],[2738781,-759078],[2033398,-267249],[6852864,1547351],[1115216,541235],[969410,795011],[6785872,3105929],[870894,-518777],[851189,-824206],[937885,-431192],[2187084,103307],[1099453,-103307],[874834,-413226],[717206,265004],[618689,-256021],[618688,-462633],[693562,-332377],[1670854,-145976],[1662972,145976],[5051968,1940365],[29625,8441],[152277,-1460706],[-40037,-665978],[165154,-566153],[1661554,-2330211],[-40037,-670257],[-865810,-567578],[-3358140,-1237836],[-1666558,-316589],[-1811694,114086],[-1871750,-208207],[-1496399,-678813],[-310290,-878464],[1691581,-815717],[975913,-1126601],[-415388,-1939466],[-1106035,-1933761],[-1086015,-1103784],[-5860480,-3268571],[-3127924,-1083819],[-1396306,-815716],[-1141067,-1277766],[-98265,-1867643]],[[622654720,775680721],[-512979,1822527],[-2319669,5885422],[-1609004,3019007],[-1231152,1574390],[-1488891,1537312],[-18755036,15672594],[-19798512,21143029],[-3465741,5781319],[-548012,1247818],[-405379,1274914],[-623083,4072878],[-1166090,3205822],[-502970,567579],[-1096025,434954],[-2344692,-29947],[-705660,91269],[-472942,176833],[-1128555,611787],[-555520,136904],[-675632,-119791],[-783232,-507683],[-3643407,-3173023],[-630589,-691648],[-360337,-697352],[-457928,-1354774],[-505473,-462049],[-690646,-379337],[-2232086,-752969],[-4379095,-698778],[-520487,-179686],[-285266,-245285],[-180169,-447788],[-75070,-655996],[187676,-5949597],[-90085,-1677067],[-202689,-1330530],[-172662,-258120],[-337816,-67026],[-1669060,-29948],[-3876124,432102],[-1343757,15687],[-730683,350815],[-412886,730152],[-382858,3048954],[-7507,610361],[262745,1343365],[1005941,2937720],[105098,881316],[-157647,926951],[-585547,1324826],[-623083,1055298],[-743195,959750],[-1759145,1890979],[-630589,935507],[-330309,918394],[-873317,4793047],[-382858,1321975],[-480449,892724],[-600561,697352],[-1038471,948342],[-615576,767230],[-420393,1457451],[-112605,1982248],[375351,3111702],[397871,1771189],[663121,1212166],[1358770,1418947],[405379,884168],[232718,688796],[-322802,2940572]],[[431536025,922840536],[315294,882741],[768219,678813],[600561,416415],[502970,650292],[1511414,1286322],[593054,387893],[570534,285216],[360337,99825],[420393,2852],[828274,-88417],[720674,181112],[705660,456345],[990926,879890],[535501,597527],[352830,506257],[172661,420693],[683139,2823634],[22521,221042],[-37535,151164],[-120112,118365],[-195183,128347],[-382858,198225],[-150140,179686],[-30028,288067],[142633,641735],[262746,621770],[623082,1115193],[517985,323720],[460430,121216],[427900,-51339],[1336250,134051],[435407,96974],[565528,263824],[232718,263825],[105098,402154],[7507,519092],[52550,547614],[135126,433527],[60056,386468],[-30028,1264930],[105098,647439],[262746,319442],[450421,256694],[1256174,385041],[660618,327998],[390365,419267],[532998,1179366],[330309,486292],[1729117,1488826],[570534,724448],[540505,908411],[1083513,1096654]],[[454522517,949917474],[1486390,-617492],[933373,-55617],[780730,45634],[1954327,715892],[2885198,703056],[795743,27095],[525492,-205355],[135126,-453493],[255239,-1551572],[157647,-536205],[888331,-2293133],[37535,-424972],[-67563,-365076],[-377853,-775786],[-15015,-396450],[107601,-510535],[1336249,-1833937],[397872,-272380],[487957,-112660],[1841722,145459],[1766651,-122642],[345323,-171130],[300281,-263824],[578041,-916968],[292773,-613213],[337816,-399302],[445416,-282363],[750702,-350815],[1764150,-1098080],[918359,-290920],[765716,-85565],[4591793,1270635],[510477,86991],[405379,-173981],[285267,-290921],[1053485,-2218976],[382858,-664553],[780730,-911263],[277760,-387893],[480449,-919820],[540505,-541910],[467938,-285216],[1674065,-640309]],[[485133638,833041845],[2592424,-5008384],[938378,-904134],[918358,-586118],[2562396,-1056723],[2109472,-1140863],[7469484,-2012195],[2329679,-899855],[1601497,-884168],[818265,-620344],[825772,-824273],[848293,-1169384],[3435713,-6820930],[6626195,-9526199],[578041,-1682772],[300280,-2408645],[-292773,-1786876],[-532999,-1388999],[-1826707,-2082074],[-315295,-553318],[-165155,-646013],[120113,-868482],[527993,-981141],[945885,-1274914],[442914,-760099],[315295,-845664],[510477,-3391213],[375351,-1273487],[708162,-1588651],[1148574,-1826806],[4696891,-5564555],[1501404,-3241475],[2712536,-9500530],[1428837,-2656783]],[[418518854,736917075],[1331244,4078582],[405379,2360159],[35033,952620],[-60056,761526],[-120112,661700],[-165155,449214],[-140131,268103],[-45042,45634],[-532998,308033],[-623083,171130],[-728181,109807],[-763213,231025],[-748200,480588],[-703157,1169384],[-150141,1187923],[127620,1300582],[4138870,10637115],[327806,1179366],[85080,742986],[-1181105,10031031],[110103,1139436],[407881,2184752],[903345,3060362],[2659987,8565023],[412886,2056404],[222709,3752011],[-1083514,13636155],[237723,9932632],[1624018,11211823],[90084,2321655]],[[146279816,360590765],[-6929524,4640581],[-8117590,5444765],[-8117589,5441912],[-8115088,5441913],[-9583961,6423054],[-9583961,6423054],[-9581459,6423055],[-9583961,6425906],[-9583961,6423054],[-9581459,6425907],[-9581458,6420202],[-9586464,6425906],[-9581458,6420202],[-9578957,6425906],[-9586463,6420202],[-9586463,6425906],[0,5190924],[0,5188070],[0,5185219],[0,5189497],[0,3311353],[0,3307074],[0,3304222],[0,3307074],[0,3308500],[0,3308501],[0,3307074],[0,3308501],[0,3304222],[0,3307074],[0,3308500],[0,3307074],[0,3308501],[0,3307074],[0,3304223],[0,3308500],[0,2521305],[175164,1485974],[540505,1041036],[908349,787195],[6199547,3374100],[2178287,1748371],[2199556,1227854],[610571,626047],[1661554,2949129],[728180,593249],[1704094,764377],[798246,479162],[3210502,3074624],[3300586,2250350],[5455101,2417202],[1614008,1132306],[4421635,4215486],[5127294,3466795],[2960268,2775147],[2324673,1205036],[741944,588970],[2956514,3000468],[1654047,730151],[2264617,-99825],[2139501,-367928],[1083513,-39930],[1068499,122642],[1005940,369355],[5504579,-314493],[4399483,4628780],[5414749,2314390],[3722640,385732],[5414749,-385732],[8460545,-3471585],[4061062,3857317],[6768437,771463],[7106857,1928658],[3350712,381913],[3417725,389551],[7106858,0],[6091593,0]],[[874129911,609725238],[2529765,-2984773],[6195793,-9183941],[5715344,-10706992],[3836087,-13240419],[3836086,-13240419],[1071001,-8433824],[145136,-10471688],[-1161580,-9236441],[-2436784,-19376383],[625585,-3208675],[7071612,-18915495],[-80075,-2170491],[-144423,-483277],[-3288787,-11005205],[-810758,-1100932],[-1361273,-748691],[-1191114,-882742],[155145,-1149419],[705660,-1234983],[480449,-1150845],[-385360,-1059575],[-2086951,-2333064],[-690646,-1169383],[-640599,-3251458],[-800749,-2176194],[-225210,-895577],[-25024,-915542],[4103837,-14722827],[940880,-5769910],[465435,-1080967],[530496,-499127],[2167026,-1234984],[765716,-667404],[190178,-792899],[-1216137,-5878293],[-140131,-1922352],[555519,-1534460],[110104,-1169384],[-2021891,-7087607],[-910851,-1112340],[-17100990,-8371076],[-60056,-1100933],[-180169,-941211],[-425397,-801456],[-1651545,-1602911],[-885828,-2193308],[-675631,-887020],[-1196119,-2606870],[1131058,-3066067],[6786345,-9771485],[7391911,-10644244],[5945559,-8556467],[7396916,-10655652],[1861741,-3530969],[650608,-3499595],[200188,-7264440],[215201,-7800645],[100094,-7656612],[605566,-1474564],[7206738,-4398024],[910852,-1494529],[850795,-5128176],[605566,-1922353],[875819,-1019645],[6365953,-5334957],[905847,-369354],[1921796,201077],[5645279,2181899],[5355006,2063534],[1050983,125495],[1045978,-211060],[9233634,-3190136],[11555804,-3983034],[15361998,-5298275],[2004240,-691252],[1586483,-899855],[1246165,-1692755],[3358140,-7130388],[3493266,-7432717],[73712,-156920]],[[454522517,949917474],[-82577,1126601],[1583981,4335276],[195182,750117],[105099,1011089],[-37536,841386],[-2441,282427]],[[456284225,958264370],[620460,46997],[748732,336869],[1623565,1042047],[3026452,761324],[764494,538990],[500468,509795],[1111275,702932],[547757,498566],[212797,428946],[126102,476108],[200976,498566],[449238,482845],[823605,321148],[2155559,480600],[1824541,1104929],[3495394,13475],[1060046,345852],[1930939,965690],[1158564,193139],[2072804,-44917],[969410,96570],[1103394,325639],[2829417,1311543],[1016699,161697],[886656,-152714],[2108270,-714162],[1127038,-231316],[1138860,51653],[1990050,538990],[8886262,467125],[1045,55]],[[414924642,927966261],[1481547,307642],[2159500,1044293],[2005812,1365442],[1528989,1392390],[1716171,3231694],[494557,1390145],[1639329,3487715],[405891,1277856],[66991,619838],[169450,341360],[401951,267250],[480765,240299],[409831,278479],[2332890,2290707],[839368,552465],[3097384,988148],[531994,350344],[224619,366064],[1063987,633313],[398010,336869],[169450,487337],[232501,1307051],[228560,467124],[859070,435684],[1182208,226825],[2127974,92077],[1111275,197630],[819664,498565],[721147,626576],[3558445,2234563],[1836363,500812],[835427,680475],[744791,759077],[815723,530007],[930003,206613],[3735777,285215],[2169,165]],[[358765847,731515852],[770319,5044748],[648106,1990805],[482952,976863],[783232,993976],[788237,399302],[2006876,280937],[1796680,717318],[1606502,1186496],[2807625,3033268],[-750702,1247818],[-13535155,10039587],[-3075376,1096654],[-1588985,1303434],[-6558632,10555828],[2054420,1426078],[362840,376485],[285266,459196],[200188,517667],[112605,567579],[152642,1206462],[15015,1287747],[-312793,1143715],[-815763,760099],[-1411319,985420],[-1253672,1112341],[-1000936,1359052],[-655613,1734110],[-870815,1577243],[-2452292,2283150],[-442915,1813971],[7508,5430504],[502970,1400408],[663120,1389000],[908349,3077476],[725679,1032480],[613073,1503086],[-222708,1819675],[-2182041,4981290],[-525491,651717],[-845791,597527],[-1679070,573283],[-743195,490571],[-292773,871333],[220205,848517],[467938,557596],[563026,469179],[490459,590397],[367844,814290],[35033,607510],[-510477,1610041],[-437910,2713826],[162652,2589757],[2257110,8891595],[120113,1105210],[-118646,706893]]],"transform":{"scale":[2.0651245950651248e-8,1.811837831811838e-8],"translate":[-8.68238521,18.97556122]},"bbox":[-8.68238521,18.97556122,11.96886072,37.09393952]}