{"type":"Topology","objects":{"all":{"type":"GeometryCollection","bbox":[44.77455855,50.62574303,38.39264476,41.89044159],"geometries":[{"type":"Polygon","properties":{"a":174,"b":"Göyçay","c":47.81154,"d":40.56685},"arcs":[[0,1,2,3,4]]},{"type":"Polygon","properties":{"a":149,"b":"G?d?b?y","c":45.63649,"d":40.54093},"arcs":[[5,6,7,8],[9]]},{"type":"Polygon","properties":{"a":162,"b":"Agdam","c":46.9273,"d":40.03456},"arcs":[[10,11,12,13,14,15]]},{"type":"Polygon","properties":{"a":203,"b":"Xocav?nd","c":47.08375,"d":39.75978},"arcs":[[16,17,18,19,20,21,22,-13]]},{"type":"Polygon","properties":{"a":191,"b":"Yardimli","c":48.22164,"d":38.8909},"arcs":[[23,24,25,26]]},{"type":"Polygon","properties":{"a":213,"b":"Bab?k","c":45.37551,"d":39.30353},"arcs":[[27,28,29,30,31,32,33]]},{"type":"Polygon","properties":{"a":210,"b":"S?d?r?k","c":44.83125,"d":39.6974},"arcs":[[34,35]]},{"type":"Polygon","properties":{"a":170,"b":"C?brayil","c":46.92118,"d":39.32205},"arcs":[[36,37,38,39,-19]]},{"type":"Polygon","properties":{"a":156,"b":"S?mkir","c":45.9946,"d":40.83986},"arcs":[[40,41,-9,42,43]]},{"type":"Polygon","properties":{"a":205,"b":"Qubadli","c":46.54118,"d":39.38944},"arcs":[[-40,44,45,46,-20]]},{"type":"Polygon","properties":{"a":206,"b":"Susa","c":46.66119,"d":39.68604},"arcs":[[-22,47,48]]},{"type":"Polygon","properties":{"a":193,"b":"Agcab?di","c":47.38944,"d":40.01414},"arcs":[[49,50,-17,-12,51,52]]},{"type":"Polygon","properties":{"a":146,"b":"Qazax","c":45.19829,"d":40.98207},"arcs":[[53]]},{"type":"Polygon","properties":{"a":167,"b":"B?rd?","c":47.21958,"d":40.33703},"arcs":[[54,-52,-11,55,56,57]]},{"type":"Polygon","properties":{"a":153,"b":"K?lb?c?r","c":46.2701,"d":40.06193},"arcs":[[58,59,60,-15,61,62,63,64]]},{"type":"Polygon","properties":{"a":179,"b":"Masalli","c":48.71412,"d":38.98721},"arcs":[[65,66,67,68,69,-24,70]]},{"type":"Polygon","properties":{"a":173,"b":"Füzuli","c":47.35897,"d":39.59319},"arcs":[[71,-37,-18,-51,72]]},{"type":"Polygon","properties":{"a":154,"b":"Ming?çevir","c":46.98932,"d":40.75629},"arcs":[[73]]},{"type":"Polygon","properties":{"a":165,"b":"?li Bayramli","c":48.93198,"d":40.08491},"arcs":[[74,75,76,77,78,79,80,81]]},{"type":"Polygon","properties":{"a":177,"b":"Kürd?mir","c":48.19605,"d":40.23882},"arcs":[[-79,82,83,84,85,-1,86,87]]},{"type":"Polygon","properties":{"a":150,"b":"G?nc?","c":46.31954,"d":40.68743},"arcs":[[88,89]]},{"type":"Polygon","properties":{"a":148,"b":"Dask?s?n","c":46.00788,"d":40.44871},"arcs":[[90,-65,91,-6,-42]]},{"type":"Polygon","properties":{"a":190,"b":"Xizi","c":49.21969,"d":40.74662},"arcs":[[92,93,94,95,96,97,98]]},{"type":"Polygon","properties":{"a":145,"b":"Qazax","c":44.99556,"d":41.05409},"arcs":[[99]]},{"type":"Polygon","properties":{"a":204,"b":"L?nk?ran","c":46.27822,"d":39.74274},"arcs":[[-48,-21,-47,100,-63,101]]},{"type":"Polygon","properties":{"a":186,"b":"Salyan","c":49.11741,"d":39.62685},"arcs":[[102,103,104,105,106,-77]]},{"type":"Polygon","properties":{"a":198,"b":"S?ki","c":47.06734,"d":41.1686},"arcs":[[107,108,109,110,111,112]]},{"type":"Polygon","properties":{"a":189,"b":"Ucar","c":47.74832,"d":40.39871},"arcs":[[-2,-86,113,114]]},{"type":"Polygon","properties":{"a":202,"b":"Zaqatala","c":46.75446,"d":41.59204},"arcs":[[115,116,117,118]]},{"type":"Polygon","properties":{"a":183,"b":"Siy?z?n","c":49.06388,"d":41.02384},"arcs":[[119,-99,120]]},{"type":"Polygon","properties":{"a":168,"b":"Beyl?qan","c":47.65555,"d":39.77222},"arcs":[[121,122,-73,-50,123]]},{"type":"Polygon","properties":{"a":209,"b":"Z?ngilan","c":46.62509,"d":39.08461},"arcs":[[124,-45,-39]]},{"type":"Polygon","properties":{"a":215,"b":"Naxçivan","c":45.42269,"d":39.21639},"arcs":[[-30,125]]},{"type":"MultiPolygon","properties":{"a":160,"b":"Baki","c":50.01578,"d":40.43025},"arcs":[[[126]],[[127]],[[-103,-76,128,129,130]]]},{"type":"Polygon","properties":{"a":195,"b":"Q?b?l?","c":47.78452,"d":40.91637},"arcs":[[131,132,133,-4,134,-109,135,136]]},{"type":"Polygon","properties":{"a":211,"b":"Ordubad","c":45.88165,"d":39.04156},"arcs":[[137,138]]},{"type":"Polygon","properties":{"a":216,"b":"Sahbuz","c":45.59638,"d":39.43826},"arcs":[[139,-28,140]]},{"type":"Polygon","properties":{"a":207,"b":"T?rt?r","c":46.7857,"d":40.29466},"arcs":[[-56,-16,-61,141,142]]},{"type":"Polygon","properties":{"a":181,"b":"Neftçala","c":49.067,"d":39.32297},"arcs":[[143,144,-66,145,-105]]},{"type":"Polygon","properties":{"a":169,"b":"Bil?suvar","c":48.47824,"d":39.5136},"arcs":[[146,147,-106,148,149,150]]},{"type":"Polygon","properties":{"a":161,"b":"Abseron","c":49.17962,"d":40.26991},"arcs":[[-129,-75,151,-95,152]]},{"type":"Polygon","properties":{"a":184,"b":"Saatli","c":48.45318,"d":39.83081},"arcs":[[-147,153,154]]},{"type":"Polygon","properties":{"a":185,"b":"Sabirabad","c":48.72115,"d":39.95146},"arcs":[[-107,-148,-155,155,-83,-78]]},{"type":"Polygon","properties":{"a":171,"b":"C?lilabad","c":48.44209,"d":39.20804},"arcs":[[-146,-71,-27,156,-149]]},{"type":"Polygon","properties":{"a":208,"b":"Xocali","c":46.69818,"d":39.87502},"arcs":[[-23,-49,-102,-62,-14]]},{"type":"Polygon","properties":{"a":155,"b":"Qazax","c":45.26342,"d":41.20227},"arcs":[[157,158]]},{"type":"Polygon","properties":{"a":175,"b":"Imisli","c":47.99063,"d":39.87213},"arcs":[[-156,-154,-151,159,-122,160,-84]]},{"type":"Polygon","properties":{"a":187,"b":"Samaxi","c":48.58332,"d":40.61653},"arcs":[[161,-97,162,-81,163,164,165]]},{"type":"Polygon","properties":{"a":164,"b":"Agsu","c":48.30303,"d":40.51729},"arcs":[[-80,-88,166,-164]]},{"type":"Polygon","properties":{"a":182,"b":"Qobustan","c":48.96968,"d":40.50941},"arcs":[[-152,-82,-163,-96]]},{"type":"Polygon","properties":{"a":188,"b":"Sumqayit","c":49.61559,"d":40.59691},"arcs":[[-130,-153,-94,167]]},{"type":"Polygon","properties":{"a":194,"b":"Balak?n","c":46.37595,"d":41.69389},"arcs":[[-118,168]]},{"type":"Polygon","properties":{"a":176,"b":"Ismayilli","c":48.1589,"d":40.76788},"arcs":[[-165,-167,-87,-5,-134,169]]},{"type":"Polygon","properties":{"a":158,"b":"Tovuz","c":45.83304,"d":41.09224},"arcs":[[170,-43,-8,171,172,173]]},{"type":"Polygon","properties":{"a":180,"b":"Lerik","c":48.45957,"d":38.69877},"arcs":[[174,175,176,-25,-70]]},{"type":"Polygon","properties":{"a":157,"b":"Samux","c":46.49743,"d":40.94323},"arcs":[[177,178,179,-90,180,-44,-171,181]]},{"type":"Polygon","properties":{"a":214,"b":"Culfa","c":45.66883,"d":39.17475},"arcs":[[-138,182,-31,-126,-29,-140,183]]},{"type":"Polygon","properties":{"a":172,"b":"D?v?çi","c":48.93974,"d":41.24052},"arcs":[[184,-121,-98,-162,185,186]]},{"type":"Polygon","properties":{"a":147,"b":"Agstafa","c":45.42588,"d":41.31756},"arcs":[[-173,187,-159,188]]},{"type":"Polygon","properties":{"a":200,"b":"Qusar","c":48.20377,"d":41.41954},"arcs":[[189,-132,190,191]]},{"type":"Polygon","properties":{"a":192,"b":"Z?rdab","c":47.78532,"d":40.24729},"arcs":[[-85,-161,-124,-53,-55,192,-114]]},{"type":"Polygon","properties":{"a":212,"b":"S?rur","c":45.06125,"d":39.52793},"arcs":[[-33,193,-36,194]]},{"type":"Polygon","properties":{"a":152,"b":"Goranboy","c":46.69496,"d":40.50304},"arcs":[[-142,-60,195,-179,196]]},{"type":"Polygon","properties":{"a":196,"b":"Oguz","c":47.46958,"d":41.05712},"arcs":[[-136,-108,197]]},{"type":"Polygon","properties":{"a":163,"b":"Agdas","c":47.41822,"d":40.59746},"arcs":[[-135,-3,-115,-193,-58,198,-110]]},{"type":"Polygon","properties":{"a":199,"b":"Quba","c":48.34686,"d":41.18211},"arcs":[[-186,-166,-170,-133,-190,199]]},{"type":"MultiPolygon","properties":{"a":178,"b":"Astara","c":49.1491,"d":39.14526},"arcs":[[[200,201,-175,-69]],[[202,-67,-145]]]},{"type":"Polygon","properties":{"a":151,"b":"Xanlar","c":46.34237,"d":40.54773},"arcs":[[-89,-180,-196,-59,-91,-41,-181]]},{"type":"Polygon","properties":{"a":159,"b":"Yevlax","c":47.04239,"d":40.67072},"arcs":[[-111,-199,-57,-143,-197,203],[-74]]},{"type":"Polygon","properties":{"a":197,"b":"Qax","c":46.86302,"d":41.40919},"arcs":[[-112,-204,-178,204,-116,205]]},{"type":"Polygon","properties":{"a":166,"b":"Astara","c":48.71377,"d":38.49694},"arcs":[[-176,-202,206]]},{"type":"Polygon","properties":{"a":201,"b":"Xaçmaz","c":48.71783,"d":41.55449},"arcs":[[-187,-200,-192,207]]}]}},"arcs":[[[555899,606168],[1307,-15165],[-7225,-5200]],[[549981,585803],[-4424,2296],[-4470,-656],[-6658,1145],[-6315,3751],[-5768,3865],[-5785,3782],[-3452,332],[-2827,-3052],[-3417,-2245],[-4090,2268],[-4194,4337],[-4469,3191],[-3640,-1567],[-3427,-1528],[-3621,3655],[-2870,4360]],[[480554,609737],[636,9529],[2112,8561],[2039,2814],[742,3222],[-2332,4246],[-2816,4240]],[[480935,642349],[6279,4500],[6623,1986],[6077,245],[5608,3419]],[[505522,652499],[5900,-2076],[5802,-2556],[4380,-1860],[4267,443],[8610,-1183],[8674,-3633],[9060,-3088],[7225,-7756],[-4204,-13112],[663,-11510]],[[194343,618829],[-12188,-9580],[-2976,-18232],[2013,-4994],[2261,-4726],[1501,-5688],[-1871,-5703],[-107,-6973],[-1244,-5888],[-1653,-3161],[-87,-4322],[-1465,-5079]],[[178527,544483],[-135,189],[-39813,28854],[-10121,12100],[-5528,15040],[-1440,3324],[-3543,2983],[-1580,2261],[-785,3073],[-389,6323],[-672,2823],[-2977,4741],[-3452,3473],[-3285,4121],[-2439,6633],[18,12175],[4301,9618],[6687,6987],[6905,4233]],[[120279,673434],[1122,-3154],[902,-9366],[5043,-4153],[6340,-207],[5300,-2858],[3479,-6109],[-450,-7800],[3956,-3340],[4089,-4224],[4267,-2601],[4142,5628],[1298,8747],[866,13386],[-134,12439],[-661,12558],[2189,12506]],[[162027,694886],[3163,-5274],[3143,-4831],[2111,-4721],[1122,-5836],[5334,-11375],[7277,-7623],[6413,-7876],[3904,-8820],[-645,-6323],[494,-6796],[-1157,-3354],[1157,-3228]],[[127434,648340],[-2500,-59],[-2359,-885],[-2137,-1966],[-1006,-2837],[-354,-2983],[337,-2984],[1023,-2749],[5882,-2246],[5724,5599],[2314,7461],[-4451,3222],[-2473,427]],[[395089,507234],[12109,1286],[12258,-451]],[[419456,508069],[-7039,-9101],[-8027,-6671],[-689,-6530],[5105,-5628],[-4734,-5466],[-6342,-2586],[-264,-7853],[-424,-7970],[-2138,-2201],[-2200,-1751],[3781,-14057],[13923,-3848],[110,-30],[7251,3531],[7516,1463],[3887,-8281],[-3658,-10017],[-1271,-1360],[-1352,-1064]],[[422891,418649],[-2561,849],[-2941,977],[-5413,-776],[-2650,-4632],[-2252,-4498],[-9714,2991],[-9327,8037],[-7066,4477],[-7391,-2247],[-1855,-8251],[-3375,-6899],[-6684,-3384],[-6493,-4291]],[[355169,401002],[3050,8061],[315,832],[3799,8459],[3470,5954],[1483,7698],[-7003,4202],[-2712,3301],[-3285,3998],[-4265,12698],[-8249,5415],[-6994,-2564],[-6069,5666]],[[328709,464722],[4981,3641],[5900,599]],[[339590,468962],[769,10320],[2490,7705],[4407,5873],[1308,9765],[2724,1590],[6504,3795],[10741,6773],[-990,4566],[1201,3604],[2182,-1003],[1837,-2276],[4266,-1026],[3965,2083],[3223,-5165],[1582,-7364],[4485,-1796],[4805,828]],[[422891,418649],[1499,-4286],[2900,-8293],[6261,-5127],[2191,-1795],[2597,-11044],[-4761,-12048]],[[433578,376056],[-6482,-2135],[-3014,-759],[-3636,-917],[-5246,-1743],[-5088,-1139],[-3241,-2296],[-2949,-4240],[-3781,-2815],[-3965,-2018],[-6682,-685],[-1160,-120],[-2960,-6500],[6368,-1684],[5511,916],[-3825,-6309],[-7021,-2067],[-484,-725],[-2324,-3471],[1069,-4825],[3833,585],[3445,3810],[5043,2720],[1315,-6361],[-1678,-3006],[-1465,-3392],[1058,-5702],[770,-5503],[-2977,-1189],[-3259,-761],[9,-3162],[-1298,-3708]],[[389464,306855],[-2636,-5360],[-986,-2004],[2146,-8894],[-123,-3688],[-2623,-191],[-3364,-592],[-2941,-3493],[-4303,-954],[-2162,5260],[-5767,4123],[-4991,5576],[247,3937],[-1156,3243],[-2658,1308],[-2685,1300],[-3948,3423],[-328,286],[-3692,-3185],[2616,-9129],[-1069,-4509],[-1166,-4918],[-6323,835],[-1654,836],[-5104,2585]],[[334794,292650],[3038,5717],[1129,4559],[549,2229],[-898,1888],[-1186,2486],[-2958,2793],[-3595,-1213],[-3595,-1137],[-4142,797],[-4203,1087]],[[318933,311856],[4734,4203],[3232,6057],[-597,4228],[-437,3101],[-2949,4172],[1704,2516],[2854,4215],[7683,1624]],[[335157,341972],[857,1747],[667,1361],[3130,6378],[4531,9580]],[[344342,361038],[4345,-5030],[4495,-3132],[5829,5333],[5273,6522],[-2057,11088],[-5556,7876],[-3073,4217],[-2041,5341],[1528,3834],[2084,3915]],[[632903,169561],[3189,-11406],[8743,-1706]],[[644835,156449],[-14970,-13630],[-15686,-12130],[-3452,-3825],[-3826,-3073],[-3204,-4314],[-2916,-5142],[-1580,-5540],[-840,-6206],[-2286,-3648],[-2342,-4721],[-3925,-2578]],[[589808,91642],[-455,2364],[-2155,2371],[-22627,14635],[-11110,11612],[-3391,8154],[-407,11760],[1589,3251],[8956,7240],[495,1846],[-36,2157],[584,1846],[31556,7292],[7039,5687],[43,68],[1546,3027],[1324,3680],[29,137]],[[602788,178769],[11418,624],[4019,1736],[4062,1077],[5873,-4978],[4743,-7667]],[[110982,314821],[-1777,-3120],[-5493,-5955],[-4160,-8170],[2623,-2510],[3700,-1907],[1502,-5953],[1828,-6228],[7675,-4853],[7825,-5112],[1960,-3073],[1651,-2998],[-44,-3326],[-282,-2282],[1545,-3936],[2907,634]],[[132442,256032],[1880,-7985],[-5060,-4358]],[[129262,243689],[-10661,-236],[-10792,-990],[-9441,643],[-6597,-6664],[11807,-11257],[14874,2157]],[[118452,227342],[5431,-2571],[4796,-4536],[-504,-10327],[-3188,-8828],[3215,-9403],[4469,-8702],[-1024,-3900],[-2332,-3723],[467,-6280],[278,-4452]],[[130060,164620],[-807,234],[-3515,2682],[-2691,933],[-2043,707],[-3886,2497],[-3631,3176],[-1968,3043],[-309,3073],[502,2423],[699,2394],[380,2948],[-823,1912],[-4080,2401],[-1616,1559],[-866,2409],[-1342,6145],[-706,2260],[-1608,2232],[-1589,1219],[-1485,1455],[-1138,2896],[1474,4218],[-970,3066],[-2280,1860],[-2384,621],[-1678,1057],[35,2445],[442,2688],[-477,1795],[-1608,244],[-1553,-791],[-1185,-1056],[-440,-532],[-17805,7653],[-4478,-1801],[-1104,4327],[-1784,14244],[-1183,3086],[-1458,2749],[-1031,2988]],[[58071,262079],[95,70],[3771,-2136],[3788,-1462],[4469,1781],[4426,2717],[3479,2941],[697,6368],[-1217,3516],[-1113,3309],[917,3250],[1104,2844],[-1315,7985],[-2570,7529],[-1007,7541],[1218,7713],[1749,8842],[2147,8584],[3983,7814],[1331,1865]],[[84023,343150],[4251,-7737],[2021,-5938],[1723,-3222],[2491,-1300],[8089,-974],[2985,-2024],[5399,-7134]],[[8441,353907],[-2444,1836],[-455,839],[-1921,3563],[-1953,10830],[-1668,3590],[4848,2748],[7931,1860],[7471,-147],[5829,1803],[4454,3218]],[[30533,384047],[24,-1698],[-3727,-5783],[-6641,-2653],[-7101,-8848],[-4646,-11156],[-1,-2]],[[389464,306855],[6165,-3938],[5917,-4542],[3268,-7882],[3444,-6804],[4672,917],[4927,1417],[5202,-4254],[1942,-3384]],[[425001,278385],[-1985,-1463],[-17028,-8613],[-8179,-6500],[-1660,-2453],[-583,-2850],[-6182,-12840],[-2879,-10844],[-883,-2119],[-1785,-2755],[-1168,-860],[-10233,-7517],[-2075,-502],[-2562,900],[-4769,2771],[-2685,-97],[-2840,-1705]],[[357505,220938],[-22,110],[-1537,7844],[-5872,9929]],[[350074,238821],[-5627,5274],[-5854,4499],[-2650,8110],[-583,9418],[-3259,6375],[-2437,6242],[1095,8850],[4035,5061]],[[256827,697641],[-2754,-5880],[-2473,-5938],[-672,-5437],[-441,-5599],[-1342,-4137],[-1387,-4153],[-521,-5051],[-928,-4950],[-4601,-4359],[-5581,133],[-6934,-2061],[-6261,-5657]],[[222932,644552],[-8205,5592],[-6678,-7107],[-6818,-12513],[-6888,-11695]],[[162027,694886],[-132,8835],[3002,6906],[5159,4240],[4751,5304],[5662,5039],[5545,5288],[3216,8555],[2595,8015],[8161,2038],[8470,-1366],[8708,-1338],[8372,2461],[1193,4018],[1555,4314],[1898,3222],[1864,3204],[6994,9419],[5371,11457]],[[244411,784497],[7232,-12203],[6951,-12291],[3896,-9619],[-901,-10134],[-2562,-5562],[-1262,-6687],[-849,-5230],[-1386,-4918],[-1696,-10209],[2993,-10003]],[[350074,238821],[-6924,-4993],[-6678,-5645],[-5686,-8480],[-4929,-9300],[-6951,5459],[-1871,20676],[-5204,708]],[[311831,237246],[-219,741],[-1148,1713],[-1132,1344],[-7295,6656],[-4133,5659],[-1660,4210],[-901,4550],[-1263,4152],[-2729,2925],[-12294,7122],[-5600,5628],[-2348,8983],[2243,7357],[5423,4343],[12515,3043]],[[291290,305672],[6491,-5421],[7755,-1204],[6658,6699],[6739,6110]],[[335157,341972],[-865,8097],[-2411,6212],[-4699,628],[-4645,-2061],[-30,-65],[-4022,-8719],[-1230,-2666],[-7092,-1086],[-2949,3384],[-3313,2067],[-3788,1877],[-681,7631],[2314,7852],[1898,4909],[920,2374],[-378,3329],[-639,5611],[-1765,8907]],[[301782,390253],[3895,783],[3867,674],[3578,2231],[3479,2312],[6315,-770],[5988,-4077],[4857,-6323],[3807,-8200],[2712,-3302],[2367,-3870],[680,-4292],[1015,-4381]],[[509646,505129],[-7312,-21274],[-3859,-10866],[-1715,-13814],[-1880,-13416],[-2614,-10193],[-4982,-6745],[-5731,-2083],[-5486,-2976],[-4096,-414],[-4134,414],[-1970,-1781],[-1147,-2984],[-5202,-2785],[-2925,-6249],[1210,-4670],[972,-3700],[-2270,-1943],[-2242,-2468],[2401,-5643],[3303,-6810]],[[459967,384729],[-13265,-4129],[-13124,-4544]],[[419456,508069],[-327,4528],[4443,-4676],[5017,-4528],[5687,2431],[14379,12210],[14448,14036]],[[463103,532070],[265,-917],[891,-805],[963,-1735],[3506,-9574],[4108,-8629],[449,-1491],[2623,1151],[2872,3155],[3338,2548],[4106,-641],[1448,-1597],[999,-3361],[1059,-1255],[2014,-155],[1510,1210],[1528,688],[2058,-1743],[5265,8532],[1996,169],[794,-7637],[1209,-3702],[2800,-1071],[742,-81]],[[74407,736275],[-3956,813],[-1644,6575],[531,738],[600,429],[672,133],[706,-162],[4893,-5364],[-1802,-3162]],[[456020,544849],[371,-805],[-27,-1588],[13531,-2127],[-1342,-2365],[-3181,-1757],[-1422,-1730],[-874,-2318],[27,-89]],[[395089,507234],[-759,5460],[-1078,5252],[-406,9802],[433,9832],[345,8200],[-4991,2333],[-4053,4735],[-2968,6982],[-2412,2260],[-1871,3000],[-1140,6603],[-1094,6693]],[[375095,578386],[8293,15978],[10597,2032],[9989,2053],[5927,16621],[4786,3590],[1149,1713]],[[415836,620373],[184,-133],[1388,-1366],[2005,-2755],[-1459,-3125],[-256,-3693],[611,-2637],[1678,1269],[2436,4034],[1617,2069],[1299,827],[3020,-2888],[-450,-5326],[-1035,-5120],[1273,-2282],[1925,-917],[1368,-2015],[929,-2018],[556,-916],[618,-634],[-89,-2794],[636,-650],[2623,-73],[2058,509],[1934,997],[1289,-641],[-317,-4515],[-1033,-2252],[-3506,-3376],[-1404,-2180],[9255,-4268],[1352,-3171],[-3499,-6404],[3277,-1640],[6430,1294],[1960,-3561],[-1050,-2365],[-690,-2541],[-379,-2762],[-107,-3058],[849,487],[1776,-2526],[1112,-2408]],[[236056,547450],[13370,-6236],[14318,-2726]],[[263744,538488],[6693,-1321],[12373,-2445],[17964,14322]],[[300774,549044],[-636,-5045],[-1164,-4719],[-1732,-1760],[-1670,-1956],[-786,-10424],[1865,-10194],[1519,-9381],[2234,-7883],[3930,1634],[3736,3804],[10236,-1293],[8575,-10431],[4364,-4447],[2146,-5784],[2164,-6389],[4035,-5814]],[[328709,464722],[-7047,-1617],[-6226,-4225],[-3771,-7181],[-5318,-3952],[-4601,4322],[-5236,3316],[-4744,-3759],[-4001,-3094],[-1253,-969]],[[286512,447563],[-7198,-4049],[-7217,-3428],[-7629,-1498],[-7385,-4123],[-11957,-5304],[-12409,-2304],[-5971,-2364],[-5855,-886],[-4274,6123],[-4417,4640],[-3390,-6944],[-3215,-9500],[-6245,-7224],[-6623,-6176],[-3257,-3273]],[[189470,401253],[-3641,2401],[-7701,9899],[-1307,3456],[-7648,20241],[-3702,5275],[-4671,2969],[-17822,2363],[-5423,3148],[-539,6782],[10818,9012],[28085,-5984],[11942,1507],[2295,2481],[1167,3044],[2013,13149],[635,2171],[3790,4256],[3258,5613],[2084,7004],[3100,18379],[116,1698],[-116,1685],[-318,1655],[-4389,7430],[-2454,3059],[-2492,1684],[-3744,-296],[-2427,-910]],[[190379,534424],[16,112],[1501,10291],[9619,4780],[10747,-2490],[11844,-1190],[11950,1523]],[[677804,215728],[9106,-5363],[10359,909]],[[697269,211274],[-1413,-9256],[177,-9396],[4008,-4623],[3887,-5038],[-36,-6641],[602,-7653],[2614,-9212],[1066,-6130]],[[708174,153325],[0,-1],[-3338,-10261],[-417,-663]],[[704419,142400],[-5482,1926],[-6702,149],[-2580,-2144],[-2234,-3367],[-5034,-3989],[-5466,-3435],[-6113,-5201],[-6587,-1772],[-5997,4719],[-5556,6382]],[[652668,135668],[-2164,11864],[-5669,8917]],[[632903,169561],[8522,2954],[6156,8643],[3824,6397],[4814,4300],[4848,2348],[4001,3804],[-2721,6465],[142,6625],[3233,1086],[3249,-1314],[1590,2067],[238,4580],[3578,155],[3427,-1943]],[[487152,337001],[-3074,-2238],[-9044,-11893],[-2208,-1951],[-3833,-560],[-11957,-5290],[-7155,-5111],[-5582,-6072],[-8495,-14184],[-19,-25],[-5651,-7509],[-5133,-3783]],[[459967,384729],[2791,-8451],[5679,-1950],[4124,-6191],[3737,-7733],[10846,-11738],[8,-11665]],[[378521,679609],[3418,1618],[3286,-139],[1854,-3089],[1581,-3973],[-13813,-7129],[-8081,12203],[5352,3582],[6403,-3073]],[[696615,553447],[1564,-10555],[4653,-6487],[5344,-6397],[4911,-7068],[4839,-9302],[4972,-8383],[5936,-2210],[6252,-701],[8126,148],[7834,-1640],[4151,-7195],[1377,-9574],[3419,-8488],[3691,-8147],[353,-5607],[1449,-4749],[3426,-5224],[3127,-5769]],[[772039,446099],[3056,-7800],[2234,-9056],[2562,-4300],[2330,-4535],[742,-7181],[169,-7409]],[[783132,405818],[-5150,5216],[-5008,5421],[-2498,4618],[-3092,3190],[-4185,-1336],[-4425,-1588],[-2844,944],[-2933,666],[-8638,946],[-8778,1817],[-6729,4727],[-6562,5814],[-6138,-450],[-5716,-887],[-2445,-3014],[-1299,664]],[[706692,432566],[-18,1493],[1422,3530],[381,2497],[-681,2866],[-1113,2350],[-926,974],[-381,1183],[-4866,6810],[-5838,6028],[-3391,1455],[-9751,2106],[-2030,1233],[-1307,3923],[-3180,1403],[-3878,916],[-4398,3073],[-732,-250],[-452,310],[-159,2333],[99,3030],[-133,1366],[-495,576],[-610,5178],[301,3664],[-3771,2652],[-15368,5371],[-15977,288]],[[629440,498924],[1440,11871],[-432,11353],[-849,9758],[-3143,7226]],[[626456,539132],[2208,8715],[3542,6405]],[[632206,554252],[6887,-2135],[6749,-2510],[7011,-5290],[7339,-4461],[5875,-3701],[5607,3611],[4972,7211],[2253,11110]],[[678899,558087],[8329,-5866],[9387,1226]],[[629440,498924],[-5554,-3974],[-4585,-5828],[-5466,-4092],[-4407,-5549],[-1387,-3848],[-2587,-4714]],[[605454,470919],[-830,1700],[-1388,1168],[-1439,-74],[-1139,-637],[-874,-724],[-636,-339],[-2093,-2962],[-1378,-672],[-1158,4684],[-1280,2031],[-1554,1640],[-1290,952],[-2993,547],[-3154,-871],[-5520,-3575],[230,3885],[-759,1159],[-1378,141],[-1589,841],[-9195,7329],[-1307,3324],[-1050,7964],[-2641,-245],[-3444,-3833],[-3472,-2823],[-1713,888],[-2032,2096],[-2066,1352],[-1828,-1322],[-601,-2415],[-114,-3198],[184,-6183],[-927,-1397],[-2048,511],[-2861,1860],[-770,319],[-1687,1300],[-1042,162],[-954,-717],[-1519,-2475],[-1138,-539],[-1069,908],[-2818,4034],[-1306,917],[-1723,576],[-282,161]],[[525809,488367],[4274,3953],[4982,3050],[3885,5460],[2782,6485],[-1933,20499],[212,21260]],[[540011,549074],[4327,5931],[3240,7653],[1529,11304],[874,11841]],[[555899,606168],[7003,2165],[6871,3383]],[[569773,611716],[-3418,-11789],[-1501,-12248],[4655,-5556],[6022,1442],[2915,-3555],[3718,-4534],[4761,5023],[5033,5407],[7595,745],[6730,-4172],[460,-11347],[195,-10696],[5077,-2320],[4832,-3111],[3762,-9647],[5847,-6226]],[[271736,656290],[-6606,-12100],[-8310,294],[96,3694],[821,3532],[-556,4017],[-459,3435],[2834,5178],[4214,3036]],[[263770,667376],[6995,-1218],[971,-9868]],[[222932,644552],[6324,-5239],[6067,-5880],[4759,-3649],[3940,-4195],[-5608,-11006],[-6174,-11768],[4416,-8725],[5777,-6389],[5695,-5414],[-79,-8600],[-7860,-11088],[-4133,-15149]],[[190379,534424],[-1158,-434],[-3427,236],[-7267,10257]],[[785628,712459],[280,-540],[1530,-4617],[3616,-3980],[7788,-6130],[3812,1280],[3227,-3607],[3058,-4839],[3423,-2408],[1878,-2781],[-765,-6258],[-2977,-10655],[-1015,-5538],[-250,-3001],[207,-3176],[710,-1815],[2295,-3641],[500,-1465],[114,-248]],[[813059,649040],[-1101,-824],[-5819,-909],[-1493,-5704]],[[804646,641603],[-3419,-7475],[-4724,-5304],[-2288,-3449],[-1969,-3590],[-760,-5445],[-759,-5333],[-11041,-6383],[-12566,-539]],[[767120,604085],[-11146,7542],[-9176,12144],[-7348,9700],[-9204,4056],[-7479,7120],[-6669,9242],[-3656,6049],[-4054,4846],[-9150,8768],[-9892,3745]],[[689346,677297],[-6650,12264],[2172,14425]],[[684868,703986],[5096,6198],[5627,4506]],[[695591,714690],[5749,429],[5573,2645],[6155,2437],[5557,4188],[1147,4182],[803,4616],[2686,3827],[3718,1596],[3789,-4114],[1192,-10586],[4256,-3783],[4824,-2333],[6818,-5527],[7214,-3280],[8374,-952],[8028,2769],[6580,1493],[6844,-221],[730,383]],[[41218,752068],[-6200,2689],[-2138,3487],[-1068,4314],[556,3959],[2650,2364],[6738,-2038],[1898,-8185],[-2436,-6590]],[[291290,305672],[61,16],[2066,1301],[1167,2096],[62,2675],[-1175,3013],[53,4729],[1996,2364],[2491,1993],[1537,3636],[-513,4712],[-2094,3693],[-2834,2395],[-2756,782],[-10793,-1329],[-3373,753],[-2561,2394],[-4028,7047],[-2420,2555],[-5846,548],[-11675,-7728],[-5936,-1595],[-3797,1521],[-2508,3102],[-4011,9825],[-2464,3916],[-2940,2142],[-6483,2422],[-5370,5556],[-6588,17256],[-4673,5880],[-10783,4196],[-5632,3715]],[[286512,447563],[-2368,-8554],[1351,-7381],[3922,-3309],[3523,-4328],[5918,-15823],[2924,-17915]],[[783132,405818],[-2455,-11021],[361,-12336],[724,-9618],[1702,-8629]],[[783464,364214],[-4,-6],[-3672,-5759],[-3282,-7154],[166,-4921],[-1989,-4746],[-1751,-6293],[-1349,-6631],[-737,-5771],[78,-3963]],[[770924,318970],[-1013,-222],[-6571,-2542],[-6606,-2761],[-2994,-2734],[-3118,-798],[-4019,960],[-3816,2415],[-5917,9293],[-5704,7779],[-4240,-5318],[-636,-3065],[-1096,-4536],[-4821,-5932],[-565,-1722],[-1749,-1692],[-742,-687],[-4106,-9683],[530,-7084],[962,-6648],[-1785,-3524],[-3206,-1020],[-6093,-6027],[-6377,1602],[-7639,7927],[-7825,7572]],[[681778,290523],[1642,7675],[883,7548],[-3126,6043],[-3409,5481],[893,14789],[3664,14744]],[[682325,346803],[6033,636],[6172,908],[4126,-3168],[3833,-2254],[829,4816],[-715,6486],[5175,3531],[3542,4839],[3188,1522],[2271,2851],[2348,7889],[1855,4078],[-257,3102],[-2577,4064],[-5336,6500],[-582,2371],[688,2342],[1061,2187],[529,1884],[-370,2570],[-1414,3117],[-548,2298],[-88,2304],[177,5459],[-89,1817],[-786,2623],[-1942,3501],[-2738,6486],[-18,1004]],[[443112,820271],[-1487,-11617],[-2067,-15396],[-3621,-9884],[-3613,-9943],[-3718,-10615],[-2084,-11559],[2852,-6701],[3806,-5399],[-670,-3908],[1571,-2668],[2455,1101],[2420,-258],[1061,-5134],[901,-6094],[2251,-5142],[2888,-4180],[15218,-14819],[16454,-11065]],[[477729,686990],[-1547,-7520],[-6014,-2238]],[[470168,677232],[-6747,-1649],[-6510,1950],[-3001,1907],[-3030,1181],[-1696,-1018],[-1351,-1049],[-4178,43],[-4265,2371],[-7030,2239],[-7101,1855]],[[425259,685062],[-13001,7172],[-13035,6834],[-15324,10887],[-15525,10009]],[[368374,719964],[-505,32519],[-11843,24258],[-7728,5135],[-979,11153],[1086,13659],[3603,10718],[3127,3177],[2217,4062],[1616,5180],[2834,4394],[6598,5342],[6959,3870],[15297,8554],[14078,12115],[4009,9101],[1775,11502],[456,1307]],[[410974,886010],[1338,-1743],[812,-2556],[564,-2777],[920,-2896],[5290,-8377],[1297,-3383],[636,-6989],[-318,-14965],[1696,-6546],[3004,-3781],[13000,-9885],[3899,-1841]],[[540011,549074],[-9699,-828],[-9485,-1986],[-8955,1500],[-8575,-436],[-4160,-3480],[-4327,-783],[-2721,4706],[-2791,5443],[-9627,9500],[-9944,8518]],[[469727,571228],[-2588,6566],[-4778,3472],[-2473,7196],[1183,8451],[1378,10305],[5044,4283],[6455,939],[6606,-2703]],[[385169,904691],[-6789,-11989],[-10148,-2821],[-11022,4416],[-11340,806],[-8787,-3642],[-5627,-11464],[-5563,-15453],[-7507,-12130],[-1309,-8030]],[[317077,844384],[-1191,997],[-2650,-1314],[-2702,7978],[-8391,6308],[-16639,8849],[-8001,9367],[-3480,1079],[-1996,1166],[-8938,7773],[-2940,4757],[-1519,6220],[-1364,11157]],[[257266,908721],[4119,-1127],[5158,-3590],[5237,561],[4690,4403],[4583,4152],[5883,1662],[5988,2489],[5042,4373],[3957,6501],[2031,8776],[2756,8023],[5025,4977],[5325,4240],[6633,5881],[5777,7742],[2402,9927],[-1171,6456]],[[330701,984167],[1030,977],[2879,3693],[1430,-45],[725,-3176],[1535,-11220],[920,-3886],[1659,-3310],[11226,-13000],[2924,-2261],[2155,-761],[4450,-739],[1996,-1241],[795,-1661],[919,-5239],[636,-2193],[2314,-3923],[8495,-9070],[4223,-8600],[1483,-8554],[2464,-5303],[210,36]],[[751566,785326],[1087,-3061],[2906,-20463],[8151,-17170],[20501,-29444],[1417,-2729]],[[695591,714690],[-2225,13150],[-1431,13044],[2507,7558],[4947,4431],[3232,799],[3515,745],[2446,3916],[1741,4853],[-134,10822],[-3081,9722],[5661,9927],[12258,31],[5397,2866],[5422,2105],[6535,-6759],[6792,-6877],[2384,301],[9,2]],[[515528,492128],[-7233,-8583],[6165,-8296],[5591,-8363],[-337,-11162],[-6712,-6241],[-3426,-2534],[-2455,-4269],[1987,-4425],[3215,-2814],[-2933,-10202],[-1068,-8325],[6420,-4248],[5608,-6612],[6059,-6530],[5988,-5761],[-1184,-8724],[-7241,-5488],[-7330,-8437],[-1555,-9233],[-38,-224]],[[515049,361657],[-7337,-9682],[-20560,-14974]],[[509646,505129],[2384,-259],[2201,-1447],[159,-3465],[908,-7188],[230,-642]],[[357505,220938],[-40,-23],[-2595,-2823],[-2323,-3500],[-4389,-9929],[-973,-1750],[-1360,-1433],[-2825,-2002],[-1326,-1433],[-2075,-4226],[-2871,-8671],[-2808,-3517],[-9909,-6589],[-3118,-3421],[-2278,-3849],[-4814,-13000],[-1960,-4093],[-2368,-3427],[-2649,-2851],[-2755,-2262],[-3701,-1950],[-3081,-235],[-5936,16355],[-725,3339],[-167,3479],[292,3538],[600,3471],[247,821],[125,900],[2243,9079],[493,8008],[-953,8111],[-2155,9397],[-4133,4335],[-5688,4204],[-4371,5657],[-168,8791],[3939,4787],[5988,-1004],[10386,-6856],[2101,399],[7922,7343],[3595,178],[1501,959],[-592,2001]],[[129262,243689],[-3551,-10386],[-7259,-5961]],[[996785,556117],[2449,-3362],[764,-4489],[-1167,-2967],[-3213,1059],[-2143,-885],[-2531,2700],[-1669,4233],[389,3711],[2226,-2232],[1642,663],[1501,1465],[1752,104]],[[948843,597298],[2086,-1429],[2574,1080],[1168,-1778],[390,-5969],[1669,-3140],[2128,-2455],[1752,-3886],[167,-3396],[-1335,-1954],[-2546,-746],[-3393,234],[848,6955],[-5577,9680],[69,6804]],[[772039,446099],[2128,7817],[1255,7740],[2923,5394],[2658,5496],[-548,5798],[-777,5984],[2057,6271],[2995,5451],[1165,5393],[-184,4772],[1280,4875],[2887,3606],[5018,12468],[670,15972],[-1581,15763],[-168,14448],[5371,7003],[7259,1420],[4151,5466],[4434,6403],[5026,-2636],[2066,-10025],[2473,-4868],[2544,-4838],[1360,-5325],[3805,-1154],[4046,541],[3788,2318],[2014,2814],[-1855,4167],[-3595,10031],[-5483,5755],[-3029,1507],[830,2254],[5069,1188],[5220,259],[3912,-1447],[3754,-1581],[4106,1646],[4053,2491],[7817,2230],[7764,2652],[3250,4632],[-5972,3029],[-7242,3058],[-7161,2814],[-3171,-1307],[-3064,-1804],[-3940,1020],[-3268,4683]],[[840149,617743],[1431,3228],[1360,3311],[505,2784]],[[843445,627066],[2408,-1498],[8567,-1467],[7316,-2932],[4033,-453],[3129,814],[9500,5050],[4090,907],[19456,-907],[1434,-1815],[750,-2001],[556,-2071],[765,-1931],[3046,-4782],[3256,-3757],[3463,-2466],[15452,-4234],[2990,-2141],[1878,-4281],[2085,-6607],[2588,-6143],[3380,-2675],[3713,-1721],[3170,-4363],[2504,-5735],[1697,-5921],[1753,-23604],[1182,-2350],[1419,-5352],[876,-5908],[-556,-3967],[-3283,8166],[-3547,7061],[-4241,6341],[-8442,8793],[-3603,2571],[-3866,1839],[-7636,1348],[-6425,2699],[-3422,582],[-1919,-279],[-2323,-1303],[-1586,-547],[-6564,0],[-3004,-1640],[-5786,-6166],[-3423,0],[-1223,1386],[-2197,4501],[-1349,1919],[-1795,919],[-4394,978],[-4479,3117],[-3394,-2419],[-5675,-6504],[1169,-6769],[-4813,-6318],[-6953,-4640],[-11349,-3281],[-9960,-7411],[-13074,-6201],[-3059,-2872],[-6565,-9283],[-2949,-2652],[-1890,-3131],[-363,-6177],[932,-7771],[126,-3047],[-9222,-4607],[-1710,-4420],[417,-5771],[2336,-5792],[1530,-2142],[2434,-2443],[1336,-2151],[708,-2944],[-958,-1815],[-1712,-1418],[-3003,-3583],[-1336,-850],[-1280,-1198],[-1224,-2920],[-778,-3420],[-97,-2571],[875,-5735],[1962,-6130],[583,-3328],[-791,-3315],[-1504,-2128],[-1306,-1397],[-947,-1629],[-332,-2734],[306,-1593],[569,-1513],[459,-1709],[-166,-2025],[-723,-1255],[-2782,-2641],[-1043,-4049],[69,-1791],[974,-1977],[-780,-3746],[974,-3909],[3894,-6981],[-209,-2443],[-2349,-2337],[-4424,-3212],[-4307,-6728]],[[519369,801858],[1290,-3621],[5450,-4580],[6244,-1787],[6324,-1359]],[[538677,790511],[4372,-17005],[13512,-10032]],[[556561,763474],[-2677,-3938],[-1916,-4860],[-892,-5266],[-1403,-4566],[-2351,694],[-2419,378],[-1493,-3000],[-909,-3493],[1749,-9367],[4151,-8983],[-557,-8887],[-4982,-5325],[-2552,-599],[-2216,-1101],[-575,-6308],[-159,-6568],[-6605,-6699],[-7764,-4447],[-5007,-5414],[-3524,-8355],[-4346,-7610],[-4592,-7261]],[[480935,642349],[-5574,4131],[-4151,5747],[-432,12521],[-610,12484]],[[477729,686990],[238,17469],[3470,16569],[2818,6347],[2870,6300],[627,6944],[-697,6730],[5307,12239],[4850,13475],[1306,7320],[1528,6663],[-591,3331],[-804,3435],[168,7366],[281,3466]],[[499100,804644],[5071,-3260],[3277,-871],[11921,1345]],[[169797,156237],[73,71],[3136,7218],[-5087,6772],[-6122,5689],[-397,2917],[812,2698],[628,5184],[971,4743],[3684,5902],[3576,5932],[2977,8561],[3029,8474],[1580,5363],[1113,5585],[786,4993],[1105,4490],[3586,4936],[3435,5236],[3967,6725]],[[192649,257726],[9749,-6200],[3487,-4328],[1122,-2246],[389,-2156],[-353,-2062],[-1158,-1928],[-4123,-7061],[-1042,-7278],[1553,-7512],[3612,-7741],[4444,-8289],[3461,-9056],[8903,-32384],[9962,-24814],[-1678,-294],[-9927,3271],[-11304,6678],[-36016,9899],[-3933,2012]],[[169163,276315],[-282,-271],[-4990,-7823],[-3585,-5850],[-4249,1122],[-3868,5289],[-4938,-3487],[-7498,-3796],[-7311,-5467]],[[110982,314821],[24,-32],[1837,-1390],[1925,-383],[1944,503],[1908,1254],[1818,1006],[13743,11331],[4575,2452],[20955,6585],[956,300],[3966,89],[4716,-2350],[3868,-3603],[1537,-3606],[36,-4845],[-558,-7270],[0,-29],[1546,-13061],[-759,-4506],[-5749,-12277],[-1087,-5716],[980,-2958]],[[300774,549044],[3517,5900],[2374,3985],[3044,1505],[6425,3178],[8231,6560],[8470,4815],[6394,-294],[6367,250],[3683,2748],[3479,3413],[3304,3118],[3374,2778],[3833,4786],[4080,4978]],[[367349,596764],[1281,-4409],[857,-4751],[2561,-4896],[3047,-4322]],[[770924,318970],[74,-3761],[1697,-5281],[15910,-18845],[2060,-3269],[1376,-3701],[-152,-1255],[-765,-1013],[-1071,-9527],[236,-2862],[1432,-3281],[-2099,1431],[-1573,1793],[-1182,2151],[-959,2431],[-1058,0],[641,-4233],[1445,-4678],[2102,-4095],[2683,-2443],[0,-2129],[-3853,1199],[-2420,3478],[-2168,4083],[-8764,7539],[-5687,-2838],[-4409,-7399],[-1753,-9075],[126,-31291],[-599,-3759],[-1,-2]],[[762193,218338],[-2677,4068],[-7030,2306],[-6660,4357],[-5970,2290],[-5300,4618],[-3374,9249],[-4997,5620],[-8550,-8613],[-7711,-11345],[-6703,-9448],[-5952,-10166]],[[677804,215728],[1880,19487],[-6128,18076],[-1317,10941],[1326,10911],[3824,8059],[4389,7321]],[[616088,351369],[9369,11539],[9672,-7653],[8539,-5858],[7058,10571]],[[650726,359968],[7436,-1634],[7391,-4144],[8347,-3811],[8425,-3576]],[[681778,290523],[-4301,-127],[-4178,1352],[-2729,1898],[-2834,-58],[-1962,-3339],[-1456,-4055],[-2641,-3095],[-513,-4064],[-370,-12499],[-5247,-6449],[-5625,4485],[-1864,10215],[-3894,8134],[-6016,-15],[-5165,-8029],[-5945,-6478],[-3541,-569],[-3206,-2173],[-1987,-3316],[-2465,-2733],[-6190,4461],[-530,13600],[-1747,3561]],[[607372,281230],[1800,745],[-3799,10358],[-4803,8539],[-11712,14006],[-28720,44617],[-10475,12631],[-3304,2940],[-2343,772]],[[544016,375838],[181,2604],[10368,-1116],[12047,-11553],[11119,-14301],[20083,-15867],[18274,15764]],[[696615,553447],[5892,-3044],[5484,-4800],[3268,-2726],[3038,4417],[3762,4861],[3709,4942],[4823,6374],[5864,2460],[3409,4506],[2605,6309],[4884,3650],[5397,1284],[5193,2940],[4866,5009],[4724,6087],[3587,8369]],[[804646,641603],[6615,-5599],[5847,-8701],[2754,-6383],[2959,-5910],[8656,-1107],[8672,3840]],[[616088,351369],[-4046,6065],[-2632,6744],[-52,6427],[229,6389],[901,3443],[344,3811],[-8098,9389],[-10307,4557],[-2845,5608],[-1650,6693],[1439,7570],[2818,6804],[2225,6190],[-751,6530],[-2128,3163],[-1687,3316],[1730,4950],[2332,4704]],[[593910,453722],[2889,-5893],[3603,576],[4512,3042],[4496,3303],[5802,3523],[5988,1226],[4089,-2466],[3577,-3974],[-1165,-3908],[-1219,-4425],[1678,-4181],[2624,-2572],[2225,-250],[1695,2423],[3683,2866],[4275,-355],[7366,-5185],[7056,-6103],[7225,-4188],[5475,-9138],[-70,-5598],[-1095,-5172],[661,-7327],[2218,-6383],[0,-9884],[-4205,-8391],[-7850,-4965],[-8320,-2193],[-4991,-5430],[4594,-2732]],[[593910,453722],[3392,4301],[3648,3641],[3337,1175],[2112,2024],[318,3427],[-1263,2629]],[[602788,178769],[802,3866],[89,3982],[-911,3612],[-5157,14376],[-2570,3280],[-9769,5274],[-9732,12285],[-4169,7675],[-2295,7659],[317,9817],[3145,8127],[4946,6130],[5758,3871],[10704,2792],[8990,7875],[4436,1840]],[[103805,748700],[-7963,-5037],[-3894,798],[-7490,3899],[-8055,1198],[-2808,2983],[-2649,3620],[-3498,2749],[-5582,7357],[-2826,1921],[-494,-5201],[-1043,-3399],[-3303,430],[-3700,3160],[-2200,4773],[1819,9190],[16905,-901],[5864,5421],[-221,4550],[-2216,4063],[-8946,8864],[-2924,1197],[-11164,16],[-2932,1594],[-944,3546],[1721,6029],[-6324,16945],[16311,17001]],[[55249,845466],[90,-1902],[663,-1914],[7948,-9780],[3347,-2519],[7454,-2216],[6890,-5984],[4035,-2399],[19281,-2844],[600,-259],[335,-3495],[786,-6958],[-4432,-18142],[574,-2364],[520,-2209],[-1051,-2105],[-972,-1848],[-25,-4085],[538,-3906],[1192,-9736],[434,-9825],[349,-2276]],[[544016,375838],[-75,27],[-1980,-3827],[-1783,-2128],[-2103,-680],[-12999,326],[-4063,-1419],[-3304,-2969],[-2660,-3511]],[[515528,492128],[1766,-4942],[3463,1330],[1668,1175],[1820,-443],[1564,-881]],[[667470,715430],[8770,-5401],[8628,-6043]],[[689346,677297],[-7055,-5273],[-6378,-6338],[-2172,-12012],[653,-12498],[-3073,-5393],[-2543,-5497],[1571,-3649],[2614,-2688],[743,-4772],[35,-5342],[1227,-5931],[645,-6130],[-282,-5010],[768,-4137],[2094,-4055],[-1070,-4749],[-1987,-5031],[-2005,-5075],[-954,-5806],[-3047,-3338],[-4821,-3429],[1085,-4343],[6669,310],[6836,976]],[[632206,554252],[3727,5725],[3319,5954],[504,6959],[618,6856],[7464,7667],[8680,4876],[3543,2244],[2632,4197],[-2879,2940],[-3772,2326],[-3507,3355],[-3691,2473],[-5927,252],[-5933,237],[-6493,3441],[-4822,7905],[1864,11916],[7418,8959],[1379,2380],[1139,2407],[26,2904],[-168,2061],[2200,5355],[1775,5326],[-3233,8953],[-5307,6826],[-1158,3871],[-1546,3878]],[[630058,686495],[5379,12394],[-1122,12699],[-9007,8014],[-7543,11088]],[[617765,730690],[13830,-162],[13354,-4868],[11084,-5976],[11437,-4254]],[[569773,611716],[3233,-2741],[3152,3081],[610,4047],[654,4352],[2984,4468],[3445,3525],[4328,3199],[4001,3603],[856,2785],[1483,2505],[2836,1861],[2870,1669],[11120,6811],[10200,9693],[5238,11849],[3275,14072]],[[813059,649040],[1193,-2534],[3032,-3664],[3339,-3210],[2295,-1361],[7427,-570],[3338,-1141],[2712,-2001],[6091,-6897],[959,-596]],[[257266,908721],[-253,2064],[-3797,9131],[-389,1595],[-2368,-117],[-1130,-2157],[-847,-2637],[-1501,-1551],[-4603,4822],[-2180,12862],[-80,14501],[1616,9794],[3303,4395],[3727,517],[8001,-2290],[3561,430],[2729,1669],[2489,2791],[7348,11230],[3665,7430],[6519,16799],[3665,-1220],[4610,237],[7895,-1344],[3084,-2290],[953,-5407],[-822,-11613],[945,-4860],[3029,-3169],[3251,29],[2968,2400],[5564,6103],[3515,1566],[6905,1779],[2063,1957]],[[556561,763474],[5051,-1441],[5123,-569],[4849,-2600],[4787,-3435],[9122,-6714],[9291,-5495],[12930,-1169],[10051,-11361]],[[224406,797934],[910,-768],[9494,-6737],[9601,-5932]],[[120279,673434],[13248,8119],[4505,6515],[3206,11775],[-309,6324],[-2968,1994],[-4028,370],[-3479,1417],[-2702,3502],[-7314,11937],[-4521,4714],[-1705,568]],[[114212,730669],[10,37],[1889,8480],[3267,5761],[2977,5016],[5079,1781],[5218,2009],[5105,6841],[1908,9965],[-2146,8222],[-2101,8361],[5334,5023],[9723,-169],[3250,6907],[4557,5119],[6712,4159],[5190,3602]],[[170184,811783],[8614,-6661],[25366,-11582],[8249,-1285],[4133,472],[3374,1566],[4486,3641]],[[652668,135668],[-4760,-12070],[2014,-12492],[7559,-6507],[7464,-6574],[2632,-6057],[2207,-6161],[-495,-5349],[336,-4846],[3488,-3205],[2968,-4609],[-2076,-6922],[-3444,-6834]],[[670561,54042],[-3736,-2940],[-3771,-1957],[-3806,716],[-4019,-1602],[-3656,-2594],[-3091,-3944],[-1237,-6649],[-2507,-5954],[-1950,-7244]],[[642788,21874],[-4242,7038],[-2544,4728],[-2879,4130],[-2809,5768],[-2736,3280],[-2209,3878],[-1193,7572],[-1959,6190],[-4019,0],[-8665,-5296],[-5255,162],[-3090,3834],[-2685,5209],[-8285,8694],[-318,4830],[707,5585],[-799,4166]],[[314633,776493],[5006,-4833],[7782,-356],[6817,-5170],[733,-7972],[1024,-8338],[2473,-6538],[804,-7586]],[[339272,735700],[-7638,-10904],[-7402,-11096],[-8628,-10984],[-8805,-10490],[-3384,-2497],[-1474,-4039],[847,-5926],[-3047,-4017],[-6835,-8111],[-3029,-13193]],[[289877,654443],[-9071,-2380],[-9070,4227]],[[263770,667376],[-1829,16105],[-5114,14160]],[[224406,797934],[4364,3540],[3805,1107],[12850,74],[3075,-1360],[2702,-3338],[4964,-7846],[10068,-11553],[3549,-2674],[10176,-4196],[2799,-3117],[4778,-8154],[3065,-2380],[3736,207],[1501,2984],[953,4493],[1926,4580],[3613,2866],[3347,-414],[3249,-1123],[3356,680],[2351,4183]],[[169797,156237],[-8749,4474],[-15227,207],[-9733,3109],[-4734,215],[-1294,378]],[[169163,276315],[450,-1356],[9699,-3237],[3515,-3723],[3249,-4580],[4080,-4107],[2493,-1586]],[[735600,847609],[5162,-13624],[2475,-4594],[2142,-5353],[1030,-6234],[2114,-24790],[1085,-5247],[1877,-2210],[81,-231]],[[667470,715430],[601,12698],[-892,10784],[-2561,6944],[3293,6287],[4364,4240],[2244,7313],[-6175,10305],[-7241,9182],[4530,13807],[8894,9927],[2278,3464],[2146,3606],[-43,4150],[-2305,3547],[-116,11597],[1935,11782]],[[678422,845063],[5581,791],[5423,3044],[5361,-2402],[5935,-524],[7755,3768],[8046,-946],[8910,-1972],[9177,384],[990,403]],[[114212,730669],[-2411,805],[-2101,2896],[1501,9248],[-1042,6766],[-4716,-650],[-1638,-1034]],[[55249,845466],[25942,27041],[5484,2407],[5591,-369],[3190,-2080],[8229,-5366],[2658,-665],[3444,384],[5653,2173],[2525,-576],[2473,-3577],[5564,-6604],[24571,-12069],[11127,-2851],[3992,-2010],[213,-1773],[-2439,-1684],[-3921,-1759],[-3797,-5968],[4081,-8156],[7064,-7637],[3291,-2544]],[[649595,883653],[-9548,-6951],[-10148,-4012],[-12655,-8162],[-11640,-12263],[-33818,-29887],[-33109,-31867]],[[519369,801858],[2607,295],[7241,2792],[4019,3176],[725,2793],[-867,3663],[-777,5880],[495,5954],[1589,2778],[2280,2069],[2507,3812],[1449,5200],[813,4477],[1801,2393],[4434,-961],[3842,2762],[5625,20463],[3242,7904],[5643,4387],[19703,4817],[5043,3428],[8947,9735],[14775,11613],[3913,5355],[3454,8216],[7207,24812],[1161,1882]],[[630240,951553],[4384,496],[4514,-6234],[-3869,-15100],[3075,-13872],[4627,-488],[4203,-1485],[-60,-5650],[-2819,-5075],[3216,-8591],[2084,-11901]],[[456020,544849],[3311,3620],[5485,7756],[2579,7284],[2332,7719]],[[58071,262079],[-3129,9083],[-1378,2747],[-1581,1153],[-1721,2704],[-1397,2969],[-565,2038],[-935,1463],[-6166,5466],[-599,1005],[-372,1301],[-609,1122],[-1333,472],[-1855,-73],[-893,237],[-4353,4092],[-636,2038],[1422,3473],[-3578,4092],[-2101,5761],[-5122,27481],[-2049,6175],[-3604,3324],[671,843],[513,1300],[-3940,147],[-3656,916],[-664,499]],[[30533,384047],[1004,726],[6306,6279],[6413,2837],[5810,-3767],[1280,-2114],[11323,-18703],[1758,-4773],[742,-5289],[-282,-6677],[-1678,-10297],[670,-4166],[3348,-2778],[6297,1934],[4858,5837],[4574,1994],[1067,-1940]],[[263744,538488],[159,19813],[5131,16273],[3904,6102],[3310,6900],[5582,8510],[6235,7415],[3896,5577],[3761,5785],[1035,5031],[-2570,3819],[352,16990],[-4662,13740]],[[339272,735700],[-1562,-11406],[556,-11258],[548,-12086],[-1422,-11545],[-2995,-11074],[3966,-8331],[6871,-1300],[5714,-5017],[-4292,-8783],[-5238,-9212],[3075,-6301],[6852,5356],[5857,-695],[4371,-6211],[-275,-12218],[981,-12447],[4902,-1980],[5255,930],[1430,-2614],[-733,-4381],[-1846,-6073],[-3938,-2290]],[[443112,820271],[1417,-670],[17700,-2143],[3726,-1610],[4823,-8510],[3100,-3117],[3496,-44],[6050,5083],[3304,1654],[3426,-517],[8946,-5753]],[[415836,620373],[2737,4101],[1723,8842],[-2183,8635],[133,10335],[2234,9618],[2368,11515],[2411,11643]],[[649595,883653],[3551,-8562],[4388,-8480],[3047,-7985],[3180,-7838],[2924,-5140],[4300,1313],[4045,1803],[3392,-3701]],[[704419,142400],[-4840,-7690],[-6175,2094],[124,-10155],[376,-4677],[765,-4502],[4090,-13400],[917,-44075]],[[699676,59995],[-13757,-4888],[-15358,-1065]],[[762193,218338],[-791,-5057],[-2407,-9238],[-820,-4455],[-502,-10110],[-777,-6083],[-1615,-5083],[-12822,-11727],[-6761,-3431],[-4741,5059],[541,3352],[-55,2302],[251,1919],[1599,2176],[7677,1955],[2629,1768],[2253,4374],[1391,5712],[152,5724],[-1932,5386],[-3422,2291],[-8164,314],[0,2547],[-1001,11727],[-654,3281],[-3032,3314],[-3241,1094],[-7301,-325],[-2032,-932],[-1000,-2280],[-669,-2907],[-1418,-4119],[-140,-1454],[56,-3106],[-361,-2233],[-821,-606],[-834,12],[-417,-291],[-320,-13355],[584,-7026],[2782,-6141],[-695,-6981],[-4591,-20521],[-598,-1859]],[[339272,735700],[14687,-5725],[14415,-10011]],[[314633,776493],[953,1697],[1431,9188],[901,9810],[1660,7697],[1006,1773],[2262,2675],[1006,1818],[363,1876],[184,5007],[336,2203],[1501,2230],[1414,-266],[529,354],[-1076,4166],[-5370,10373],[-3304,4667],[-1147,2453],[-205,170]],[[385169,904691],[6988,1204],[3267,1626],[3286,841],[3091,-1034],[2702,-3973],[1256,-4950],[599,-4846],[1210,-4181],[3021,-2866],[385,-502]],[[699676,59995],[0,-4],[988,-48103],[0,-48],[-11034,3022],[-5468,51],[-3823,-2739],[-3375,-4477],[-4328,-3560],[-4628,-2602],[-4114,-1535],[-7891,858],[-870,95],[-5458,6973],[-4665,10261],[-2222,3687]],[[630240,951553],[11698,18978],[8253,16557],[1779,-1978],[5259,-3991],[6036,-6804],[15076,-26210],[5841,-7409],[2393,-4456],[987,-6945],[11670,-16508],[6523,-17728],[3462,-1595],[2879,-3768],[2171,-4445],[1418,-3698],[3964,-7330],[695,-1710],[863,-1175],[4227,-1616],[1433,-1012],[2545,-4816],[6176,-16252],[12,-33]]],"transform":{"scale":[0.000005851190331190332,0.000003497800327800326],"translate":[44.77455855,38.39264476]},"bbox":[44.77455855,38.39264476,50.62574303,41.89044159]}