{"type":"Topology","objects":{"all":{"type":"GeometryCollection","bbox":[26.61788904,30.13157638,45.46177399,48.48603383],"geometries":[{"type":"Polygon","properties":{"a":1859,"b":"Drochia","c":27.86477,"d":48.02416},"arcs":[[0,1,2,3,4]]},{"type":"Polygon","properties":{"a":1889,"b":"Causeni","c":29.38786,"d":46.67608},"arcs":[[5,6,7,8,9]]},{"type":"Polygon","properties":{"a":1885,"b":"Rezina","c":29.1031,"d":47.75428},"arcs":[[10,11,12,13,14]]},{"type":"Polygon","properties":{"a":1861,"b":"Glodeni","c":27.51587,"d":47.74038},"arcs":[[15,16,17,18]]},{"type":"Polygon","properties":{"a":1879,"b":"Hîncesti","c":28.40941,"d":46.82728},"arcs":[[19,20,21,22,23,24]]},{"type":"Polygon","properties":{"a":1875,"b":"Floresti","c":28.28227,"d":47.90336},"arcs":[[25,26,27,28,-2,29]]},{"type":"Polygon","properties":{"a":1873,"b":"Cimislia","c":28.77436,"d":46.57027},"arcs":[[30,31,32,-21,33]]},{"type":"Polygon","properties":{"a":1872,"b":"Calarasi","c":28.30676,"d":47.32302},"arcs":[[34,35,36,37,38]]},{"type":"Polygon","properties":{"a":1876,"b":"Cainari","c":29.06863,"d":46.70551},"arcs":[[-8,39,40,-34,-20,41,42]]},{"type":"Polygon","properties":{"a":1892,"b":"Camenca","c":28.65219,"d":48.01818},"arcs":[[-14,43,-26,44,45]]},{"type":"Polygon","properties":{"a":1887,"b":"Straseni","c":28.60358,"d":47.18404},"arcs":[[46,47,48,49,-36,50]]},{"type":"Polygon","properties":{"a":1862,"b":"Sîngerei","c":28.2025,"d":47.66564},"arcs":[[51,52,53,54,55,-3,-29]]},{"type":"Polygon","properties":{"a":1882,"b":"Nisporeni","c":28.17812,"d":47.07393},"arcs":[[-50,56,-24,57,58,-37]]},{"type":"Polygon","properties":{"a":1854,"b":"Donduseni","c":27.75699,"d":48.25786},"arcs":[[59,-5,60,61,62,63]]},{"type":"Polygon","properties":{"a":1891,"b":"Stefan Voda","c":29.67826,"d":46.52692},"arcs":[[64,-6,65]]},{"type":"Polygon","properties":{"a":1858,"b":"Balti","c":27.95919,"d":47.76407},"arcs":[[66,-16,67,-55]]},{"type":"Polygon","properties":{"a":1884,"b":"Rezina","c":28.80377,"d":47.68478},"arcs":[[68,69,70,-13]]},{"type":"Polygon","properties":{"a":1883,"b":"Orhei","c":28.79403,"d":47.41531},"arcs":[[-12,71,72,-51,-35,73,-69]]},{"type":"Polygon","properties":{"a":1881,"b":"Leova","c":28.40608,"d":46.55199},"arcs":[[-33,74,75,76,-22]]},{"type":"Polygon","properties":{"a":1874,"b":"Criuleni","c":28.96661,"d":47.17648},"arcs":[[77,78,79,80,-47,-73,81]]},{"type":"Polygon","properties":{"a":1877,"b":"Grigoriopol","c":29.41991,"d":47.14243},"arcs":[[82,83,84,85]]},{"type":"Polygon","properties":{"a":1868,"b":"Dubasari","c":29.2001,"d":47.33407},"arcs":[[-85,-79,86,-82,-72,-11,87]]},{"type":"Polygon","properties":{"a":1890,"b":"Bender","c":29.7405,"d":46.77212},"arcs":[[-66,-10,88,-83,89]]},{"type":"Polygon","properties":{"a":1865,"b":"Taraclia","c":28.57422,"d":45.86581},"arcs":[[90,91,92,93,94,95]]},{"type":"Polygon","properties":{"a":1853,"b":"Briceni","c":27.00701,"d":48.29788},"arcs":[[96,97,98]]},{"type":"Polygon","properties":{"a":1880,"b":"Ialoveni","c":28.78009,"d":46.9231},"arcs":[[99,100,-42,-25,-57,-49]]},{"type":"Polygon","properties":{"a":1857,"b":"Rîscani","c":27.46981,"d":47.93104},"arcs":[[-4,-56,-68,-19,101,102,-61]]},{"type":"Polygon","properties":{"a":1878,"b":"Transnistria","c":29.1613,"d":47.26418},"arcs":[[-78,-87]]},{"type":"Polygon","properties":{"a":1864,"b":"Cahul","c":28.28407,"d":45.9334},"arcs":[[103,-93,104,-91,105,106,107,108]]},{"type":"Polygon","properties":{"a":1860,"b":"Falesti","c":27.68741,"d":47.56555},"arcs":[[-67,-54,109,110,-17]]},{"type":"Polygon","properties":{"a":1855,"b":"Edinet","c":27.30449,"d":48.10929},"arcs":[[-62,-103,111,-98,112]]},{"type":"Polygon","properties":{"a":1871,"b":"Cantemir","c":28.3186,"d":46.24578},"arcs":[[113,-109,114,-76]]},{"type":"Polygon","properties":{"a":1869,"b":"Anenii Noi","c":29.26835,"d":46.89045},"arcs":[[-89,-9,-43,-101,115,-80,-84]]},{"type":"Polygon","properties":{"a":1863,"b":"Ungheni","c":27.85288,"d":47.34656},"arcs":[[-53,116,-38,-59,117,-110]]},{"type":"Polygon","properties":{"a":1870,"b":"Basarabeasca","c":28.83634,"d":46.33845},"arcs":[[118,-95,119,-31,-41]]},{"type":"Polygon","properties":{"a":1893,"b":"Soroca","c":28.26935,"d":48.08483},"arcs":[[-45,-30,-1,-60,120]]},{"type":"Polygon","properties":{"a":1867,"b":"Chisinau","c":28.86493,"d":47.03063},"arcs":[[-81,-116,-100,-48]]},{"type":"Polygon","properties":{"a":1886,"b":"Soldanesti","c":28.66257,"d":47.80779},"arcs":[[-71,121,-27,-44]]},{"type":"MultiPolygon","properties":{"a":1866,"b":"Gagauzia","c":28.69061,"d":46.1758},"arcs":[[[-107,122]],[[-92,-105]],[[-94,-104,-114,-75,-32,-120]]]},{"type":"Polygon","properties":{"a":1856,"b":"Ocnita","c":27.42188,"d":48.36469},"arcs":[[-63,-113,-97,123]]},{"type":"Polygon","properties":{"a":1888,"b":"Telenesti","c":28.3865,"d":47.51266},"arcs":[[-70,-74,-39,-117,-52,-28,-122]]}]}},"arcs":[[[379695,903933],[31061,-16010],[10824,-10269],[3354,-14115],[-5884,-3811],[-7440,-2673],[-7442,-10749],[-3045,-5562],[11825,-6389]],[[412948,834355],[-1162,-7852],[2661,-7682],[1840,-2375],[778,-3126],[-1881,-3282],[-2369,-3451]],[[412815,806587],[-18281,-15643],[-7794,-59],[-7339,-1846]],[[379401,789039],[-8339,1717],[-2515,9098],[-927,6101],[-5957,3579],[-18016,17652],[-8515,-401],[-6750,-7040],[-9237,-3913],[-10281,4425],[-5250,3391],[-3588,5350],[955,2930],[1250,2256],[-323,3562],[-1544,3170],[573,2819],[2340,2289],[1352,11330]],[[304629,857354],[5839,-1914],[4045,1503],[-1589,3221],[-102,3632],[4867,3468],[5457,2666],[1617,6168],[4722,4768],[11235,1674],[11179,-1444],[10102,1667],[575,5287],[-2854,2350],[-1147,4024],[-706,5067],[-6751,2598],[412,6338],[8663,-1844],[9354,-4530],[10148,1880]],[[840205,417304],[2294,-9671],[-1381,-9347],[-4178,-1144],[-4676,-68],[-3147,-5468],[-3722,-5383],[-4809,700],[-4956,1163],[-8059,-4119],[-7281,-5672],[-515,-4614],[88,-4750],[-3308,-6049],[1234,-6134],[6384,-6383],[2942,-8175],[820,-4062]],[[807935,338128],[-5660,-2535],[-5294,-4699],[-12383,-15310],[-3590,-84],[-5088,6031],[-6676,11431],[-4002,1077],[-4999,-6733],[-913,-4015],[1353,-6689],[-175,-2982],[-1942,-4238],[-1441,-512],[-1942,512],[-3471,-1017],[-10325,-9218],[-6324,-3093],[-4823,3324],[-89,3451],[1972,3170],[2543,3076],[1809,3177],[559,3897],[-234,27980],[-1869,7100],[-4544,4648],[-337,0]],[[730050,355877],[-90,8740],[-4339,11131],[5457,10116],[9428,4870],[2455,8305],[-249,6442],[5133,6066],[-1619,2066],[-1147,4349],[-499,6520],[1205,6150]],[[745785,430632],[7649,283],[7293,-573],[1236,7297],[1913,3912],[3587,-2845],[4002,-316],[7794,9860],[6088,1316],[6149,-753],[7249,308],[7399,1368]],[[806144,450489],[5426,-3965],[3706,-6374],[3575,-905],[2221,2016],[2484,-3008],[71,-18],[5297,-1426],[398,453],[2780,-2528],[3323,-3119],[4780,-14311]],[[716994,668670],[-328,-1533],[-2619,-4544],[-5368,1256]],[[708679,663849],[-1176,2913],[-3147,3025],[-12576,6220],[-4426,4117],[-1795,3580]],[[685559,683704],[-587,1188],[-971,5681],[-176,6878],[-1412,3639],[-6471,7502],[-1839,5792],[721,1615],[1279,3895],[544,3966],[-1470,1810],[-647,1444],[-2193,8818],[-1337,18522],[1337,7331],[10605,20264],[162,8809],[-10674,7193],[-93,60],[-10854,2565]],[[661483,800676],[-1691,2734],[-1778,1059],[323,10244],[1424,5451]],[[659761,820164],[4062,-2435],[8676,-2786],[10355,1556],[12470,12790],[9016,3443],[4927,-171],[3972,-1214],[3499,-2581],[3325,-4236],[2235,-5127],[2501,-11328],[2263,-4829],[4002,-2433],[11207,-2666],[2853,-1606],[-927,-4511],[-4368,-4691],[-5265,-4434],[-3472,-3725],[-2558,-5793],[29,-3632],[2736,-2152],[9823,-2776],[3634,-2650],[1103,-3571],[-3397,-4220],[-8457,-8509],[-1559,-10329],[265,-11688],[-2941,-12465],[-7370,-10065],[-7308,-7656],[-3722,-8697],[3691,-13267],[75,-87],[1858,-2953]],[[350207,768056],[2897,-5015],[442,-6178]],[[353546,756863],[-7545,2171],[-6045,5399],[-4780,-1128],[-2824,-7936],[-6676,-6878],[-8325,-3725],[-4545,1794],[-4383,-445],[-7088,-10064],[-3472,-2904],[-3734,-2513],[-3899,-8765],[-10456,-2854],[-11090,666],[-19941,-7331],[-17785,-12559]],[[230958,699791],[-291,957],[-8913,2667],[-7942,6357],[-18530,19256],[-6531,8750],[-2588,7262],[6559,1058],[0,2068],[-1559,2401],[441,3545],[-858,2735]],[[190746,756847],[3139,1127],[5118,2802],[4721,3383],[2484,6024],[1502,6434],[9529,9089],[11516,2205],[9603,-599],[8002,7178],[12530,940],[13030,-2522],[26032,-11797],[9693,760],[8339,3818],[9824,-512],[15119,-13790],[9280,-3331]],[[602699,450198],[-2338,-5946],[1427,-6356]],[[601788,437896],[-8427,-2196],[-7855,-4094],[-7206,-4801],[-8119,-2888],[-4058,-14661],[-6647,-10234]],[[559476,399022],[-2045,13063],[-9604,3136],[-11015,-5623],[-10076,-1759],[-9442,7142],[-10529,2222],[-1691,-4007],[-1575,-4503],[-4426,-223],[-3369,-2136],[5677,-6364],[-969,-6365],[632,-3487],[2132,-4117],[-2648,-2666],[-14530,-2801],[-6325,2502],[-2397,7219],[-9133,-1794],[-5042,-1698]],[[463101,386763],[-238,1298],[-2883,8944],[-15941,25598],[13,6219],[-11486,15738],[-4633,9277],[313,2635],[468,3945],[0,2460],[-3178,3238],[354,3955],[-221,3760],[-4751,2597],[2442,4981],[-128,828]],[[423232,482236],[2555,-546],[31091,-4350],[9354,11868],[12825,10440],[7044,1299],[4956,5621],[-1971,4914],[-2780,4485],[4515,6647],[14928,-16217],[3722,-6475],[-2883,-9245],[7442,-3023],[11251,13046],[7854,13592],[-8457,4972],[2986,3537],[4236,2052]],[[531900,524853],[9044,-7638],[9589,-4974],[-853,-5869],[-2000,-5322],[13059,-11672],[14193,-9713],[3250,-3084],[1265,-4751],[176,-4861],[1824,-4058],[5119,2734],[4455,5263],[8370,-6930],[3308,-13780]],[[526148,838353],[8501,-3094],[2575,-9619],[-2662,-14302],[-5178,-8902]],[[529384,802436],[-14383,-14022],[3293,-13301],[2340,1580],[2117,2272],[4236,-776],[4192,-2778],[10001,-4313],[4176,-12629]],[[545356,758469],[-8294,-11661],[-8369,-9578],[-4869,2110],[-4911,2846],[-5662,-2136],[-4546,-3948]],[[508705,736102],[-7367,6271],[-8016,5435],[-21664,3126],[515,6989],[3853,8988],[-9589,1588],[-10457,573],[-5235,6707],[-5279,8527],[-7252,-1846],[-5397,-376],[-1942,7621],[-3426,906],[-3177,495],[-1617,3487],[-1044,4391],[-4119,3998],[-4677,3605]],[[412948,834355],[19546,2664],[19913,0],[9471,-776],[9134,1649],[1927,3400],[2132,2972],[5014,-1606],[5002,-2707],[13485,-4323],[5531,1307],[5544,2375],[8148,-4374],[8353,3417]],[[670721,362471],[-6339,-1008],[-5927,-2989],[-3927,-5417],[-9648,-6733],[-2678,-5211],[-4220,-4178],[-6059,-676],[-8398,-4562],[176,-9142],[-3441,-5244],[-9649,-1326]],[[610611,315985],[-12001,7409],[-25883,12883],[-12708,7878]],[[560019,344155],[823,9825],[-2720,8014],[-1573,3674],[4014,4629],[-29,5007],[648,4743],[2190,3528],[1441,3717],[-4633,4561],[-704,7169]],[[601788,437896],[9250,-9108],[11795,-881],[3942,-4827],[4250,-6330],[4691,-1495],[4972,-198],[6780,-2066],[4780,-5767],[1427,-5230],[-3031,-1914],[133,-4954],[-1367,-5025],[-6399,-3604],[-7073,-2530],[7632,-4374],[8825,-539],[8941,2257],[7736,4946],[4016,2101],[692,-4774],[-3059,-21113]],[[541546,646711],[3458,-12329],[15677,-8065],[-2383,-7947]],[[558298,618370],[-5382,-3151],[-12811,-1155],[-17103,-12336],[2529,-4818],[4617,-4136],[1265,-8202],[-5323,-5339],[-14339,-10561],[-7236,-2656],[-13723,-1043],[-4397,-4374]],[[486395,560599],[-7972,221],[-7867,1368],[-7825,3742],[-8016,2230],[-18956,9013],[-16502,14423]],[[419257,591596],[8971,9517],[10001,4614],[-11883,2597],[-8324,8723],[10589,4228],[16265,10765],[7384,1786],[5045,4793],[309,8672]],[[457614,647291],[11191,4794],[11854,-6408],[4531,-770],[4602,103],[7765,2528],[2619,-101],[3074,-1505],[9956,2051],[10046,5339],[10250,957],[8044,-7568]],[[730050,355877],[-5781,17],[-24988,-11381],[-5417,-1631]],[[693864,342882],[19,128],[1045,6748],[1412,8783],[-5338,3110],[-20281,820]],[[602699,450198],[12677,-9091],[12900,-325],[6765,470],[6823,-862],[4853,3596],[4766,2479],[9354,-6553],[1794,-941],[1854,-42],[5279,4758],[7633,2940],[8075,1742],[9059,5204],[8472,6109]],[[703003,459682],[3896,-2273],[-1764,-4785],[-617,-3178],[3322,-3145],[17856,-3784],[1441,-8569],[5854,-2068],[6735,4819],[6059,-6067]],[[661483,800676],[-23105,5449],[-5700,3585],[-3432,2157],[396,7928],[-4956,8048],[-7986,5759],[-2499,-2879],[-1634,-1103],[-4175,-4475],[-4927,-1402],[-5089,-86],[-10574,-6219],[-7208,-11663],[-309,-7108],[3515,-6296],[-9148,-5280],[-10323,6903],[-8987,7962],[-11001,1931],[-7560,-3177],[-7397,1726]],[[526148,838353],[4193,11927],[10736,6288],[6926,11806],[-12147,6879],[-265,47]],[[535591,875300],[375,1315],[5183,11983],[6339,2255],[9119,-324],[26179,-8476],[19766,-213],[10295,-1402],[7972,-4186],[1896,-2639],[692,-2393],[236,-2247],[675,-2272],[4560,-8561],[911,-8646],[501,-1999],[1911,-2162],[4678,-3426],[7648,-10303],[9177,-7810],[6057,-3630]],[[618157,575601],[-3178,-11157],[1706,-9996],[9782,-5776],[6661,-8535]],[[633128,540137],[-12516,-4827],[-13029,1998],[-12341,11031],[-13530,6330],[221,-9646],[20751,-15421],[10325,-3382]],[[613009,526220],[-6310,-12133],[-11720,-487],[-6825,3700],[-7133,2306],[-5000,-2905],[-4000,-4015],[-10707,5537],[-7045,10995],[-8148,-282],[-9162,752]],[[536959,529688],[-6324,6014],[-8443,-2810],[-5192,1221],[-4500,2803],[-5662,-616],[-5412,-2392],[-8750,889],[-4296,8715],[2971,4135],[2089,4750],[-3441,4922],[-3604,3280]],[[558298,618370],[5060,-3092],[5235,-649],[5178,3904],[6030,-401],[3323,-6990],[2457,-7953],[3677,-8236],[5456,-6511],[8838,2325],[6693,-685],[3515,-7696],[4397,-6785]],[[508705,736102],[648,-9894],[2588,-9431],[-1147,-6332],[-6676,-896],[-4031,-1982],[-3190,-3862],[-1089,-3768],[-1368,-3289],[-9869,-1657],[-27179,2536],[-15398,-5784],[-2942,-6646],[3000,-6971],[-675,-9937],[-4956,-8134]],[[436421,660055],[-13238,710],[-11015,-5169],[-5191,-1018],[-5471,4956],[-15032,2205]],[[386474,661739],[6221,5398],[2280,7895],[-5132,5604],[-7765,-33],[-8987,3417],[633,7894],[9589,5503],[3338,4322],[3869,3231],[7264,1965],[426,6476],[-4221,17744],[-17236,1001],[1162,10405],[5353,9509]],[[383268,752070],[7912,598],[5339,-9492],[5296,85],[4529,3385],[2618,3955],[-1382,3990],[-1559,12687],[-8811,3632],[-10470,-1420],[-6824,9023]],[[379916,778513],[-515,10526]],[[536959,529688],[-2265,-2605],[-2794,-2230]],[[423232,482236],[-770,4939],[-5573,12037],[-3883,5615],[-8799,8921]],[[404207,513748],[3814,3022],[3765,5759],[-5074,2562],[-7427,769],[-2766,7057],[-190,4537],[-839,4401],[-2192,1075],[-2234,445],[-4399,4100],[-2087,7228],[2397,17251],[6501,14985],[7736,1375],[8353,274],[9692,3008]],[[394253,947044],[105,-255],[3662,-13866],[-89,-14089],[-12030,-4092],[-6206,-10809]],[[304629,857354],[-11794,5664],[-12061,2230],[-7220,8970],[-9370,4888]],[[264184,879106],[-4530,9047],[6972,9305],[2015,3383],[-2544,4570],[-12223,12337]],[[253874,917748],[3795,5751],[6191,13575],[5236,5990],[3325,8474],[4705,5690],[17709,-2716],[13957,2631],[30046,-2051],[15075,5759],[6779,3554],[34,17]],[[360726,964422],[3217,-3725],[2235,-1555],[6236,-7620],[11560,-3485],[10279,-993]],[[933758,360866],[881,-7373],[4031,-3973],[12560,-4254],[529,-829],[1412,-3170],[1000,-700],[1853,477],[3470,1821],[1619,-51],[2250,-1427],[1867,-2034],[3501,-5759],[-2176,-2854],[13075,-8337],[4838,-4622],[2824,1998],[4294,615],[4618,-674],[3795,-1939],[-6942,-10228],[-7413,-5852],[-12486,-1743],[-33753,1564],[-4588,-820],[-5090,-2308],[-10500,-7517],[-5589,-685],[-5677,5059],[-573,2272],[161,6391],[-470,3007],[-1354,2769],[-5912,7517],[-14971,11474],[-3648,5084],[-89,-9296],[-3118,-4869],[-5734,-1786],[-8061,-76],[-1823,-2086],[1412,-8099],[-2119,-5390],[-3823,-3154],[-4677,-1401],[-4853,411],[-4442,2179],[-3853,4178],[-3927,7245],[-4045,2922],[-3971,1195],[-8941,1376],[-4324,1436],[-1648,2348],[-499,2496],[559,2563],[1588,2631],[1530,2306],[559,2274],[-501,2153],[-1588,2042],[-6619,879],[-252,-114]],[[840205,417304],[7119,-3596],[6000,-4724],[10060,-2017],[4161,-5365],[5428,221],[2867,-358],[1237,-889],[970,-2751],[2294,0],[2663,1128],[2028,598],[6002,-1452],[2734,-2281],[4869,-9817],[-3898,-1461],[-4058,-2350],[-3486,-3315],[-2163,-4374],[196,-17],[4056,-359],[9353,-4135],[3132,752],[10457,6031],[1956,-4186],[2795,-1999],[3558,-581],[4236,-17],[869,-1333],[5793,-6142],[2325,-1649]],[[383268,752070],[-17178,811],[-12544,3982]],[[350207,768056],[15104,4595],[14605,5862]],[[685559,683704],[-11073,5195],[-9355,11457],[-7148,4836],[-7103,1520],[-2014,-3930],[-3472,-2957],[-7016,-991],[-11309,-11379],[-8030,-2580],[-7031,1341],[-5765,4477],[-5426,1154],[-5604,170]],[[595213,692017],[441,9142],[2178,7382],[-8119,5126],[-2663,5074],[-3779,3265],[-15972,7039],[7353,16678]],[[574652,745723],[15914,9193],[20898,-3076],[7177,16848],[6766,2973],[7104,2152],[-192,2905],[-4455,1401],[4971,5639],[20016,-2571],[1308,4930],[3383,3358],[5030,-1052],[4853,-1469],[-2176,7673],[-3766,6049]],[[708679,663849],[720,-1803],[-970,-3246],[-4824,-5579],[-2205,-10211],[-4811,-1417],[-4014,-3880],[-7384,3469],[-4853,-1486],[-2544,-6536],[-5000,-4391],[6044,-4068],[5281,-5920]],[[684119,618781],[-10001,-7809],[-12016,-3554],[-10781,-7587],[-11647,-5067],[-10957,1410],[-7163,-8577],[1192,-9399],[-4589,-2597]],[[541546,646711],[16075,5629],[147,3811],[-2116,3067],[381,3075],[2383,2983],[14,3383],[678,3331],[5794,3828],[6427,2717],[23884,13482]],[[560019,344155],[-2868,-5502],[-4486,-3238],[-4014,-470],[-1809,-3581],[-19120,-12414]],[[527722,318950],[-6060,2085],[-6177,803],[-4058,-2820],[-1324,-6039],[-9604,-6503],[-10868,3657],[-323,3640],[219,3280],[-4970,1008],[-5250,-2211],[-6016,-1632],[-3838,-4991],[-5252,-2734],[-5573,1538],[-731,730]],[[457897,308761],[524,185],[1325,1872],[-2060,4494],[4031,1623],[1662,2511],[337,2751],[-28,10253],[-384,2750],[-985,333],[-1205,-307],[-1134,820],[-3706,5853],[-588,2631],[588,12388],[1045,2496],[2661,1452],[-2470,5433],[1441,4743],[2854,4125],[1883,3564],[57,4520],[-644,3512]],[[720916,589578],[3500,-4629]],[[724416,584949],[4457,-11159],[-4486,-1708],[-5339,-9586],[-9237,-4307],[-5059,-4955],[-4501,-5964],[-2646,-5074],[4368,-872],[4015,-2186],[47,-40],[7291,-5942],[1634,2512],[5074,4888],[2337,5639],[3031,-308],[3529,-1043],[2853,736],[1310,3998],[-1751,3622],[-2250,3486],[-220,3563],[2470,2230],[3604,84],[3514,-1648],[2250,-2930],[1766,0],[2794,4357],[3692,-1299],[4088,-3383],[4000,-1931],[3662,-666],[411,-1539]],[[761124,553524],[-6411,-2272],[-4604,-7844],[-1323,-13446],[118,-13569],[1470,-9500],[-4016,-6100],[-8705,3263],[-7958,4683],[-9545,-3008],[-9411,-1435],[-8090,16703],[-8588,1674],[-8163,-3972],[-5648,-7569],[-4706,51],[-4869,870]],[[670675,512053],[2178,10869],[-4192,5364],[-2133,-6288],[-3014,-4477],[-12913,14431],[-10368,590],[-7105,7595]],[[684119,618781],[14074,-12329],[1574,-8602],[-853,-7776],[10382,-4204],[11620,3708]],[[837505,495817],[-182,-5],[-23223,-589],[-4751,-2786]],[[809349,492437],[-631,769],[-6811,1368],[-5646,-1606],[-5413,-3265],[-5985,-2511],[-7413,607],[-4985,2785],[-4604,4399],[-3676,5367],[-2280,5714],[3956,-1281],[4455,0],[4664,1205],[7264,3622],[1060,-50],[632,478],[1455,2801],[-1190,-383],[-1236,2152],[-1455,4998],[1763,0],[2681,-1288],[306,-146],[427,4271],[-1296,9585],[-1764,2633],[-2150,1752],[-9851,8039],[-6957,2681],[-2764,1830],[-1147,2230],[397,2213],[-31,118]],[[761124,553524],[1868,667],[-690,1991],[-544,2058],[-5089,15329],[7470,8440],[9384,6920],[3235,2983],[2354,3861],[-338,4434],[-604,3383],[4942,5493],[392,209]],[[783504,609292],[2829,-3788],[3883,-2734],[4294,-1640],[4560,-358],[4588,1144],[4970,3759],[1971,4614],[1294,5057],[2913,5135],[5751,514],[5662,-299],[5382,-1556],[4751,-3367],[3838,-5706],[2619,-7664],[265,-7656],[-3265,-5723],[-7030,-2939],[-1031,-7177],[2913,-17317],[-1648,-8134],[-4118,-3931],[-6177,-1417],[-7912,-632],[-648,-940],[-205,-1027],[236,-1016],[617,-1067],[8707,-12969],[2470,-2018],[3088,2018],[2487,4253],[3308,3742],[5353,411],[3766,-2059],[3264,-3512],[2060,-4493],[265,-5042],[-2163,-4502],[-3426,-3092],[-3103,-3649],[-2132,-12319],[-1245,-4379]],[[724416,584949],[20,26],[7466,10448],[-4294,9193],[-11648,-3708],[-2383,-1597],[7339,-9733]],[[716994,668670],[804,-1275],[4440,-9971],[2354,-3512],[5178,-3143],[2941,1965],[2691,3562],[4692,1657],[4059,-1743],[5147,-6927],[8736,-4597],[1942,-3537],[1279,-3940],[2310,-3527],[3941,-1812],[4470,-734],[4398,-1539],[3721,-4340],[1470,-5236],[118,-4776],[882,-4699],[937,-1254]],[[806144,450489],[-2677,11611],[8706,5988],[1294,4085],[-690,3109],[0,7962],[-882,6083],[-2546,3110]],[[837505,495817],[-226,-798],[-325,-4332],[2502,-3665],[1616,-308],[7208,546],[2588,-1111],[4471,-4125],[2442,-1702],[4618,-1315],[9324,-615],[4353,-1282],[4648,-3716],[6648,-8681],[5206,-3033],[9001,-1109],[8382,648],[8090,-820],[8132,-5433],[1339,-2291],[2265,-5989],[1352,-1819],[2530,-170],[2618,1418],[2766,999],[3058,-1393],[706,-2205],[-58,-7091],[382,-3040],[1102,-2411],[3134,-4766],[1265,-2521],[426,-6092],[-2339,-20573],[-1176,-3862],[-1382,-2955],[-1000,-3135],[-178,-4367],[1045,-3418],[3544,-6774],[648,-3135],[-3296,-7118],[-6264,-983],[-4912,-409]],[[553730,90508],[-3874,635],[-2646,13105],[-7310,8476]],[[539900,112724],[-9237,6237],[-11456,1512],[-6442,7681],[-7941,5348]],[[504824,133502],[4382,8697],[8751,2479],[5354,2784],[3278,5331],[-2515,4709],[-3985,3622],[-2161,9970],[352,10578],[3780,12884],[1824,12489]],[[523884,207045],[10912,325],[10677,-2460],[10457,-5656],[8384,-7066],[-3809,-5493],[838,-4734],[1911,-4322],[7177,-10697],[11620,375],[47033,13841],[16855,22154],[8162,29757]],[[654101,233069],[13222,10355],[6107,7694]],[[673430,251118],[7321,-5574],[1573,-7194],[-3383,-7825],[-6442,-8870],[-9794,-8935],[-2178,-5230],[677,-8133],[5059,-14439],[-587,-6494],[-7089,-2715],[-49622,-10578],[-4943,-2631],[-3147,-4820],[-220,-5519],[3957,-11448],[1176,-5536],[-398,-6646],[-1926,-4272],[-3618,-2905],[-5457,-2530],[-8280,-1503],[-2147,-1503],[-102,-1897],[720,-2991],[382,-3434],[-1000,-3162],[-7441,-3570],[-19047,-1522],[-4573,-6185],[829,-2549]],[[180449,964379],[479,-1032],[4587,-14551],[11900,-9355]],[[197415,939441],[-5002,-7005],[2031,-10740],[-7295,-5187],[-9252,-563],[-8295,-2726],[-8132,3580],[-3235,6220],[-6780,751],[-6913,-5475],[-1045,-9766],[-1720,-9416],[-6074,-5885],[-4235,-8929],[-6530,-4579],[-2542,-288]],[[122396,879433],[25,272],[-1499,1673],[-2588,1684],[-2443,880],[-3529,-2290],[-5324,1419],[-7795,3621],[0,2060],[5590,274],[3235,2485],[0,2854],[-9825,2913],[-2118,3512],[-1440,3811],[-3545,2408],[-2574,-1904],[-3236,-3666],[-2764,-1136],[-1147,5595],[-1795,2487],[-12000,9543],[-3060,-1495],[-6500,6357],[-4839,1896],[-11721,-1828],[-5604,940],[-3103,5015],[-3060,-3632],[-3103,514],[-6529,4467],[-6486,-204],[-13619,-5041],[205,2717],[1854,5195],[3118,3964],[9397,4604],[1397,4264],[1648,2802],[5589,-1674],[3853,-3375],[3030,-4076],[3499,-3554],[5310,-1879],[5633,342],[3236,2289],[1235,4281],[-207,6246],[-1499,6356],[-1676,3981],[-193,2964],[3002,3238],[1573,104],[4691,-1453],[1957,-51],[2471,1999],[793,2434],[1000,2060],[3089,786],[9442,-3221],[9324,-6204],[9825,-4622],[10765,1461],[2707,2213],[2058,-272],[1942,-923],[3118,213],[3442,-546],[1528,811],[-352,1665],[-942,1838],[-205,1316],[118,2186],[-794,2804],[264,2392],[3147,854],[3029,-666],[5914,-2905],[30444,-8955],[9324,-392],[10794,4340],[1552,1511]],[[613009,526220],[4471,-5845],[677,-8731],[-2722,-3341],[-779,-3605],[4457,-1444],[4911,35],[27783,-7520]],[[651807,495769],[4103,-10636],[7956,-3034],[2588,4102],[3296,2956],[6147,-1315],[6588,-2128],[7192,-1298],[5840,-4043],[-986,-6296],[-4382,-4604],[1925,-7110],[10929,-2681]],[[190746,756847],[-172,547],[-1440,1109],[-5060,2932],[-1088,1495],[-1323,2801],[-3222,4973],[-3927,4793],[-3382,2214],[9736,4732],[-2161,2812],[-3103,1195],[-3443,811],[-2971,1744],[236,2051],[-470,10208],[234,1487],[-5176,4810],[-6442,2837],[-3089,3008],[5002,5357],[0,1377]],[[159485,820140],[2234,195],[8061,657],[7838,2461],[5839,7295],[4398,9570],[7397,6937],[8516,1931],[5132,-6058],[7251,-2690],[4913,3109],[5999,-470],[6325,26],[11162,3144],[22797,13105],[-279,3230],[-2574,8459],[-310,8065]],[[518737,210002],[1867,-2717],[3280,-240]],[[504824,133502],[-3340,-9619],[-15397,-14747],[-6795,-10339],[-1515,-16693],[11633,-13073],[18031,-2751],[16826,11381],[7852,8364],[3662,10628],[-426,9671],[4545,6400]],[[553730,90508],[1171,-3602],[-1766,-2650],[-8235,-2152],[-4913,-2666],[-3146,-2751],[-6618,-8014],[-1971,-3810],[2530,-2375],[4440,-2136],[3648,-3058],[1589,-4648],[528,-4614],[1236,-4562],[3928,-4443],[-7530,-2905],[-1662,-1248],[-244,-378]],[[536715,34496],[-712,224],[-21458,137],[-21016,7211],[-20356,-1231],[-2559,-17565],[-302,-3534]],[[470312,19738],[-15125,-9299],[-31,-67],[-2469,-3879],[-1971,-4153],[-588,-2340],[-7560,7467],[-2000,3383],[-147,11140],[-383,770],[-706,700],[-1089,2051],[-4780,7040],[-6530,4134],[-15898,6905],[3589,3725],[4677,3672],[4706,2787],[3736,1092],[9353,-68],[4060,1640],[-1766,4290],[559,5314],[-2499,33166],[-2412,3094],[-5001,7894],[-4441,10030],[-794,9568],[1264,1794],[3766,2204],[822,1641],[-559,1247],[-2528,4204],[-795,2443],[383,2615],[1147,2528],[617,2513],[-1176,2614],[-1706,2289],[-706,1983],[-529,3708],[-6942,16575],[-971,4681],[499,3264],[3530,11602],[-87,1777],[-1737,975],[-87,1777],[764,1657],[2265,1196],[2001,4666],[763,1781]],[[424800,211528],[12532,-3610],[13427,-591],[10854,-4169],[4368,4281],[3178,5519],[11309,170],[11119,-6842],[13736,-257],[13414,3973]],[[386474,661739],[-6926,1623],[-6956,-437],[-3633,-1939],[368,-7620],[-3693,-1846],[-19708,-1811],[-19178,325],[-18722,-2597],[-5161,-5367],[-16928,-5167],[-7399,-5392],[-2237,-1402]],[[276301,630109],[-659,454],[-4002,2127],[2265,10185],[-5059,3485],[854,3878],[1087,3402],[1545,2545],[2339,1462],[-2031,3221],[-3617,2623],[-4266,1956],[-3881,1229],[-442,-188],[-7324,188],[-1648,651],[-1118,820],[-1412,700],[-2529,291],[-3000,2102],[-1824,4818],[-2059,8885],[-735,223],[-3089,323],[-1118,582],[-588,1452],[60,3000],[-368,1195],[-897,2059],[-1827,6014]],[[159485,820140],[0,673],[-1795,761],[-5972,3759],[3383,2382],[1972,2906],[-296,3067],[-3293,2939],[-3824,-1691],[-2604,4501],[-3735,4213],[-7310,-2512],[-691,940],[-545,1128],[-411,1246],[-294,1385],[5794,2076],[0,2453],[-7442,3356],[-6824,4760],[-4970,6356],[-2118,8100],[735,1844],[3000,3026],[151,1625]],[[197415,939441],[26133,-18326],[30326,-3367]],[[527722,318950],[1426,-6903],[-5176,-5238],[1897,-5972],[12766,-7825],[692,-7133],[-3206,-9578],[-2383,-10133],[2440,-9945],[-1043,-9433],[-7339,-7159],[-8266,-5877],[-3970,-5725],[3867,-5280],[956,-6237],[-1646,-6510]],[[424800,211528],[4796,11187],[1677,8150],[3264,7691],[-911,2886],[-1677,2273],[-1794,1932],[-5221,6919],[-573,2820],[3382,1231],[3205,683],[677,1794],[-971,5639],[1178,2289],[2764,1197],[3235,803],[2693,1145],[3426,2717],[3853,6851],[441,1146],[-265,4058],[-1147,6706],[691,2409],[3427,940],[1353,1402],[1648,10099],[1882,1536],[2064,730]],[[651807,495769],[7294,11731],[11574,4553]],[[436421,660055],[10279,-6996],[10914,-5768]],[[404207,513748],[-319,322],[-2560,5460],[-5617,-2205],[-6177,2291],[-6678,3356],[-6942,1077],[-87,4768],[-3560,2545],[-8059,4188],[-8707,7679],[-2648,1548],[-2706,691],[-1265,982],[1737,2427],[0,2247],[-12326,5322],[-3382,3708],[3192,795],[515,1401],[-824,1992],[-766,2597],[-499,205],[-3427,9030],[-7192,7287],[-3029,4170],[352,4136],[-5795,7997],[-2970,2546],[-7118,1383],[-2265,1119],[-2148,1444],[-3014,1522],[-7693,1366],[-2205,888],[-3676,4879],[-6854,12994],[-3194,2204]],[[693864,342882],[-10129,-3050],[-21207,-11484],[-5794,-7279],[-1765,-9294],[2293,-12116],[5002,-15635],[264,-5211],[-1676,-5946],[-2000,-4751],[176,-4511],[4867,-5245],[45,-18],[9490,-7224]],[[654101,233069],[-1603,8065],[1206,9024],[-8765,5808],[-10914,-2460],[-5927,2068],[-4455,4715],[368,4094],[984,3802],[-2896,7705],[-8030,1760],[-4104,6442],[-6560,752],[-3397,-7902],[-6118,179],[3191,9287],[7928,5656],[4205,11465],[1397,12456]],[[394253,947044],[15018,-1452],[5823,-2169],[4677,-4256],[1559,-5938],[-5588,-12959],[4147,-2469],[6353,-232],[4412,940],[8825,5818],[4676,555],[2060,-5450],[1029,-6391],[3000,-3741],[4855,-1189],[6646,1155],[6089,2751],[4500,3033],[4824,2435],[13119,1195],[4883,-495],[2971,-2640],[530,-6279],[-1897,-6819],[-3163,-3025],[-4089,-2110],[-4471,-4058],[-1882,-4605],[530,-4604],[3176,-2760],[5972,896],[4383,3896],[3014,5008],[3722,3946],[6530,700],[4471,-2426],[2735,-4467],[-353,-5015],[-4735,-4118],[8087,-13055],[3398,-2744],[5750,-3152],[2971,188],[1060,3084],[118,5630],[1603,5644]],[[574652,745723],[-15412,4631],[-13884,8115]],[[536715,34496],[-1565,-2440],[-75,-753],[588,-615],[1825,-11244],[-1266,-3912],[-5999,-2239],[-18237,599],[-21327,4578],[-20324,1282],[-23,-14]],[[180449,964379],[15392,14995],[10295,4118],[5470,-1094],[8090,-5885],[3881,-1163],[4766,1872],[17267,11329],[6530,6927],[11764,0],[3383,658],[7384,3863],[6206,-632],[588,-8699],[5737,-2169],[35503,238],[9529,-3442],[18385,-10561],[4265,-3545],[5842,-6767]]],"transform":{"scale":[0.0000035136908536908507,0.0000030242628642628635],"translate":[26.61788904,45.46177399]},"bbox":[26.61788904,45.46177399,30.13157638,48.48603383]}