Age,Weight,Height,BattingAvg,OnBasePct,HomeRunRate,SlugRate,RBIRate,WalkRate,StrikeRate,StolenBases,HitByPitch,PutOutRate,AssistRate,ErrorRate,Salary
26.25,160,72,0.3013937,0.522648,0.0522648,0.543554,0.1829268,0.2212543,0.2020905,0.2515723,0.0314465,1.9683544,0.0822784,0.0379746,4334958.25
24,185,72,0.0465116,0.116279,0,0.0465116,0.0232558,0.0697674,0.6046511,0,0,0.1025641,0.4615384,0,286500
29.25,165,70,0.2380952,0.2857142,0,0.3333333,0.1428571,0.047619,0.3333333,0,0,0.1818181,0.8181818,0.090909,281937.5
27.91666667,185,71,0.2890173,0.3776493,0.0211946,0.406551,0.1483622,0.0886319,0.0770712,0.0071942,0.0359712,0.6821705,1.9069767,0.0930232,3172900
25.16666667,195,73,0.2413793,0.275862,0,0.3448275,0.1034482,0.0344827,0.2241379,0,0,1.0833333,0,0,220000
32.16666667,185,72,0.2447093,0.3156482,0.021833,0.3593144,0.138301,0.0709388,0.1883755,0,0.0131578,1.7417582,2.1771977,0.0920329,4787738.438
34.5,215,77,0.239726,0.3150684,0.0136986,0.3082191,0.0958904,0.0753424,0.089041,0,0.04,5.6530612,0.3265306,0.0612244,1816666.667
34.58333333,190,75,0.2928452,0.40599,0.0648918,0.5574043,0.1763727,0.1131447,0.1331114,0.0193548,0,1.5584415,0.0454545,0.051948,4136107.143
30.25,235,73,0.1612903,0.1935483,0,0.1612903,0,0.032258,0.4516129,0,0,0.075,0.4,0,3610192.308
28.5,190,75,0.3009049,0.3665158,0.0316742,0.4457013,0.1696832,0.0656108,0.1696832,0.0178571,0.0089285,2.2446808,0.0531914,0.0212765,2643000
26.08333333,198,71,0.2371541,0.2845849,0.0316205,0.3794466,0.1106719,0.0474308,0.1501976,0.0530973,0.0088495,1.1664911,0.6544401,0.1085468,416000
22.33333333,205,76,0,0,0,0,0,0,0.3125,0,0,0.125,0.8125,0,993000
29.75,170,72,0.2475012,0.3439946,0.0149091,0.3606113,0.1116108,0.0964933,0.1838247,0.0068493,0.0333064,1.0566839,1.9808691,0.1067547,2105950
31.33333333,195,71,0.2481389,0.3300248,0.0124069,0.325062,0.076923,0.0818858,0.1389578,0.0155038,0.0155038,7.1875,0.4765625,0.0390625,2117875
32.41666667,195,72,0.2657342,0.4335664,0.0472027,0.4650349,0.1555944,0.1678321,0.2290209,0.0384615,0.051282,7.8289473,0.6447368,0.0394736,6981923.077
28.5,205,74,0.2028985,0.3115942,0.0072463,0.2826086,0.0724637,0.1086956,0.2101449,0.0204081,0.0408163,7.0638297,0.6382978,0.0851063,498571.4286
19.75,190,76,0.2799227,0.3378378,0.030888,0.4362934,0.1428571,0.057915,0.1698841,0.125,0.0588235,2.7580645,0.0887096,0.0645161,310000
25.75,229,74,0.2486033,0.2849162,0.0418994,0.4525139,0.1620111,0.0363128,0.1759776,0,0.0277777,6.247619,0.2190476,0.0666666,305750
24.83333333,200,74,0.2872807,0.3596491,0.0350877,0.489035,0.1425438,0.0723684,0.1403508,0.0074626,0.0373134,7.9615384,0.3615384,0.0461538,1008416.667
28,180,72,0.240924,0.2838283,0.0528052,0.4554455,0.1815181,0.0429042,0.1287128,0.0891719,0.0254777,0.5290322,1.9935483,0.1225806,2119562.5
28.41666667,170,71,0.2857142,0.3506493,0.0204081,0.4007421,0.1205936,0.064935,0.1224489,0.0425531,0.0283687,1.9629629,0.0592592,0.0296296,1045454.545
20.83333333,192,72,0.2098484,0.3175757,0,0.2323484,0.0308333,0.1077272,0.4465151,0,0,0.4545454,1.5454545,0.090909,300000
22.75,200,74,0.2822384,0.3819951,0.0632603,0.5498783,0.1995133,0.0997566,0.3138686,0.0333333,0.0833333,1.7777777,0.025641,0.017094,305000
20.41666667,190,76,0.1590909,0.2045454,0,0.1818181,0.0454545,0.0454545,0.4090909,0,0,0.1538461,0.6538461,0.076923,1796875
28.75,170,70,0.2908067,0.3977485,0.0337711,0.4577861,0.1444652,0.1069418,0.1407129,0.006993,0.041958,0.6267605,2.169014,0.169014,1427900
26.66666667,195,73,0.2638623,0.4321223,0.0325047,0.4435946,0.1567877,0.16826,0.3384321,0.0434782,0.0362318,1.0745967,2.3800403,0.1381048,332250
25.33333333,180,68,0.2821368,0.3823038,0.0200333,0.4257095,0.1168614,0.1001669,0.163606,0.0197368,0.0131578,1.8410596,2.8278145,0.0927152,664166.6667
21.33333333,170,71,0.3344481,0.4230769,0.0802675,0.6287625,0.2023411,0.0886287,0.1454849,0.0448717,0.0128205,0.7741935,2.0774193,0.0645161,2020000
23.33333333,190,73,0.2682268,0.4203583,0.0627299,0.5461965,0.1754442,0.1521314,0.1682923,0.2570048,0.0422705,2.5567496,0.0811756,0.0498289,3245833.333
28.33333333,190,72,0.2237442,0.3242009,0.0136986,0.3287671,0.0913242,0.1004566,0.1461187,0.0133333,0.0266666,5.08,0.3866666,0.04,320785.7143
26.91666667,200,76,0.1160593,0.1551956,0,0.1160593,0.091093,0.0391362,0.4547908,0,0,0.5272727,0.7477272,0.0454545,2850000
30.75,185,71,0.2532467,0.2792207,0.0194805,0.3376623,0.1493506,0.025974,0.1753246,0,0.0344827,1.1612903,0.032258,0.032258,462500
23.91666667,185,72,0.2142857,0.2619047,0,0.2142857,0.0238095,0.047619,0.3809523,0,0,1.9090909,0,0.1818181,248500
24.16666667,205,73,0.3161764,0.5496323,0.055147,0.5661764,0.1948529,0.2334558,0.1856617,0.05625,0.0625,1.4865079,0.0642857,0.0142857,2201000
22.08333333,175,71,0.2617187,0.3066406,0.015625,0.3847656,0.0839843,0.0449218,0.1699218,0.1044776,0.0895522,1.5563909,2.924812,0.2105263,337250
24.41666667,230,75,0,0,0,0,0,0,0.6363636,0,0,0.0425531,0.1914893,0,681250
23.91666667,190,76,0.2803347,0.3744769,0.0313807,0.4267782,0.1422594,0.0941422,0.2364016,0.0575539,0.0071942,2.1763157,0.0254385,0.0087719,340000
36,180,71,0.2812006,0.3443917,0.0379146,0.4691943,0.099526,0.0631911,0.1484992,0.0448717,0.0961538,1.7139466,0.025648,0.0542168,4375968.75
27.66666667,200,74,0.2708688,0.386712,0.0477001,0.4855195,0.1499148,0.1158432,0.2367972,0.0328947,0.0592105,0.7960526,1.8157894,0.1710526,341200
20.91666667,192,73,0.275641,0.3958333,0.051282,0.5,0.176282,0.1201923,0.238782,0.0125786,0.0377358,0.6477987,1.7547169,0.1069182,350833.3333
29.66666667,170,71,0.2063492,0.2730158,0.031746,0.3682539,0.1174603,0.0666666,0.1777777,0,0.0263157,6.0087719,0.3947368,0.0614035,699285.7143
23.91666667,180,71,0.2446808,0.2978723,0.0106382,0.3297872,0.0957446,0.0531914,0.2553191,0.1397849,0,1.9361346,1.1274476,0.1388511,312500
27.33333333,195,75,0.2153392,0.2861356,0.0235988,0.3480825,0.1032448,0.0707964,0.1710914,0.0178571,0,1.0273793,1.6610169,0.0774119,664166.6667
24.25,165,71,0.2444444,0.3777777,0.0333333,0.4,0.0666666,0.1333333,0.3,0.1,0.02,1.1927083,0,0,250000
36.58333333,228,73,0.3619302,0.9839142,0.1206434,0.8123324,0.2707774,0.6219839,0.1099195,0.0408163,0.0612244,1.6090225,0.0827067,0.0300751,6914730.632
31.33333333,180,70,0.2512647,0.3456998,0.0404721,0.4232715,0.1399662,0.094435,0.2276559,0.0675675,0.0202702,1.8918918,2.3648648,0.0945945,3318333.333
37.41666667,200,74,0.2371967,0.2466306,0.0094339,0.3319855,0.1066936,0.0094339,0.2322551,0.0789473,0.0263157,5.3421052,0.4736842,0.1052631,722961.5385
22.33333333,180,72,0.2674418,0.4050387,0.0368217,0.4244186,0.1298449,0.1375968,0.238372,0.1063829,0.0425531,2.2078852,0.0805397,0.0573476,618075
31.75,180,69,0.1914893,0.2765957,0.0425531,0.3723404,0.0957446,0.0851063,0.3085106,0.0263157,0,2.3084415,0.090909,0.0357142,406642.8571
26,195,75,0.2341772,0.3607594,0.0696202,0.5253164,0.170886,0.1265822,0.4303797,0.0196078,0.0392156,0.7954545,2.0681818,0.1136363,288333.3333
24.75,220,74,0.2751196,0.3995215,0.0406698,0.4880382,0.1961722,0.1244019,0.2272727,0.0287769,0.0863309,7.4511278,0.5789473,0.0451127,313550
22.25,215,72,0.251282,0.3076923,0.0205128,0.3487179,0.1230769,0.0564102,0.2564102,0.0338983,0.0169491,1.7547169,0.0754716,0.0566037,257250
22.25,200,72,0.25,0.3846153,0.076923,0.5192307,0.1538461,0.1346153,0.25,0.0888888,0,0.5151515,0.8484848,0.090909,307500
27.58333333,230,76,0.2,0.3,0.0333333,0.3333333,0.1,0.1,0.3166666,0,0.0263157,0.6666666,0,0,351250
23.08333333,205,77,0.137931,0.137931,0,0.137931,0.0344827,0,0.3793103,0,0,0.5,0.9,0,1003583.333
31.33333333,190,72,0.2833333,0.3907407,0.0685185,0.5592592,0.2037037,0.1074074,0.2296296,0.0333333,0.0333333,1.5651911,0.0446401,0.0430239,3259848.545
24.83333333,225,76,0.2566964,0.4308035,0.0535714,0.4553571,0.1875,0.1741071,0.2901785,0.015748,0.015748,1.7786885,0.0737704,0.0327868,2327500
20.75,200,74,0.2982791,0.3575525,0.003824,0.3652007,0.0898661,0.0592734,0.0994263,0.0384615,0.0692307,0.8,1.672,0.112,280666.6667
23.66666667,225,72,0.2283236,0.2919075,0.0144508,0.3208092,0.0953757,0.0635838,0.1965317,0.0188679,0.0660377,2.1195652,0.0434782,0.0217391,327500
31,185,73,0.2,0.3666666,0,0.2,0.1333333,0.1666666,0.2333333,0,0,0.368421,0.7894736,0.1578947,1519666.667
24.16666667,205,74,0.2829525,0.3637961,0.0351493,0.4674868,0.1282952,0.0808435,0.195079,0.1188811,0.083916,1.6522564,0.0683763,0.0162172,314000
29,177,72,0.2701949,0.3147632,0.016713,0.3844011,0.1309192,0.0445682,0.194986,0.0884955,0.0707964,2.4670462,1.050552,0.0515872,428200
17.33333333,185,74,0.2935323,0.4063018,0.0547263,0.5124378,0.1857379,0.1127694,0.2454394,0.03125,0.0375,1.629661,0.0858474,0.0519491,242787
26.91666667,165,71,0.2700067,0.3300269,0.018286,0.4004048,0.107726,0.0600202,0.0901821,0.0927351,0.0183293,1.4119332,2.7251172,0.1048288,1814357.143
26.41666667,160,72,0.2916666,0.3416666,0.0166666,0.4166666,0.1166666,0.05,0.1361111,0.0901639,0.114754,1.7256637,2.4336283,0.0530973,512500
24.75,210,73,0.1666666,0.2261904,0.0119047,0.2261904,0.1190476,0.0595238,0.2619047,0.0434782,0,1.6666666,0,0,306250
27.08333333,170,73,0.2312373,0.3468559,0.0608519,0.4787018,0.1541582,0.1156186,0.2900608,0.1571428,0.0571428,2.6222222,0.0518518,0.0592592,2296733.4
22.66666667,210,75,0.2,0.2333333,0,0.2666666,0.0666666,0.0333333,0.3333333,0,0.0588235,0.1764705,0.9411764,0,305000
25.33333333,215,78,0.0806451,0.0967741,0,0.0806451,0.016129,0.016129,0.3387096,0,0,0.4285714,1.2142857,0.0357142,1023749.875
26.16666667,175,70,0.2889908,0.4357798,0,0.3715596,0.0733944,0.1467889,0.0963302,0.0490196,0.0098039,1.1312217,1.9509803,0.0867269,305000
26.58333333,215,76,0.3239929,0.4045534,0.0420315,0.5341506,0.17338,0.0805604,0.0630472,0.0136986,0.0684931,8.5034482,0.3862068,0.0551724,2885000
24,185,72,0.1933701,0.2486187,0.0220994,0.3093922,0.116022,0.0552486,0.3259668,0,0.0666666,5.2666666,0.6,0.0333333,302000
30.16666667,185,72,0.2696629,0.4269662,0.0112359,0.3707865,0.1235955,0.1573033,0.1123595,0,0,6.8620689,0.3793103,0.0344827,354142.8571
19.25,200,73,0.2558746,0.3159268,0.0208877,0.3681462,0.1018276,0.0600522,0.2402088,0.0232558,0.0077519,1.8699186,2.4471544,0.0894308,300000
25.75,145,71,0.2907801,0.4237588,0.003546,0.3475177,0.0833333,0.1329787,0.1205673,0.14,0.0066666,1.8581081,2.7432432,0.0405405,1791074.111
33.58333333,185,73,0.271012,0.3584905,0.0600343,0.5351629,0.2246998,0.0874785,0.193825,0,0.0405405,0.8378378,2.1351351,0.0405405,2979730.769
28.5,165,70,0.2441471,0.2909698,0.0167224,0.3779264,0.0869565,0.0468227,0.1705685,0.009009,0,0.9231458,1.8724841,0.0706506,411000
24.25,225,75,0.1354166,0.25,0.03125,0.2604166,0.0833333,0.1145833,0.3125,0,0.03125,6.1935483,0.3870967,0.0645161,266000
26.33333333,170,72,0.2931726,0.3614457,0.004016,0.3895582,0.1044176,0.068273,0.1325301,0.0133333,0.0533333,1.6341463,0.0243902,0.0487804,1219642.857
26.66666667,165,73,0.265,0.36,0.015,0.375,0.115,0.095,0.205,0.0526315,0,0.80559,0.0434782,0,1892550
22.16666667,165,72,0.2768924,0.3366533,0.0099601,0.3705179,0.067729,0.0597609,0.0796812,0.2424242,0.0075757,2.3700787,0.0708661,0.03937,300000
24,204,72,0.2757894,0.4757894,0.0610526,0.5010526,0.1621052,0.2,0.208421,0.048,0.024,0.904,2.208,0.104,2031833.333
27.25,175,71,0.2098765,0.2716049,0,0.2592592,0.1419753,0.0617283,0.2345679,0,0,6.4754098,0.4754098,0.0655737,241333.3333
21.25,235,77,0.2158764,0.3971128,0.0266903,0.3682986,0.1195614,0.1812363,0.2839512,0.0052631,0.0319184,7.5505617,0.4477283,0.0666829,307500
23,170,73,0.2624113,0.3173758,0.0070921,0.3634751,0.0868794,0.0549645,0.1046099,0.0194805,0.012987,1.3984962,2.6503759,0.1090225,335000
31.75,190,74,0.2133333,0.28,0.0133333,0.2933333,0.0933333,0.0666666,0.1866666,0,0,0.7272727,0.9090909,0,3070954.545
27.33333333,195,74,0.2804532,0.4305949,0.01983,0.3966005,0.1303116,0.1501416,0.1359773,0.1086956,0.0652173,1.7804878,0.0325203,0.0325203,307166.6667
28.5,240,79,0.2213438,0.3241106,0.0632411,0.458498,0.1936758,0.1027667,0.3636363,0,0.0188679,6.090909,0.4949494,0.040404,2221125
30.08333333,183,72,0.2787456,0.3623693,0.0139372,0.3972125,0.0940766,0.0836236,0.21777,0.0684931,0.0273972,1.4791666,2.9027777,0.0625,2228000
26.66666667,195,75,0.1454545,0.1636363,0,0.1636363,0.0363636,0.0181818,0.5272727,0,0,0.5333333,0.7,0.1,2366833.333
38.66666667,220,76,0.1666666,0.2083333,0,0.1805555,0.0972222,0.0416666,0.3333333,0,0,0.3636363,0.7272727,0,5150050
34.5,220,73,0.2802303,0.3723608,0.0268714,0.4318618,0.159309,0.0921305,0.149712,0.0357142,0.0142857,5.1973155,0.4687169,0.0411117,2159583.333
25.08333333,180,71,0.1818181,0.2727272,0,0.2363636,0.0727272,0.090909,0.3454545,0,0,2.25,0,0,252500
21.16666667,175,75,0.117647,0.1470588,0,0.117647,0.0294117,0.0294117,0.2941176,0,0,0.6875,1.3125,0,300000
25.83333333,180,72,0.2641975,0.3802469,0.0246913,0.3802469,0.1160493,0.1160493,0.1012345,0.0217391,0.1304347,1.8913043,2.4782608,0.057971,705000
29.83333333,190,74,0.1969696,0.2424242,0.0151515,0.2878787,0.090909,0.0454545,0.2878787,0.037037,0.074074,8.076923,0.3076923,0.076923,1471954.636
21.16666667,175,72,0.2272727,0.2727272,0.0757575,0.5,0.1212121,0.0454545,0.3030303,0,0.0277777,4.2083333,0.1666666,0.0416666,303000
30.66666667,180,72,0.2410147,0.3657505,0.0042283,0.3150105,0.0486257,0.1247357,0.1860465,0.1214285,0.0357142,1.2790697,2.7674418,0.0697674,1296666.833
19.66666667,219,74,0.2955271,0.3514376,0.0175718,0.4504792,0.0878594,0.0559105,0.1293929,0.3881578,0.0065789,2.3896174,0.0204918,0.020765,310000
22.33333333,195,74,0.2387755,0.3081632,0.0428571,0.4183673,0.1408163,0.0693877,0.1653061,0.0069444,0.0694444,0.6319444,1.6875,0.0833333,327500
21.41666667,170,71,0.1645569,0.1645569,0,0.2151898,0.0253164,0,0.2531645,0.0384615,0,0.9158248,1.4191919,0.0555555,309000
21.91666667,185,72,0.2973523,0.370672,0.0305498,0.4460285,0.1446028,0.0733197,0.1405295,0.1438848,0,2.18502,0.0429844,0.0212765,319400
20.08333333,195,75,0.2385321,0.3449541,0.0403669,0.425688,0.1174311,0.106422,0.2587155,0.0463576,0.0596026,1.602649,3.3443708,0.1258278,300500
24.66666667,185,71,0.1509433,0.1886792,0.0377358,0.3018867,0.1320754,0.0377358,0.245283,0.0363636,0.0181818,0.8053535,0,0.0277777,301400
28.91666667,184,72,0.2921914,0.3350125,0.0176322,0.4307304,0.138539,0.0428211,0.0806045,0.007874,0.023622,1.2211538,2.576923,0.076923,1132142.857
27.08333333,175,72,0.2244897,0.3333333,0.0204081,0.340136,0.1904761,0.1088435,0.292517,0,0.0416666,1.3461538,0.0384615,0,265625
26.33333333,190,72,0.2422018,0.3816513,0.0385321,0.4330275,0.1431192,0.1394495,0.2146788,0.0718954,0.0130718,2.0662251,0.0662251,0.0662251,1571250
21.25,202,74,0.2625368,0.3716814,0.0353982,0.439528,0.1327433,0.1091445,0.218289,0.0434782,0.0260869,0.9462209,1.7701065,0.1126453,305000
27.91666667,175,72,0.3043478,0.426731,0.0322061,0.4766505,0.1513687,0.1223832,0.1143317,0.1266666,0.0133333,2.3581081,0.0337837,0.0337837,3693900
28.16666667,201,73,0.2266666,0.36,0.0266666,0.4133333,0.1066666,0.1333333,0.28,0,0.0333333,7.1428571,0.7142857,0.1428571,697500
28,185,72,0.2771929,0.4385964,0.0245614,0.4175438,0.1192982,0.1614035,0.1894736,0.1666666,0,1.5117152,0.0200412,0.0138888,260833.3333
23.25,215,76,0.1610795,0.234659,0.01875,0.2454545,0.080303,0.0735795,0.2613636,0.0092592,0.0092592,5.6394878,0.3389487,0.0283018,637000
25.75,190,76,0.015625,0.03125,0,0.015625,0,0.015625,0.671875,0,0,0.4411764,0.7647058,0.0294117,336666.6667
22.83333333,250,77,0.1428571,0.2571428,0,0.1714285,0.0857142,0.1142857,0.2857142,0.08,0,1.1666666,0.0833333,0.0833333,300000
22.5,185,76,0.0344827,0.0344827,0.0344827,0.137931,0.0344827,0,0.5862068,0,0,0.5263157,0.8421052,0,308250
28.5,220,75,0.2685589,0.4192139,0.0698689,0.5349344,0.2161572,0.150655,0.2510917,0,0.1015625,8.675,0.7333333,0.0416666,8629900
28.58333333,165,71,0.2923076,0.4076923,0.0153846,0.3846153,0.1,0.1153846,0.2230769,0.0238095,0,1.2564102,3.2820512,0.2051282,222666.6667
27.83333333,180,70,0.2416918,0.3836858,0.0513595,0.4410876,0.18429,0.1419939,0.265861,0.0841121,0.0467289,1.8095238,0,0.0238095,500000
25.16666667,195,73,0.2394822,0.3139158,0.0097087,0.3203883,0.1003236,0.0744336,0.171521,0.0084745,0.0254237,0.6420454,1.6931818,0.1603534,429166.6667
29.08333333,190,72,0.1666666,0.3333333,0,0.2777777,0,0.1666666,0.1666666,0,0,0.0657894,0.1995613,0.0131578,1598166.667
29,165,70,0.2230215,0.3021582,0.0071942,0.3021582,0.0791366,0.0791366,0.0719424,0.0363636,0.0727272,6,0.4318181,0.0681818,1057750
31.41666667,205,74,0.1363636,0.2727272,0,0.2272727,0.090909,0.1363636,0.1363636,0,0,3.3333333,0.5,0,472142.8571
24.25,190,74,0.0666666,0.1333333,0,0.0666666,0,0.0666666,0.4666666,0,0,0.25,1,0,225000
25.91666667,195,73,0.3050193,0.5328185,0.0598455,0.569498,0.1795366,0.2277992,0.2239382,0.0827586,0.0344827,2.0072463,0.0869565,0.0217391,2881948
21.91666667,240,78,0.265845,0.4559859,0.0809859,0.5686619,0.1795774,0.1901408,0.3433098,0.037267,0.0310559,1.6025641,0.0641025,0.051282,365000
29.91666667,170,68,0.2823779,0.403397,0.0360934,0.4840764,0.1380042,0.1210191,0.1273885,0.0833333,0.05,2.0508474,2.6694915,0.1355932,3850400
25.66666667,188,70,0.2317073,0.2804878,0.0243902,0.402439,0.0487804,0.0487804,0.2804878,0.0754716,0,0.2727272,1.090909,0.3636363,252500
26.08333333,210,76,0.2650375,0.3571428,0.043233,0.4642857,0.1503759,0.0921052,0.2406015,0.029197,0.029197,1.9253731,0.022388,0.0149253,4152666.778
31.91666667,185,71,0.2376681,0.3452914,0.0403587,0.4573991,0.1928251,0.1076233,0.1614349,0.0408163,0.0816326,2.7103703,1.3881481,0.0992592,2042500
23.91666667,190,74,0.203125,0.296875,0,0.3125,0.125,0.09375,0.25,0.0555555,0.0277777,0.3636363,0.6969696,0.060606,697500
25.08333333,170,66,0.2756183,0.3498233,0.0035335,0.3321554,0.0618374,0.0742049,0.0865724,0.112676,0.0915492,1.4347826,2.2391304,0.0434782,763750
30.5,190,73,0.3012048,0.504016,0.0843373,0.6425702,0.2228915,0.2028112,0.3012048,0.0522875,0.0326797,2.1506849,0.0753424,0.0273972,3800194.333
24.25,160,74,0.2360339,0.3215663,0.0294367,0.3989583,0.125733,0.0855324,0.1849151,0.03785,0.053868,1.9805194,0.0507305,0.0468073,1956142.857
25.66666667,210,74,0.2749391,0.3625304,0.0243309,0.4111922,0.1605839,0.0875912,0.1119221,0.0458015,0,0.6779661,1.3898305,0.1101694,293333.3333
26.5,195,74,0.2949494,0.3696969,0.0141414,0.4,0.1393939,0.0747474,0.1494949,0.128,0.032,7.9516129,0.532258,0.032258,3590625
22.75,180,73,0.2105263,0.3618421,0.0065789,0.3092105,0.0789473,0.1513157,0.2763157,0.0217391,0.0217391,2.1681547,0.2589285,0.03125,253850
27.16666667,185,74,0.2361111,0.25,0,0.3055555,0.0277777,0.0138888,0.1527777,0,0,0.4117647,0.7941176,0.0294117,1885550
24.5,195,71,0.3138528,0.3982683,0.0194805,0.4502164,0.1645021,0.0844155,0.1428571,0,0.0820895,5.8345864,0.330827,0.0676691,312500
23.16666667,156,72,0.2734375,0.3177083,0.0208333,0.3854166,0.0807291,0.0442708,0.1458333,0.125,0.0865384,1.3838383,2.8181818,0.1010101,368375
29.5,190,72,0.2591011,0.3165712,0.0241077,0.4000153,0.1232999,0.05747,0.1592186,0.0116279,0.122242,1.9530074,0.06203,0.0883458,3121694.333
37.08333333,195,73,0.1904761,0.2380952,0,0.1904761,0.047619,0.047619,0.4285714,0,0,0.175,0.6,0,2106269.308
25.33333333,180,73,0.2763419,0.3220675,0.0437375,0.4850894,0.166998,0.0457256,0.168986,0.0347222,0,3.0020074,1.5555555,0.1267506,399500
26.25,189,73,0.1838005,0.3138629,0.0140186,0.2468847,0.0607476,0.1300622,0.241433,0,0.0516193,1.5384615,0,0.076923,600833.3333
22.08333333,155,69,0.2963604,0.3812824,0.0086655,0.4194107,0.1039861,0.084922,0.1629116,0.2297297,0,1.2837018,1.3370819,0.0854824,320000
35.25,180,74,0.2690726,0.3654525,0.0574831,0.4905852,0.1620844,0.0963799,0.1313206,0.0470821,0.0048076,2.3570167,0.0242718,0.0187996,3384459
33.83333333,195,73,0.2519685,0.2913385,0.047244,0.4645669,0.1259842,0.03937,0.1968503,0,0.0212765,5.5434782,0.4130434,0.0652173,1267909.167
29,230,76,0.260101,0.3787878,0.0454545,0.4621212,0.1590909,0.1186868,0.260101,0.0973451,0.0973451,1.5471698,0.0471698,0.0188679,2783625
25,205,74,0.0754716,0.0754716,0,0.0943396,0.0566037,0,0.245283,0,0,0.40625,1.125,0.0625,289000
30.41666667,185,73,0.205298,0.2649006,0.013245,0.2847682,0.0596026,0.0596026,0.2251655,0,0.037037,5.372549,0.2156862,0.0588235,1088750
22.08333333,160,73,0.095238,0.1190476,0,0.095238,0,0.0238095,0.3809523,0,0,0.1481481,0.7407407,0,294833.3333
42.66666667,165,72,0.309375,0.421875,0.01875,0.440625,0.178125,0.1125,0.2125,0.032,0.008,7.4642857,0.5714285,0.0238095,1394231.813
24.25,185,70,0.2772277,0.4099009,0.0059405,0.3683168,0.0554455,0.1326732,0.1742574,0.2587412,0.083916,1.6763974,0.7375672,0.0563146,260000
23.83333333,165,70,0.2788632,0.3818827,0.0248667,0.4138543,0.1047957,0.1030195,0.1261101,0.2027972,0.006993,1.4656488,3.1374045,0.1832061,1372000
27.75,171,70,0.2521739,0.2608695,0.0086956,0.3304347,0.0869565,0.0086956,0.1391304,0.02,0.02,1.3472727,2.3036363,0.170909,237833.3333
25.83333333,200,72,0.2232481,0.2795927,0.0409564,0.3747632,0.1406249,0.0563446,0.2047821,0.0241935,0,1.6921568,0,0.0294117,494416.6667
27.58333333,165,72,0.3087412,0.382867,0.0281468,0.4772727,0.1279137,0.0741258,0.0937062,0.0495715,0.0758873,1.5241312,2.2136421,0.1167953,5020444.444
22.08333333,165,69,0.25,0.3166666,0,0.3,0.1166666,0.0666666,0.2166666,0,0,0.5333333,1.4,0.1333333,301000
23.75,190,72,0.2515592,0.3638253,0.022869,0.4054054,0.1060291,0.1122661,0.1226611,0.0970149,0.0522388,2.0670903,0.029661,0.0169491,325600
29.08333333,200,74,0.2083333,0.3863636,0.0454545,0.3787878,0.1515151,0.1780303,0.2348484,0,0.1,7.9148936,0.2978723,0.0851063,4434471.2
23.25,200,72,0.2456647,0.3294797,0.0289017,0.3786127,0.1358381,0.083815,0.184971,0.0103092,0.0103092,4.8430735,0.5097402,0.0508657,851875
29.08333333,195,70,0.2840722,0.4302134,0.0377668,0.4745484,0.1543513,0.1461412,0.1313628,0.062893,0.0251572,2.0314465,0.0503144,0.0440251,3669033.5
22.41666667,180,68,0.3113456,0.4063324,0.0211081,0.4432717,0.126649,0.0949868,0.1846965,0.1666666,0.0882352,1.9175257,2.9793814,0.1237113,318833.3333
25.66666667,195,74,0.28125,0.375,0,0.34375,0.125,0.09375,0.15625,0,0,5.8181818,0.3636363,0,265000
24.41666667,190,70,0.261658,0.3575129,0.0492227,0.4792746,0.1554404,0.0958549,0.2590673,0.0707964,0.0530973,1.1404648,2.0269897,0.0874704,342166.5
30.66666667,170,74,0.2098765,0.2592592,0.0123456,0.265432,0.0864197,0.0493827,0.1296296,0.091954,0,1.6497252,0,0,1442500
24.66666667,245,77,0.2512077,0.4009661,0.0869565,0.5748792,0.2028985,0.1497584,0.2512077,0.0344827,0.0517241,0.5789473,1.4210526,0.1052631,3293214.286
34.25,190,73,0.2037037,0.3888888,0,0.2407407,0.1481481,0.1851851,0.1851851,0,0,0.3030303,1.4848484,0.030303,5132224.722
24.33333333,185,72,0.3205128,0.4059829,0.0299145,0.4786324,0.1880341,0.08547,0.1581196,0,0.0181818,2.6987946,0.1103895,0.0499108,302000
29.5,183,73,0.2815249,0.3636363,0.0087976,0.346041,0.1085043,0.0821114,0.1202346,0.0275229,0.0183486,3.47095,1.6534517,0.1175666,1065750
27.33333333,180,72,0.2105229,0.2698944,0.0177769,0.3507158,0.1042503,0.0593715,0.2343404,0.0185328,0.0095238,1.4643734,2.1730821,0.105651,2524488.636
23.16666667,170,72,0.231729,0.2798573,0.0409982,0.4188948,0.1408199,0.0481283,0.2245989,0.0188679,0.0251572,1.4240506,2.6898734,0.1012658,1023000
31.83333333,210,75,0.2755905,0.3464566,0.03937,0.4409448,0.1338582,0.0708661,0.1496062,0,0.030303,1.7931034,0.1034482,0.1034482,6174107.143
33.75,180,74,0.2585751,0.4379947,0.0448548,0.4934036,0.126649,0.1794195,0.1530343,0.0190476,0.0190476,1.5576923,0.0192307,0.0576923,2534285.643
21.5,170,71,0.2919254,0.3385093,0.037267,0.468944,0.1242236,0.0465838,0.2080745,0.0098039,0.0392156,1.25101,0.8916666,0.0201388,300000
32.58333333,170,73,0.2,0.2761904,0,0.2761904,0.0285714,0.0761904,0.2095238,0.064935,0,0.8571428,0,0,1407666.727
24.41666667,200,75,0.2196531,0.3294797,0.0404624,0.3815028,0.1156069,0.1098265,0.2890173,0,0,1.2,0,0.0333333,301000
28.5,175,73,0.2625899,0.3597122,0.0107913,0.3345323,0.0935251,0.0971223,0.1366906,0.1333333,0.04,2.4666666,2.92,0.0666666,450312.5
21.83333333,210,71,0.2727272,0.3822314,0.0309917,0.4462809,0.1342975,0.1095041,0.1942148,0.0287769,0.0575539,1.3014705,2.8014705,0.1470588,300500
28.91666667,190,76,0.2661016,0.3864406,0.0474576,0.459322,0.1457627,0.1203389,0.1932203,0.0318471,0.0509554,4.7338011,0.2579694,0.0417532,6089069.583
29.41666667,195,70,0.2820512,0.3487179,0.051282,0.5076923,0.1794871,0.0666666,0.1948717,0,0,4.8679245,0.2641509,0.0566037,331166.6667
24.41666667,220,76,0.2553418,0.3386752,0.0462072,0.4885149,0.2494658,0.0833333,0.2951388,0,0.0666666,1.6307692,0,0.0615384,2024571.429
31.91666667,205,75,0.2533333,0.4,0.0666666,0.5133333,0.2,0.1466666,0.2233333,0.0120481,0.0240963,2.2763157,0.0526315,0.0131578,6728728.375
33.33333333,190,71,0.2793594,0.3451957,0.0391459,0.4501779,0.1601423,0.0658362,0.1476868,0.0206896,0.0068965,2.4014084,0.0211267,0.0140845,3279766.667
30.5,185,73,0.3073929,0.3657587,0.0233463,0.4319066,0.0894941,0.0583657,0.1245136,0.0123456,0.0123456,1.7894736,2.4473684,0.0657894,2271400
24.16666667,218,74,0.3366013,0.4215686,0.0637254,0.5980392,0.2058823,0.0849673,0.120915,0.0961538,0.051282,2.1538461,0.090909,0.062937,5178750
28.83333333,200,70,0.1555555,0.2814814,0.037037,0.2962962,0.0962962,0.1259259,0.3111111,0.0238095,0.0714285,2.1578947,0.0789473,0.0789473,320000
25.75,180,73,0.3180076,0.4176245,0.0383141,0.5421455,0.1858237,0.0996168,0.1666666,0.0882352,0.0147058,1.6222222,3.0888888,0.1259259,1181666.667
24.41666667,165,71,0.2938053,0.359292,0.0477876,0.4973451,0.1840707,0.0654867,0.1628318,0.0337837,0.1013513,1.9703703,0.0666666,0.0444444,690000
30.41666667,175,73,0.2248015,0.2974206,0,0.2531746,0.0771825,0.072619,0.138492,0.0238095,0.0208333,1.3968253,2.079365,0,1697833.417
22.25,195,72,0.2743055,0.3263888,0.0138888,0.3836805,0.0798611,0.0520833,0.1111111,0.0689655,0.0068965,1.6137931,3.0344827,0.0827586,1405000
23.5,240,75,0.3112033,0.4522821,0.0580912,0.5829875,0.226141,0.1410788,0.2302904,0.0214285,0.1214285,7.3636363,0.8181818,0,309250
24.41666667,175,70,0.3031358,0.4041811,0.0069686,0.3972125,0.0836236,0.1010452,0.1010452,0.1511627,0.0930232,2.0432098,1.0524691,0.0277777,788000
22,175,72,0.2384615,0.2897435,0.0230769,0.3743589,0.1358974,0.051282,0.3051282,0.095238,0.0079365,1.346683,2.465045,0.1926781,310000
25.83333333,205,75,0.2549504,0.3143564,0.0198019,0.3663366,0.1485148,0.0594059,0.1014851,0,0.0420168,5.7647058,0.3193277,0.0504201,276666.6667
31.91666667,160,70,0.2017543,0.2631578,0.0350877,0.3508771,0.114035,0.0614035,0.2631578,0.0217391,0,0.7878787,1.3939393,0.3030303,747285.7143
29.25,195,72,0.2105263,0.368421,0.0315789,0.3578947,0.0631578,0.1578947,0.2315789,0.025,0.075,1.95,0.1,0,2624916.583
23.41666667,180,71,0.2410256,0.3076923,0.0205128,0.4051282,0.0923076,0.0666666,0.2,0.048387,0,4.2355072,0.2699275,0.0525362,315000
28.75,180,70,0.171875,0.21875,0.03125,0.3125,0.109375,0.046875,0.359375,0,0,0.4482758,1.275862,0.0689655,5203878.583
22.41666667,240,79,0.0701754,0.0701754,0,0.0877192,0,0,0.5789473,0,0,0.3571428,0.75,0,360000
22.5,175,69,0.2616136,0.386308,0.0048899,0.3227383,0.0660146,0.1246943,0.193154,0.1472868,0.0077519,1.8341454,1.2291978,0.0389804,318500
22.25,240,74,0.2872807,0.3486842,0.0285087,0.4210526,0.120614,0.0614035,0.1951754,0.0083333,0.0666666,8.3561643,0.7123287,0.0547945,308750
32,185,73,0.2836363,0.4145454,0.0272727,0.42,0.1490909,0.130909,0.0872727,0,0.0328947,8.6554054,0.581081,0.0675675,929375
24.41666667,230,76,0.2627737,0.3503649,0.0145985,0.3613138,0.1021897,0.0875912,0.2189781,0,0.0543478,0.6818181,1.590909,0.2424242,680625
27.66666667,195,74,0.3473491,0.5795246,0.0585009,0.619744,0.1755027,0.2321755,0.131627,0.0194805,0.0194805,8.862745,0.9411764,0.0261437,4317500
29,195,75,0.1,0.1,0,0.1,0.0333333,0,0.4,0,0.0222222,0.1914893,0.2127659,0,2373499.875
31.58333333,180,73,0.2890995,0.4123222,0.0616113,0.5402843,0.1374407,0.1232227,0.2890995,0.0315789,0.0105263,0.8562393,1.6422222,0.0523076,1380454.455
25.16666667,220,74,0.2469135,0.2592592,0.0123456,0.3703703,0.1234567,0.0123456,0.0987654,0,0,0.6,1.7428571,0.0571428,2775000
24.41666667,227,72,0.2760416,0.3671875,0.046875,0.4765625,0.1640625,0.0911458,0.1171875,0.009009,0.045045,6.9722222,0.324074,0.0555555,996416.6667
22.25,215,77,0.1304347,0.1449275,0.0289855,0.2608695,0.0724637,0.0144927,0.347826,0,0.0344827,6,0.25,0.25,300000
25.58333333,190,75,0.2423382,0.3267184,0.0424576,0.4375116,0.1556237,0.0843802,0.2504497,0.0260625,0.0290697,1.8710197,0.0959552,0.0419534,3863750
30.66666667,180,71,0.2455357,0.4017857,0.0267857,0.3883928,0.1428571,0.15625,0.1875,0.0381679,0.0534351,1.9391304,0.1130434,0.0521739,4320400
22.33333333,190,70,0.2660944,0.3519313,0.0085836,0.3390557,0.1158798,0.0858369,0.1673819,0,0.095238,1.075,1.5925,0.0325,315000
25.58333333,200,73,0.3096085,0.3523131,0.0266903,0.4644128,0.1423487,0.0427046,0.0871886,0.0135135,0.081081,4.4779972,1.1277503,0.1378535,733500
23.66666667,225,74,0.245614,0.3403508,0.0263157,0.3754385,0.1210526,0.0947368,0.191228,0.0774193,0.0258064,0.6993464,1.5882352,0.0522875,566666.6667
30.33333333,176,70,0.2021276,0.2765957,0,0.2234042,0.0425531,0.074468,0.2127659,0,0,0.975,0.9615384,0.1403846,468272.7273
27.33333333,195,74,0.3175675,0.4324324,0.054054,0.5472972,0.1486486,0.1148648,0.1756756,0.0175438,0.0175438,1.6875,0.0625,0,1179500
24,185,72,0.2699386,0.3742331,0.0245398,0.4376278,0.1186094,0.1042944,0.2004089,0.0518518,0.0296296,2.0751879,3.3759398,0.0902255,317500
25,221,76,0.2966666,0.39,0.0483333,0.4933333,0.1733333,0.0933333,0.1233333,0.0318471,0.0382165,3.8439201,1.0966424,0.0821233,1495833.5
25.58333333,205,74,0.2711538,0.3480769,0.0442307,0.475,0.1557692,0.076923,0.1942307,0.1521739,0.0507246,2.4682539,0.0396825,0.031746,2384166.667
28.5,210,74,0.3035343,0.3783783,0.033264,0.4719334,0.1288981,0.074844,0.1496881,0.00813,0.0243902,2.0636363,0.090909,0.0363636,1218809.571
20,150,69,0.2644135,0.3439363,0.0318091,0.4493041,0.1093439,0.0795228,0.222664,0.0915492,0.0070422,1.5801242,2.7946169,0.1440993,302500
23.41666667,185,71,0.2867647,0.365196,0.0318627,0.4534313,0.1568627,0.0784313,0.1764705,0.0381679,0.0305343,2.5921406,0.8896714,0.0804355,285000
27.75,190,72,0.1272727,0.1454545,0.0181818,0.1818181,0.1090909,0.0181818,0.4363636,0,0,0.1612903,0.516129,0,2150000
20.16666667,155,69,0.2880597,0.3522388,0.0059701,0.380597,0.0925373,0.0641791,0.1044776,0.1572327,0,1.4716981,2.7044025,0.062893,302833.3333
26.58333333,204,73,0.2641815,0.3387358,0.0437601,0.4732576,0.1507293,0.0745542,0.2463533,0.0191082,0.0764331,1.6730769,0.0641025,0.0064102,3133000
22.58333333,242,74,0.2394366,0.2676056,0.0140845,0.3380281,0.084507,0.028169,0.2253521,0,0,0.5454545,0.7575757,0.030303,290333.3333
26.5,175,75,0.2923794,0.3639191,0.0357698,0.4712286,0.1213063,0.0715396,0.1539657,0.1493506,0.090909,1.7727272,2.5454545,0.0844155,8647777.778
24,194,72,0.2699822,0.4156305,0.0213143,0.3943161,0.1190053,0.1456483,0.1758436,0.0855263,0.0131578,2.0410958,2.6643835,0.0479452,520000
29.58333333,215,74,0.2360655,0.3967213,0.0426229,0.4295081,0.1540983,0.1606557,0.2983606,0.0183486,0.0458715,5.7472527,0.4835164,0.076923,3475681.818
22.75,224,75,0.250996,0.4103585,0.0278884,0.3984063,0.1314741,0.1593625,0.2310756,0.0821917,0.0410958,8.4657534,0.589041,0.0547945,508687.5
37.75,225,82,0.125,0.175,0,0.1625,0.075,0.05,0.4625,0,0,0.1428571,0.5714285,0,6980468.75
25,180,70,0.2700186,0.3221601,0.0186219,0.3798882,0.113594,0.0521415,0.1824953,0.0425531,0.0851063,1.9431454,0.0582086,0.0179852,318000
23.33333333,170,73,0.2614035,0.3859649,0.0508771,0.4877192,0.1596491,0.1245614,0.2578947,0.038961,0.0194805,2.525974,0.064935,0.0194805,5245166.667
28.33333333,185,75,0.2478813,0.4258474,0.0635593,0.4851694,0.2033898,0.1779661,0.2033898,0.0145985,0.029197,0.9055315,0.9563577,0.03125,5374194.333
25.33333333,176,70,0.254054,0.3261261,0.0432432,0.427027,0.1441441,0.072072,0.2108108,0.0860927,0.0662251,2.2269503,0.0354609,0.0141843,1352083.333
33.25,205,73,0.2216981,0.2971698,0.0235849,0.3632075,0.1084905,0.0754716,0.1650943,0.0327868,0.0163934,2.1363636,0.0227272,0.0227272,3895948.769
25.66666667,208,74,0.2724137,0.3241379,0.0206896,0.3896551,0.1137931,0.0517241,0.1689655,0.0367647,0.0147058,1.1502728,0.0361094,0.0458163,1159166.667
33.91666667,216,76,0.1941747,0.2621359,0.0194174,0.3106796,0.1067961,0.0679611,0.1553398,0.025,0,7.5,0.7727272,0.090909,3837230.769
22.25,185,73,0.2469135,0.3271604,0.0123456,0.3641975,0.0802469,0.0802469,0.1790123,0.095238,0,1.9736842,2.9210526,0.0526315,315000
20.41666667,220,75,0.2304147,0.359447,0.0414746,0.4193548,0.1474654,0.1290322,0.3271889,0.03125,0.015625,1.9666666,0.0166666,0.05,375000
26.5,180,72,0.3188153,0.4233449,0.0052264,0.3902439,0.0888501,0.1045296,0.0714285,0.0748299,0.1292517,6.8356164,0.5342465,0.0684931,3695365.222
24.08333333,192,73,0.2777777,0.3653846,0.0213675,0.4059829,0.1025641,0.0876068,0.1965811,0.1041666,0.0902777,1.7708333,2.6944444,0.0833333,971250
21.41666667,225,76,0.125,0.1666666,0,0.1875,0.0833333,0.0416666,0.2916666,0,0,0.3333333,1.2222222,0.1481481,281666.6667
32.25,185,73,0.2888888,0.3796296,0.05,0.5314814,0.1981481,0.0907407,0.1777777,0.0482758,0.0413793,1.9856115,2.6906474,0.0503597,3898961.538
24.66666667,215,73,0.2142857,0.3613445,0.0294117,0.3697478,0.1302521,0.1470588,0.1974789,0.0120481,0.0361445,1.315126,0.0098039,0.0098039,336250
28.5,225,76,0.2698412,0.3492063,0.015873,0.3650793,0.1111111,0.079365,0.2539682,0,0,0.125,0.0625,0,244500
23.75,180,74,0.2142857,0.2142857,0,0.2857142,0.1785714,0,0.3214285,0.0243902,0,0.3953488,0.2790697,0.0697674,303000
29.5,220,75,0.2910447,0.4726368,0.022388,0.4477611,0.1641791,0.181592,0.1666666,0.023622,0.007874,4.4823717,0.4540597,0.0651709,3368791.667
24.25,205,75,0.277087,0.3996447,0.0728241,0.5346358,0.2078152,0.1225577,0.1900532,0.0064516,0.0387096,8.266187,0.5683453,0.0431654,3005714.286
27.5,217,75,0.2511848,0.3672985,0.0592417,0.4952606,0.1682464,0.1161137,0.2440758,0.0762711,0.1016949,0.6869565,1.8,0.0956521,1799166.667
26,180,72,0.3135313,0.4042904,0.0247524,0.4587458,0.1039603,0.090759,0.1155115,0.054054,0.0135135,2.3931034,0.075862,0.0413793,2271428.571
21.91666667,195,74,0.2244897,0.3061224,0.0068027,0.2857142,0.1088435,0.0816326,0.2380952,0,0.0408163,5.6122448,0.3877551,0.1020408,300000
31.91666667,195,75,0.2136752,0.2735042,0.025641,0.3076923,0.1452991,0.059829,0.2393162,0,0.0232558,5.6829268,0.5121951,0.0975609,241100
25.66666667,195,73,0.2877697,0.3992805,0.0503597,0.5107913,0.208633,0.1115107,0.2266187,0.0089285,0,0.7192982,1.8596491,0.2280701,396000
25,215,74,0.2720588,0.3897058,0.0294117,0.4632352,0.1397058,0.117647,0.242647,0.0093457,0.0093457,0.774323,0.0190476,0.0095238,307500
33.5,198,71,0.255,0.4,0.03,0.425,0.11,0.145,0.275,0.0217391,0.0217391,1.2424242,0.0151515,0.060606,3413928.643
36.33333333,190,72,0.2890173,0.3872832,0.0231213,0.4190751,0.1271676,0.0982658,0.1127167,0.018018,0.009009,1.2352941,2.5411764,0.0470588,4129868.421
21.91666667,180,75,0.2777777,0.3611111,0.0401234,0.4876543,0.1388888,0.0833333,0.2407407,0,0.0090909,7.5408163,0.4183673,0.0510204,300000
24.41666667,210,72,0.2118644,0.3305084,0.0254237,0.338983,0.118644,0.118644,0.2966101,0.025,0.05,0.6857142,1.4285714,0.1428571,313000
26.25,200,71,0.251282,0.3179487,0.0358974,0.4307692,0.1410256,0.0666666,0.276923,0,0.2105263,5.8378378,0.5315315,0.072072,918000
24.41666667,195,74,0.0967741,0.1451612,0,0.1129032,0.032258,0.048387,0.4032258,0,0,0.3235294,1.117647,0,595000
29.91666667,180,69,0.2774957,0.4027072,0.0338409,0.4213197,0.1184433,0.1252115,0.1421319,0.1533333,0.0733333,1.8525042,0.0808573,0.0384125,2743900
26,225,74,0.2689393,0.3295454,0.0340909,0.4242424,0.1477272,0.060606,0.2272727,0,0.0568181,5.931438,0.1421404,0.0986621,284166.6667
27.91666667,190,73,0.1988801,0.3354808,0.0284552,0.3315692,0.1434268,0.1366006,0.2984352,0.0298276,0.016129,2.2342657,0.1153846,0.0454545,612391.6667
24.5,235,74,0.3045685,0.395939,0.0524534,0.5245346,0.1675126,0.0913705,0.145516,0.0718954,0.0457516,1.9054054,0.0743243,0,2379166.667
25.75,205,77,0.2776859,0.3900826,0.0528925,0.5041322,0.1619834,0.1123966,0.2115702,0.0745341,0.0496894,7.8198757,0.8074534,0.037267,2021952.429
35.83333333,215,75,0.0925925,0.1481481,0,0.1111111,0,0.0555555,0.5555555,0,0,0.2333333,0.8666666,0,3818756.25
25,175,72,0.1818181,0.2121212,0.030303,0.3030303,0.1212121,0.030303,0.2878787,0,0,5.125,0.6875,0,305000
28.25,175,71,0.1464285,0.2059523,0.025,0.295238,0.1238095,0.0595238,0.5988095,0,0,0.5416666,1.4166666,0.0416666,1867500
28.08333333,170,72,0.2710084,0.3487394,0.0357142,0.4474789,0.1281512,0.077731,0.1449579,0.0076335,0.0839694,6.6589147,0.3333333,0.0465116,3387090.818
28.75,170,74,0.1875,0.2083333,0,0.1875,0.0416666,0.0208333,0.3958333,0,0,0.3611111,0.7222222,0,2397271.556
28.33333333,185,70,0.279462,0.348615,0.0223911,0.410235,0.1535338,0.069153,0.0978216,0.0302197,0.0618131,6.5340135,0.4939531,0.0287225,1536000.2
33.41666667,180,72,0.2753623,0.3876811,0.0108695,0.3949275,0.0652173,0.1123188,0.097826,0.0843373,0.0120481,2.4923076,0.0461538,0.0153846,3404285.714
24.16666667,190,73,0.2951388,0.3611111,0.0104166,0.4201388,0.0972222,0.0659722,0.1770833,0.0220588,0.0073529,1.5717213,0.0260538,0.0163934,1666437.5
20.41666667,175,73,0.2424242,0.3371212,0.0265151,0.405303,0.1174242,0.0946969,0.3068181,0.0126582,0.0379746,1.1372549,2.3541666,0.1924019,277500
30.91666667,185,75,0.3160621,0.3972366,0.0397236,0.5025906,0.1485319,0.0811744,0.1675302,0,0.04,6.4242424,0.3712121,0.0378787,3734208.333
30.75,175,71,0.1818181,0.215909,0.0113636,0.2727272,0.090909,0.0340909,0.2272727,0,0.0178571,0.5227272,1.038961,0.2175324,433222.2222
29.66666667,175,72,0.3354838,0.4290322,0.0258064,0.4951612,0.1225806,0.0935483,0.0725806,0.0324675,0.0584415,1.8701298,2.9285714,0.064935,1690550
26.16666667,205,76,0.2926421,0.3996655,0.0451505,0.5050167,0.1421404,0.1070234,0.1287625,0.0316455,0.0379746,0.7597402,1.7662337,0.0454545,2242666.667
22.58333333,203,75,0.22,0.26,0.04,0.38,0.08,0.04,0.28,0,0.1333333,2.1333333,0,0.0666666,304700
25.91666667,165,70,0.2753872,0.3683304,0.0120481,0.3958691,0.1290877,0.0929432,0.182444,0.1337579,0.0318471,1.6503496,2.9510489,0.1748251,973750
20.16666667,170,73,0.2485549,0.3236994,0.017341,0.3641618,0.1271676,0.0751445,0.2138728,0.0722891,0.0240963,0.9627192,1.7664473,0.1111111,300000
30.83333333,195,76,0.2958333,0.4041666,0.0541666,0.5041666,0.1666666,0.1083333,0.2625,0,0.0114942,2.2498351,0.6232142,0.0796245,728666.6667
19.08333333,165,71,0.2678571,0.4464285,0,0.3928571,0.0714285,0.1785714,0.4642857,0.1764705,0,1.3529411,2.117647,0.2352941,300000
27.5,205,73,0.1506849,0.2054794,0.0136986,0.2328767,0.0410958,0.0547945,0.2465753,0,0,4.5142857,0.3714285,0.0285714,217500
28.08333333,173,70,0.2680412,0.2938144,0.0154639,0.3762886,0.113402,0.0257731,0.1958762,0.0408163,0.0204081,1.0361467,0.7735042,0.0185185,547500
24.5,168,70,0.2464358,0.3482688,0.0346232,0.4195519,0.1527494,0.1018329,0.2321792,0.0838709,0.0387096,1.1002803,0.4612361,0.0453787,294666.6667
34.33333333,170,72,0.1594202,0.173913,0,0.1594202,0.0724637,0.0144927,0.173913,0.03125,0,0.6363636,1.6666666,0.030303,6814411.765
22.66666667,185,73,0.2916666,0.3055555,0,0.375,0.125,0.0138888,0.2361111,0.0294117,0,0.65625,0.96875,0.09375,332000
27.91666667,180,73,0.32,0.412,0.04,0.52,0.16,0.092,0.2,0.0444444,0.0111111,1.6710638,0.0825531,0.0106382,906785.7143
28.83333333,187,73,0.2461538,0.3461538,0.0115384,0.3461538,0.1153846,0.1,0.1538461,0.0098039,0.0098039,0.7979452,1.6292808,0.1035958,533000
34,210,74,0.2620087,0.4061135,0.0502183,0.4606986,0.1659388,0.1441048,0.1572052,0.0217391,0.0652173,7.6842105,0.5877192,0.0263157,3776538.462
23,170,74,0.2826923,0.3980769,0.0442307,0.4923076,0.2076923,0.1153846,0.1326923,0,0.0354609,6.5530303,0.4621212,0.0454545,304500
22.16666667,185,72,0.2179862,0.3098728,0.0454545,0.4081133,0.143695,0.0918865,0.1984359,0.015625,0.0575657,1.5878787,0.1696969,0,267500
30.75,205,75,0.2467532,0.3064935,0.012987,0.3480519,0.1298701,0.0597402,0.2155844,0,0.0245901,6.0819672,0.4754098,0.0081967,1216272.727
22.83333333,210,74,0.2242424,0.2818181,0.0181818,0.3333333,0.0848484,0.0575757,0.1818181,0.1348314,0.0561797,2.4719101,0.0337078,0.0112359,477000
26.5,210,74,0.2979452,0.4486301,0.0530821,0.5222602,0.1849315,0.1506849,0.1763698,0.0185185,0.0185185,1.89375,0.05,0.04375,6500000
25.83333333,185,70,0.2717391,0.3586956,0.0152173,0.3956521,0.0956521,0.0869565,0.2108695,0.122807,0.0175438,1.5818181,2.9363636,0.2090909,5033333
26.66666667,210,75,0.275,0.3928571,0.0392857,0.4607142,0.1285714,0.1178571,0.2285714,0.0574712,0.0114942,2.0515151,0.080303,0.0151515,454166.6667
17.33333333,220,76,0.3084112,0.4112149,0.0560747,0.5700934,0.1588785,0.1028037,0.1308411,0.0285714,0.0285714,6.625,0.3125,0.0625,300000
32.33333333,190,73,0.2214095,0.3634751,0,0.2639627,0.0792331,0.1420655,0.2154255,0.0138888,0,5.416312,0.4276595,0.0333333,1070769.231
31.91666667,215,77,0.2582781,0.3509933,0.02649,0.4039735,0.1125827,0.0927152,0.2649006,0.0112359,0.0224719,4.283582,0.4477611,0.0447761,407857.1429
30.25,170,68,0.2192307,0.3108974,0.0064102,0.2801282,0.0416666,0.0916666,0.1737179,0.0444975,0,1.037037,0.037037,0,932111.1111
26.75,175,71,0.204301,0.2473118,0.0215053,0.344086,0.0752688,0.0430107,0.1182795,0,0,0.8333333,2.0416666,0.0833333,264450
28.83333333,170,71,0.2536231,0.3188405,0.0072463,0.3115942,0.115942,0.0652173,0.231884,0.0533333,0,1.5834361,1.4925955,0.0452488,460500
26.08333333,208,72,0.2297297,0.2567567,0,0.2567567,0.081081,0.027027,0.1891891,0,0.0571428,4.1666666,0.6666666,0,300000
36.83333333,195,71,0.248,0.412,0.008,0.328,0.084,0.164,0.132,0,0.012987,1.5169424,2.1603624,0.0823482,1373211.875
29.91666667,172,71,0.1847826,0.2717391,0.0326086,0.3260869,0.1195652,0.0869565,0.2391304,0,0.0192307,1.15,0,0,243000
28.25,185,74,0.2570093,0.3317757,0.0514018,0.4626168,0.1448598,0.0747663,0.2196261,0,0,5.59375,0.28125,0.03125,357500
22.08333333,215,72,0.2785388,0.3538812,0.0593607,0.5388127,0.1621004,0.0753424,0.1438356,0,0.048,1.7128727,0.0591904,0.0094339,336250
29.08333333,175,69,0.1958782,0.2873009,0.0190677,0.2975731,0.0681176,0.0914226,0.2144324,0,0.0595882,1.663492,2.2246031,0.0515872,291100
29.33333333,194,70,0.2894736,0.3631578,0.0210526,0.4263157,0.1473684,0.0736842,0.2157894,0.0140845,0.0422535,6.7142857,0.3333333,0.0238095,356000
24.41666667,204,72,0.2742474,0.4147157,0.0334448,0.4147157,0.1337792,0.1404682,0.2675585,0.0173913,0.0173913,1.7496114,0.0609945,0.0227272,320000
26.5,200,74,0.230716,0.3443464,0.0134756,0.3402165,0.090743,0.1136303,0.1510135,0.0128205,0.0294348,7.09008,0.5062171,0.0366122,1050000
25,170,68,0.2931034,0.348659,0.0114942,0.367816,0.0900383,0.0555555,0.1015325,0.0895522,0.0149253,2.1328125,2.7578125,0.078125,300000
29.75,210,72,0.297244,0.4094488,0.035433,0.4744094,0.1456692,0.1122047,0.1791338,0.0066666,0.1133333,3.2496925,0.2862538,0.0471673,1076428.571
24.25,220,73,0.025641,0.1794871,0,0.025641,0.076923,0.1538461,0.3076923,0,0.2307692,7,0.4166666,0.0833333,317000
31.83333333,202,75,0.2720403,0.370277,0.02267,0.4030226,0.1460957,0.0982367,0.2191435,0,0.0181818,6.4311926,0.4495412,0.0091743,1308437.5
24.75,185,74,0.2592592,0.2592592,0,0.2592592,0.1111111,0,0.2222222,0,0,0.4666666,0.7333333,0,1129000
27,205,76,0.173913,0.2173913,0,0.2173913,0.0217391,0.0434782,0.5652173,0,0,0.4,0.76,0,4103571.429
25.66666667,220,75,0.1538461,0.2153846,0,0.1692307,0.076923,0.0615384,0.4461538,0,0,0.117647,0.6764705,0,3120714.286
26.08333333,230,79,0.2413793,0.4482758,0,0.275862,0.1034482,0.2068965,0.3103448,0,0.1666666,7.7058823,0.5294117,0,201500
30.83333333,205,73,0.28125,0.4,0.05625,0.525,0.2,0.11875,0.2875,0,0.0508474,5.3773584,0.3396226,0.0377358,443928.5714
19.16666667,210,76,0.0666666,0.1333333,0,0.1333333,0,0.0666666,0.5333333,0,0,0.6666666,0.8333333,0,305000
25.16666667,210,75,0.2082018,0.2744479,0.0157728,0.3028391,0.0851735,0.066246,0.2334384,0,0.0396039,7.18,0.46,0.01,295000
24.5,210,72,0.2737642,0.4486692,0.0266159,0.4372623,0.1064638,0.1749049,0.243346,0,0.068376,1.4486257,0.0596194,0.0272727,285833.3333
26.58333333,210,71,0.2759643,0.3293768,0.0296735,0.4035608,0.1602373,0.0534124,0.1038575,0,0.0206185,6.7078651,0.6292134,0.0337078,760000
25.5,215,74,0.2610837,0.3103448,0.0147783,0.3743842,0.1231527,0.049261,0.2561576,0.0547945,0,6.3,0.5285714,0.0428571,265000
29.25,202,71,0.2002376,0.2852049,0.0248068,0.3297682,0.0854129,0.0849673,0.1951871,0,0.0625,1.7083333,0.0833333,0.1130952,5455833.333
23.16666667,195,73,0.2930648,0.3579418,0.0402684,0.4876957,0.1610738,0.0648769,0.1767337,0.0234375,0.015625,1.8469694,0.0370817,0.0606334,335000
28.16666667,180,71,0.34,0.46,0.0490909,0.5618181,0.1890909,0.12,0.1727272,0.0785714,0.0785714,0.8905109,1.8832116,0.1532846,977666.6
34,175,71,0.2261904,0.297619,0.0119047,0.297619,0.0595238,0.0714285,0.2142857,0,0,0.5263157,0.8421052,0.1052631,298000
26.66666667,210,77,0.1612903,0.2258064,0,0.1774193,0.0967741,0.0645161,0.4193548,0,0,0.53125,0.90625,0.03125,3718750
29.25,175,71,0.283208,0.4110275,0.0300751,0.4461152,0.1428571,0.1278195,0.1403508,0.0181818,0.0363636,1.1555059,2.0580357,0.1800595,1588750
25.5,210,75,0.0689655,0.137931,0,0.0689655,0.0344827,0.0689655,0.3448275,0,0,0.5238095,1,0,241666.6667
23.83333333,220,75,0.211838,0.3021806,0.05919,0.4454828,0.1526479,0.0903426,0.2803738,0.0091743,0.0550458,0.5425531,1.8829787,0.1702127,1593750
20.66666667,215,76,0.1960784,0.2352941,0,0.2745098,0.0196078,0.0392156,0.3333333,0,0,0.46875,0.71875,0,331250
22.91666667,180,72,0.2467532,0.3116883,0.038961,0.4155844,0.1168831,0.064935,0.1688311,0,0.0294117,0.8888888,0.0555555,0.1111111,750000
29.08333333,180,74,0.2888482,0.4095063,0.0475319,0.4917733,0.1919561,0.1206581,0.2212065,0,0.0340136,7.8611111,0.6319444,0.0902777,1948200
27.75,180,70,0.3109919,0.383378,0.0214477,0.4530831,0.1447721,0.072386,0.1930294,0.1157894,0.0421052,1.3794289,0.492647,0.0980392,203000
20.83333333,190,72,0.2479784,0.309973,0.0377358,0.4366576,0.1239892,0.0619946,0.3045822,0.0086956,0.0173913,2,0.036036,0.009009,300000
26.33333333,195,73,0.3154362,0.4161073,0.0402684,0.5100671,0.1543624,0.1006711,0.1610738,0,0.0208333,1.575,0.025,0.025,2010000
32.66666667,210,74,0.1153846,0.1153846,0.0384615,0.2307692,0.0384615,0,0.6538461,0,0,0.2777777,0.7777777,0,3340900
28.58333333,190,73,0.1744186,0.3139534,0.0232558,0.2558139,0.0232558,0.1395348,0.244186,0,0,0.3888888,1.0555555,0.0555555,381250
24.25,160,71,0.2362637,0.2912087,0.010989,0.3186813,0.0714285,0.054945,0.1978021,0.0089285,0,1.3221153,1.670673,0.03125,355833.3333
23.16666667,186,74,0.1990596,0.3259332,0.0191247,0.3002333,0.1046733,0.1268735,0.2726597,0.0086206,0,1.3796296,0.0061728,0.0061728,300000
25,195,74,0.3846153,0.4102564,0,0.4615384,0.1282051,0.025641,0.3589743,0,0,0.44,0.48,0,314000
24.25,180,73,0.08,0.12,0,0.08,0,0.04,0.32,0.0714285,0,0.2666666,0.7333333,0.0666666,785625
27,165,68,0.338983,0.5084745,0.0338983,0.4576271,0.118644,0.1694915,0.0508474,0.0333333,0,0.95,2.15,0.1,226250
25.08333333,190,74,0.2564102,0.3525641,0.051282,0.4294871,0.1666666,0.0961538,0.2179487,0,0.016129,4.8,0.36,0.02,305000
32.66666667,220,77,0.2628492,0.4035019,0.0217736,0.3782473,0.1214138,0.1406527,0.1395196,0,0.0588696,7.4798286,0.6036197,0.0171317,4549577.8
30.83333333,200,74,0.1578947,0.1578947,0,0.1578947,0.0526315,0,0.4210526,0,0,0.0555555,0.6111111,0,2364833.333
22.58333333,180,72,0.2347517,0.3014627,0.0435726,0.4419769,0.1359485,0.0667109,0.2747118,0.0743478,0.03,5.3726707,0.3025732,0.0536823,310000
26.08333333,170,71,0.2920792,0.3712871,0.0445544,0.4851485,0.1831683,0.0792079,0.1089108,0,0.0576923,2.2093023,0.0232558,0.0232558,4288125
29.91666667,160,69,0.1639344,0.1967213,0.0163934,0.262295,0.0819672,0.0327868,0.2295081,0,0,1.4090909,1.7727272,0.1363636,2658937.5
25.91666667,230,76,0.3006872,0.4295532,0.0704467,0.6030927,0.2388316,0.1288659,0.2285223,0,0.0266666,7.4411764,0.617647,0.117647,1239583.333
26.5,210,73,0.1016949,0.118644,0,0.1355932,0.0169491,0.0169491,0.2881355,0,0.03125,0.2058823,1.117647,0,2212857.143
32.83333333,185,72,0.08,0.08,0,0.08,0,0,0.28,0,0,3.9090909,0.2727272,0,419611.1111
23.66666667,170,72,0.140845,0.1830985,0,0.1549295,0.084507,0.0422535,0.2253521,0,0.0285714,0.3888888,0.8888888,0.0833333,1350000
23.08333333,215,74,0.3005181,0.4404145,0.0276338,0.478411,0.150259,0.1398963,0.2210708,0.0125786,0.0125786,8.2848101,0.7151898,0.0696202,313000
23.75,200,74,0.1142857,0.1714285,0,0.1142857,0.0857142,0.0571428,0.4857142,0,0,0.45,0.8,0,875000
31.08333333,155,71,0.2406015,0.3759398,0.0225563,0.3458646,0.0902255,0.1353383,0.1428571,0.0196078,0.0294117,0.8865384,0,0,474750
36.75,188,72,0.2581818,0.4145454,0.0418181,0.4363636,0.16,0.1563636,0.110909,0.012987,0.038961,8.376923,0.7307692,0.0615384,4794222
21.66666667,180,69,0.266244,0.3375594,0.0380348,0.451664,0.1141045,0.0713153,0.266244,0.2038216,0.0318471,2.0636942,0.0509554,0.0063694,357500
22.08333333,183,77,0.1212121,0.1515151,0,0.1212121,0.030303,0.030303,0.5151515,0,0,0.4210526,0.5789473,0.0526315,310000
25.41666667,200,73,0.2428571,0.3428571,0.0285714,0.3714285,0.1428571,0.1,0.2428571,0.0434782,0,3.6216216,0.2432432,0.027027,272500
24.08333333,230,77,0.1911764,0.2058823,0.0294117,0.3235294,0.0882352,0.0147058,0.3529411,0,0.0344827,0.2903225,1,0,1223214.286
28.91666667,185,70,0.2598253,0.3537117,0.0174672,0.3668122,0.1200873,0.0938864,0.1222707,0.013986,0.027972,2.6015625,0.0859375,0.03125,843500
19.41666667,180,73,0.1694915,0.2372881,0,0.1864406,0.0508474,0.0677966,0.2881355,0,0,0.3703703,0.8888888,0.037037,327500
27.66666667,200,73,0.2396694,0.3057851,0.0165289,0.3471074,0.0826446,0.0661157,0.3553719,0.0169491,0.0677966,0.7525252,0.037037,0,310000
22.41666667,210,74,0.2411642,0.3866943,0.056133,0.4719334,0.1704781,0.1455301,0.3035343,0.0492957,0.0211267,8.4592592,0.5703703,0.0444444,280666.6667
18.08333333,215,75,0.2589285,0.3244047,0.0773809,0.5267857,0.1964285,0.0654761,0.3214285,0.0454545,0.0545454,2.2308183,0.0641517,0.0718243,566500
22.41666667,200,76,0.0638297,0.0638297,0,0.0638297,0.0212765,0,0.2765957,0,0,0.6666666,0.7142857,0.047619,1287500
32.41666667,175,73,0.2294117,0.2941176,0.017647,0.3529411,0.0764705,0.0647058,0.1705882,0,0.0405405,4.3939393,0.3333333,0.0454545,417300
27.5,175,72,0.3014713,0.3585802,0.0192637,0.4215289,0.1001111,0.0571088,0.1032459,0.0217391,0,1.4264506,2.6261808,0.0728744,1664611.111
23.5,150,72,0.1129032,0.1451612,0,0.1451612,0.032258,0.032258,0.2741935,0,0,0.1612903,1.4193548,0.032258,1610833.333
19.66666667,160,75,0.1896551,0.2586206,0,0.1896551,0,0.0689655,0.3793103,0,0,0.2333333,0.7,0,313000
25.33333333,167,69,0.2457337,0.2969283,0.0170648,0.3378839,0.1365187,0.0511945,0.0989761,0.0291262,0.0194174,1.3735147,0.088458,0.0411111,455833.3333
28,165,71,0.215909,0.2670454,0.0340909,0.4147727,0.1193181,0.0511363,0.25,0,0.0116279,1.0668448,1.4411764,0.0454545,355571.4286
31.75,210,74,0.2238805,0.3283582,0.0373134,0.3656716,0.1268656,0.1044776,0.141791,0,0.0612244,6.9333333,0.2,0,630333.3333
28.5,235,77,0.173913,0.3043478,0,0.2173913,0.0869565,0.1304347,0.2173913,0,0,0.4,1.1333333,0.0666666,5115400
22.41666667,215,75,0.2699598,0.326784,0.0532336,0.4979482,0.1522301,0.0568242,0.2553077,0,0.0443037,8.4166666,0.1666666,0.1666666,331000
24.75,171,73,0.218232,0.3149171,0.019337,0.3259668,0.0939226,0.096685,0.116022,0,0.0625,6.214156,0.4231699,0.0057471,309000
32.75,197,75,0.265934,0.4153846,0.043956,0.443956,0.1186813,0.1494505,0.1714285,0,0.0155038,6.2517647,0.4173529,0.1088235,7862881.083
23.66666667,180,72,0.3259587,0.3923303,0.0044247,0.4070796,0.0722713,0.0663716,0.0516224,0.2777777,0.0493827,2.2469135,0.0185185,0.0123456,1053750
25,220,75,0.2717622,0.3121019,0.0233545,0.4097664,0.1634819,0.0403397,0.0573248,0,0.1145038,5.9067796,0.4745762,0.0084745,1081250
24.25,170,72,0.24375,0.334375,0.01875,0.3640625,0.0609375,0.090625,0.1640625,0.4545454,0.0454545,2.5620915,0.0326797,0.0261437,350000
25.83333333,168,70,0.2982107,0.3518886,0.0337972,0.4413518,0.1093439,0.0536779,0.0775347,0.0555555,0.095238,1.7879322,2.3944954,0.0137614,1547500
29.66666667,190,74,0.2717149,0.467706,0.0467706,0.481069,0.1804008,0.195991,0.2048997,0.0072992,0.0656934,6.2313432,0.3955223,0.0671641,3757312.5
33.16666667,225,75,0.2578125,0.3984375,0.0234375,0.3671875,0.125,0.140625,0.296875,0,0.0222222,6.0232558,0.1860465,0,437954.5455
33,205,72,0.25,0.25,0,0.325,0.075,0,0.275,0.0285714,0.0285714,1.1333333,0,0,172750
20.75,225,77,0.1388888,0.1944444,0,0.1388888,0,0.0555555,0.5555555,0,0,0.1904761,0.8571428,0,2300000
20.08333333,210,75,0.331081,0.4729729,0.0777027,0.6570945,0.2077702,0.1418918,0.0878378,0.0324675,0.0454545,9.72,0.76,0.0666666,2175000
23.91666667,170,69,0.2527472,0.3846153,0.021978,0.3186813,0.1318681,0.1318681,0.2087912,0.1578947,0,1.2535884,2.3947368,0.0263157,269166.6667
22.5,219,73,0.3180987,0.4076782,0.0658135,0.5776965,0.1882998,0.0895795,0.1133455,0,0.0206896,0.6388888,1.5347222,0.0694444,1697500
28.41666667,190,72,0.3080985,0.4524647,0.0757042,0.612676,0.2288732,0.1443661,0.2183098,0.0131578,0.0394736,1.5,0.030303,0.0530303,7169393.917
32,190,71,0.2865979,0.3690721,0.0164948,0.4082474,0.1154639,0.0824742,0.1587628,0,0.046875,0.7142857,2.02521,0.0924369,1678400
26.41666667,185,75,0.4166666,0.4166666,0,0.6666666,0.25,0,0.25,0,0,0.0444444,0.1555555,0.0222222,311250
24.16666667,190,74,0.25,0.3382352,0.0147058,0.3823529,0.1617647,0.0882352,0.2941176,0.025641,0.0128205,1.0972222,1.0451388,0.0645833,303000
22.16666667,180,72,0.137931,0.137931,0,0.137931,0,0,0.4482758,0,0,0.2592592,0.6666666,0.037037,347500
23.25,166,71,0.2802197,0.3223443,0.014652,0.3736263,0.0934065,0.0421245,0.095238,0.116129,0.0193548,2.2993197,0.0204081,0.0340136,321000
29.41666667,185,73,0.2560975,0.3130081,0.00813,0.3414634,0.101626,0.0569105,0.1138211,0.0123456,0.0987654,6.1772151,0.4303797,0.0253164,496428.5714
27.5,180,71,0.2213114,0.2909836,0.012295,0.3032786,0.1188524,0.0696721,0.2459016,0.0625,0,1.4152581,2.3809859,0.0589201,1380000
27.75,155,68,0.2210526,0.3105263,0.0157894,0.3052631,0.0894736,0.0894736,0.1473684,0.0438596,0.0701754,1.3568722,1.723124,0.0798159,617857.1429
25.66666667,172,73,0.2866894,0.3532423,0.0170648,0.4010238,0.1228668,0.0665529,0.1331058,0.1140939,0.0067114,1.4899328,2.8120805,0.0738255,3608062.5
17.5,160,72,0.2545454,0.2772727,0.0090909,0.3727272,0.0636363,0.0227272,0.140909,0.3584905,0,1.744186,2.7209302,0.0930232,307500
22.16666667,213,71,0.1475409,0.2295081,0,0.1803278,0.0163934,0.0819672,0.2786885,0,0,1.5625,0,0,300000
21.66666667,175,71,0.2559523,0.2946428,0.0297619,0.4315476,0.1011904,0.0386904,0.157738,0.1376146,0.0091743,1.6146788,2.9082568,0.0275229,570000
22.33333333,170,74,0.3069053,0.3938618,0.0306905,0.4654731,0.1253196,0.0869565,0.1150895,0.0447761,0.0074626,1.6490384,0.0625,0.014423,312000
23.83333333,170,69,0.2730109,0.3837753,0.0062402,0.375975,0.0826833,0.1107644,0.1482059,0.1823899,0.0062893,1.5666666,2.84,0.0533333,345000
28.41666667,180,70,0.2545163,0.3727417,0.0159197,0.3990417,0.1264596,0.1182253,0.1653608,0.2982026,0.0405228,1.4456662,0.0353383,0.0331453,400900
27.83333333,175,72,0.2934782,0.347826,0,0.3369565,0.0543478,0.0543478,0.0869565,0.1375,0.0125,0.8717948,0,0,340000
25.58333333,190,75,0.2861896,0.4193011,0.0599001,0.5124792,0.1763727,0.1331114,0.21797,0.1806451,0.0645161,0.6451612,1.6903225,0.0838709,9093363.636
29.91666667,205,69,0.3339658,0.4117647,0.0360531,0.5104364,0.1631878,0.0777988,0.1726755,0.0518518,0.0222222,6.2096774,0.4193548,0.0887096,5654615.385
25.33333333,210,76,0.314,0.458,0.068,0.598,0.248,0.144,0.184,0.028169,0.0915492,0.6595744,2.3049645,0.0709219,3901000
22.91666667,160,68,0.2891933,0.3759512,0.0213089,0.4550989,0.1111111,0.0867579,0.1111111,0.1948051,0.0194805,1.3896103,2.590909,0.0584415,857500
23.75,205,74,0.1623931,0.2478632,0,0.2051282,0.076923,0.08547,0.3076923,0.0377358,0.0188679,0.8585526,0.6578947,0.0526315,375000
23.25,205,74,0.1696969,0.260606,0.030303,0.290909,0.090909,0.090909,0.3757575,0,0.0714285,5.2985074,0.3134328,0.0447761,310000
23.66666667,200,73,0.3100616,0.3716632,0.0492813,0.5441478,0.1416837,0.0616016,0.1868583,0.1214285,0.0714285,1.7341269,0.1150793,0.1071428,295000
31,195,75,0.1311475,0.1803278,0,0.1639344,0.0327868,0.0491803,0.114754,0,0,0.5454545,1.5454545,0.030303,2599027.833
26.91666667,170,74,0.1538461,0.1538461,0.051282,0.3333333,0.076923,0,0.2820512,0,0,0.1875,0.5,0.03125,1844000
30.83333333,185,74,0.2792792,0.3873873,0.072072,0.5045045,0.1981981,0.1081081,0.2972972,0,0.025974,5,0.48,0.08,397500
24.66666667,179,70,0.3222891,0.3433734,0.006024,0.3855421,0.0783132,0.0210843,0.1506024,0.2405063,0,2.2692307,0.025641,0.1153846,309000
33.83333333,170,69,0.245614,0.2877192,0.0070175,0.3368421,0.091228,0.0421052,0.0982456,0,0.032967,1.8045977,2.6896551,0.0574712,1072291.667
34,186,73,0.2600896,0.3340807,0.0493273,0.4820627,0.1502242,0.073991,0.2645739,0.1555555,0.0296296,1.6832358,0.0510071,0.0316763,2146846.154
35.25,182,73,0.2742857,0.32,0.0342857,0.4342857,0.1314285,0.0457142,0.1828571,0.0204081,0.0408163,4.6530612,0.3673469,0.0204081,1730287.111
21.66666667,150,71,0.1794871,0.2564102,0,0.2051282,0.051282,0.076923,0.076923,0,0.0526315,1.375,1.9375,0.1875,307000
27.08333333,185,77,0.1363636,0.1969696,0.030303,0.2272727,0.0454545,0.060606,0.4545454,0,0.0333333,0.15625,0.6875,0.09375,2714300
24.91666667,200,73,0.2568807,0.353211,0.0275229,0.3990825,0.1123853,0.0963302,0.1444954,0,0.0222222,6.1203007,0.4360902,0.0150375,290666.6667
25.83333333,170,70,0.2725274,0.3076923,0.0153846,0.3934065,0.0945054,0.0351648,0.1274725,0,0,1.7202743,2.5767276,0.0746951,301500
23.41666667,215,73,0.15625,0.21875,0,0.1875,0.03125,0.0625,0.28125,0.04,0.04,0.5,0.7083333,0,300000
27,205,78,0.2333333,0.3888888,0.1,0.5777777,0.2555555,0.1555555,0.2333333,0,0,8.6521739,1.173913,0.0434782,2677285.714
22.58333333,195,73,0.1343283,0.2089552,0,0.1343283,0.0149253,0.0746268,0.3283582,0,0,0.4117647,0.6764705,0.0588235,835750
32.91666667,190,71,0.2897033,0.4502617,0.0628272,0.5340314,0.2111692,0.1605584,0.1448516,0.0324675,0.0714285,1.9852941,0.0808823,0.0367647,6625625.125
35.83333333,200,73,0.2442996,0.3257328,0.0553745,0.456026,0.2117263,0.0814332,0.179153,0.0093457,0,1.6818181,0.0454545,0.0454545,2794333.333
25.41666667,180,72,0.1559663,0.2870588,0.0085714,0.1988235,0.04,0.1310923,0.1073949,0,0.0788934,7.5434782,0.5434782,0.0652173,691875
23.25,185,72,0.2688442,0.3693467,0.0376884,0.4623115,0.1557788,0.1005025,0.1658291,0.0225563,0.0075187,1.725493,0.0369443,0.0189873,300000
23.58333333,195,75,0.2387096,0.2903225,0.032258,0.432258,0.1225806,0.0516129,0.2387096,0.0163934,0.0163934,1.4,2.1544117,0.0544117,200000
32.16666667,202,74,0.3265895,0.4942196,0.034682,0.5289017,0.1734104,0.16763,0.1763005,0.0373831,0.0654205,8.01,0.55,0.04,2798750
22.08333333,180,73,0.2796052,0.3338815,0.0460526,0.4835526,0.149671,0.0542763,0.1990131,0.1241379,0.0689655,2.169014,2.9436619,0.1619718,1865000
32.91666667,185,72,0.253138,0.3702928,0.0732217,0.5167364,0.167364,0.1171548,0.2782426,0,0.015873,1.9193548,0.0403225,0.032258,6660500
35.58333333,180,72,0.1290322,0.1290322,0,0.1290322,0.032258,0,0.4516129,0,0,0.275862,0.7241379,0.0689655,1312062.5
28.16666667,225,71,0.281081,0.3513513,0.0216216,0.4108108,0.1405405,0.0702702,0.2,0.081081,0.027027,1.5994186,0,0.0232558,423792.8571
28.75,205,74,0.2152588,0.3133514,0.0272479,0.346049,0.1117166,0.0980926,0.1634877,0.0357142,0.0357142,3.4123376,1.2781384,0.1006493,1429083.375
25.08333333,185,72,0.2719298,0.3815789,0.0307017,0.4210526,0.122807,0.1096491,0.2105263,0.0847457,0.118644,1.9137931,3.0517241,0.1896551,803625
32.16666667,175,69,0.2665148,0.3781321,0.0410022,0.451025,0.1503416,0.1116173,0.2095671,0.0079365,0.0396825,3.490309,0.187385,0.0629907,1040454.545
26.16666667,175,72,0.3042328,0.4285714,0.0291005,0.4470899,0.1243386,0.1243386,0.1164021,0.0652173,0.0108695,1.4507042,0.028169,0.0422535,2449562.375
30.16666667,195,71,0.3050847,0.3898305,0.0508474,0.4576271,0.118644,0.0847457,0.2711864,0,0.1,4.85,0.2,0.15,570650
27.08333333,170,69,0.2160493,0.2716049,0.0061728,0.2962962,0.0987654,0.0555555,0.1419753,0,0.027027,0.3943661,1.2535211,0.0140845,574333.3333
25.08333333,200,73,0.0701754,0.0877192,0,0.0701754,0,0.0175438,0.1929824,0,0,0.3225806,0.9677419,0.032258,1125000
36.66666667,200,73,0.3090379,0.3965014,0.0233236,0.419825,0.1457725,0.0874635,0.1341107,0.02,0.01,1.8568111,0.0394736,0.0278637,1875007.722
27.83333333,160,69,0.372159,0.4417613,0.0113636,0.4545454,0.0852272,0.0696022,0.0894886,0.2236024,0.0248447,2.3544303,0.0759493,0.0189873,5132333.5
31.83333333,195,73,0.2655367,0.4463276,0.0508474,0.5084745,0.2259887,0.1807909,0.2881355,0.0081967,0.0163934,2.9916666,0.25,0,298000
27.58333333,195,73,0.2871046,0.3673965,0.0535279,0.5036496,0.1922141,0.0802919,0.1070559,0.0283018,0.0566037,8.490909,0.6545454,0.0727272,3814300
31.58333333,163,70,0.2905027,0.3575418,0.0167597,0.4189944,0.1396648,0.0670391,0.1284916,0.0550458,0.0183486,0.904414,0.0119047,0.0125786,1200000
20.33333333,215,74,0.2807339,0.4055045,0.0697247,0.559633,0.2055045,0.1247706,0.2146788,0.0275862,0.0689655,8.5211267,0.6901408,0.0704225,1687500
24.41666667,170,70,0.3108728,0.3843797,0.0520673,0.5344563,0.229709,0.0735068,0.1117917,0.0246913,0.0617283,1.6296296,3.2469135,0.1481481,2077125
30.66666667,220,76,0.273622,0.4783464,0.0826771,0.5807086,0.2066929,0.2047244,0.2834645,0,0.013986,8.1343283,0.6268656,0.0522388,4723452.429
27.83333333,175,75,0.1969696,0.1969696,0,0.2121212,0.060606,0,0.3636363,0,0,0.3636363,0.8181818,0.030303,738750
27.33333333,215,76,0.1129032,0.1451612,0,0.1290322,0,0.032258,0.4354838,0,0,0.40625,0.78125,0.0625,1068571.429
22.58333333,190,71,0.2267441,0.3255813,0.0348837,0.4069767,0.1337209,0.0988372,0.1802325,0.03125,0.03125,5.9152542,0.3050847,0.0338983,282000
30.83333333,205,76,0.1864406,0.2033898,0,0.2033898,0.0847457,0.0169491,0.2881355,0,0,0.3939393,1.1212121,0,2271541.667
29.5,185,74,0.2564655,0.4073275,0.0280172,0.4116379,0.1336206,0.150862,0.2284482,0.0357142,0.0142857,2.045849,0.0247169,0.0588679,1248900
22.66666667,245,75,0.0833333,0.0833333,0,0.0833333,0,0,0.3333333,0,0,0.037037,0.1851851,0,255000
21.58333333,173,71,0.2828685,0.3466135,0.0458167,0.505976,0.1474103,0.063745,0.191235,0.0671641,0.022388,1.3131903,2.4153776,0.0769811,290666.6667
23,170,73,0.2659176,0.3220973,0.0486891,0.4681647,0.2134831,0.0561797,0.1498127,0.0425531,0.0212765,4.6153846,1.6530769,0.04,300000
27.66666667,185,75,0.2033613,0.2613445,0,0.2756302,0.0714285,0.0579831,0.2462184,0,0,0.403162,0.5079051,0.0217391,2062045.455
23.33333333,191,72,0.2666666,0.3703703,0.0481481,0.4814814,0.1259259,0.1037037,0.2259259,0,0.0076923,3.3762676,0.2696759,0.0123456,302500
25.75,198,70,0.2326732,0.3168316,0.0297029,0.3811881,0.0990099,0.0841584,0.1782178,0,0.0121951,5.5454545,0.5636363,0.0727272,295625
31.83333333,175,70,0.2155555,0.3111111,0.0666666,0.4733333,0.1555555,0.0955555,0.3088888,0.064,0.024,1.5245901,3.057377,0.1639344,2398710.333
30,210,77,0.1764705,0.2352941,0,0.1764705,0.0588235,0.0588235,0.3529411,0,0,0.1041666,0.2083333,0.0208333,835111.1111
22.5,225,75,0.0454545,0.0454545,0,0.0454545,0,0,0.3636363,0,0,0.2222222,0.2444444,0,307500
28.33333333,210,74,0.2958963,0.4298056,0.0388768,0.4816414,0.1576673,0.1339092,0.2721382,0.0729927,0.0729927,6.7692307,0.376923,0.0153846,2526071.429
24.66666667,170,71,0.2347826,0.3304347,0.0086956,0.3217391,0.1130434,0.0956521,0.2086956,0.0192307,0,1,1.590909,0.0454545,287500
33.58333333,198,73,0.243421,0.3881578,0.0328947,0.3618421,0.1842105,0.1447368,0.2039473,0,0,3.265909,0.675,0,4475666.667
26.66666667,175,71,0.2936893,0.4126213,0.0339805,0.4538834,0.145631,0.118932,0.1043689,0.0272727,0,1.6761904,2.5714285,0.0571428,2492187.5
31.33333333,170,69,0.2260869,0.3043478,0,0.2695652,0.0608695,0.0782608,0.0782608,0.0689655,0.1724137,2.5172413,2.9655172,0.1724137,1979499.917
32.25,180,73,0.273743,0.3296089,0.0083798,0.3743016,0.0921787,0.0558659,0.1089385,0.0072463,0,0.9026772,1.4309376,0.0999503,1687928.571
33.33333333,165,69,0.2910052,0.3915343,0.0123456,0.388007,0.1040564,0.1005291,0.1093474,0.1283783,0.0067567,1.3605442,2.6938775,0.0748299,2581593.75
23.58333333,195,75,0.2258064,0.2903225,0,0.2903225,0.0967741,0.0645161,0.4193548,0,0,0.2580645,0.4516129,0,262000
35,215,75,0.302037,0.4977777,0.0644444,0.5948148,0.1825925,0.1957407,0.2198147,0.0717702,0.098086,1.6484935,0.0710186,0.0121951,6978340.286
27.41666667,180,72,0.2741935,0.3897849,0.0403225,0.4677419,0.1344086,0.1155913,0.1397849,0,0.0310077,1.6853932,2.3932584,0.0786516,1037111.111
25.5,230,74,0.2491467,0.324232,0.0511945,0.4744027,0.1945392,0.0750853,0.1535836,0,0.0379746,4.2687793,0.2394366,0.0352112,490000
24.66666667,200,77,0.2142857,0.2285714,0,0.2714285,0.0285714,0.0142857,0.3714285,0,0,0.3529411,0.9411764,0,2675000
21.41666667,228,74,0.09375,0.140625,0,0.09375,0.0625,0.046875,0.5625,0,0,0.3714285,1.1714285,0.1428571,335000
37.41666667,225,76,0.1052631,0.1578947,0,0.1052631,0.0526315,0.0526315,0.4210526,0,0.0344827,0.2258064,1.2258064,0.032258,2789333.353
23.33333333,195,75,0.1860465,0.2558139,0,0.3023255,0,0.0697674,0.4651162,0,0,0.2916666,0.75,0.125,1072500
23,210,73,0.272388,0.3675373,0.0429104,0.4720149,0.125,0.0951492,0.1548507,0.0671641,0.0149253,2.4961832,0.0381679,0.0076335,452750
21.41666667,190,77,0.2620689,0.3655172,0.0551724,0.4862068,0.1620689,0.1034482,0.2931034,0.0449438,0.0449438,1.570879,0.0461538,0.0307692,301500
28.16666667,205,73,0.2700892,0.3571428,0.0424107,0.453125,0.1495535,0.0870535,0.171875,0.0082644,0.0661157,1.7162162,0.027027,0.0405405,2241750
23.83333333,200,72,0.2525183,0.3498168,0.032967,0.4139193,0.1332417,0.0972985,0.1703296,0.0435043,0.0144346,0.7488455,2.0401442,0.1363203,309250
23.5,200,72,0.2552447,0.4405594,0.055944,0.4982517,0.1171328,0.1853146,0.2657342,0.08125,0.025,4.0728477,0.3378443,0.0453218,298666.6667
32.75,205,74,0.262032,0.4135472,0.0392156,0.4349376,0.1247771,0.1515151,0.1711229,0.0067567,0.0135135,2.2061855,0.0206185,0.0103092,6374489.857
18.08333333,195,76,0.2027027,0.2567567,0.0135135,0.2972972,0.0405405,0.054054,0.2297297,0,0,0.46875,1.0625,0.0625,293963
34.66666667,190,74,0.2325581,0.2945736,0.0310077,0.4186046,0.0852713,0.0620155,0.2015503,0.0350877,0,1.1642857,0.072619,0.0238095,981786.5833
20,180,75,0.1388888,0.1666666,0,0.1388888,0,0.0277777,0.3888888,0,0,0.4545454,0.9090909,0.090909,308000
34.66666667,190,72,0.1803278,0.1967213,0,0.2459016,0.0327868,0.0163934,0.3606557,0,0.03125,0.6451612,1,0.0967741,3059291.583
24.91666667,217,74,0.2638146,0.3529411,0.0516934,0.4991087,0.1461675,0.0891265,0.3012477,0.0129032,0.1935483,3.2880103,0.1818496,0.0441643,568666.6667
31.25,190,75,0.2507836,0.3322884,0.0062695,0.3103448,0.1034482,0.0815047,0.1786833,0,0.0097087,5.9320388,0.368932,0.0194174,2333250
27.58333333,160,71,0.2125,0.275,0.025,0.325,0.1291666,0.0625,0.0833333,0.0107526,0,1.0875,1.9,0.075,482357.1429
24,170,70,0.3082822,0.3481595,0.0168711,0.4585889,0.0904907,0.0398773,0.1088957,0.0509554,0.0191082,1.5064102,3.1538461,0.1089743,654250
27.25,235,77,0.1,0.1333333,0,0.1333333,0.0333333,0.0333333,0.6166666,0,0.0357142,0.2068965,0.7931034,0,859857.1429
26.58333333,193,74,0.2475247,0.3316831,0.0297029,0.3910891,0.1435643,0.0841584,0.2425742,0.0344827,0.0517241,2.2884615,0.0576923,0.1153846,3414666.667
27.25,190,71,0.2738853,0.343949,0.0254777,0.4267515,0.1337579,0.0700636,0.1528662,0.0126582,0.0632911,3.7246376,0.3333333,0.0289855,363125
26.5,193,74,0.2859424,0.370607,0.0223642,0.4265175,0.1293929,0.0846645,0.1565495,0.1337579,0.0509554,2.2609375,0.0195312,0.015625,1400833.333
22.16666667,180,73,0.228395,0.2839506,0.037037,0.4444444,0.1049382,0.0555555,0.1728395,0.077922,0.012987,0.9215685,0.0294117,0,262500
24.66666667,194,72,0.2666666,0.2888888,0.0666666,0.5111111,0.1777777,0.0222222,0.2222222,0,0,0.347826,0.6521739,0.0869565,1334166.667
31.75,160,69,0.3074141,0.3725135,0.0090415,0.3851717,0.068716,0.0650994,0.108499,0.1793103,0.0206896,1.6917293,2.9398496,0.1127819,2425000
23.5,220,77,0.1333333,0.1777777,0.0222222,0.2222222,0.0666666,0.0444444,0.2444444,0,0,0.1818181,0.590909,0.0454545,3053571.429
24.5,173,72,0.2347417,0.3004694,0.0046948,0.3474178,0.112676,0.0657276,0.2159624,0.0144927,0.0144927,1.359375,2.671875,0.078125,402166.6667
28.58333333,225,70,0.1698113,0.2075471,0,0.226415,0.0377358,0.0377358,0.1698113,0,0.060606,6.3636363,0.2727272,0,340750
27,205,78,0.0526315,0.0526315,0,0.1052631,0,0,0.6315789,0,0,0.5,1.2857142,0,1216928.571
26,220,74,0.1052631,0.1403508,0.0175438,0.1754385,0.0701754,0.0350877,0.5789473,0,0,0.46875,0.78125,0.0625,1333125
23.66666667,220,76,0.090909,0.090909,0,0.090909,0,0,0.4545454,0,0,0.047619,0.2857142,0,300000
27.83333333,215,74,0.2724935,0.3573264,0.0462724,0.4807197,0.1542416,0.0848329,0.1825192,0,0.0576923,8.12,0.68,0,2922666.667
33.41666667,180,69,0.2877906,0.4127906,0.0029069,0.3808139,0.0784883,0.125,0.0813953,0.1346153,0.076923,1.5920212,1.3069148,0.1712765,2325208.333
24.83333333,190,73,0.3130434,0.3768115,0.031884,0.4826086,0.1434782,0.0637681,0.1289855,0.075,0.00625,1.4240506,2.6772151,0.1202531,371666.6667
19.5,220,76,0.2285714,0.2714285,0.0142857,0.2857142,0.0714285,0.0428571,0.4142857,0,0,0.5806451,0.9354838,0.0645161,395000
29.33333333,170,70,0.2692307,0.408284,0.0177514,0.3934911,0.1065088,0.1390532,0.1804733,0,0.0560747,5.6391752,0.4742268,0.0824742,578777.7778
35.75,190,73,0.2327586,0.3591954,0.025862,0.3563218,0.1005747,0.1264367,0.2385057,0,0.0072992,3.2936404,0.96512,0.1018818,2547999.938
