{"type":"Topology","objects":{"all":{"type":"GeometryCollection","bbox":[20.44415735,23.00958215,40.84939402,42.37033478],"geometries":[{"type":"Polygon","properties":{"a":1989,"b":"Novatsi","c":21.64147,"d":41.02446},"arcs":[[0,1,2,3]]},{"type":"Polygon","properties":{"a":1969,"b":"Demir Kapija","c":22.23879,"d":41.3753},"arcs":[[4,5,6,7,8]]},{"type":"Polygon","properties":{"a":1982,"b":"Kratovo","c":22.06945,"d":42.05819},"arcs":[[9,10,11,12,13,14]]},{"type":"Polygon","properties":{"a":2001,"b":"Bogovinje","c":20.86067,"d":41.9378},"arcs":[[15,16,17,18]]},{"type":"Polygon","properties":{"a":1974,"b":"Konce","c":22.3749,"d":41.513},"arcs":[[19,20,21,-9,22,23,24]]},{"type":"Polygon","properties":{"a":2016,"b":"Makedonska Kamenica","c":22.54001,"d":42.05213},"arcs":[[25,26,27,28,29]]},{"type":"Polygon","properties":{"a":1956,"b":"Sveti Nikole","c":21.94728,"d":41.88429},"arcs":[[30,31,32,33,34,35,-13]]},{"type":"Polygon","properties":{"a":1959,"b":"Zelenikovo","c":21.5456,"d":41.80061},"arcs":[[36,37,38,39]]},{"type":"Polygon","properties":{"a":1971,"b":"Gazi Baba","c":21.50853,"d":42.01758},"arcs":[[40,41,42,43,44,45,46,47]]},{"type":"Polygon","properties":{"a":1961,"b":"Aracinovo","c":21.58269,"d":42.02695},"arcs":[[48,49,-41,50]]},{"type":"Polygon","properties":{"a":1995,"b":"Kicevo","c":20.95272,"d":41.51351},"arcs":[[51,52,53,54]]},{"type":"Polygon","properties":{"a":1999,"b":"Tetovo","c":20.88343,"d":42.02821},"arcs":[[55,56,57,-19,58,59]]},{"type":"Polygon","properties":{"a":1986,"b":"Brod","c":21.21778,"d":41.66955},"arcs":[[60,61,62,63,64,65,66,67,68,69,70]]},{"type":"Polygon","properties":{"a":1965,"b":"Centar","c":21.44151,"d":41.99755},"arcs":[[-46,71,72,73,74]]},{"type":"Polygon","properties":{"a":2017,"b":"Phecevo","c":22.85594,"d":41.7673},"arcs":[[75,76,77]]},{"type":"Polygon","properties":{"a":1987,"b":"Pelagonia","c":21.47651,"d":41.14077},"arcs":[[78,-3,79,80,81]]},{"type":"Polygon","properties":{"a":1943,"b":"Skopje","c":21.68682,"d":41.90849},"arcs":[[-35,82,-40,83,-43,84,85]]},{"type":"Polygon","properties":{"a":2005,"b":"Southeastern","c":22.64257,"d":41.37698},"arcs":[[86,87,88,89,-21,90]]},{"type":"Polygon","properties":{"a":1940,"b":"Demir Hisar","c":21.14448,"d":41.26578},"arcs":[[91,92,93,94,95,96]]},{"type":"Polygon","properties":{"a":1950,"b":"Saraj","c":21.24637,"d":41.98799},"arcs":[[97,98,99,100,101,102]]},{"type":"Polygon","properties":{"a":1957,"b":"Veles","c":21.71926,"d":41.74542},"arcs":[[103,104,105,-37,-83,-34]]},{"type":"Polygon","properties":{"a":1958,"b":"Vraneštica","c":21.04516,"d":41.49383},"arcs":[[106,107,-53,108,-68]]},{"type":"Polygon","properties":{"a":2006,"b":"Valandovo","c":22.55939,"d":41.29344},"arcs":[[-90,109,110,111,112,-5,-22]]},{"type":"Polygon","properties":{"a":1954,"b":"Studenicani","c":21.45614,"d":41.85647},"arcs":[[-84,-39,113,-63,114,115,116,-44]]},{"type":"Polygon","properties":{"a":2004,"b":"Jegunovce","c":21.1657,"d":42.10696},"arcs":[[-102,117,-56,118,119]]},{"type":"Polygon","properties":{"a":1977,"b":"Karpoš","c":21.39522,"d":41.98009},"arcs":[[-73,120,121,122,-99,123,124]]},{"type":"Polygon","properties":{"a":1955,"b":"Cair","c":21.40589,"d":42.03153},"arcs":[[125,126]]},{"type":"Polygon","properties":{"a":1968,"b":"Cucer Sandevo","c":21.40201,"d":42.15641},"arcs":[[127,128,-127,129,-74,-125,130,131]]},{"type":"Polygon","properties":{"a":1946,"b":"Probistip","c":22.14624,"d":41.96579},"arcs":[[132,133,134,135,-31,-12]]},{"type":"Polygon","properties":{"a":1984,"b":"Kruševo","c":21.23533,"d":41.37659},"arcs":[[136,137,-81,138,-92,139,140,-66]]},{"type":"Polygon","properties":{"a":1970,"b":"Dolneni","c":21.41446,"d":41.45681},"arcs":[[141,142,-137,-65,143]]},{"type":"Polygon","properties":{"a":2012,"b":"Dojran","c":22.66491,"d":41.2414},"arcs":[[144,145,-111]]},{"type":"Polygon","properties":{"a":2000,"b":"Polog","c":20.83218,"d":41.86856},"arcs":[[146,147,148,-17]]},{"type":"Polygon","properties":{"a":1947,"b":"Radovis","c":22.45499,"d":41.63565},"arcs":[[149,150,-25,151,152,153]]},{"type":"Polygon","properties":{"a":1953,"b":"Štip","c":22.16325,"d":41.68543},"arcs":[[154,-152,-24,155,156,157,-32,-136]]},{"type":"Polygon","properties":{"a":1996,"b":"Mavrovo and Rostusa","c":20.69403,"d":41.68058},"arcs":[[158,159,160,161,162]]},{"type":"Polygon","properties":{"a":1993,"b":"Debar","c":20.51361,"d":41.53583},"arcs":[[163,164,165,166,-161]]},{"type":"Polygon","properties":{"a":1944,"b":"Southwestern","c":21.10399,"d":41.44556},"arcs":[[-141,167,-107,-67]]},{"type":"Polygon","properties":{"a":1985,"b":"Kumanovo","c":21.77816,"d":42.05865},"arcs":[[-14,-36,-86,168,-49,169,170,171]]},{"type":"Polygon","properties":{"a":1966,"b":"Eastern","c":22.40387,"d":41.82842},"arcs":[[172,173,174,175]]},{"type":"Polygon","properties":{"a":1952,"b":"Northeastern","c":21.90575,"d":42.21335},"arcs":[[176,-15,-172,177]]},{"type":"Polygon","properties":{"a":1951,"b":"Sopiste","c":21.30105,"d":41.85002},"arcs":[[178,-115,-62,179,-100,-123]]},{"type":"Polygon","properties":{"a":2002,"b":"Brvenica","c":21.01148,"d":41.86516},"arcs":[[180,-71,181,-147,-16,-58]]},{"type":"Polygon","properties":{"a":1945,"b":"Prilep","c":21.62389,"d":41.24439},"arcs":[[182,183,-4,-79,184,-142,185]]},{"type":"Polygon","properties":{"a":1941,"b":"Ohrid","c":20.84355,"d":41.15505},"arcs":[[-95,186,187,188,189,190]]},{"type":"Polygon","properties":{"a":1949,"b":"Vardar","c":21.89938,"d":41.47935},"arcs":[[191,192,193,194]]},{"type":"Polygon","properties":{"a":1978,"b":"Kavadartsi","c":22.0697,"d":41.24263},"arcs":[[-7,195,196,-183,197,-193,198]]},{"type":"Polygon","properties":{"a":1948,"b":"Kriva Palanka","c":22.23464,"d":42.21268},"arcs":[[-29,199,-10,-177,200]]},{"type":"Polygon","properties":{"a":1990,"b":"Gjorce Petrov","c":21.29303,"d":42.06795},"arcs":[[-124,-98,201,-131]]},{"type":"Polygon","properties":{"a":1972,"b":"Gradsko","c":21.87969,"d":41.5899},"arcs":[[-157,202,-195,203,-105,204]]},{"type":"Polygon","properties":{"a":2014,"b":"Berovo","c":22.79411,"d":41.65066},"arcs":[[-76,205,206,207,208,-150,209,210]]},{"type":"Polygon","properties":{"a":1998,"b":"Tearce","c":21.04817,"d":42.08155},"arcs":[[-60,211,-119]]},{"type":"Polygon","properties":{"a":1937,"b":"Resen","c":21.00028,"d":40.956},"arcs":[[212,213,-187,-94]]},{"type":"Polygon","properties":{"a":1938,"b":"Vevcani","c":20.62242,"d":41.26785},"arcs":[[214,215,-190,216,217,218,-165]]},{"type":"Polygon","properties":{"a":1991,"b":"Zajas","c":20.90722,"d":41.60563},"arcs":[[219,-55,220,-159,221]]},{"type":"Polygon","properties":{"a":1962,"b":"Lipkovo","c":21.60257,"d":42.17546},"arcs":[[-170,-51,-48,222,-128,223]]},{"type":"Polygon","properties":{"a":1981,"b":"Kocani","c":22.3965,"d":41.9774},"arcs":[[-28,224,-175,225,-133,-11,-200]]},{"type":"Polygon","properties":{"a":2011,"b":"Novo Selo","c":22.87247,"d":41.42263},"arcs":[[-88,226,-207,227]]},{"type":"Polygon","properties":{"a":1973,"b":"Lozovo","c":21.90773,"d":41.74735},"arcs":[[-158,-205,-104,-33]]},{"type":"Polygon","properties":{"a":1936,"b":"Ohrid","c":20.73604,"d":41.05309},"arcs":[[-189,228,-217]]},{"type":"Polygon","properties":{"a":1967,"b":"Cešinovo-Obleševo","c":22.26731,"d":41.87146},"arcs":[[-226,-174,229,-134]]},{"type":"Polygon","properties":{"a":1975,"b":"Ilinden","c":21.61118,"d":41.97837},"arcs":[[-85,-42,-50,-169]]},{"type":"Polygon","properties":{"a":1997,"b":"Oslomej","c":21.04298,"d":41.58138},"arcs":[[-69,-109,-52,-220,230]]},{"type":"Polygon","properties":{"a":2007,"b":"Vasilevo","c":22.63003,"d":41.49996},"arcs":[[231,-91,-20,-151,-209]]},{"type":"Polygon","properties":{"a":1992,"b":"Centar upa","c":20.57278,"d":41.45624},"arcs":[[-219,232,-166]]},{"type":"Polygon","properties":{"a":1964,"b":"Caška","c":21.58967,"d":41.58794},"arcs":[[-106,-204,-194,-198,-186,-144,-64,-114,-38]]},{"type":"Polygon","properties":{"a":1942,"b":"Debarca","c":20.84684,"d":41.31552},"arcs":[[-96,-191,-216,233]]},{"type":"Polygon","properties":{"a":1979,"b":"Aerodrom","c":21.50246,"d":41.95614},"arcs":[[-45,-117,234,-121,-72]]},{"type":"Polygon","properties":{"a":1980,"b":"Skopje","c":21.47238,"d":41.93606},"arcs":[[-116,-179,-122,-235]]},{"type":"Polygon","properties":{"a":1994,"b":"Southwestern","c":20.85099,"d":41.45174},"arcs":[[-54,-108,-168,-140,-97,-234,-215,-164,-160,-221]]},{"type":"Polygon","properties":{"a":1960,"b":"elino","c":21.10843,"d":41.94711},"arcs":[[-101,-180,-61,-181,-57,-118]]},{"type":"Polygon","properties":{"a":2009,"b":"Southeastern","c":22.7597,"d":41.474},"arcs":[[-227,-87,-232,-208]]},{"type":"Polygon","properties":{"a":1963,"b":"Butel","c":21.46322,"d":42.08978},"arcs":[[-223,-47,-75,-130,-126,-129]]},{"type":"Polygon","properties":{"a":2013,"b":"Vinitsa","c":22.57082,"d":41.8476},"arcs":[[235,-210,-154,236,-176,-225,-27]]},{"type":"Polygon","properties":{"a":2003,"b":"Gostivar","c":20.92142,"d":41.77034},"arcs":[[-148,-182,-70,-231,-222,-163,237]]},{"type":"Polygon","properties":{"a":1976,"b":"Karbinci","c":22.28077,"d":41.78142},"arcs":[[-230,-173,-237,-153,-155,-135]]},{"type":"Polygon","properties":{"a":1939,"b":"Bitola","c":21.26581,"d":41.0272},"arcs":[[-80,-2,238,-213,-93,-139]]},{"type":"Polygon","properties":{"a":2008,"b":"Bogdanci","c":22.59377,"d":41.19327},"arcs":[[-146,239,240,-112]]},{"type":"Polygon","properties":{"a":2015,"b":"Delcevo","c":22.73277,"d":41.94409},"arcs":[[-77,-211,-236,-26,241]]},{"type":"Polygon","properties":{"a":1988,"b":"Negotino","c":22.15895,"d":41.51215},"arcs":[[-23,-8,-199,-192,-203,-156]]},{"type":"Polygon","properties":{"a":2010,"b":"Southeastern","c":22.37433,"d":41.22328},"arcs":[[-241,242,-196,-6,-113]]},{"type":"Polygon","properties":{"a":1983,"b":"Krivogaštani","c":21.38126,"d":41.3082},"arcs":[[-185,-82,-138,-143]]}]}},"arcs":[[[566056,141564],[-68,-2159],[-725,-4994],[-5317,-10126],[-13899,-17124],[-5277,-12264],[-42,-35],[-39,-101],[-14665,-13115],[-3868,-6184],[-724,-5437],[-41,-7100],[-1409,-7476],[-4916,-6456],[-3286,-924],[-7832,-2202],[-20225,5810],[-10999,-6421],[-805,-2581],[-845,-8495],[-1492,-3669],[-1934,-884],[-5599,408],[-2256,-441],[-3908,-4011],[-9105,-11586],[-3424,-2887],[-10877,2717],[-17204,19776],[-1476,262]],[[413799,33865],[26,93],[1974,6881],[122,815],[0,5947],[-1410,7915],[-243,5947],[-1168,5554],[-4229,7917],[-5158,7118],[-4955,7543],[-1652,4756],[-3746,1580],[-4673,1173],[-241,5164],[-243,9124],[-725,5945],[-2820,3959],[-1852,2377],[-1169,2769],[-725,6746],[242,4755],[1409,2771],[926,3957],[0,6744],[806,2837]],[[384295,154252],[847,3093],[3545,5945],[6084,5555],[3987,0],[5882,-3176],[5278,-2379],[9186,-1580],[8460,-1579],[4432,3568],[6123,9903],[5639,8716],[4715,8324],[1611,9903],[202,204]],[[450286,200749],[3344,3755],[2820,408],[1652,-2379],[1611,-4757],[2134,-4365],[6084,-5555],[5198,-2378],[7049,-1190],[8662,-1580],[4029,-798],[8420,-5130],[4472,-2786],[5397,-1581],[4030,-799],[3504,-3160],[3988,-6744],[3305,-2769],[5397,-1988],[5158,0],[3746,392],[1651,3975],[1169,390],[1209,-797],[1409,-3960],[3265,-4349],[4230,-4772],[4229,-1173],[8608,-5095]],[[735114,378227],[-1210,-3738],[-684,-4535],[-282,-6474],[684,-5249],[2136,-7899],[1894,-2769]],[[737652,347563],[-363,-1598],[-161,-3617],[322,-3330],[1973,-3058],[1129,-2209],[1652,-6693],[321,-4978],[-160,-5556],[-484,-2768],[-1973,-833],[-3305,0],[-5076,544],[-4633,-271],[-3302,-273],[-1975,-2225],[-2780,-4434],[-2297,-3890],[-161,-2243]],[[716379,300131],[-2416,-1205],[-11040,-9685],[-9748,-7084],[-6407,-1121],[-7049,1121],[-6406,5215],[-5559,4860],[-1975,7066],[-1772,3738],[-2418,374],[-2215,1495],[-1530,2225],[-1331,1869],[-1570,748],[-1975,2225],[-3787,4501],[-6526,8105],[-3787,4060],[645,50]],[[639513,328688],[2295,188],[5239,-714],[5962,0],[3786,951],[2015,714],[1128,2632],[684,4045],[847,3346],[564,3823],[0,2854],[-1128,3584],[-2538,4060],[-2417,4280],[-968,2872],[404,2140],[1409,2395],[2015,239],[2377,2379],[1854,1901],[1410,4060],[1691,4774],[1411,7884],[1973,8817],[1733,3821],[3948,3823],[4230,6439],[2698,2377],[3546,0],[2256,-951],[2256,-2854],[1853,-2158],[3949,-2853],[3383,-2158],[2700,-1903],[3546,-1426],[1974,0],[1409,1664],[1411,2855],[1007,3568],[1127,2888],[1693,1902],[2981,1903],[4229,5012],[1974,2871]],[[723429,420732],[1088,-3330],[3545,-613],[4633,-3125],[3144,-2191],[1852,-5012],[-765,-4671],[-2216,-2837],[-1088,-1224],[-764,-4078],[200,-5300],[927,-7814],[1129,-2310]],[[615704,864023],[2698,-4076],[3385,-3873],[3866,0],[1049,-1495],[0,-2684],[564,-7747],[1410,-2990],[4592,0],[4231,-595],[6365,-4162],[4432,-7169],[6525,-6252],[3909,-4790],[2980,-2974],[3183,0],[3385,290],[3866,2378],[4957,1511],[3545,2090],[725,2073],[-201,4485],[523,5673],[3022,1784],[1046,85],[-321,-2447],[2014,-2990],[4189,0],[5761,-372],[5963,372],[7494,1869],[3302,1495],[2458,2957],[2861,-1104],[3989,-5217],[6848,-2241],[6204,-4842],[5036,-4434]],[[741559,818631],[0,-1258],[564,-4552],[1772,-5164],[646,-4893],[-485,-5437],[-2739,-5979],[-1127,-6523],[-2458,-11146]],[[737732,773679],[-3224,6524],[-5720,6337],[-4673,3346],[-7050,748],[-6406,0],[-4633,-374],[-2458,0],[-1531,-1495],[0,-19740],[-2659,-4859],[-1771,0],[-3103,1495],[-2216,4468],[-1974,2990],[-1973,358],[-2015,-1106],[-1974,-2616],[-2217,-730],[-4633,0],[-2014,1851],[-1732,4842],[-3787,3364],[-4190,-2243],[-9508,-4468],[-3624,-2616],[-5118,-1121],[-4833,0],[-3304,391],[-2217,-1495],[-2658,-4484],[-1571,-5217],[-886,-4841],[-847,-2617],[-1772,-372],[-1772,746],[-2660,2616],[-3746,2617],[-2457,1479],[-1331,0],[-1328,-850]],[[616147,756607],[-122,476],[-2336,560],[-2981,-850],[-2458,-544],[-7332,0]],[[600918,756249],[-1087,4996],[-4594,5640],[-2820,2107],[-1772,2377],[-1048,6574],[-524,5370],[-1248,3567],[-3545,305],[-3344,0],[-3022,595],[-1572,2991],[-362,4467],[2457,6268],[4432,7153],[1048,9531],[1490,2344]],[[585407,820534],[362,645],[4957,306],[4591,2073],[3908,7474],[3707,9242],[362,6863],[0,4469],[-362,7745],[0,3586],[1933,1784],[3908,0],[4432,-289],[2499,-409]],[[200266,725281],[80,-2854],[241,-9667],[1571,-3075],[5238,0],[4432,-441],[-282,-4842],[-1289,-3499],[-1572,-6168],[-2619,-4842],[-2859,-2632],[-4151,-866],[-1852,-3535],[282,-3075],[1288,-3515],[525,-3075],[-2781,0]],[[196518,673195],[-1651,0],[-2619,3075],[-5196,1324],[-9911,7475],[-11200,7474],[-12770,5267],[-12247,3093],[-11967,2190],[-4511,-1664],[-4820,-3952]],[[119626,697477],[1315,13602],[-1163,6202]],[[119778,717281],[1244,2037],[5961,3550],[4432,5724],[6003,3942],[6769,3093],[4672,4383],[3908,4841],[4431,3516],[6003,442],[10434,-3517],[11967,-3075],[3665,-2649],[4191,-6150],[5197,-7917],[1611,-220]],[[802794,432589],[-443,-492],[-201,-4061],[0,-4994],[282,-5318],[1289,-5318],[565,-5945],[564,-629]],[[804850,405832],[-483,-4365],[-1855,-2175],[-4633,935],[-2013,1867],[-2781,0],[-4633,-1867],[-5558,-3449],[-2579,-3432],[-80,-1087]],[[780235,392259],[-1974,781],[-5197,935],[-7051,-324],[-9992,-3125],[-7210,-2175],[-9468,-4688],[-1490,-3433],[-525,-3125],[-1691,0],[-523,1122]],[[723429,420732],[-563,1664],[-201,6574],[-1854,5318],[-2779,5300],[-3305,6881],[-4270,5945],[-2538,4009]],[[707919,456423],[-443,680],[362,3125],[2056,2498],[3706,3738],[3504,3754],[4633,6252],[4633,6880],[4473,5301],[1691,4042]],[[732534,492693],[3949,-2158],[2578,0],[3545,-1256],[3143,-3737],[3344,-3450],[2940,-611],[4633,-322],[7615,-629],[5559,-611],[3345,-3449],[5357,-7492],[3506,-7508],[3626,-5302],[1651,-2820],[0,-3754],[-926,-3125],[-1855,-1869],[-2013,-1258],[-201,-3431],[2053,-2192],[3707,-1257],[4995,0],[7213,-2481],[2496,-1392]],[[850937,808532],[-241,-6243],[-523,-9412],[-202,-9683],[0,-9379],[-161,-6251],[-201,-4688],[-927,-1869],[-2217,-628],[-1852,-307],[-1854,-934],[-927,-3449],[807,-10719]],[[842639,744970],[-3506,2124],[-5961,933],[-2942,-611],[-2416,-2820],[-928,-4060],[-725,-5946],[-2416,-6574],[-2781,-7169],[-4431,-3756],[-2780,0],[-3545,1887],[-1934,1240],[0,237]],[[808274,720455],[0,5081],[-1854,4059],[-725,4995],[162,6881],[-162,5945],[-2619,4061],[-926,3737],[-2780,4383],[-1491,3125],[202,4978],[-1127,10023],[-1450,2174],[-5762,3773],[-3867,2803],[-1693,5623],[0,13436],[-363,7188],[-2577,4687],[-2256,1869],[-2377,-1562],[-1492,-3738],[-1852,-2192],[-2619,1887],[-1651,6556],[0,1751]],[[768995,821978],[0,1376],[2577,1869],[4271,2820],[4069,7492],[6890,5623],[6848,5945],[3625,2905],[6793,4417]],[[804068,854425],[1264,-2718],[8139,-10312],[33801,-30511],[3665,-2352]],[[616147,756607],[-404,-273],[-2014,-5963],[-1975,-5215],[-885,-7083],[1087,-4859],[5319,-6319],[6607,-6337],[3988,-2990],[3343,-8953],[4392,-10057],[2458,-2991],[3505,-1121],[1571,-1477],[200,-2617],[-200,-4468],[-1129,-4111],[-1973,-1868],[-242,-1495],[1329,-2583],[1128,-1121],[2658,-3738],[0,-1545]],[[644910,669423],[0,-2549],[-1127,-2615],[-1975,-1853],[-2416,-1121],[-686,-2615],[444,-4859],[1531,-2617],[1127,-3704],[1774,-3362],[645,-3722],[-444,-4094],[-2418,-1869],[-2335,-1867],[-2862,-6355],[-3101,-5197],[-3102,-5233],[-2418,-5216],[-2215,-730],[-3102,-1121],[-1774,-747],[-1288,-1869],[-243,-2617],[1774,-4484],[1973,-3330],[1129,-4860],[-243,-4467],[-1973,-748],[-886,-2225],[-443,-2243],[1329,-1869],[1973,-1121],[888,-4842],[-1331,-1884],[-2214,0],[-2620,1495],[-2215,4110],[-3545,3364],[-604,510]],[[611917,580897],[-5601,4705],[-6848,7458],[-7735,10057],[-6407,10075],[-6164,10413],[-3343,3380],[-4392,1123],[-5558,2973],[-3747,5605],[-5076,8937],[-3869,1867],[-5519,374],[-80,119]],[[547578,647983],[-3465,5096],[-5076,8206],[-5076,8188],[-1772,7816],[-2458,12689],[0,7084],[40,1326]],[[529771,698388],[202,7254],[2175,9054],[1370,3637]],[[533518,718333],[564,1460],[2982,2684],[1248,3568],[3183,3279],[1934,3279],[0,4772],[886,4468],[2134,3568],[5480,5692],[2820,3566],[4794,1208],[5842,287],[5278,-1782],[4068,-5674],[2499,-6252],[2295,-2990],[4231,306],[5640,3873],[7090,3279],[3707,3583],[886,5064],[-161,678]],[[461163,638114],[-1854,-817],[0,-12672],[1572,-2871],[1853,-1444],[0,-11825],[-2376,-4314],[-3426,-7203],[-2053,-4893],[-2378,-2021],[-6163,-2872],[-7011,-866],[-120,-526]],[[439207,585790],[-2941,1104],[-8381,-289],[-8178,-289],[-7010,-289],[-5478,-288],[-2256,2820]],[[404963,588559],[-282,340],[0,5486],[1007,3738],[1047,4893],[-1530,4620],[-4794,7781],[-1370,4604],[0,5471],[-524,8358],[2578,7185],[3224,4622],[2900,-289],[684,-2599],[202,-4604],[1008,-1717],[2216,-577],[3584,271],[1733,2583],[684,4044],[162,6064],[1853,3449],[2942,3176],[2538,6337],[1046,9207],[5117,3467],[4068,4315],[3587,2888],[4954,2003],[1652,3722]],[[445249,687397],[2176,-306],[3424,0],[3586,-1444],[5117,-3228],[3585,425],[1893,-3449],[0,-8919],[-363,-15544],[-321,-8902],[-1209,-2889],[-1168,-1732],[-847,-2004],[41,-1291]],[[427523,802696],[-845,-2515],[0,-4891],[242,-2787],[2255,-4044],[1411,-2769],[241,-3617],[765,-5115],[362,-6829],[-241,-2973],[-2779,-3210],[-1774,-3839],[-362,-6184],[-120,-5114],[482,-612]],[[427160,748197],[-1651,-3431],[-2135,-4282],[121,-2343],[886,-2125],[3786,-2972],[2660,-1070],[3183,-2991],[3022,-2547],[2657,-2565],[2015,-4468],[1653,-4264],[120,-5132],[242,-5538],[160,-781]],[[443879,703688],[-725,-1495],[-3183,-4314],[-321,-460]],[[439650,697419],[-2499,5777],[-2134,5112],[-1893,1072],[-403,-289]],[[432721,709091],[-3224,6624],[-6727,6524],[-10636,6489],[-8178,8139],[-5801,4060],[-3869,815],[-1893,1630],[-2538,1801]],[[389855,745173],[604,6321],[0,3092]],[[390459,754586],[0,985],[5762,0],[2416,6506],[0,22764],[968,13014],[4351,10565],[7210,11400],[4675,3534]],[[415841,823354],[3384,-6999],[5921,-9242],[2377,-4417]],[[451978,795578],[3423,0],[4633,-2770],[3144,-2530],[161,-6440],[282,-1018]],[[463621,782820],[-2217,-2464],[-5035,-6812],[-3303,-5980],[-4675,-7457],[-2538,-3415],[-3504,-425],[-3828,-1274],[-4270,-2990],[-2416,-1699],[-1894,-2989],[-1894,-205],[-887,1087]],[[427523,802696],[2015,-3704],[2618,-3702],[2618,-3313],[3063,-7017],[2860,-2955],[6326,-1835],[2214,1103],[2378,12181],[363,2124]],[[203932,460586],[-323,-2345],[1572,-3074],[764,-5708],[766,-2634],[2619,0],[2336,2634],[1853,441],[3103,-3075],[2095,-4842],[0,-11433]],[[218717,430550],[-4149,-3516],[-3949,-12300],[-3504,-7169]],[[207115,407565],[-1693,3652],[-5721,5267],[-5760,2209],[-5439,3074],[-6002,4843],[-2619,3056],[-2338,4418],[-1046,5267],[0,2411]],[[176497,441762],[0,3297],[1813,5282],[6526,1751],[4954,3075],[3144,1766],[2859,3076],[4151,1325],[2095,0],[1893,-748]],[[228144,765594],[766,-4197]],[[228910,761397],[-2377,-730],[-2095,-3516],[-2056,-3958],[0,-1750],[1532,-2193],[3383,-1324],[806,-3075],[1813,-3516],[4190,-1767],[1289,-1309],[-241,-4841],[-1572,-884],[-2859,-441],[-3426,-1751],[-2859,-4841],[39,-101]],[[224477,725400],[-3947,985],[-3102,441],[-4955,4400],[-3143,3076],[-2336,441],[-2337,-1768],[-2095,-5265],[-766,-2650],[-1530,221]],[[119778,717281],[-3752,20011],[482,14932],[4796,32414],[3907,14168],[7615,11637],[9991,7170],[36494,15603]],[[179311,833216],[4477,-1775],[4956,-2634],[4954,-3958],[3667,-2634],[3384,-4842],[3103,-7915],[2093,-7034],[1290,-4824],[3384,-1325],[2378,0],[3384,-1751],[2859,-4841],[1572,-3958],[-1048,-4825],[0,-8801],[1048,-2633],[3383,-2650],[3102,-866],[847,-356]],[[288293,650684],[3665,-1222],[4674,-3958],[4432,-5268],[3907,-2208],[2820,-1716]],[[307791,636312],[4028,-5334],[4715,-6897],[5639,-11688],[7252,-12741],[6002,-14865],[7535,-8494],[6284,-1070],[2457,2446]],[[351703,577669],[2861,-1224],[4432,0],[3465,-4960],[0,-22408],[4390,-11619],[3465,-4146],[443,1954]],[[370759,535266],[524,-4638],[-2498,-5844],[-3465,-5316],[-2215,-2652],[-1250,-2122],[-321,-4231],[1571,-5318],[0,-6370],[-323,-7967],[-201,-1954]],[[362581,488854],[-3021,0],[-564,-8069],[-404,-11960],[-2497,-7764],[-2861,-4519],[-3464,-5164],[-2296,-3568],[-2095,-4842],[-1129,-4519],[162,-10023],[201,-7100],[-1933,645],[-3063,1920],[-2095,1954],[-4028,1936],[-4513,-969],[-1692,-2581],[-1530,-4519],[-2136,-1632],[-2658,0],[-2900,-2258],[-564,-1614],[0,-3873],[401,-919]],[[317902,409416],[-1570,306],[-3545,-356],[-847,-4214],[0,-9852],[-1450,-5266],[-5439,-2821],[-7090,-2802],[-5197,-3263]],[[292764,381148],[0,1853],[-1249,5265],[-3747,2820],[-3988,698],[-4592,2462],[-2297,3161],[-1451,3176],[-402,2447],[0,8443],[-201,1766],[-1894,1750],[-4795,0],[-3101,-2803],[-2538,-1766],[-2902,-1054],[-3545,-1750],[-3745,-356],[-2095,0],[-3748,-1410],[-121,51]],[[246353,405901],[0,5759],[766,4824],[2861,2209],[3665,1308],[2337,4841],[5720,5267],[4433,7474],[4431,5726],[3908,3075],[-242,3957],[-3666,3076],[-4956,3075],[-4672,5708],[-2095,3957],[-1048,10550],[-1289,3959],[-282,-458]],[[256224,480208],[524,8816],[0,18449],[-2055,5284],[-5479,3074],[-4190,0],[-4149,443],[-2338,2632],[-1248,5896]],[[237289,524802],[2014,9495],[-766,11434],[-1329,4382],[-1813,3093],[-1046,3499],[0,5283],[-525,5692],[-3626,3534],[-1852,6590],[523,3518],[2096,2207],[3141,0],[1048,2635],[0,16273],[2054,6151],[8099,884],[2175,611]],[[247482,610083],[5358,1580],[5479,6590],[6527,13184],[9105,12758],[7572,7033],[5198,0],[1572,-544]],[[389855,745173],[-846,647],[-1490,-629]],[[387519,745191],[-1168,2989],[-2095,0],[-1049,-390],[-119,2905],[282,2530],[119,5182]],[[383489,758407],[81,1853]],[[383570,760260],[927,-714],[4069,-3024],[1893,-1936]],[[990585,544269],[-2027,2363],[-4433,4059],[-5196,2175],[-5358,2209],[-7414,7797],[-5922,4689],[-6122,629],[-3344,-307],[-2056,0],[0,4690],[-2013,4689],[-4472,2496],[-17041,4060],[-5358,-322],[-2216,-2174],[-363,-3449],[-1129,-935],[-3141,935],[-1492,4383],[-200,6251],[-725,3738],[-2781,1885],[-2215,8750],[-3143,9378],[-645,5198]],[[901779,617456],[3587,-510],[3141,611],[3908,5318],[2781,5623],[4431,2191],[3344,629],[2054,4994],[3143,8443],[2416,5623],[5157,7169],[6889,6269],[4795,4367],[1612,2208],[1264,1707]],[[950301,672098],[1151,-1622],[4554,-3092],[1812,-2650],[2457,-7780],[4150,-22509],[8339,-24752],[2418,-4843],[4271,-2411],[9224,-613],[4151,-2463],[6889,-13844],[282,-15494],[-4270,-15290],[-5144,-10466]],[[358794,260872],[-484,-170],[404,-4196],[1892,-3551],[5964,-1615],[3626,-321],[4995,-3874],[4593,-9377],[4793,-4843],[1411,-5180],[2296,-2905],[4231,-323],[4229,-324],[2457,-1290],[2699,-6133],[7454,-5181],[4231,-323],[4390,0],[2901,2581],[2094,1937],[2862,0],[7090,-7101],[5398,-2583],[5922,-1291],[4594,-1936],[1450,-2124]],[[384295,154252],[-966,1105],[-3263,969],[-2499,0],[-1933,-647],[-2861,-2582],[-4028,-3228],[-2094,0],[-3063,969],[-3062,2259],[-1934,2582],[-966,3568],[202,6456],[0,6149],[402,4843],[-201,4195],[-765,4519],[-2298,2923],[-5196,2259],[-3827,3228],[-3425,5163],[-2134,5827],[-1330,5811],[0,6455],[1933,3890],[1531,4519],[0,5487],[-2901,5506],[-563,781]],[[339054,237258],[-2095,2769],[-2136,3245],[404,6133],[2699,5146],[2859,11315],[1532,4535],[3062,1292],[1732,221]],[[347111,271914],[966,101],[4030,-2581],[3061,-5811],[1893,-1936],[1733,-815]],[[529771,698388],[-4351,-4043],[-3263,-3160],[-5801,-5471],[-5278,-2581],[-4955,289],[-2216,-1444],[-322,-2294],[483,-5470],[525,-4894],[0,-6336],[-525,-5453],[-845,-6337],[-1853,-6609],[-1371,-6913],[-1209,-6609],[-1007,-2599],[-2054,-850],[-4592,2005],[-1895,4027],[-2376,3754],[-2739,0],[-161,-2310],[-1693,-2583],[-2215,-2599],[-1370,-3449],[-2217,0],[-362,1428],[847,2310],[-161,4893],[-1008,1155],[-1530,-867],[-1895,-2310],[-2901,289],[-4270,866],[-3908,2294],[-120,1597]],[[445249,687397],[-403,50],[-4027,0],[-2337,714],[-887,3601],[887,3958],[1168,1699]],[[443879,703688],[967,2106],[2982,1054],[4271,3618],[4713,2871],[2538,4672],[3424,0],[3183,-3584],[3424,-2175],[3183,374],[4068,357],[2781,356],[1249,3246],[-847,5759],[-2377,2819],[0,2515],[564,2769],[1331,3210],[2054,5759],[2054,5997],[887,425]],[[484328,745836],[2134,-3194],[5721,-3908],[3828,-934],[3828,-3668],[1489,-5301],[2297,-1376],[2618,0],[2981,1614],[2176,2294],[4513,457],[5599,-238],[3706,-3210],[3102,-5522],[3828,-3447],[1370,-1070]],[[869309,409926],[1772,-1885],[2982,-4383],[925,-3755],[1290,-4994],[725,-4060],[-160,-3448],[-1692,-4689],[-1290,-3433],[0,-3736],[3707,-1563],[1651,-2193],[2055,0],[1087,935],[1329,1869],[3304,323],[2417,306],[1491,-2498],[725,-3126],[565,-5301],[1127,-2191],[2418,-2820],[3141,-2192],[3344,-611],[1854,611],[2216,1563],[1852,1257],[3144,307],[1651,0]],[[912939,360219],[0,-1240],[1129,-1564],[1490,-1563],[363,-6880],[-363,-9988],[363,-12503],[0,-3450],[685,-1291],[457,-1120]],[[917063,320620],[-6179,-1410],[-7279,-8149]],[[903605,311061],[-1221,1352],[-6124,4689],[-7574,4996],[-6485,4383],[-4633,1562],[-2580,-951],[-2778,-2174],[-2055,-5947],[-2216,-6881],[-2618,-4060],[-1088,-1256],[-2056,0],[-1288,2514],[-2579,306],[-2054,-1564],[-1491,-3125],[-2579,-1240],[-3545,0],[-4432,0],[-2940,1240],[0,4383],[-4109,5300],[-2942,3127],[-2619,305],[-1651,-918],[-2779,-1256],[-3909,-306],[-4994,0],[-2780,306],[-162,3125],[-363,6558],[-1692,4689],[-3343,6557],[-2015,5011],[0,2803],[1491,5013],[2940,4670],[1492,4383],[0,3126],[-1854,3756],[-2054,2190],[-3706,613],[-2942,-307],[-4633,0],[-4835,2820],[-3706,4367],[-4068,5623],[-3344,5945],[-2579,3738],[122,1733]],[[804850,405832],[564,-611],[1450,1885],[2619,4044],[2215,3738],[1129,3770],[1289,2498],[3867,629],[4472,-3127],[2578,0],[3143,-3125],[4633,-2820],[1691,-2803],[3869,-5929],[2416,-4383],[4069,0],[7251,-306],[3506,1869],[2578,1257],[3908,934],[4795,4994],[2417,1580]],[[270888,352081],[2781,-1953],[6283,-3755],[2941,-3109],[0,-9377],[5923,1258],[5923,-1258],[4470,0],[2580,-4978],[0,-16223],[-363,-6252],[0,-3738],[725,-2496],[2941,0],[4069,627],[3707,2480],[3705,-1867],[4835,-7476],[1088,-8120],[1852,-8121],[4433,-4994],[2215,-4994],[0,-13727],[-1088,-4383],[-241,-6762]],[[329667,242863],[-766,-271],[-3545,-3499],[-3827,-8494],[-7131,-6984],[-4431,-3006],[-3545,-492],[-2055,-5012],[-2982,-5981],[-5035,-492],[-5923,-4501],[-4431,-7476],[-4149,-2496],[-5037,-3008],[-4149,-493],[-5036,-1001],[-3546,-2497],[-5317,-2991],[-4270,-2413]],[[254492,181756],[-1168,2209],[-4030,7985],[-2134,10379],[0,8393],[-1895,13590],[-1650,5199],[-3788,374],[-3546,0],[-2618,4009],[-1169,5589],[-483,-1139]],[[232011,238344],[-482,3144],[-2580,5435]],[[228949,246923],[-1208,2550],[-2819,7966],[0,7612],[-4514,3193],[-2617,4384],[-2135,7203],[-1652,5979],[-3788,2804],[-3787,2395],[-3786,3992],[-2820,3991],[-967,5199],[0,6796],[482,1206]],[[199338,312193],[2378,5979],[8743,8376],[9224,5199],[10919,-409],[7816,0],[11562,680],[6284,4994],[5922,7492],[1129,4996],[5921,3736],[1652,-1155]],[[312450,819737],[-1758,-8429],[927,-12213],[2699,-8562],[3584,-2531],[4190,1002],[2377,3533],[3023,510],[3263,-4537],[1209,-8578],[4470,-10584],[4190,-12096],[5964,-9581],[9870,-1139]],[[356458,746532],[-242,-9665],[0,-12199],[725,-2071]],[[356941,722597],[-1369,-2974],[-4110,-510],[-4713,0],[-6607,-4791],[-7574,-7424],[-4392,-5316],[-4714,-6897],[-5035,-4774],[-9467,-4248],[-5641,-3194],[-1893,-4773],[-122,-1613]],[[301304,676083],[-1771,1291],[-2015,1274],[-5037,7644],[-2538,425],[-3020,4246],[0,6372],[1007,11042],[1288,9343],[1492,8087],[241,8495],[-1249,2547],[-5278,3805],[-5035,4690],[-4795,2547],[-4028,1258],[40,680]],[[270606,749829],[201,2717],[1008,1292],[2015,1256],[5317,1291],[4513,2550],[2779,1273],[0,5097],[-3263,7628],[-967,5113],[322,3720],[2538,3704],[3747,2124],[1572,2666],[0,5845],[-1572,5826],[-2175,-526],[-2538,-2124],[-2820,0],[-3144,4774],[-3141,3703],[1571,2668],[4390,2667],[5682,527],[4713,1052],[4714,0],[4713,1070],[4592,6831],[673,2196]],[[306046,824769],[3315,-4251],[3089,-781]],[[547578,647983],[121,-3177],[-1369,-2854],[-2056,-2581],[-3585,-5470],[-2377,-2599],[-2377,-3160],[-1208,-2601],[684,-2581],[1370,-2294],[2539,-4332],[1892,-2582],[2056,-3738],[0,-4620],[-846,-3432],[-2417,-6337],[-1693,-4604],[-523,-1715],[-485,-3755],[1169,-2292],[4432,0],[3101,-1444],[1693,-3738],[2901,-7476],[1852,-3465]],[[552452,567136],[0,-8629],[-1531,-9480],[-3383,-5470],[-6486,-8342],[-2579,-6608],[-1852,-6337],[-2056,-6336],[-3746,-7476],[-4270,-866],[-3224,0],[-2740,-289],[-1207,-2292],[-525,-4027],[-725,-6218]],[[518128,494766],[-3787,510],[-8903,2888],[-3424,4893],[-686,5470],[-161,6914],[-160,4331],[-1370,2584],[-1893,-578],[-1169,-1733],[-2418,-2871],[-1168,-1155],[-2054,-1155],[-2054,289],[-2056,4042],[-684,3738],[161,3738],[-1007,5486],[-3263,6337],[-1370,10941],[-2378,7203],[-4109,2599],[-4269,288],[-4754,1155],[-3263,1717],[-2901,2021],[-2217,578],[-2054,0],[-1369,-1733],[-1693,-1428],[-2215,0],[-2056,2006],[-2738,7492],[-3426,8646],[-2376,4316],[363,1495]],[[246353,405901],[-7050,2684],[-6003,-884],[-1046,-2634],[-243,-4399],[1813,-5726],[807,-5707],[0,-4824],[2577,-5285],[4714,1751],[2498,0]],[[244420,380877],[-162,-6151],[-5478,-3515],[-5480,-1750],[-4672,0],[-6527,0],[-3626,441],[-1571,3942],[0,3941],[-1854,3974],[-4148,3518],[-6003,5283],[-1572,3942],[-524,4841],[524,5724],[3384,1750],[404,748]],[[218717,430550],[6768,884],[4956,4399],[3383,6150],[2095,9666],[1571,5725],[3103,3960],[4714,1748],[5197,5726],[3383,7458],[2337,3942]],[[903605,311061],[-4284,-4797],[-3625,-18525]],[[895696,287739],[-806,365],[-4472,1919],[-2981,237],[-2980,953],[-3546,0],[-2699,-239],[-2861,-714],[-2095,0],[-4714,1665],[-3947,493],[-2700,-2158],[-2135,-4314],[0,-3840],[-1007,-3804],[-2255,-1445],[-5963,-238],[-8139,477],[-1732,-3348],[-2981,-5742],[-3263,-5979],[-3385,-2871],[-2981,-1444],[-804,85]],[[827250,257797],[-1894,152],[-3667,3127],[-725,2140],[-1007,2158],[-6809,-238],[-1691,-3823],[-161,-4315],[-686,-7899],[-282,-3586],[-2577,-2395],[-2377,-2158],[-1733,-1902],[-484,0]],[[803157,239058],[-926,0],[-1975,4060],[-1771,4060],[0,3127],[-1290,2615],[-3103,1444],[-160,5268],[160,6693],[-2416,9580],[-2015,5742],[161,12930],[0,5979],[-845,4553],[-1410,951],[-2860,0],[-4110,2140],[-2699,3364],[-3545,6932],[-6246,9106],[-3101,6455],[-2578,2633],[-4110,714],[-4954,3109],[-3828,5266],[-2981,714],[-3425,238],[-5238,492],[-240,340]],[[404963,588559],[-3464,-1648],[-7534,-2650],[-4110,-4248],[-2497,-6388],[-2216,-5299],[-2217,-6372],[-2820,-3720],[-4390,-2124],[-1893,-3720],[-1250,-9021],[-1813,-8103]],[[351703,577669],[-1046,441],[-1974,7476],[0,7458],[1450,9954],[2981,6642],[-1732,6321],[-3506,1699],[-1772,2547],[484,5097],[1531,2141],[2496,0],[1531,1256],[767,7237],[2255,12743],[1491,5520],[4028,3823],[3545,0],[485,3397],[-2016,2548],[-3021,425],[-5278,2124],[-4794,0],[-1732,5945],[0,8495],[2739,3823],[6044,2122],[5317,0],[4030,-1274],[6042,-3821],[9790,849],[6326,425],[1249,5520],[1490,11043],[161,7866]],[[391064,707511],[363,-732],[4310,0],[3385,2447],[3866,0],[3587,-5182],[0,-14287],[885,-2973],[4794,-2343],[2901,1698],[1532,3414],[764,3841],[1129,3839],[1894,2768],[2134,851],[2538,1918],[483,273]],[[425629,703043],[1774,1001],[2658,2990],[2660,2057]],[[270606,749829],[-2458,-239],[-3787,0],[-2014,-1460],[-2054,-3908],[-2900,0],[-7816,969],[-4633,1954],[-886,2445],[2336,2939],[0,4400],[-2015,1954],[-2901,-1954],[-4351,0],[-6686,2447],[-1451,1461],[-80,560]],[[228144,765594],[-283,1596],[1451,1954],[10716,2939],[6648,1461],[6084,3908],[2617,7814],[4351,9786],[3466,3430],[4068,6354],[565,7322],[-1450,5862],[-2901,2445],[-3748,986],[-3182,2447],[-3465,8799],[-5237,9276],[-5801,8799],[-9419,10914]],[[232624,861686],[13045,16098],[9387,7561],[3020,-103],[2619,-916],[5238,-3603],[14826,-14388],[13817,-17023],[6365,-13148],[3587,-9446],[1518,-1949]],[[387519,745191],[-443,-188],[-1934,-5707],[885,-1326]],[[386027,737970],[-1852,-2735],[-766,-8273],[-202,-2209],[0,-85],[485,-4060]],[[383692,720608],[-8663,0],[-8217,0],[-9145,0],[-726,1989]],[[356458,746532],[241,9853],[0,19232]],[[356699,775617],[4552,-714],[4191,-4043],[2377,-6047],[4472,-6559],[6001,-2005],[3264,0],[1933,2158]],[[381597,777282],[-443,578],[282,-8342],[1248,-6371]],[[382684,763147],[-1691,-1869],[-2701,511],[-2376,4026],[-926,4043],[-2377,3516],[-3305,510],[-1168,1512],[0,4536],[282,6557],[2699,3534],[3264,1001],[3021,-3532],[2981,-6541],[1210,-3669]],[[400640,913734],[3155,-13083],[764,-4757],[4111,-8749],[4391,-6456],[3263,-1392],[1369,-3687],[0,-8767],[-1088,-8765],[-3544,-4162],[-3586,-2310],[-3263,-1853]],[[406212,849753],[-2256,952],[-5801,-2429],[-3384,-10585],[-5762,-12996],[-1933,-8953],[-968,-14642],[968,-22766],[-3384,-1631],[-645,-1426],[-1450,2005]],[[382684,763147],[523,-2650],[363,-237]],[[356699,775617],[0,9224],[-6728,18704],[-11885,14627],[-4169,3049]],[[333917,821221],[180,1437],[-362,13336],[-603,5605],[-1169,3534],[-805,3534],[482,5793],[22924,44051],[2665,2720],[2411,2460],[6809,714],[13575,-6523],[4190,544],[-442,4416],[-2821,5777],[-603,5724],[6404,4485],[4512,-1801],[3627,-4672],[4028,-1256],[1721,2635]],[[737732,773679],[-604,-2718],[-1450,-6251],[-1290,-7611],[-1773,-544],[-2901,-2173],[-2980,-2447],[-2417,-5164],[-1774,-5165],[-5640,-5691],[-4794,-6251],[-3867,-3534],[-1933,-2991],[79,-662]],[[706388,722477],[-1812,1394],[-1450,-273],[-2619,-2496],[-2981,-7187],[-968,-5267],[-684,-5538],[-2136,-4722],[-3424,-2208],[-2779,-2770],[-2820,-4161],[-2136,0],[-1611,-1088],[-1168,-3329],[483,-4707],[4955,-9139],[8743,-13625]],[[693981,657361],[-1693,-2446],[-3787,-544],[-5599,0],[-4594,-289],[-4108,2225],[-1289,5251],[0,3058],[-1169,2768],[-2457,833],[-4594,-3058],[-845,-917]],[[663846,664242],[-242,866],[-1008,2124],[-1531,1290],[-1007,-442],[-1248,-848],[-1249,0],[-2297,848],[-2497,1717],[-3021,425],[-2780,0],[-2056,-799]],[[317902,409416],[1895,-4247],[4592,-8085],[6124,-9056],[2337,-1936],[1328,-3874],[0,-2259],[-402,-4859],[-5720,340],[-3465,306],[-3827,-306],[-1531,-2581],[-202,-4537],[4431,-2905],[5157,-7763],[4593,-6133],[1329,-3550],[3102,-2176]],[[337643,345795],[-483,-1715],[0,-6779],[-201,-9699],[0,-6133],[1894,-4842],[1531,-2600],[3263,-4195],[2497,-5504],[564,-6780],[-564,-6778],[-967,-4213],[-927,-3872],[-1370,-1938],[-764,-3873],[2134,-1291],[2659,-340],[202,-3329]],[[339054,237258],[-2457,340],[-2659,2480],[-2378,3499],[-1893,-714]],[[270888,352081],[-443,2786],[-2699,7731],[966,2718]],[[268712,365316],[686,1851],[2940,2464],[3545,2106],[6044,2819],[4794,2108],[5599,4213],[444,271]],[[451574,390627],[-241,0],[-4230,-2599],[-3063,-4195],[-2295,-8087],[-766,-7746],[-3625,-1614],[-4996,-2259],[-4592,-7442],[-4029,-2583],[-12853,-645],[-3545,-1614],[-5519,-1936],[-4794,0],[-3263,0],[-1934,-2259],[-3062,-3245],[-2296,-4197],[-1733,-3872],[-2658,-647],[-1933,-2259],[-2298,-2260],[-1289,-1511]],[[376560,329657],[-725,1511],[-4390,3552],[-2700,322],[-2296,0],[-3424,-645],[-2902,-1631],[-3062,-307],[-2095,0],[-1932,969],[-1129,2906],[-604,4841],[-564,5182],[-766,3872],[-363,2261],[-2497,1291],[-1732,-969],[-2861,-3227],[-2497,-323],[-1935,-1938],[-443,-1529]],[[362581,488854],[3303,0],[5157,-1936],[4231,-1938],[6325,-3226],[3262,-4519],[1129,-5506],[1933,-4517],[2095,-2261],[4231,-1936],[1893,-6149],[966,-7765],[0,-9038],[565,-6455],[2497,-5827],[2700,-3890],[4028,-2565],[7453,0],[2499,322],[2295,2243],[2498,340],[2660,-969],[966,-2905],[1168,-4858],[767,-4841],[1328,-2583],[2499,-1614],[3626,-985],[5760,-1938],[4593,-1612],[3626,-3874],[2497,-4842],[443,-2583]],[[895696,287739],[-444,-2269],[-1610,-52051],[-3707,-25380],[-4471,-13285],[-4230,-3908],[-5078,3228],[-6928,7917],[-3021,5197],[-1733,5097],[-1840,3102]],[[862634,215387],[2484,5155],[-442,134],[121,3501],[120,4909],[-241,5488],[-927,1563],[-1854,0],[-3706,3346],[-2901,2735],[-2901,1377],[-3021,203],[-2337,0],[-1409,-985],[-1732,-781],[-4996,0],[-2216,594],[-2095,4315],[-1612,2532],[-2779,1578],[-2215,3127],[-725,3619]],[[196518,673195],[686,-2634],[-243,-7474],[243,-4401],[2256,-1139]],[[199460,657547],[-2781,-1495],[-1530,-2190],[-1853,-3518],[1047,-6149],[806,-4400],[-3908,-5724],[-7332,-3075],[-12488,3957],[-9911,-1750],[-4674,-5283],[-7049,1325],[-6770,4826],[-2336,4399],[-2377,8358],[-2577,3959],[-5239,882],[-5438,0],[-4955,425],[-1652,1037],[-8218,4416],[-4885,6363]],[[105340,663910],[3474,4902],[6487,14082],[4108,12335],[217,2248]],[[848480,577092],[-161,-4842],[322,-6795],[1411,-8596],[2779,-3126],[3021,-1954],[1854,-2736],[-242,-3516],[-2095,-3499],[-3222,-7816],[-2337,-3906],[-243,-4298],[726,-5470],[1450,-4604]],[[851743,515934],[-1047,-1648],[-4270,-935],[-4794,0],[-2620,-629],[-1450,-1885],[-2981,-7169],[-1852,-4077],[-1130,-4366],[203,-3754],[2216,-4689],[3142,-6252],[2779,-2174],[766,-4384],[161,-4688],[1491,-3755],[563,-4365],[0,-4996],[-363,-6252],[-2214,-4383],[-1692,-2820],[-1491,-1562],[-2217,322],[-3866,4996],[-3545,4383],[-4069,4993],[-6125,4690],[-2215,0],[-1652,-1240],[-2055,-6252],[-3707,-3449],[-2778,-934],[-2217,0],[-1490,-1564],[0,-2496],[926,-1564],[926,-2819],[927,-2804],[0,-3432],[-1209,-1392]],[[732534,492693],[-1248,647],[-3343,2820],[-1855,4687],[0,11552],[-725,5319],[-1489,2496],[-2419,8138],[-1450,4994],[1290,3754],[3706,4689],[2779,3738],[2419,629],[3141,-2498],[2014,-2192],[3546,-1562],[4270,-1869],[4230,-322],[2982,629],[1852,4671],[1088,3772],[2981,7509],[3506,6557],[2256,4689],[726,2088]],[[762791,567628],[1490,4164],[2861,3737],[1651,5317],[765,6574],[0,8733],[3707,4077],[4633,4060],[2497,1104]],[[780395,605394],[283,136],[3504,-1240],[2781,-2820],[2618,-4061],[1652,-1869],[3344,-1885],[4431,323],[4270,0],[5358,1562],[2217,2803],[764,3449],[1088,2803],[1492,324],[1289,0],[1329,-1563],[927,-3126],[1289,-3450],[2215,-1867],[3344,-1886],[3143,-1869],[2779,-3127],[2418,-3430],[4230,-4384],[4834,-2498],[3142,0],[2981,-627],[363,0]],[[663846,664242],[-6204,-6829],[-3304,-8580],[0,-9139],[1168,-11366],[2620,-9684],[3302,-6370],[4432,-1105],[7695,-271],[5760,-1122],[5561,-4416],[7090,-8036],[4915,-7203],[4271,-1103],[3424,-562],[7895,-8579],[5762,-7474],[4432,-7476],[8178,0],[10354,2753],[8380,850],[5680,2480],[5560,-273],[1974,-3109]],[[707919,456423],[-3022,-797],[-7332,-273],[-6889,2429],[-5922,5385],[-3988,3246],[-4310,2428],[-3022,2413],[-161,9446],[-1129,4315],[-6243,2684],[-5118,271],[-5438,544],[-3183,-1086],[-2416,2445],[-1733,6184],[-484,7271],[-1450,7543],[-1451,4586],[-1409,2990],[-1934,2413],[-2699,-526],[-1934,-4588],[-1290,-4314],[-1248,-2157],[-1934,-1088],[-1933,0],[-3183,4586],[-2861,6456],[-1450,2446],[-3828,1887],[-3706,271],[-3504,3771],[-1048,1070]],[[610667,528674],[-1813,1903],[-5599,4044],[-3989,544],[-6727,-816],[-1210,1222]],[[591329,535571],[-402,391],[-162,3517],[0,3771],[-1731,1869],[-3063,2973],[-3021,3516],[-1128,2686],[645,4585],[806,3773],[1610,2684],[2217,2990],[1611,4553],[2377,1630],[2095,0],[2095,-1630],[2859,-3483],[1290,-2701],[2216,-2158],[1451,544],[805,2429],[645,3227],[1570,544],[1289,0],[2701,273],[643,1614],[0,2700],[-1409,1886],[0,2158],[1409,544],[1170,441]],[[176658,535945],[-6164,-780],[-2056,-2193],[-5237,0],[-3626,0],[-4430,-3516],[-6809,-10107],[-3103,-3075],[-8862,-443],[-4190,-6590],[282,-4400],[3102,-3076],[5238,1768],[1610,-374]],[[142413,503159],[686,-4163],[2458,-17855],[0,-27487],[-4915,-6863],[-404,-6184],[0,-8239],[-4874,-3432],[-4594,-11127],[-4190,-5266],[-4955,-2208],[-6243,1325],[-4393,2156]],[[110989,413816],[-482,3449],[-1209,7544],[-5277,3431],[-8542,4128],[-5317,7560],[-4472,8936],[-8139,8918],[-4470,0],[-13054,3433],[-9749,8936],[-7695,10939],[-7302,4089]],[[35281,485179],[-31,4407],[-8259,30493],[-1973,14032],[-3103,47567],[1129,6932],[3141,8748],[3829,6388],[9063,11246],[2538,5759],[-305,4300]],[[41310,625051],[11506,-6236],[8017,-4009],[3989,-5777],[8862,-5283],[6004,-6592],[8056,-1750],[8098,-882],[4431,4383],[3667,6150],[3626,5724],[8098,0],[7291,-1307],[7533,-1768],[6003,-441],[2338,-3517],[4954,-10992],[806,-12741],[3625,-5283],[4714,3517],[4674,0],[6244,0],[3908,-443],[0,-3499],[-3385,-3975],[-2053,-3058],[2859,-7033],[4956,-10126],[5721,-8340],[806,-5828]],[[110989,413816],[-1852,918],[-1813,1309],[-3143,-884],[-2618,-4383],[-1531,-5709],[-805,-7033],[-1289,-7915],[-1049,-4401],[-3101,-7321]],[[93788,378397],[-1330,2037],[-1169,-1664]],[[91289,378770],[-2335,6218],[-6125,1359],[0,19230],[-2859,11688],[-4473,0],[-4068,4791],[-2417,12368],[-4514,8256],[-6889,1360],[-9386,0],[-4471,-9616],[-8541,-6864],[-8984,-5504],[-5762,-8578],[-5871,-6576]],[[14594,406902],[-4201,10195],[-2980,3940],[-4351,2514],[-2740,9786],[1128,17736],[-1450,9343],[19014,5267],[5641,3024],[5237,4009],[3304,4280],[2095,6831],[-10,1352]],[[268712,365316],[-2053,1936],[-6003,3091],[-5198,3058],[-2859,6609],[-1290,3517],[-3143,-441],[-3383,-2209],[-363,0]],[[484328,745836],[-483,714],[0,2769],[403,4145],[684,3669],[0,5759],[-1008,2532],[-5316,0],[-4514,4841],[-4633,5063],[-4633,3449],[-1207,4043]],[[451978,795578],[-1894,1375],[-121,4842],[1087,4129],[2298,1393],[3423,2531],[2861,3228],[2860,3670],[1653,6675],[401,6218],[-80,5760],[0,5759],[1370,3449],[1934,916],[2297,-916],[2336,-2312],[2054,-459],[1209,1157],[121,2989],[162,5522],[-283,2990],[0,5300],[2579,2530],[3020,459],[2176,1155],[686,2531],[0,5522],[-1088,7136],[-1492,5979],[-39,8868],[-243,13811],[-749,3196]],[[480516,910981],[24,-2],[5883,4655],[5639,8580],[5072,3870]],[[497134,928084],[3631,-4398],[8058,-4587],[683,-1835],[3950,-2037],[3342,-918],[2176,-1359],[2538,-3874],[161,-5453],[-806,-3176],[-3263,-1598],[-2820,-678],[-2014,-1359],[-806,-3433],[-161,-5214],[967,-1598],[1330,-3176],[0,-6372],[161,-6608],[-1088,-2955],[-1491,-2957],[-524,-3176],[-160,-3874],[160,-4314],[242,-6372],[1370,-5231],[3506,-6592],[4027,-5692],[2419,-4094],[3102,-1596],[3102,0],[1893,3653],[3908,2496],[3665,917],[2699,2718],[3102,1360],[4553,1156],[2579,-238],[1772,-2278],[1732,-2275],[3908,-1819],[6728,-2496],[3263,-222],[1210,459],[1732,2718],[161,2956],[927,3636],[2175,1835],[3344,441],[2698,-1596],[1774,-5233],[1088,-5912],[1570,-5300]],[[780556,617982],[-1691,0],[-8057,271],[-7735,1088],[-4190,526]],[[758883,619867],[-161,0],[-1612,4638],[-2418,5419],[-4350,7068],[-3868,4620],[-967,5437],[-81,8698]],[[745426,655747],[2820,0],[3706,271],[3707,4078],[1451,2718],[1773,1631],[2095,0],[1610,-1631],[485,-2447],[2095,-815],[1771,1088],[1450,3534],[3063,5164],[3383,1359],[1370,0]],[[776205,670697],[-80,-781],[1290,-3127],[2053,-2820],[726,-3754],[926,-8427],[363,-7830],[0,-10925],[-523,-5317],[-404,-6558],[0,-3176]],[[624165,955349],[119,-9629],[1369,-4654],[524,-5658],[363,-6863],[0,-4179],[-2658,-3874],[-2095,-305],[-5480,-1189],[-1451,-3874],[726,-4484],[1773,-4163],[1127,-2684],[0,-5080],[-160,-9240],[363,-3280],[1771,-3872],[2983,-5963],[1409,-4774],[0,-4179],[-1772,-2973],[-2820,-613],[-3344,0],[-1208,204]],[[497134,928084],[38075,29054],[7857,2242],[15590,-221],[2741,850],[13213,14355],[4189,2480],[4876,-1325],[20827,-13473],[12732,-5690],[6931,-1007]],[[383692,720608],[3384,0],[2416,-1630],[0,-8138],[1572,-3329]],[[307791,636312],[-403,510],[2216,8495],[927,10618],[0,5827],[-2176,2139],[-4432,3703],[-2820,4792],[201,3687]],[[224477,725400],[1290,-2973],[2579,-5708],[4431,-5725],[3385,-425],[2094,-1325],[0,-5726],[806,-9650],[3626,-2650],[5197,0],[1852,-5708],[0,-2207],[-1046,-3075],[-3384,-868],[-1049,-4840],[-281,-6592],[281,-5725],[3908,-884],[6003,-424],[4674,0],[4954,-5284],[2619,-3074],[4432,0],[5196,0],[2862,441],[805,3074],[766,3518],[2859,1325],[2862,0],[2095,-3959],[0,-6252]],[[247482,610083],[-1772,4212],[-3426,5708],[-4148,7033],[-7051,7035],[-3102,4840],[524,4843],[-1047,5265],[-2338,0],[-6003,-441],[-8339,1325],[-8339,6149],[-2981,1495]],[[517604,389201],[0,-5199],[2378,-4723],[4190,-5724],[2014,-1683],[3787,0],[1007,2346],[1008,3380],[1007,2361],[1974,1343],[804,-3364],[0,-8103],[-1409,-3704],[0,-6066],[-403,-6744],[805,-5724],[2095,-3534],[2217,-4723],[806,-5724],[0,-4723],[-203,-4723],[-1208,-3364],[-1007,-2021],[-806,-4707],[0,-3720],[-603,-7084],[201,-9751],[1007,-5743],[2013,-8766],[1774,-4705],[3423,-1343],[3989,0],[3384,323],[2619,340],[4995,-663],[1572,0],[805,-2701],[-1409,-2021],[-765,-5402],[-2016,-4383],[-2377,-6065],[-603,-6064],[-202,-7747],[2377,-5726],[2015,-1342],[2980,-6404],[122,-8256],[-605,-12809],[605,-9446],[764,-5045],[2217,-2022],[2981,-1020],[5399,0],[2215,-323],[1007,-3380],[0,-5725],[805,-7407],[93,-468]],[[577442,169210],[-6417,-6088],[-3062,-4418],[-1571,-6252],[-336,-10888]],[[358794,260872],[2377,815],[5560,323],[3263,2905],[2860,4842],[2700,3550],[2497,3567],[1531,10024],[362,5810],[1935,3228],[1530,4517],[0,5827],[-1733,1615],[-3827,645],[-4027,323],[-1531,2583],[-202,3550],[-1693,1631],[-200,4195],[200,1938],[4392,4842],[1772,2055]],[[451574,390627],[1652,0],[3465,-338],[2861,-647],[2901,-2581],[2093,-4197],[766,-3550],[3626,-324],[3667,1291],[2095,1276],[2859,7779],[404,7424],[200,5488],[1128,2583],[1169,985],[3626,323],[2498,0],[4028,644],[1894,1937],[3062,1938],[2698,0],[2096,-969],[1530,-3228],[2901,-1936],[3827,-1937],[3626,-2600],[1329,-3873],[1934,-4841],[2095,-2073]],[[232011,238344],[-3545,-8459],[-4753,-6778],[-8300,-8002],[-8017,-5573],[-6647,-5198],[-8984,-6795],[-4513,-5589],[-4027,-6778],[-3788,-6015],[-2820,-10363],[-1894,-13981],[-241,-8783],[0,-6794],[-484,-5199],[-3303,-1988],[-1893,-2395],[0,-3601],[200,-5981],[2137,-3228],[2134,-6388],[0,-5979],[-684,-7187],[-3102,-4383],[-4030,-407],[-5921,-799],[-4472,-4383],[-1893,-7610],[-1451,-8765],[0,-13592],[605,-4042],[627,-4320]],[[152952,48989],[-7639,-2408],[-12971,-13930],[-6850,-3500],[-9829,2786],[-4019,4367]],[[111644,36304],[2246,2360],[4633,5063],[8057,6150],[1854,7917],[2579,10991],[6284,14507],[4432,17584],[241,13182],[-1046,11876],[0,8358],[-243,8340],[-282,7917],[0,7033],[806,6592],[242,4400],[-4956,4842],[-4149,1307],[-3385,3517],[-3907,7476],[-2901,10990],[-1047,4842],[-4674,3057],[-1974,3807]],[[114454,208412],[-121,169],[1451,2820]],[[115784,211401],[120,255],[6245,0],[5762,425],[2336,6608],[4431,2191],[2338,1325],[0,5267],[-525,7917],[1571,4383],[3143,7474],[4915,3975],[805,5267],[2620,3075],[3908,884],[9870,-443],[6526,3517],[4190,443],[6485,-443],[4957,-1767],[9144,-4382],[10152,-8801],[7575,-1766],[10918,-1749],[5679,1867]],[[599992,462285],[-81,-103],[0,-6744],[603,-13811],[-401,-11791],[39,-67]],[[600152,429769],[-1248,-1632],[-1210,-5401],[404,-8750],[-1007,-10786],[-3988,-3365],[-2781,-2039],[-1611,-2683],[-202,-5046],[-1973,-1020],[-2217,1020],[-3183,3364],[-3222,2022],[-2579,1358],[-3383,0],[-1813,-2361],[-807,-8427],[-2779,-2700],[-6003,-340],[-6003,0],[-2577,-1019],[-3022,0],[-6969,1019],[-3426,4723],[-3988,7066],[-2256,4417]],[[532309,399189],[80,2668],[606,8409],[564,4061],[1207,5452]],[[534766,419779],[203,953],[2216,2700],[2175,2021],[4189,681],[2216,0],[1813,2003],[1168,2362],[0,3382],[-765,6063],[-605,1683],[0,6064],[1168,1343],[2820,340],[3183,-1343],[2014,-2361],[5802,-3704],[5963,0],[2215,3364],[1411,5063],[2376,3704],[2418,2360],[4592,-1359],[2377,-2684],[5600,0],[201,2684],[806,6744],[3384,2702],[3224,0],[3062,-2259]],[[716379,300131],[0,-544],[1290,-3329],[846,-2225],[322,-3890],[0,-11943],[484,-3875],[2134,-1392],[1974,0],[1008,-1665],[-162,-3891],[-2134,-1392],[-1652,-544],[-3949,-4163],[-3141,-3617],[-4594,-2769],[-1974,0],[-1489,-289],[-1331,-273],[-321,-4161],[1168,-4723],[1128,-3619],[685,-5827],[966,-3057],[806,-3058],[0,-3331],[-1127,-832],[-2619,-271],[-5601,271],[-6607,-1375],[-2296,-1394],[-1330,-3602],[-483,-4450],[-765,-2685],[2095,-7441],[31,-107]],[[689741,204668],[-3053,483],[-8823,-987],[-8904,-5265],[-14018,-16241],[-8179,-3738],[-2900,1393],[-12933,8903],[-966,1867],[-645,3331],[-1209,3160],[-2860,1290],[-1612,-1256],[-3989,-5708],[-1852,-1768],[-24938,-9343],[-11844,-8188],[-3574,-3391]],[[517604,389201],[0,866],[3385,5046],[2215,5403],[2377,3022],[4594,-1001],[1813,-2702],[321,-646]],[[600152,429769],[2740,-2973],[4190,0],[3424,340],[3988,3040],[3183,663],[3988,-2022],[2015,-3702],[-202,-13490],[1007,-7747],[1210,-7067],[1771,-10124],[-200,-11111],[200,-12129],[1813,-10126],[3384,-7407],[806,-5384],[-201,-4044],[201,-3040],[3787,-2684],[2257,-2074]],[[768995,821978],[-4231,1052],[-1933,425],[-7091,0],[-4753,-645],[-5924,-221],[-2457,-220],[-1047,-1734],[0,-2004]],[[624165,955349],[6040,-880],[13497,3110],[53743,28319],[10272,13285],[3545,816],[1733,-3194],[282,-11178],[1129,-4758],[5721,-8443],[6243,-5963],[6889,-3295],[7695,-578],[38433,-65098],[14746,-13880],[5157,-18909],[4778,-10278]],[[312450,819737],[16813,-4248],[4070,1121],[584,4611]],[[610667,528674],[242,-4026],[-1087,-4059],[-2095,-3773],[-2256,-6200],[-2377,-1614],[-2740,-3772],[-1732,-4857],[-485,-3772],[0,-3500],[1290,-2973],[2538,-1885],[2900,0],[2862,2158],[3020,1885],[3224,1358],[2054,0],[2418,-2428],[482,-2973],[0,-3501],[-1611,-4586],[-1289,-3772],[-2377,-4586],[-967,-2684],[-160,-1902],[483,-1887],[1288,-799],[2056,-2973],[0,-3227],[-1571,-5131],[-1450,-4841],[-967,-2174],[-2701,-273],[-2256,0],[-1289,2447],[-805,5096],[0,7374],[-1813,2701],[-2377,0],[-1127,-1240]],[[534766,419779],[-1893,1224],[-4633,3738],[-4068,3159],[-1210,5759],[161,6898],[686,6048],[2578,4025],[2700,3449],[1732,4893],[0,6337],[-1532,4025],[-4632,3738],[-4754,4604],[-2377,4315],[161,4893],[323,6897],[120,985]],[[552452,567136],[0,1155],[363,3160],[1208,1155],[4432,0],[2377,-848],[1007,-2312],[524,-5742],[1893,-7491],[162,-6031],[0,-6625],[845,-5182],[847,-6609],[1370,-4043],[2377,-1715],[4954,-1716],[3908,-578],[3103,0],[4271,3449],[3746,4603],[1490,3805]],[[990585,544269],[-3438,-6997],[-2539,-9549],[-1208,-3277],[-2134,-1683],[-6125,-2243],[-1933,-2258],[-1853,-7544],[-1210,-9089],[-362,-9462],[644,-8783],[1249,-3736],[3708,-7340],[886,-4451],[-323,-3839],[-1894,-10906],[226,-10092]],[[974279,443020],[-184,-52],[-3545,-967],[-3305,-1784],[-13737,-1240],[-9991,0],[-2578,0]],[[940939,438977],[-1854,0],[-3546,6252],[-3505,3125],[-7492,611],[-5761,324],[-6850,1240],[-4633,1256],[-5760,4996],[-3304,5010],[-1127,5929],[-2781,4996],[-4069,696]],[[890257,473412],[-1490,255],[-10192,3125],[-5923,-322],[-2579,0],[-401,3126],[201,2496],[2417,1563],[2416,953],[927,3107],[161,5012],[0,4996],[-1288,4060],[-1854,2191],[-4633,1563],[-5560,7491],[-2699,867],[-1853,-1954],[-2055,-6252],[-1853,-1171],[-1168,0],[-1169,4689],[485,5469],[-404,1258]],[[848480,577092],[0,170],[3182,3431],[4231,918],[5398,0],[3706,5639],[2580,7814],[1490,7816],[563,10941],[-563,6863],[-1289,3447],[725,5318],[845,273]],[[869348,629722],[1007,-3398],[3908,305],[6648,-934],[7976,-1258],[5561,-2191],[6486,-4689],[845,-101]],[[179311,833216],[27667,11828],[11215,4794],[9871,6218],[4560,5630]],[[254492,181756],[-161,-85],[0,-3498],[3545,-4996],[886,-5979],[-886,-7492],[-3827,-8494],[-3869,-4502],[-3263,-2990],[-1489,-6489],[0,-7476],[2699,-4009],[6808,-1495],[1691,-1800],[0,-5981],[968,-5589],[1894,-4808],[3302,-4382],[2620,-3993],[925,-3991],[0,-5200],[2862,-3192],[4229,0],[6647,407],[5439,0],[5238,-3601],[4230,-7611],[1691,-4384],[0,-5180],[3989,-1598],[4029,0],[5479,-390],[2095,-2005],[1692,-8392],[-484,-8393],[4030,-3194],[926,-3193],[-484,-4384],[-1409,-4009],[-927,-7185],[-1450,-7595],[-443,-882],[-1225,-4633]],[[312489,9093],[-14326,3852],[-10153,714],[-27637,-10670],[-57248,-2989],[-161,17464],[-3183,12367],[-6526,8087],[-19377,7373],[-20588,3805],[-338,-107]],[[93788,378397],[1007,-1513]],[[94795,376884],[281,-390],[3384,-9242],[4150,-10108],[4432,-10109],[3908,-10549],[1570,-16257],[0,-15393],[2338,-5265],[2619,-4400],[2335,-3958],[2862,-6151],[523,-5725],[-1289,-14491],[-2861,-11875],[-3665,-6166],[-2337,-3499],[-1289,-4842],[0,-4400],[764,-4824],[1290,-2209],[2094,-2634],[0,-2633],[-765,-3516],[-281,-3958],[926,-2889]],[[114454,208412],[-2175,611],[-15390,1308],[-8863,-459],[-3666,-4383],[-3101,-11858],[-4714,-15391],[-2337,-14066],[-241,-8427],[79,-2344],[4,-89]],[[74050,153314],[-1011,192],[-4915,-307],[-5317,714],[-3067,1831],[-7972,4761],[-2739,8936],[242,11653],[-1974,14849],[-6164,15254],[-14424,25994],[-4915,16682],[-6607,35471],[-2095,19809],[141,1306],[1390,12895],[5601,-2241],[5599,4349],[5076,8154],[3706,8969],[2740,10975],[80,8902],[-436,1490]],[[36989,363952],[5634,990],[12046,-324],[13012,0],[11240,-883],[5439,3958],[4432,7476],[2497,3601]],[[210821,509613],[-686,-5639],[1289,-6609],[0,-10550],[-282,-7474],[-2859,-6592],[-1813,-7474],[-2095,-1750],[-443,-2939]],[[176497,441762],[-1572,647],[-1047,3091],[-1813,7474],[-6002,8360],[-2580,8324],[-2900,7933],[-6487,1309],[-2618,8358],[-1813,8358],[-2860,6590],[-4392,953]],[[176658,535945],[4270,544],[8098,-3074],[5961,-3959],[5762,-5267],[3626,-6149],[2860,-4400],[3586,-4027]],[[415841,823354],[-2499,5182],[-4108,10142],[-4393,6455],[1371,4620]],[[400640,913734],[3718,5690],[6930,-5997],[8017,237],[16356,5352],[877,-575],[4280,-2807],[19338,493],[13656,-4739],[6704,-407]],[[808274,720455],[-1772,-1477],[-4070,-3467],[-2416,0],[-2217,340],[-1852,1869],[-1855,3432],[-2416,2515],[-1854,1240],[-3302,0],[-2983,-306],[-1127,-2498],[-1087,-8766],[-767,-9054],[-1852,-6558],[-162,-5623],[564,-15934],[-2779,-4079],[-122,-1392]],[[745426,655747],[-482,0],[-1290,1088],[-2095,3532],[-1773,0],[-2256,1361],[-1289,6794],[-645,2990],[-806,2446],[-1611,3806],[-321,10873],[0,4620],[966,2991],[1290,1087],[321,1903],[-321,2955],[-968,1649],[-2739,0],[-4352,-273],[-8057,-271],[-5962,5164],[-4956,7882],[-1611,5709],[-81,424]],[[912939,360219],[0,322],[362,1563],[1854,1869],[1491,1258],[1490,1869],[725,3413],[202,4401],[0,13437],[-202,5624],[1854,3125],[3344,3127],[2053,1867],[4271,4689],[3304,5319],[2054,4366],[2217,3754],[2416,2480],[1088,5334],[-162,7814],[-361,3127]],[[974279,443020],[1024,-46005],[524,-3192],[2256,-6695],[483,-3805],[-967,-3091],[-4512,-7102],[-1248,-4043],[805,-14032],[1973,-13795],[-1409,-12232],[-9307,-9240],[-35451,3431],[-11387,-2599]],[[111644,36304],[-5207,5657],[-5640,15187],[-7534,37816],[-7534,42947],[-3988,10601],[-4229,4144],[-3462,658]],[[758883,619867],[-1249,-2344],[-3305,0],[-4915,850],[-3786,4706],[-4754,6099],[-4432,271],[-4592,-833],[-7372,1648],[-7896,1665],[-10194,9412],[-8541,9990],[-3866,6030]],[[210821,509613],[321,2701],[2095,1751],[3667,3534],[5478,866],[4915,2209],[4190,865],[3385,3534],[2336,0],[81,-271]],[[890257,473412],[847,-4434],[725,-9072],[0,-6558],[-927,-6252],[-564,-9070],[-726,-3433],[-1489,-3736],[-2579,-6252],[-3545,-3449],[-2578,-4061],[-2216,-1256],[-2217,-613],[-2416,-627],[-3142,-2497],[-404,-1887],[283,-289]],[[36989,363952],[-1939,6597],[-4633,8358],[-2941,2480],[-6488,1325],[-2778,2990],[-767,3568],[-806,10736],[-1289,5063],[-754,1833]],[[94795,376884],[3383,3993],[12529,-867],[17445,424],[9910,443],[11965,-1308],[8340,-2634],[13054,-441],[1813,0],[2618,-9242],[4149,-10975],[1330,-8358],[-807,-7474],[2901,-7475],[7292,-3076],[3103,-4400],[3384,-9223],[2134,-4078]],[[425629,703043],[-3342,6183],[-5802,5674],[-5319,1632],[-8178,4076],[-4351,4060],[-4351,7322],[-4794,817],[-3465,5163]],[[842639,744970],[321,-4282],[0,-10312],[524,-8748],[202,-7187],[0,-5623],[1652,-1869],[4271,-1256],[7774,-3126],[7414,-4994],[7614,-5012],[4794,-1564],[3545,-934],[2377,0],[1330,-306],[0,-3447],[-1692,-1869],[-1491,-4367],[-3303,-7508],[-1128,-9378],[-1653,-10617],[-2416,-5947],[-2781,-4689],[-725,-4706],[-201,-6540],[281,-967]],[[780395,605394],[161,4825],[0,7763]],[[41310,625051],[-661,9291],[-3102,16599],[119,3568],[365,10989],[9910,7628],[9024,-12128],[4713,-3194],[6365,423],[2901,3076],[4231,9972],[2497,2157],[3667,-2871],[7412,-13131],[3747,-3483],[8380,3669],[4462,6294]],[[413799,33865],[-29745,5309],[-9549,-237],[-9225,-5334],[-14181,-18042],[-6083,-4451],[-13215,-3568],[-13415,-34],[-5897,1585]],[[862634,215387],[-416,703],[-4512,1428],[-5922,-2073],[-1331,-4790],[324,-5913],[-887,-5368],[-6688,-10941],[-6687,-7134],[-1382,-695]],[[835133,180604],[-1236,3583],[-5922,5095],[-6286,4111],[-3706,2565],[-4190,578],[-2820,0],[-1853,204],[-926,1376],[241,2939],[121,3331],[805,3532],[1290,4893],[684,5300],[0,3331],[-443,3330],[-1973,3719],[-1893,3925],[-2419,3347],[-1450,3295]],[[850937,808532],[18975,-12172],[11644,-3076],[1771,-1936],[1451,-2870],[1732,-2735],[2579,-1309],[17766,1003],[3988,-544],[1733,-2650],[926,-4316],[1331,-4450],[3061,-3008],[2740,103],[5962,2616],[2216,-188],[4390,-3686],[2137,-3295],[805,-4994],[322,-8698],[122,-103],[3060,-7134],[927,-7068],[685,-15783],[2900,-15118],[4190,-15019],[606,-4620],[-163,-9701],[1008,-4978],[500,-705]],[[835133,180604],[-5991,-3009],[-8580,-645],[-12731,2445],[-6205,-67],[-7493,-2888],[-5438,-1800],[-6246,-884],[-11561,645],[-4432,2140],[-8258,6865],[-3546,2207],[-4875,443],[-9870,-2243],[-7373,-306],[-3263,-2684],[-2458,374],[-805,2276],[-565,8665],[-1007,2547],[-3584,1325],[-11885,1938],[-14746,6012],[-4480,708]]],"transform":{"scale":[0.0000025654273654273642,0.0000015209422809422828],"translate":[20.44415735,40.84939402]},"bbox":[20.44415735,40.84939402,23.00958215,42.37033478]}