{"type":"Topology","objects":{"all":{"type":"GeometryCollection","bbox":[13.36526127,16.51530155,45.42363678,46.8639623],"geometries":[{"type":"Polygon","properties":{"a":2922,"b":"Dobje","c":15.40137,"d":46.13284},"arcs":[[0,1]]},{"type":"Polygon","properties":{"a":2894,"b":"Savinjska","c":15.16359,"d":46.25787},"arcs":[[2,3,4,5,6,7,8]]},{"type":"Polygon","properties":{"a":2869,"b":"Benedikt","c":15.89032,"d":46.61391},"arcs":[[9,10,11]]},{"type":"Polygon","properties":{"a":2924,"b":"Bloke","c":14.50427,"d":45.78893},"arcs":[[12,13,14,15,16]]},{"type":"Polygon","properties":{"a":3006,"b":"Šoštanj","c":14.99774,"d":46.41764},"arcs":[[17,18,19,20,21,22]]},{"type":"Polygon","properties":{"a":2905,"b":"Lovrenc na Pohorju","c":15.38875,"d":46.52733},"arcs":[[23,24,25,26,27,28,29]]},{"type":"Polygon","properties":{"a":2876,"b":"Kamnik","c":14.66091,"d":46.23687},"arcs":[[30,31,32,33,34,35,36,37,38,39,40,41,42]]},{"type":"Polygon","properties":{"a":2883,"b":"Bistrica ob Sotli","c":15.56695,"d":46.1435},"arcs":[[43,44,45,46,47,48]]},{"type":"Polygon","properties":{"a":2976,"b":"Loški Potok","c":14.66287,"d":45.65628},"arcs":[[49,50,51,52,53,54,-14]]},{"type":"Polygon","properties":{"a":2910,"b":"Tabor","c":15.00508,"d":46.22226},"arcs":[[55,56,57,58,59]]},{"type":"Polygon","properties":{"a":2832,"b":"Kranjska Gora","c":13.84637,"d":46.46231},"arcs":[[60,61,62,63,64]]},{"type":"Polygon","properties":{"a":2831,"b":"Kranj","c":14.32884,"d":46.23553},"arcs":[[65,66,67,68,69,70,71,72,73]]},{"type":"Polygon","properties":{"a":2948,"b":"Borovnica","c":14.37871,"d":45.91422},"arcs":[[74,75,76]]},{"type":"Polygon","properties":{"a":2826,"b":"Bled","c":14.03345,"d":46.37721},"arcs":[[77,78,79,-62,80]]},{"type":"Polygon","properties":{"a":2862,"b":"Ormo","c":16.14432,"d":46.43624},"arcs":[[81,82,83,84,85,86]]},{"type":"Polygon","properties":{"a":3003,"b":"Slovenske Konjice","c":15.4588,"d":46.32279},"arcs":[[87,88,89,90,91,92]]},{"type":"Polygon","properties":{"a":2822,"b":"Vrhnika","c":14.2871,"d":45.97196},"arcs":[[-76,93,94,95,96,97,98]]},{"type":"Polygon","properties":{"a":2947,"b":"Rogašovci","c":16.00147,"d":46.80172},"arcs":[[99,100,101,102,103]]},{"type":"Polygon","properties":{"a":2855,"b":"Dornava","c":16.00455,"d":46.44374},"arcs":[[104,105,106,107,-85]]},{"type":"Polygon","properties":{"a":2957,"b":"Dol pri Ljubljani","c":14.67607,"d":46.09377},"arcs":[[108,109,110,111]]},{"type":"Polygon","properties":{"a":2908,"b":"uemberk","c":14.96157,"d":45.8088},"arcs":[[112,113,114,115,116,117,118,119]]},{"type":"Polygon","properties":{"a":2897,"b":"Hajdina","c":15.83245,"d":46.41658},"arcs":[[120,121,122,123]]},{"type":"Polygon","properties":{"a":2939,"b":"Velika Polana","c":16.37301,"d":46.5778},"arcs":[[124,125,126]]},{"type":"Polygon","properties":{"a":2856,"b":"Gorišnica","c":15.98843,"d":46.34034},"arcs":[[-84,127,128,129,130,-105]]},{"type":"Polygon","properties":{"a":2921,"b":"Solcava","c":14.65588,"d":46.40709},"arcs":[[131,132,-43,133,134]]},{"type":"Polygon","properties":{"a":2860,"b":"Pomurska","c":16.17359,"d":46.65061},"arcs":[[135,136,137,138,139]]},{"type":"Polygon","properties":{"a":2898,"b":"Miklav na Dravskem Polju","c":15.72262,"d":46.4825},"arcs":[[140,141,142,143,144]]},{"type":"Polygon","properties":{"a":2853,"b":"Vipava","c":13.97439,"d":45.82078},"arcs":[[145,146,147,148,149]]},{"type":"Polygon","properties":{"a":2960,"b":"Gornji Grad","c":14.79185,"d":46.29124},"arcs":[[150,151,-32,152,153]]},{"type":"Polygon","properties":{"a":2828,"b":"Cerkno","c":13.96846,"d":46.12938},"arcs":[[154,155,156,157]]},{"type":"Polygon","properties":{"a":2949,"b":"Breice","c":15.58782,"d":45.88432},"arcs":[[158,159,160,161]]},{"type":"Polygon","properties":{"a":2977,"b":"Lukovica","c":14.76689,"d":46.18184},"arcs":[[162,163,-36,164]]},{"type":"Polygon","properties":{"a":2863,"b":"Sveti Jurij","c":16.03847,"d":46.56887},"arcs":[[165,166,167,168,169,170,171]]},{"type":"Polygon","properties":{"a":2999,"b":"Sevnica","c":15.29855,"d":46.00208},"arcs":[[172,173,174,175,176,177,178]]},{"type":"Polygon","properties":{"a":2963,"b":"Trbovlje","c":15.03752,"d":46.07908},"arcs":[[179,180,181]]},{"type":"Polygon","properties":{"a":2872,"b":"Grad","c":16.09094,"d":46.79669},"arcs":[[182,-100,183,184]]},{"type":"Polygon","properties":{"a":2866,"b":"Šalovci","c":16.25636,"d":46.8434},"arcs":[[185,186,187,188,189]]},{"type":"Polygon","properties":{"a":2993,"b":"Rogaška Slatina","c":15.64287,"d":46.24938},"arcs":[[190,191,192,-49,193,194]]},{"type":"Polygon","properties":{"a":2984,"b":"Mozirje","c":14.93614,"d":46.35267},"arcs":[[195,196,197,-151,198,-20]]},{"type":"Polygon","properties":{"a":2854,"b":"Beltinci","c":16.23514,"d":46.6125},"arcs":[[199,200,201,202,203,-136,204]]},{"type":"Polygon","properties":{"a":3007,"b":"Podravska","c":15.76654,"d":46.45573},"arcs":[[205,-123,206,207,-142,208]]},{"type":"Polygon","properties":{"a":2989,"b":"Postojna","c":14.15579,"d":45.78327},"arcs":[[209,210,211,-146,212,213]]},{"type":"Polygon","properties":{"a":2969,"b":"Spodnjeposavska","c":15.46862,"d":45.93549},"arcs":[[214,-159,215,216,217,-174,218,219]]},{"type":"Polygon","properties":{"a":2887,"b":"Ravne na Koroškem","c":14.97904,"d":46.55377},"arcs":[[220,221,222,223,224]]},{"type":"Polygon","properties":{"a":2967,"b":"Kidricevo","c":15.75825,"d":46.39415},"arcs":[[-122,225,226,227,228,-207]]},{"type":"Polygon","properties":{"a":2982,"b":"Mislinja","c":15.22282,"d":46.45714},"arcs":[[-28,229,230,231,232,233,234]]},{"type":"Polygon","properties":{"a":2907,"b":"Jezersko","c":14.47314,"d":46.38219},"arcs":[[-134,-42,235,236,237]]},{"type":"Polygon","properties":{"a":2943,"b":"Gornja Radgona","c":15.96021,"d":46.6603},"arcs":[[238,239,-171,240,241,-12,242,243,244]]},{"type":"Polygon","properties":{"a":3000,"b":"Škocjan","c":15.30209,"d":45.92097},"arcs":[[-218,245,246,-175]]},{"type":"Polygon","properties":{"a":2830,"b":"Idrija","c":14.00195,"d":45.9895},"arcs":[[247,248,249,250,251,-156]]},{"type":"Polygon","properties":{"a":2858,"b":"Kobilje","c":16.38514,"d":46.68258},"arcs":[[252,253,254]]},{"type":"Polygon","properties":{"a":3002,"b":"Koroška","c":15.0848,"d":46.4906},"arcs":[[255,-234,256,-23,257,-221,258,259]]},{"type":"Polygon","properties":{"a":2988,"b":"Notranjsko-kraška","c":14.20446,"d":45.68045},"arcs":[[260,261,262,-211,263]]},{"type":"Polygon","properties":{"a":2936,"b":"Verej","c":16.17953,"d":46.58465},"arcs":[[264,265,-204]]},{"type":"Polygon","properties":{"a":3009,"b":"Trbovlje","c":15.04497,"d":46.17234},"arcs":[[266,-6,267,268,-182,269,-57]]},{"type":"Polygon","properties":{"a":2933,"b":"Lendava","c":16.4197,"d":46.55753},"arcs":[[270,-125,271,272,273]]},{"type":"Polygon","properties":{"a":2820,"b":"Vitanje","c":15.29696,"d":46.39867},"arcs":[[274,275,-231,276]]},{"type":"Polygon","properties":{"a":2864,"b":"Turnišce","c":16.32966,"d":46.60725},"arcs":[[277,-272,-127,278,-200,279]]},{"type":"Polygon","properties":{"a":2865,"b":"Zavrc","c":16.04393,"d":46.36023},"arcs":[[-83,280,-128]]},{"type":"Polygon","properties":{"a":2941,"b":"Markovci","c":15.9501,"d":46.39479},"arcs":[[-131,281,282,-106]]},{"type":"Polygon","properties":{"a":2840,"b":"Ajdovšcina","c":13.87664,"d":45.9034},"arcs":[[283,-213,-150,284,285,-250]]},{"type":"Polygon","properties":{"a":2833,"b":"Naklo","c":14.29452,"d":46.28609},"arcs":[[-72,286,287]]},{"type":"Polygon","properties":{"a":3004,"b":"Šmarje pri Jelšah","c":15.52984,"d":46.21348},"arcs":[[-194,-48,288,-89,289]]},{"type":"Polygon","properties":{"a":2818,"b":"Velike Lašce","c":14.58171,"d":45.83933},"arcs":[[290,291,292,-17,293,294,295,296]]},{"type":"Polygon","properties":{"a":2992,"b":"Radlje ob Dravi","c":15.25462,"d":46.61847},"arcs":[[297,298,299,300,301]]},{"type":"Polygon","properties":{"a":2994,"b":"Rogatec","c":15.73727,"d":46.23505},"arcs":[[302,303,-192,304]]},{"type":"Polygon","properties":{"a":2889,"b":"Ruše","c":15.49175,"d":46.51699},"arcs":[[305,306,-25,307,308]]},{"type":"Polygon","properties":{"a":2971,"b":"Laško","c":15.27758,"d":46.13034},"arcs":[[309,310,-1,311,-179,312,313,-5,314]]},{"type":"Polygon","properties":{"a":2972,"b":"Litija","c":14.86992,"d":46.0521},"arcs":[[-181,315,-177,316,317,318,-110,319,320]]},{"type":"Polygon","properties":{"a":2870,"b":"Sveta Ana","c":15.84171,"d":46.65693},"arcs":[[-11,321,322,-243]]},{"type":"Polygon","properties":{"a":2857,"b":"Dornava","c":15.99151,"d":46.48553},"arcs":[[-86,-108,323,324,325,-168]]},{"type":"Polygon","properties":{"a":3010,"b":"Trebnje","c":15.04016,"d":45.92862},"arcs":[[-176,326,327,-120,328,-317]]},{"type":"Polygon","properties":{"a":2973,"b":"Osrednjeslovenska","c":14.58412,"d":46.04937},"arcs":[[329,330,-111,-319,331,332,333,334,335,336,337,338,339]]},{"type":"Polygon","properties":{"a":2929,"b":"irovnica","c":14.16827,"d":46.41212},"arcs":[[340,341,-78,342,343]]},{"type":"Polygon","properties":{"a":2990,"b":"Race-Fram","c":15.67005,"d":46.44682},"arcs":[[-143,-208,-229,344,345]]},{"type":"Polygon","properties":{"a":2961,"b":"Grosuplje","c":14.66161,"d":45.93797},"arcs":[[346,347,-297,348,-333]]},{"type":"Polygon","properties":{"a":2937,"b":"Sveti Andra v Slovenskih Goricah","c":15.9868,"d":46.53313},"arcs":[[-326,349,350,351,352,-169]]},{"type":"Polygon","properties":{"a":2958,"b":"Dravograd","c":15.03992,"d":46.59712},"arcs":[[353,354,-259,-225,355]]},{"type":"Polygon","properties":{"a":2903,"b":"Prevalje","c":14.87763,"d":46.56589},"arcs":[[356,357,358,-223]]},{"type":"Polygon","properties":{"a":2904,"b":"Selnica ob Dravi","c":15.49914,"d":46.58233},"arcs":[[-308,-24,359,360,361]]},{"type":"Polygon","properties":{"a":2914,"b":"Polzela","c":15.08868,"d":46.30515},"arcs":[[-8,362,363,364,365]]},{"type":"Polygon","properties":{"a":2942,"b":"Cankova","c":16.05945,"d":46.68688},"arcs":[[366,-138,367,-239,368,-102]]},{"type":"Polygon","properties":{"a":3008,"b":"Štore","c":15.3361,"d":46.19834},"arcs":[[369,-310,370]]},{"type":"Polygon","properties":{"a":2884,"b":"Podvelka","c":15.37586,"d":46.60609},"arcs":[[-360,-30,371,-302,372]]},{"type":"Polygon","properties":{"a":2970,"b":"Kungota","c":15.58706,"d":46.64536},"arcs":[[373,374,375,376]]},{"type":"Polygon","properties":{"a":2888,"b":"Ribnica","c":14.74201,"d":45.72658},"arcs":[[377,378,-51,379,-292,380]]},{"type":"Polygon","properties":{"a":2859,"b":"Moravske Toplice","c":16.26357,"d":46.70765},"arcs":[[381,-254,382,-280,-205,-140,383,384,-188]]},{"type":"Polygon","properties":{"a":2886,"b":"Ptuj","c":15.8987,"d":46.43376},"arcs":[[385,-324,-107,-283,386,-124,-206,387,388]]},{"type":"Polygon","properties":{"a":2930,"b":"Goriška","c":13.71715,"d":45.98224},"arcs":[[-251,-286,389,390,391,392,393,394,395]]},{"type":"Polygon","properties":{"a":2956,"b":"Crnomelj","c":15.21015,"d":45.48174},"arcs":[[396,397,398,399]]},{"type":"Polygon","properties":{"a":2850,"b":"Miren-Kostanjevica","c":13.63932,"d":45.85544},"arcs":[[-391,400,401,402]]},{"type":"Polygon","properties":{"a":3005,"b":"Šmartno ob Paki","c":15.03346,"d":46.3448},"arcs":[[-365,403,-196,-19]]},{"type":"Polygon","properties":{"a":2837,"b":"Tric","c":14.33524,"d":46.38743},"arcs":[[-237,-73,-288,404,-341,405]]},{"type":"Polygon","properties":{"a":2985,"b":"Muta","c":15.13844,"d":46.62555},"arcs":[[-300,406,-354,407]]},{"type":"Polygon","properties":{"a":2900,"b":"Trnovska Vas","c":15.89725,"d":46.52029},"arcs":[[-351,408,409]]},{"type":"Polygon","properties":{"a":2911,"b":"Vransko","c":14.94286,"d":46.24346},"arcs":[[-59,410,-34,411,412]]},{"type":"Polygon","properties":{"a":2965,"b":"Ilirska Bistrica","c":14.29427,"d":45.55553},"arcs":[[413,414,415,416,-262]]},{"type":"Polygon","properties":{"a":2848,"b":"Komen","c":13.75037,"d":45.81661},"arcs":[[-285,-149,417,418,-401,-390]]},{"type":"Polygon","properties":{"a":2962,"b":"Hrastnik","c":15.12336,"d":46.13119},"arcs":[[419,-268,-314]]},{"type":"Polygon","properties":{"a":2912,"b":"Mirna Pec","c":15.08714,"d":45.85371},"arcs":[[420,-113,-328]]},{"type":"Polygon","properties":{"a":2953,"b":"Cerklje na Gorenjskem","c":14.50451,"d":46.25609},"arcs":[[421,422,423,424,-40]]},{"type":"Polygon","properties":{"a":2919,"b":"Jugovzhodna Slovenija","c":15.04617,"d":45.71366},"arcs":[[425,426,427,-115]]},{"type":"Polygon","properties":{"a":2823,"b":"Vuzenica","c":15.14561,"d":46.57207},"arcs":[[428,-260,-355,-407,-299]]},{"type":"Polygon","properties":{"a":2821,"b":"Vodice","c":14.49342,"d":46.17324},"arcs":[[429,430,-339,431,432,-423]]},{"type":"Polygon","properties":{"a":2835,"b":"Škofja Loka","c":14.30334,"d":46.16367},"arcs":[[433,434,435,436,-68]]},{"type":"Polygon","properties":{"a":2846,"b":"Kanal","c":13.66077,"d":46.09451},"arcs":[[-395,437,438,439]]},{"type":"Polygon","properties":{"a":2952,"b":"Celje","c":15.28571,"d":46.24991},"arcs":[[440,-371,-315,-4,441,442]]},{"type":"Polygon","properties":{"a":2901,"b":"etale","c":15.81198,"d":46.28002},"arcs":[[443,444,-303,445,446]]},{"type":"Polygon","properties":{"a":2944,"b":"Gornji Petrovci","c":16.21391,"d":46.81116},"arcs":[[-385,447,-185,448,449,-189]]},{"type":"Polygon","properties":{"a":2934,"b":"Ljutomer","c":16.19029,"d":46.5109},"arcs":[[450,451,452,453,-87,-167,454,-265,-203]]},{"type":"Polygon","properties":{"a":2995,"b":"Semic","c":15.15796,"d":45.64994},"arcs":[[-400,455,-427,456,457]]},{"type":"Polygon","properties":{"a":2852,"b":"Seana","c":13.86965,"d":45.76288},"arcs":[[458,459,460,-418,-148]]},{"type":"Polygon","properties":{"a":2916,"b":"Kocevje","c":14.83941,"d":45.74155},"arcs":[[461,-378,462,-117]]},{"type":"Polygon","properties":{"a":2877,"b":"Kocevje","c":14.8911,"d":45.60459},"arcs":[[-428,-456,-399,463,464,-52,-379,-462,-116]]},{"type":"Polygon","properties":{"a":2915,"b":"Kostel","c":14.71723,"d":45.5364},"arcs":[[465,-53,-465]]},{"type":"Polygon","properties":{"a":2981,"b":"Meica","c":14.84577,"d":46.52567},"arcs":[[466,467,-358]]},{"type":"Polygon","properties":{"a":2940,"b":"Dobrovnik","c":16.35527,"d":46.66018},"arcs":[[-253,468,-273,-278,-383]]},{"type":"Polygon","properties":{"a":2925,"b":"Podcetrtek","c":15.64918,"d":46.04957},"arcs":[[-161,469,-45,470]]},{"type":"Polygon","properties":{"a":2891,"b":"Slovenska Bistrica","c":15.57066,"d":46.41123},"arcs":[[471,-345,-228,472,-195,-290,-88,473,474,-26,-307]]},{"type":"Polygon","properties":{"a":3001,"b":"Škofljica","c":14.57374,"d":45.99769},"arcs":[[-349,-296,475,-334]]},{"type":"Polygon","properties":{"a":2987,"b":"Pesnica","c":15.70972,"d":46.62402},"arcs":[[476,477,-374,478]]},{"type":"Polygon","properties":{"a":2928,"b":"Jesenice","c":14.06445,"d":46.44513},"arcs":[[-343,-81,-61,479]]},{"type":"Polygon","properties":{"a":2945,"b":"Gornji Petrovci","c":16.13005,"d":46.7478},"arcs":[[-384,-139,-367,-101,-183,-448]]},{"type":"Polygon","properties":{"a":2959,"b":"Duplek","c":15.77005,"d":46.51274},"arcs":[[-388,-209,-141,480,481]]},{"type":"Polygon","properties":{"a":2998,"b":"Šentjernej","c":15.34086,"d":45.81971},"arcs":[[482,483,-246,-217]]},{"type":"Polygon","properties":{"a":2932,"b":"Crenšovci","c":16.29503,"d":46.5585},"arcs":[[-126,-271,484,-451,-202,485,-279]]},{"type":"Polygon","properties":{"a":2893,"b":"Vojnik","c":15.30832,"d":46.32181},"arcs":[[-91,486,-443,487,-275,488]]},{"type":"Polygon","properties":{"a":2938,"b":"Razkrije","c":16.28108,"d":46.52546},"arcs":[[489,-453]]},{"type":"Polygon","properties":{"a":2892,"b":"Videm","c":15.89033,"d":46.36661},"arcs":[[-282,-130,490,491,-447,492,-226,-121,-387]]},{"type":"Polygon","properties":{"a":2917,"b":"Braslovce","c":15.022,"d":46.283},"arcs":[[-364,493,-60,-413,494,-197,-404]]},{"type":"Polygon","properties":{"a":2885,"b":"Preddvor","c":14.47134,"d":46.32514},"arcs":[[-41,-425,495,-74,-236]]},{"type":"Polygon","properties":{"a":2997,"b":"Šentilj","c":15.73754,"d":46.68912},"arcs":[[-244,-323,496,-479,-377,497]]},{"type":"Polygon","properties":{"a":2867,"b":"Kuzma","c":16.08688,"d":46.84226},"arcs":[[-449,-184,-104,498]]},{"type":"Polygon","properties":{"a":2979,"b":"Mengeš","c":14.55733,"d":46.15523},"arcs":[[499,500,-340,-431,501,-38]]},{"type":"Polygon","properties":{"a":2868,"b":"Cerkvenjak","c":15.94757,"d":46.55804},"arcs":[[-170,-353,502,-241]]},{"type":"Polygon","properties":{"a":2926,"b":"Maribor","c":15.65716,"d":46.55009},"arcs":[[-478,503,-481,-145,504,-309,-362,505,-375]]},{"type":"Polygon","properties":{"a":2966,"b":"Ivancna Gorica","c":14.81847,"d":45.9567},"arcs":[[-329,-119,506,-347,-332,-318]]},{"type":"Polygon","properties":{"a":2906,"b":"Trzin","c":14.54924,"d":46.12887},"arcs":[[-330,-501,507]]},{"type":"Polygon","properties":{"a":2954,"b":"Cerknica","c":14.35463,"d":45.80608},"arcs":[[-75,508,-294,-16,509,-264,-210,510,-94]]},{"type":"Polygon","properties":{"a":2923,"b":"Dobrepolje","c":14.70163,"d":45.85426},"arcs":[[-507,-118,-463,-381,-291,-348]]},{"type":"Polygon","properties":{"a":2873,"b":"Destrnik","c":15.89588,"d":46.48521},"arcs":[[-350,-325,-386,511,-409]]},{"type":"Polygon","properties":{"a":2861,"b":"Odranci","c":16.27862,"d":46.5864},"arcs":[[-486,-201]]},{"type":"Polygon","properties":{"a":2909,"b":"Dobrna","c":15.2347,"d":46.36136},"arcs":[[-488,-442,-3,512,-232,-276]]},{"type":"Polygon","properties":{"a":2882,"b":"Novo Mesto","c":15.19123,"d":45.78244},"arcs":[[-484,513,514,-457,-426,-114,-421,-327,-247]]},{"type":"Polygon","properties":{"a":2875,"b":"Domale","c":14.63852,"d":46.14324},"arcs":[[-164,515,-112,-331,-508,-500,-37]]},{"type":"Polygon","properties":{"a":2841,"b":"Bovec","c":13.62412,"d":46.35469},"arcs":[[516,517,518,-64]]},{"type":"Polygon","properties":{"a":2951,"b":"Brezovica","c":14.41418,"d":45.95146},"arcs":[[-336,519,-509,-77,-99,520]]},{"type":"Polygon","properties":{"a":2896,"b":"Oplotnica","c":15.45489,"d":46.38571},"arcs":[[-93,521,-474]]},{"type":"Polygon","properties":{"a":2819,"b":"Velenje","c":15.13477,"d":46.37216},"arcs":[[-233,-513,-9,-366,-18,-257]]},{"type":"Polygon","properties":{"a":2880,"b":"Luce","c":14.72242,"d":46.35029},"arcs":[[522,-153,-31,-133,523]]},{"type":"Polygon","properties":{"a":2946,"b":"Radenci","c":16.05556,"d":46.62225},"arcs":[[524,-172,-240,-368]]},{"type":"Polygon","properties":{"a":2843,"b":"Divaca","c":14.00537,"d":45.67501},"arcs":[[-212,-263,-417,525,-459,-147]]},{"type":"Polygon","properties":{"a":2974,"b":"Ljubno","c":14.84679,"d":46.37549},"arcs":[[-21,-199,-154,-523,526]]},{"type":"Polygon","properties":{"a":2986,"b":"Nazarje","c":14.91977,"d":46.29253},"arcs":[[-495,-412,-33,-152,-198]]},{"type":"Polygon","properties":{"a":2964,"b":"Ig","c":14.51067,"d":45.93424},"arcs":[[-476,-295,-520,-335]]},{"type":"Polygon","properties":{"a":2879,"b":"Loška Dolina","c":14.49325,"d":45.66957},"arcs":[[-55,527,-414,-261,-510,-15]]},{"type":"Polygon","properties":{"a":2931,"b":"Šempeter-Vrtojba","c":13.64438,"d":45.91977},"arcs":[[-403,528,-392]]},{"type":"Polygon","properties":{"a":2824,"b":"Zasavska","c":14.92665,"d":46.15027},"arcs":[[-58,-270,-321,529,-165,-35,-411]]},{"type":"Polygon","properties":{"a":2983,"b":"Moravce","c":14.75553,"d":46.13625},"arcs":[[-530,-320,-109,-516,-163]]},{"type":"Polygon","properties":{"a":2881,"b":"Majšperk","c":15.76039,"d":46.3213},"arcs":[[-493,-446,-305,-191,-473,-227]]},{"type":"Polygon","properties":{"a":2839,"b":"iri","c":14.118,"d":46.04833},"arcs":[[530,-248,531]]},{"type":"Polygon","properties":{"a":2849,"b":"Koper","c":13.82507,"d":45.50893},"arcs":[[532,533,534,535,536]]},{"type":"Polygon","properties":{"a":2918,"b":"Sodraica","c":14.62331,"d":45.75361},"arcs":[[-50,-13,-293,-380]]},{"type":"Polygon","properties":{"a":2825,"b":"Zrece","c":15.37714,"d":46.41711},"arcs":[[-475,-522,-92,-489,-277,-230,-27]]},{"type":"Polygon","properties":{"a":2851,"b":"Piran","c":13.6385,"d":45.47856},"arcs":[[537,-534,538]]},{"type":"Polygon","properties":{"a":2838,"b":"elezniki","c":14.12154,"d":46.21942},"arcs":[[-69,-437,539,-158,540,541]]},{"type":"Polygon","properties":{"a":2902,"b":"Podlehnik","c":15.86858,"d":46.31109},"arcs":[[542,-444,-492]]},{"type":"Polygon","properties":{"a":2899,"b":"Hoce-Slivnica","c":15.6224,"d":46.4931},"arcs":[[-144,-346,-472,-306,-505]]},{"type":"Polygon","properties":{"a":2935,"b":"Krievci","c":16.12948,"d":46.55904},"arcs":[[-266,-455,-166,-525,-137]]},{"type":"Polygon","properties":{"a":2842,"b":"Brda","c":13.53797,"d":46.00689},"arcs":[[-394,543,-438]]},{"type":"Polygon","properties":{"a":2996,"b":"Šencur","c":14.41392,"d":46.2283},"arcs":[[-433,544,-66,-496,-424]]},{"type":"Polygon","properties":{"a":2978,"b":"Medvode","c":14.38835,"d":46.13402},"arcs":[[-338,545,-434,-67,-545,-432]]},{"type":"Polygon","properties":{"a":2927,"b":"Ribnica na Pohorju","c":15.25743,"d":46.52568},"arcs":[[-29,-235,-256,-429,-298,-372]]},{"type":"Polygon","properties":{"a":2847,"b":"Kobarid","c":13.55549,"d":46.24861},"arcs":[[546,547,548,-518]]},{"type":"Polygon","properties":{"a":2890,"b":"Šentjur pri Celju","c":15.41983,"d":46.17825},"arcs":[[-289,-47,549,-219,-173,-312,-2,-311,-370,-441,-487,-90]]},{"type":"Polygon","properties":{"a":2844,"b":"Hrpelje-Kozina","c":13.99003,"d":45.5688},"arcs":[[-526,-416,550,-537,551,-460]]},{"type":"Polygon","properties":{"a":2829,"b":"Gorenja Vas-Poljane","c":14.1199,"d":46.11461},"arcs":[[552,-532,-155,-540,-436]]},{"type":"Polygon","properties":{"a":2991,"b":"Radece","c":15.14146,"d":46.06072},"arcs":[[-313,-178,-316,-180,-269,-420]]},{"type":"Polygon","properties":{"a":2871,"b":"Hodoš","c":16.3149,"d":46.82409},"arcs":[[-186,553]]},{"type":"Polygon","properties":{"a":2975,"b":"Logatec","c":14.18279,"d":45.92096},"arcs":[[-95,-511,-214,-284,-249,-531,554]]},{"type":"Polygon","properties":{"a":2968,"b":"Kozje","c":15.54178,"d":46.07714},"arcs":[[-470,-160,555,-220,-550,-46]]},{"type":"Polygon","properties":{"a":2878,"b":"Lenart","c":15.83264,"d":46.57342},"arcs":[[-322,-10,-242,-503,-352,-410,-512,-389,-482,-504,-477,-497]]},{"type":"Polygon","properties":{"a":2845,"b":"Izola","c":13.64548,"d":45.52052},"arcs":[[-538,556,-535]]},{"type":"Polygon","properties":{"a":2827,"b":"Bohinj","c":13.90406,"d":46.2931},"arcs":[[-80,557,-70,-542,558,-547,-517,-63]]},{"type":"Polygon","properties":{"a":2950,"b":"Krsko","c":15.57886,"d":46.00987},"arcs":[[-215,-556]]},{"type":"Polygon","properties":{"a":2836,"b":"Tolmin","c":13.79954,"d":46.1908},"arcs":[[-541,-157,-252,-396,-440,559,-548,-559]]},{"type":"Polygon","properties":{"a":2895,"b":"Komenda","c":14.54068,"d":46.2028},"arcs":[[-502,-430,-422,-39]]},{"type":"Polygon","properties":{"a":2874,"b":"Dobrova-Polhov Gradec","c":14.31691,"d":46.06363},"arcs":[[-546,-337,-521,-98,560,-96,-555,-553,-435]]},{"type":"Polygon","properties":{"a":2913,"b":"Prebold","c":15.09313,"d":46.21655},"arcs":[[-7,-267,-56,-494,-363]]},{"type":"Polygon","properties":{"a":2955,"b":"Crna na Koroškem","c":14.82266,"d":46.46685},"arcs":[[-357,-222,-258,-22,-527,-524,-132,561,-467]]},{"type":"Polygon","properties":{"a":2834,"b":"Gorenjska","c":14.19485,"d":46.32141},"arcs":[[-287,-71,-558,-79,-342,-405]]},{"type":"Polygon","properties":{"a":2920,"b":"Horjul","c":14.293,"d":46.0229},"arcs":[[-97,-561]]},{"type":"Polygon","properties":{"a":2980,"b":"Metlika","c":15.32251,"d":45.65476},"arcs":[[-397,-458,-515,562]]}]}},"arcs":[[[640450,475278],[-3739,19124]],[[636711,494402],[10286,11409],[1197,358],[1477,-430],[492,-2045],[2756,-5436],[1181,-1668],[2953,-2690],[1131,-2244],[541,-2242],[-392,-1938],[-197,-2187],[-346,-2081],[-541,-1041],[-1280,144],[-1427,1399],[-1279,2548],[-936,1147],[-1032,-573],[-345,-1723],[-590,-1579],[-2610,-3319],[-2329,-4018],[-1328,-950],[-1329,-466],[-2314,501]],[[581343,627653],[9400,-7140]],[[590743,620513],[0,-22226],[-1132,-2996],[-1083,-4879],[-344,-2656],[836,-4718],[-48,-860],[-493,-1507],[198,-2637],[984,-8575],[394,-5328],[-2412,-26334]],[[587643,537797],[-3937,-6944],[-8728,-2564],[-20046,-807]],[[554932,527482],[-739,2725]],[[554193,530207],[2313,396],[1051,538],[1131,1077],[1034,1541],[787,1831],[493,2314],[541,5865],[48,10620],[444,3391],[738,1956],[836,216],[935,-127],[-147,1130],[-1722,3050],[-4429,3876],[-6268,9327]],[[551978,577208],[1969,7589],[-886,3785],[1034,4019],[2460,7174],[1002,4234],[392,16218]],[[557949,620227],[2659,7426],[2165,3588],[2559,2064],[3938,197],[7348,-7534],[4725,1685]],[[815230,814239],[-2264,-3751],[-3494,-3586],[-1182,-468],[-1936,-89],[-935,-1094],[-1329,574],[-1624,2709],[-5610,12324],[-3986,3480]],[[792870,824338],[935,8539],[2854,9149],[4233,6566]],[[800892,848592],[3985,-2619],[1182,-323],[1542,-1257],[1280,-124],[1623,197],[1427,538],[1626,-844],[983,-860],[-836,-3319],[-4823,-6529],[98,-3839],[886,-5383],[5365,-9991]],[[380612,254412],[-3462,-6099],[4053,-10082],[1132,-5059],[48,-5094],[2018,-11679]],[[384401,216399],[-6513,-448],[-1771,2492],[-3986,-2673]],[[372131,215770],[-2511,-2906],[-1377,-915],[-5415,1526],[-9465,11625]],[[353363,225100],[4479,5453],[-738,2708],[-1132,3103],[-1674,1096],[-5659,6799],[-5365,9579],[-1395,4521],[0,3283],[1297,4431],[1377,3408],[2068,3766],[8366,10889],[3052,1849],[3806,3624]],[[361845,289609],[7775,-19340],[10992,-15857]],[[547304,696252],[-494,-18459],[-1721,-9508],[-3988,-9992],[-1000,-13956]],[[540101,644337],[-8760,2655],[-7973,6206],[-4445,8863]],[[518923,662061],[837,6457],[-198,1077],[-542,1543],[-738,1219],[-1377,1651],[-2510,932],[-4332,-1613],[-2853,573],[-4200,1740],[-3248,3140],[-11862,-5130]],[[487900,673650],[-394,16467],[-2919,4109]],[[484587,694226],[15961,11426],[4397,5023],[149,8755]],[[505094,719430],[13829,-9041],[28381,-14137]],[[659710,806111],[2461,-2511],[2018,-3086],[1345,-5811],[-656,-12665]],[[664878,782038],[-3100,-5634],[294,-2888],[-541,-4305],[-2706,-9077],[-8072,-13203],[-2214,-15105]],[[648539,731826],[-5530,-3893],[-1082,-1202],[-1968,-1058],[-1378,395],[-4085,6080],[-1526,1401],[-7645,-1939]],[[625325,731610],[-6151,3319]],[[619174,734929],[-1132,7140]],[[618042,742069],[3395,12629]],[[621437,754698],[2018,9796],[3199,6763],[2921,11677],[5757,12164],[837,4592],[-49,5883],[738,2368],[1477,970],[3888,-646],[6119,-3086],[836,-646],[4873,-5059],[1525,-250],[1772,0],[2362,6887]],[[404646,654527],[2165,-22568],[7579,-16145],[1985,-7606],[1034,-6280],[1721,-2905],[6399,341]],[[425529,599364],[-541,-11894],[3198,-4665],[12369,-6063],[11336,-914],[7136,950],[13847,-1058]],[[472874,575720],[9548,-8558]],[[482422,567162],[14337,-15105],[-6348,-5722]],[[490411,546335],[-3544,-1291]],[[486867,545044],[-35911,-6190],[-5086,-2673],[-6692,55],[-4332,1147],[-6069,3158],[-10433,-2098]],[[418344,538443],[-8039,5184],[-1870,-359],[-2068,-1059],[-1968,-1668],[-2264,-3391],[-7152,-6116],[-6153,430]],[[388830,531464],[-3247,2295],[885,3912]],[[386468,537671],[-4036,11661],[-1426,9202],[-4101,10476]],[[376905,569010],[3657,2817],[838,1920],[590,2456],[296,2764],[146,2726],[-3591,9041],[-1691,2871],[-935,7463],[-2115,6511],[97,9185]],[[374197,616764],[2905,6494],[-838,2602],[-590,2978],[-1328,4987],[738,6745],[-394,4449],[-3052,5309]],[[371638,650328],[10401,5885]],[[382039,656213],[8564,-5131],[4478,395],[9565,3050]],[[717865,535693],[-1180,-2434],[-5874,-17150],[-4560,-19661],[-34,-17474],[4430,-15643],[6277,-10115]],[[716924,453216],[-27,-39],[-5068,-7282]],[[711829,445895],[-2707,2259],[-1182,6674],[297,2547],[983,2512],[-4675,15660],[-2855,2386],[-5281,6907],[-3938,1291],[-3347,4540]],[[689124,490671],[3003,17221]],[[692127,507892],[6988,6638],[3560,10062],[10975,17384]],[[713650,541976],[4068,-6064],[147,-219]],[[384401,216399],[7235,-4018],[6563,-449],[3199,-2996],[1574,-2907],[3692,-8951]],[[406664,197078],[6644,-12558],[2968,-4376],[9992,-5239],[3986,-4018],[3362,-1705],[591,-2151],[689,-3283],[-197,-2727],[197,-2368],[-1083,-3588]],[[433813,155065],[-1641,-6387],[-4969,-6708],[4034,-21618]],[[431237,120352],[-13681,-14405],[-5367,-4200]],[[412189,101747],[-2016,1797],[-2230,1435],[-10893,13348],[-4102,6601],[-2920,8753],[-295,9366],[361,12735],[-690,10656],[-3477,3086],[-3764,-2469]],[[382163,167055],[-272,1680],[-3050,10152],[-608,7572],[-6102,29311]],[[535180,557135],[443,-10244],[-296,-2618],[-2066,-9904]],[[533261,534369],[-8465,-1452],[-5873,5399]],[[518923,538316],[-9254,-842]],[[509669,537474],[543,9633],[786,4700],[11123,27465]],[[522121,579272],[6514,-3230],[3789,-7767],[985,-3050],[1771,-8090]],[[206238,735176],[-207,-9414],[-641,-5794],[-2412,-3588],[-1574,-1757],[-2330,-5633]],[[199074,708990],[-4085,-1795],[-2263,-4197],[-3790,-2852],[-4184,-4413],[-9268,-12648],[-22261,-18243]],[[153223,664842],[-1970,663]],[[151253,665505],[-5577,10728],[-1033,2528],[-1132,4360],[-1920,3768],[-3987,4843],[-9957,9113],[-5217,3552],[-3986,1435],[-8186,-5561],[-3248,-1418],[-3297,-628],[-1576,1688],[1033,15426],[-1396,7004]],[[101774,722343],[822,2576],[459,17760],[1773,3678],[1180,4306],[591,4896],[-32,5455],[4806,-610],[20966,-7696],[4330,72],[20605,5112],[9580,-2403],[29037,-20738],[5218,-969],[5129,1394]],[[333956,600745],[-739,-6781],[-4035,-8648],[-3101,-18190],[-2526,-7032],[-442,-4054],[344,-1955],[836,-1597],[690,-1615],[5578,-17580]],[[330561,533293],[1525,-11625],[936,-3103],[-6497,-7085]],[[326525,511480],[-2773,11122],[-1674,3551],[-2559,1042],[-1180,-432],[-1230,574],[-346,3302],[591,2582],[690,1992],[-543,735],[-5018,-2153],[-3692,305],[-19719,12432],[-2017,2476],[49,3516],[786,2225],[1083,1399],[788,1418],[197,2062],[-442,1704],[-591,1345],[-8515,6172]],[[280410,568849],[-8465,5167],[-4396,3694],[-5020,8575],[-8169,9186]],[[254360,595471],[3986,1972]],[[258346,597443],[15519,-6313],[2018,-1293],[12795,1185]],[[288678,591022],[7547,-4592],[8465,-9400],[1575,1218],[885,2942],[591,6746],[-1427,4735],[-4676,9707],[-1230,1417],[-99,2618],[394,2475],[2658,3965],[639,3696],[1821,1705],[-738,5023]],[[305083,623277],[1279,10726],[2479,2333],[3936,5705],[2855,1685],[14584,574]],[[330216,644300],[-3741,-17652],[-1394,-9829],[-836,-3482],[-1231,-2439],[-1280,359],[-3101,1543],[-688,-1759],[442,-3982],[985,-3139],[2706,-2924],[3102,1363],[8776,-1614]],[[334055,310525],[-3642,-2440],[-1968,-4287],[-2167,-555],[-1344,1792],[-1330,1436],[-2658,4467]],[[320946,310938],[-3936,7517],[-2018,4790],[-6348,25203],[-1002,6136],[-197,6207],[1296,7965],[1232,2188],[786,2225],[6792,3013]],[[317551,376182],[1427,-9363],[4479,-8791],[2460,-3874],[3069,-3158],[1672,36],[1871,-2098],[640,-2495],[-984,-8969],[-542,-7462],[-935,-5095],[3347,-14388]],[[242089,682618],[-2215,-9793],[5265,-14280]],[[245139,658545],[1674,-4235],[2067,-6313],[935,-3552],[-443,-3499],[-4676,-7121],[-1131,-4521],[-1084,-2834],[-4083,-5383],[-1625,-7983]],[[236773,613104],[-3019,-5399],[-1377,1400],[-1821,6745],[-1527,3713],[-2115,431],[-1870,-1310],[-2659,-1255],[-2509,-576],[-4545,2172],[-3050,4233],[-1773,3426],[-1918,2834],[-4134,4198],[-3511,1077],[-4774,6746],[-6053,3228],[-5415,5203],[-15175,4718],[-6463,-90],[-9842,10244]],[[199074,708990],[25526,-20990],[2905,-3730],[4675,-3194],[1574,-717],[8335,2259]],[[910757,736816],[-165,-4272],[1213,-9490],[3774,-19122],[230,-5615],[-592,-11177],[853,-5795],[1937,-3533],[5414,-5417],[1476,-3302],[491,-7731],[-1476,-2118],[-7250,181],[-11320,-4216],[-2691,-180],[-5348,1865],[-4527,4037],[-7612,10996],[-3085,2278],[-3903,-1147],[-2658,-4287],[-2429,-5275],[-3018,-3857],[-3707,-1022],[-1807,572]],[[864557,659189],[-4099,7895]],[[860458,667084],[-3118,13634],[-4871,14422],[-7777,5167]],[[844692,700307],[4135,11768],[295,13454],[-6053,15321]],[[843069,740850],[-2183,11695],[1985,2602]],[[842871,755147],[9892,-3463],[5119,-3264],[14634,-3964],[7250,-4630],[3545,-519],[1525,789],[984,2511],[4774,1740],[4036,-4412],[2625,-3749],[3248,-7302],[640,-377],[836,358],[1230,1903],[2018,-1131],[1624,593],[787,1704],[837,2350],[1280,1757],[1002,775]],[[678625,649790],[6858,-6242],[2461,-413],[2755,-3641],[2166,-7535],[2313,-17509],[885,-10549],[-1723,-10906]],[[694340,592995],[-7136,-771]],[[687204,592224],[-5724,4340],[-1871,-1452],[-1919,-502],[-32957,15141],[-6251,6565]],[[638482,616316],[-2117,2923],[-639,1418],[-689,2691],[-393,1902],[1378,6780]],[[636022,632030],[4231,12289],[1921,3211],[1770,1507],[2462,-1040],[1985,-1435],[1427,-36],[4133,11391]],[[653951,657917],[9057,-7839],[2476,-1257],[13141,969]],[[320946,310938],[-3641,-2781],[-12419,13778],[-5167,2709],[-3249,-3821]],[[296470,320823],[-4280,15032],[-8039,15177],[-6792,10512],[-2855,3013],[-2033,1400],[-1527,-53],[-1426,1274],[-1035,3265],[543,3372],[1377,4054],[-491,5202],[1377,9579],[2773,2745],[394,1309],[-7597,7751],[-3050,1327],[-1871,11518]],[[261938,417300],[17045,-3086]],[[278983,414214],[739,-4987],[-2363,-2871],[492,-2403],[1574,-2764],[6941,-4843],[2066,-394],[935,1183],[-197,2117],[444,2261],[1738,1327],[8121,2225],[2215,1471],[8383,3355]],[[310071,409891],[5561,4646],[2263,4700],[5907,3300]],[[323802,422537],[3658,-5633],[738,-3300],[-147,-2440],[-394,-3445],[-3658,-2044],[-2265,-3768],[-2066,-5955],[983,-9365],[-3100,-10405]],[[854192,966738],[-1379,-28039],[148,-3874],[3642,-4107]],[[856603,930718],[-2559,-5706]],[[854044,925012],[-9746,2081],[-2017,1865],[-3608,5992],[-689,2619],[-5463,1238],[-5319,-540]],[[827202,938267],[85,2102],[2198,21562],[-262,4915],[-1412,1543],[-294,1526],[3083,4896],[1871,1615],[14109,5239],[6637,5904]],[[853217,987569],[975,-20831]],[[844692,700307],[-4494,1829],[-5218,-4251],[-1327,-2279],[-2609,-6170]],[[831044,689436],[-12714,2690]],[[818330,692126],[3199,21132]],[[821529,713258],[7645,-3228],[6200,8575],[2313,5525],[1379,4952],[4003,11768]],[[419673,481593],[5166,-3982],[3938,-1113],[1821,-2584],[1477,-4090],[2673,-896],[6104,790]],[[440852,469718],[-1280,-4881],[-1673,-1829],[-10254,-7786]],[[427645,455222],[-6397,-1005],[-2659,2745],[-1869,557],[-6514,-3266],[-7726,-716],[-5561,2223],[-6268,5777],[-491,5704]],[[390160,467241],[7350,1221],[3739,2672],[7580,7517],[4233,3175],[6611,-233]],[[530800,289681],[3642,-10226],[1181,-1723],[10646,-12163]],[[546269,265569],[-8874,-17400]],[[537395,248169],[-7825,89],[-5857,2476],[-3610,-1669],[-2263,-1828],[-4577,-9330]],[[513263,237907],[-13601,3643],[-4083,-1634],[-9712,-16718],[-5956,-826]],[[479911,222372],[-2312,5777],[-2313,2368],[-5070,2727],[-3412,664],[-2806,-2028],[-4183,36]],[[459815,231916],[-3100,12252],[-444,3445],[641,11965]],[[456912,259578],[6300,324],[4034,-1365],[3758,2548],[2165,5651],[147,11965],[-1870,10261],[-935,3588],[0,4108],[984,1920],[8269,2367],[197,8647]],[[479961,309592],[16601,719],[2904,-1365],[3200,-3444],[1344,-3192],[591,-3912],[1329,-3730],[2559,-2942],[3789,-1148],[6645,4842],[4938,-2978],[1329,-3569],[1919,-1202],[3691,2010]],[[794986,666779],[-6119,-1490],[-5956,8971]],[[782911,674260],[-9842,25545]],[[773069,699805],[1723,4162],[-690,5095],[591,2906],[4134,3946]],[[778827,715914],[9154,-16737],[3461,-10889],[443,-2601],[0,-1955],[-344,-1328],[97,-4198],[-344,-1831],[788,-1704],[985,-1344],[1869,-1329],[591,-1362],[-541,-3857]],[[956559,816588],[6053,-14997],[-2511,-2367],[-2066,-3302],[-4970,-4915],[-5333,-3677],[-2018,-628],[-3100,-180]],[[942614,786522],[1082,5095],[-1082,9580],[-1920,4304]],[[940694,805501],[2117,7033],[148,2225],[1525,1524],[2757,843],[4691,-2188],[4627,1650]],[[860458,667084],[-6512,2511],[-4628,-5884],[-2902,-10746],[-49,-4018],[984,-2995],[1181,-1866],[786,-3912],[640,-7965],[2231,-11768],[72,-375]],[[852261,620066],[-3484,-5758],[-6267,-6674],[-6595,-5059],[-1513,-646]],[[834402,601929],[-1439,3282],[-4430,22478],[297,5381],[-886,4737],[-739,2941],[-1182,1849],[641,8825]],[[826664,651422],[2559,216],[2609,1435],[1033,1095],[3051,4987],[-98,2117],[-444,3587],[-2559,8682],[-245,6136],[-1526,9759]],[[415005,719388],[1025,-3780],[14715,-4412],[3659,-3893],[6644,-14530]],[[441048,692773],[-4577,-9974],[-99,-5885],[641,-2027],[344,-1956],[-1723,-2726],[-3510,-3840],[-18127,-13076],[-9351,1238]],[[382039,656213],[-1821,14531],[-272,1394]],[[379946,672138],[1551,5996],[2659,13437],[4691,10207],[3084,1901],[6891,934],[3215,1435],[3280,3228],[6365,10046],[1444,574],[1879,-508]],[[912856,853937],[-11271,-16826],[-4134,-2583],[-3067,-7195],[-6924,-6511]],[[887460,820822],[-12829,9185],[-3198,3300]],[[871433,833307],[3198,9077],[838,4809],[-1379,4771],[-1476,3965],[-1772,3533],[-1279,6961],[-444,3623],[1675,9436]],[[870794,879482],[11434,970],[2263,-1257],[8663,5275]],[[893154,884470],[4101,-12557],[147,-5149],[1919,-3569],[1723,-2387],[7087,-5542],[4725,-1329]],[[751233,750608],[443,-1058]],[[751676,749550],[-2706,-5956],[-394,-2064],[1378,-3838],[689,-4143],[935,-4001],[-5020,-10010]],[[746558,719538],[-2362,3444]],[[744196,722982],[-3741,11445],[-836,3587],[1377,5347],[346,2618],[-1920,5508],[639,4252]],[[740061,755739],[11172,-5131]],[[216120,286953],[4002,-19661],[-2084,-8109],[-1033,-13096],[-1674,-3587],[-2018,-8270]],[[213313,234230],[-6791,6620],[-1132,359],[-2215,214],[-786,-1004],[-4103,-3409]],[[198286,237010],[-2016,5509],[-16553,14081],[-9154,11805]],[[170563,268405],[-5283,12790]],[[165280,281195],[1886,8342],[4971,6046],[4577,4358],[3347,5418],[7644,7103],[5366,2441],[4232,359],[3347,-1257],[2477,-2009],[3050,-5454],[1083,-6851],[1132,-5023],[7728,-7715]],[[476713,619239],[3198,-10098]],[[479911,609141],[-1624,-8862],[-3100,-6405],[-1477,-7122],[-836,-11032]],[[425529,599364],[8137,16557],[15699,19266]],[[449365,635187],[5332,3374],[1033,-1651],[3100,-2727],[11879,-14567],[6004,-377]],[[224896,509901],[-14584,-39180],[-1082,-6206],[-788,-7284],[442,-2188],[2165,-4090]],[[211049,450953],[-48,-4880],[-1723,-1111],[-1674,-468],[-3198,485],[-2970,1829],[-5659,6155],[-5513,7479],[-1426,341],[-344,-1326],[-247,-2351],[-442,-1884],[-2412,-3552],[-1329,-3086],[-1739,-466],[-1279,144],[-1477,1596],[-1082,-305],[-394,-1435],[48,-2385],[-934,-3033],[-3052,-250],[-1871,753],[-4133,3929]],[[168151,447132],[3789,3857],[296,2207],[-444,4501],[-835,3983],[-739,6135],[50,5383],[-640,5506],[-2954,8128],[-1329,6744],[33,3804],[1149,5489],[1180,4358],[4136,6476],[5412,4988],[10894,5311],[9942,11264]],[[198091,535266],[-346,-5884],[99,-3785],[1624,-1812],[2969,-1649],[11959,-1759],[8531,-4071],[1969,-6405]],[[693477,277753],[-1596,4572],[-6989,15625],[-1525,5418],[-1593,4395],[-983,5023],[97,5561],[1642,8251],[4724,4521],[3691,2045],[1427,-143],[1329,1902],[1920,1507],[788,5919],[2508,2369],[937,4269],[754,7248],[-262,24648],[3903,15105]],[[704249,395988],[4430,322],[8318,6422],[13944,15751]],[[730941,418483],[5331,9437],[2643,1147]],[[738915,429067],[1622,-3766],[-1377,-7248],[-3709,-8503],[-2427,-14028],[-34,-108],[370,-14355],[550,-21308],[-492,-11552],[-1641,-8683],[-2232,-8217],[-1245,-8323],[1345,-8863],[3739,-13956],[198,-9902],[-3184,-6961],[-6495,-5237],[-6202,-2728],[-12303,-681],[-11921,3105]],[[464491,511444],[-7579,3408],[-10303,2206],[-13402,-4251],[-5956,-7212],[-8662,-5489]],[[418589,500106],[-2460,4718],[-2576,1167],[-1131,932],[-985,1866],[-885,1973],[-1083,1094],[-1132,412],[-345,2154],[640,3982],[3494,10692],[6218,9347]],[[486867,545044],[885,-12289],[-2870,-8145],[-2215,-1363],[-20884,-3730],[-983,-969],[442,-1221],[2165,-1900],[1084,-3983]],[[861589,811978],[3495,-16325],[-344,-3856],[-3642,-15429]],[[861098,776368],[-10205,2368],[-1476,-2009],[-2115,-2242],[-1921,-4072],[-442,-1651],[442,-1757],[-492,-2511],[-49,-2226],[-1969,-7121]],[[842871,755147],[-4101,9094]],[[838770,764241],[-6594,15464]],[[832176,779705],[-5759,13527],[3101,13759]],[[829518,806991],[11221,5364]],[[840739,812355],[4348,-2871],[1181,2189],[1870,2620],[3790,6780],[2213,-323],[1626,-2619],[1623,-7785],[1133,-2441],[835,538],[2231,3535]],[[635923,450235],[15863,-6116]],[[651786,444119],[592,-9294],[-248,-2422],[-885,-3228],[0,-5991],[738,-5095],[1133,-5508],[1673,-3659],[640,-3912],[-149,-4413],[-1673,-4609],[-10990,-16900],[-5709,-12879],[-2708,-11339]],[[634200,354870],[-5283,6746],[-1230,4807],[-2509,1939],[-2362,1147],[-3200,898],[-6792,-754],[-1918,-1543],[-1002,-1399],[-345,-1901],[-97,-2512],[491,-3516],[-835,-3229],[-1477,286],[-4232,5974],[-2018,161],[-738,-752],[-100,-1615],[-589,-2118],[-5415,-4448],[148,-5400]],[[594697,347641],[-11090,9024],[-7283,9722],[-4644,9007],[-2263,6835],[295,4358],[1034,2888],[1428,2781],[392,3838],[-836,1220],[-1427,-322],[-1526,-1076],[-1722,-1920],[-2559,-1310],[-1970,1435],[-1327,3588],[-5382,5364]],[[555817,403073],[-7234,18423],[245,6638]],[[548828,428134],[16012,1526],[24180,-9024],[4496,753],[1722,2152],[-345,2207],[-738,1490],[-1197,1021],[-2559,3319],[-936,861],[-1180,718],[-2608,1005],[-1035,1399],[-738,1400],[-836,5382]],[[583066,442343],[936,3927],[-345,1651],[-935,2638],[-2265,4089],[-245,1669],[295,897],[3052,1058],[16011,-251],[4724,-2566],[2509,-2476],[1379,-3210],[492,-2584],[444,-3982],[983,-2009],[1591,-36],[3347,3929],[4479,2745],[16405,2403]],[[546810,454039],[394,-6746],[-5560,-2206]],[[541644,445087],[-14191,-7157],[-3150,-646],[-4593,2009],[-246,3624],[-1526,4520],[-492,5095],[-591,4053],[-98,2782],[1477,2099],[1328,3480],[887,3910],[-1526,13992]],[[518923,482848],[7349,-10046],[4134,-3622],[6497,-2908],[9907,-12233]],[[879718,976032],[-3019,-29116],[-4724,-13975],[-2167,-2457],[-2460,-1202],[-1968,1094],[-2805,808],[-5972,-466]],[[854192,966738],[5216,1903],[1690,2582],[4527,5347],[2165,1291],[8368,646]],[[876158,978507],[3560,-2475]],[[930822,988245],[160,-1899],[1641,-6046],[0,-9203],[-606,-3927],[-1673,-4522],[295,-2187],[443,-2082],[4090,-4511]],[[935172,953868],[-2827,-7293],[-858,-5211]],[[931487,941364],[-996,-923],[-1870,-755],[-10385,2046]],[[918236,941732],[837,5309],[885,2583],[1035,7321],[-346,5309],[-2067,5777],[-4543,6852],[-5364,4539],[-15281,16763]],[[893392,996185],[29371,3814],[3248,-2799],[4811,-8955]],[[736371,590448],[6004,-6872],[11927,1310]],[[754302,584886],[-6218,-4664],[-1723,-1704],[-2509,-3605],[-2215,-6961],[-3052,-3013],[-4298,-12038],[-102,-3842]],[[734185,549059],[-5296,596],[-6824,-5310],[-4200,-8652]],[[713650,541976],[-1968,10906],[-985,1831],[-2264,1973],[-3494,7319],[-6365,26156]],[[698574,590161],[1772,3820],[1788,1812],[3445,1579],[6692,-143],[13995,-7068],[10105,287]],[[518923,662061],[-395,-14747],[542,-4162],[2559,-8880]],[[521629,634272],[-2706,-2834],[-3101,-7337],[-444,-3874],[-1229,-3247],[-4528,-6494]],[[509621,610486],[-1329,10960],[-2068,4073],[-1918,843],[-1936,-1507],[-7285,-9437],[-15174,-6277]],[[476713,619239],[4626,15357],[48,10279],[6513,28775]],[[930982,849955],[-3690,-4593],[49,-3480],[-1033,-5938],[4774,-6799],[737,-14261]],[[931819,814884],[-8415,771],[-2460,-3838],[-1379,-2620],[-788,-4018],[592,-2763],[196,-2152],[1280,-4951]],[[920845,795313],[-5857,-10620]],[[914988,784693],[-9761,21025]],[[905227,805718],[-4232,5416],[-13535,9688]],[[912856,853937],[8825,-1435],[2511,4018],[2213,-932],[4577,-5633]],[[767048,724902],[4627,1021],[1738,-824],[1033,-826],[4381,-8359]],[[773069,699805],[-5776,2224],[-3936,-2619],[-5610,950],[-5627,-2815]],[[752120,697545],[-3988,10476],[444,2009],[0,2368],[-2018,7140]],[[751676,749550],[1494,-6601],[524,-1347],[951,-1256],[2559,-1416],[1920,-1526],[7924,-12502]],[[289269,293322],[886,-6172],[-6300,-24845],[-345,-7534],[3545,-9902],[5724,-9330],[3741,-3909],[7580,-2190]],[[304100,229440],[-16405,-13365],[-4774,-5633],[-11682,-6691],[-5709,-555],[-9349,-6585],[-7104,-2187],[-5070,-36],[-5315,2187],[-7545,5222]],[[231147,201797],[-3642,13848],[-3102,6333],[-11090,12252]],[[216120,286953],[14927,8253],[1133,2098],[9318,11769]],[[241498,309073],[16848,4646],[6545,-2135],[7088,-6656],[17290,-11606]],[[696556,412042],[1427,-8664],[245,-3228],[1232,-1543],[4789,-2619]],[[693477,277753],[-8324,2168],[-3050,-2367],[-5906,-7462],[-3149,-1723],[-3643,968],[-3609,1831],[-3577,645],[-3477,-2548],[-1509,-6494],[1247,-7246],[492,-6602],[-3586,-4497]],[[655386,244426],[-1827,2882],[-7285,20880],[-459,9472],[-885,8288],[-394,15069],[-2362,13454],[-8613,4970]],[[633561,319441],[-3297,5525],[835,5436],[297,11750],[2804,12718]],[[651786,444119],[23541,3030]],[[675327,447149],[7891,-5417],[2362,-430],[4086,-4593],[3396,-5919],[3494,-18748]],[[522285,782324],[-2133,-12879],[-491,-12253],[-1182,-5866],[-2066,-4934],[-1673,-1954],[-6695,-4450]],[[508045,739988],[-7053,932],[-886,1113],[-5266,8594]],[[494840,750627],[7578,11533],[886,6388],[-689,1435],[-393,1076],[-98,1183],[-50,2512],[-197,3768],[148,8467],[-442,3874],[-838,2208],[-2559,861],[-935,1488],[-1525,4484],[-1279,4629],[-1132,2835],[-1133,1902],[-885,932],[-641,1130],[-639,646],[-788,-125],[-983,36],[-740,1040],[-1739,5543],[-441,1881]],[[485326,820353],[1164,236],[6913,6570]],[[493403,827159],[206,-956],[7383,-8950],[5332,-737],[1918,-1937],[1477,-3678],[3494,-6654],[5069,-6189],[3052,-2889],[1542,-4448],[591,-2405],[-1182,-5992]],[[782911,674260],[-2165,-16129],[-1082,-3821],[-789,-4806],[-5166,-2906]],[[773709,646598],[-5776,4287],[-4823,1597],[-28035,2960]],[[735075,655442],[-886,5326],[1395,3230],[983,5095],[-557,3552],[459,2081],[0,824],[-1886,2459],[-591,1488],[3216,4359]],[[737208,683856],[14912,13689]],[[619174,734929],[639,-8647],[2165,-4627],[788,-3140],[-689,-5059]],[[622077,713456],[-8515,-914],[-5380,-2226],[-2411,-2386],[-2018,-4179],[-4183,-16110],[-6809,-14960]],[[592761,672681],[-13387,-2834]],[[579374,669847],[-4592,3874],[-99,2834],[197,2961],[-197,4682],[-1771,1256],[-2609,1111],[-2116,180],[-9991,6405]],[[558196,693150],[3592,15212],[1527,520],[935,-197],[590,519],[1575,3194],[541,7301],[3494,5256],[7597,16701],[3051,13222]],[[581098,754878],[8563,-9687],[4938,-1616],[6398,664],[17045,-2170]],[[371638,650328],[-21179,2745],[-4626,1811],[-1526,145],[-1639,-502],[-1330,-1149],[-1033,-2925],[-1034,-3552],[-590,-1291],[-1625,-2098],[-6840,788]],[[330216,644300],[984,8665],[-98,6190],[3347,9669],[1230,6602],[3691,13615],[905,1945]],[[340275,690986],[4377,-3056],[5316,-1257],[10957,3947],[4332,-9023],[3575,-11893],[4200,-6657],[5512,3679],[1402,5412]],[[841721,865814],[3530,-3912],[4412,-1614]],[[849663,860288],[-10795,-20756],[-294,-7946],[2165,-19231]],[[829518,806991],[-7104,1560]],[[822414,808551],[-7184,5688]],[[800892,848592],[147,11731],[-3740,3876],[-5710,2243],[-10007,10261],[-2853,6799],[-4430,2492]],[[774299,885994],[-5627,7105],[-636,1532]],[[768036,894631],[12169,7384],[8825,1149],[8826,-2620],[21523,-16361],[12895,-3444],[3477,-3660],[5930,-11221],[40,-44]],[[633561,319441],[-1673,-6691],[-2462,-2942],[-1295,-1076],[-788,124],[-442,1616],[-3347,2708],[-8171,-7121]],[[615383,306059],[-639,7229],[1377,4413],[-935,2834],[-1573,3571],[-3068,5597],[-3445,3694],[-2904,2136],[-9499,12108]],[[211049,450953],[7580,-7032],[8826,-19625],[2609,-1670],[2066,-125],[1329,-3372],[1576,-5920],[934,-2475],[837,-1795],[8728,-4771]],[[245534,404168],[-444,-9329],[-2657,-5364],[-2609,-4126],[-3150,-3749],[-705,-2762],[311,-1363],[1429,-862],[639,-3122],[-394,-6960],[-1936,-8198],[-2215,-6512],[-442,-6134],[98,-5258],[1133,-5398],[1524,-3266],[3758,-15787]],[[239874,315978],[-24789,7930],[-12549,13418],[-4053,6458],[-6250,6207],[-3051,4127],[-4233,1973],[-7694,9973],[-7184,12666],[-5726,4448],[-3100,3266],[-2068,3192],[-294,2728],[-4283,9221]],[[154600,401585],[4332,3425]],[[158932,405010],[589,13079],[0,4162],[-195,3713],[343,2529],[1379,252],[640,1254],[-296,2656],[-836,2153],[-1970,1740],[-886,2081],[-344,2314],[838,3067],[1230,1166],[3002,-1381],[1672,305],[1247,2297],[493,1543],[2313,-808]],[[964222,860549],[-3185,851],[-6152,3947],[-2953,3354],[-2427,6835]],[[949505,875536],[2442,7021],[459,1323]],[[952406,883880],[1921,-1240],[5905,-538],[4758,-4790],[1740,-13113],[-2508,-3650]],[[578883,759254],[2215,-4376]],[[558196,693150],[-3708,6080],[-4232,2135],[-2017,233],[-935,-5346]],[[505094,719430],[2951,20558]],[[522285,782324],[4479,-8539],[1132,-36],[689,360],[1033,969],[838,1076],[3986,2116],[3641,-2152],[1297,573],[1476,2369],[639,3192],[10286,13670]],[[551781,795922],[3101,-7032],[4446,-5561],[3445,-7283],[1674,-5436],[14436,-11356]],[[324096,197078],[2282,-12628],[7381,-12881],[2904,-6350],[148,-12199]],[[336811,153020],[-15125,5525],[-3002,5345],[-6940,8683],[-4643,-214],[-1328,-862],[738,-2117],[-787,-2584],[-3593,-3048],[-9991,-3086],[-12369,-7570],[-2756,-2405],[-3544,-5095],[-3511,-1399],[-6840,-1255],[-13404,1327],[-7727,-717],[-5479,-3049],[-2362,-2226],[-3887,1005]],[[230261,139278],[-3396,2548],[-100,1184],[1132,4125],[-1673,6854],[-1624,5273],[-1132,4628],[-196,9652],[-1279,4234],[-641,4699],[689,4917],[2214,6350],[3642,2655],[3250,5400]],[[304100,229440],[1427,-9920],[18569,-22442]],[[905227,805718],[-3986,-11231],[-787,-1005],[-2216,109],[-1377,-216],[-4347,-4377]],[[892514,788998],[-5808,5883],[-935,6710],[-3593,4754],[-1919,5580],[-198,1344],[-343,5616],[4330,-1293],[3412,3230]],[[533261,534369],[10351,-6207],[10581,2045]],[[554932,527482],[-3593,-6566],[-5709,-5777],[-4282,-11015],[-1542,-5669],[-196,-3516],[1050,-5059],[935,-1649],[1968,-5311],[1082,-2259],[2265,-1579],[2953,-4377],[541,-2817],[2313,-6799]],[[552717,465089],[-1378,-8449],[-1428,-1310],[-3101,-1291]],[[518923,482848],[3756,-1668],[444,-89],[491,72],[2313,1829],[787,880],[1330,2062],[836,1650],[-48,3768],[-1280,6134],[-4332,10925],[-4544,8433],[-1230,430],[-1279,-538],[-1083,-987],[-591,216],[147,1362],[2018,3123],[3691,2744],[1247,1416],[1427,2045],[-4100,11661]],[[944436,777732],[-1724,932],[-1968,2477],[1870,5381]],[[956559,816588],[-9712,10800]],[[946847,827388],[6070,13113],[1668,1464]],[[954585,841965],[1316,-5034],[5776,-6995],[11319,-10154],[11713,-27554],[10696,-13814],[4594,-29923],[-7678,9329],[-3117,2692],[-3347,861],[-6889,-1328],[-2757,467],[-2657,2906],[-5348,8575],[-2822,2725],[-3609,432],[-4036,-502],[-4036,824],[-3674,4449],[-1969,-5203],[-139,304],[-2256,4899],[-1229,-2189]],[[624095,653719],[-20145,-125]],[[603950,653594],[-11189,19087]],[[622077,713456],[2953,-2995],[886,-719],[-50,-1507],[-1673,-1398],[-1477,-1830],[-688,-2691],[197,-4162],[4724,-12377],[2724,-3625],[2164,-2295],[886,-3624],[-541,-6458],[-836,-3643],[-7251,-12413]],[[936217,848071],[10630,-20683]],[[940694,805501],[-8875,9383]],[[930982,849955],[5235,-1884]],[[864557,659189],[-9742,3088],[-164,-12415],[721,-9956],[-32,-9023],[-2298,-9526],[-781,-1291]],[[826664,651422],[-5726,2746],[-2755,2582],[-1969,7750],[-395,1849],[-2115,2421],[-7744,4663]],[[805960,673433],[9959,9508],[1180,2225],[1182,2584],[49,4376]],[[239874,315978],[1624,-6905]],[[165280,281195],[-7038,-1704],[-1821,214],[-7627,6243]],[[148794,285948],[-3413,8325],[-837,1543],[-4971,4377],[-1328,1757],[-887,2816],[-983,1634],[-1132,2690],[-1378,2709],[-5726,8736],[-4380,4217],[-2559,4789],[-2609,2440],[-1574,1005],[-344,1811],[4380,4718],[2066,1130],[6759,12288],[7777,20056],[14336,15859],[0,6745],[2609,5992]],[[288678,591022],[-2215,10728],[-491,4735],[344,20110]],[[286316,626595],[7004,-2602],[1871,-1865],[1772,-503],[8120,1652]],[[692127,507892],[-4282,4340],[-1772,-896],[-3149,-502],[-3609,-1687],[-4430,2655],[-2412,3553],[-1623,5147],[-739,3983],[-5659,13419],[-2626,10208],[-934,5811],[245,3212],[788,1668],[2658,4341],[5578,6063],[3641,2620],[4774,4862],[3855,7462],[1920,2672],[984,2279],[1869,3122]],[[694340,592995],[4234,-2834]],[[404743,313216],[0,-8342],[-344,-2799],[-688,-3353],[590,-3158],[2018,-538],[2066,-1490],[5562,-6331],[5873,-13420]],[[419820,273785],[-5479,-2636],[-5069,-6260],[-8465,-4737],[-12960,-3408]],[[387847,256744],[-7235,-2332]],[[361845,289609],[-2526,7678],[-297,7174],[641,5688],[-2559,7301]],[[357104,317450],[5627,2548],[7235,-4020],[3789,-4286],[2264,-1489],[1624,-1794],[2181,-396],[2659,198],[3543,4825],[1672,5419],[-392,9686]],[[387306,328141],[2016,-914],[690,1452],[247,3194],[2016,5023]],[[392275,336896],[6562,-9938],[1379,-5777],[4527,-7965]],[[604786,797698],[-15913,-15086],[-1722,-2297],[-1427,-2978],[-394,-5309],[-3100,-4449]],[[582230,767579],[-5956,3300],[-1591,5975],[165,3425],[688,4592],[1723,4648],[1180,5579],[-197,2977],[-935,2870],[690,790],[1132,-72],[2018,825],[1821,1723],[2607,6923],[543,3839],[0,2907],[-739,2207],[-1919,2367],[-1871,1023],[-738,681],[-985,1310],[-2656,4772]],[[577210,830240],[147,4252],[-739,2762],[-2526,5705],[-355,2490]],[[573737,845449],[10264,-1665],[40600,3205]],[[624601,846989],[-64,-5931],[-1082,-10979],[-2609,-3193],[-5166,-3697],[-2167,-1040],[-4248,-6403],[-4479,-18048]],[[759568,582087],[13008,-9183],[195,-139]],[[772771,572765],[-3296,-3843],[-6430,-16468],[-6071,-5957],[-22789,2562]],[[754302,584886],[5266,-2799]],[[697934,754160],[-7727,-8647]],[[690207,745513],[-12369,1293],[-29299,-14980]],[[664878,782038],[-493,-7929],[7842,-2852],[4184,2259],[20440,16916]],[[696851,790432],[-3200,-30622],[4283,-5650]],[[614645,531320],[493,-4665],[-493,-2115],[-836,-2226],[-1182,-1650],[-1329,-1041],[-689,-1380],[427,-1831],[1197,-1380],[5858,519],[16208,10496]],[[634299,526047],[3691,-9402],[-541,-6744],[-1970,-5849],[1232,-9650]],[[640450,475278],[-1180,-7211],[344,-6010],[-885,-3677],[-2806,-8145]],[[583066,442343],[-12221,22028]],[[570845,464371],[-4233,3086],[-1230,1615],[-886,1579],[-493,1901],[99,1471],[886,2278],[1280,250],[1329,-1004],[2509,-2385],[3839,-2009],[1099,752],[2657,2764],[1083,2475],[0,3695],[-2608,8971],[-2723,6277],[-3938,7356],[-7775,8843],[-1182,4020],[-5626,11176]],[[587643,537797],[591,-3570],[1083,-432],[2361,-358],[6169,3838],[2806,-250],[2312,-2297],[11680,-3408]],[[541644,445087],[1131,-7803],[1034,-3445],[5019,-5705]],[[555817,403073],[-4380,538],[-639,1024],[-984,322],[-2510,-394],[-3200,-3516],[-7743,610],[-4528,-1113],[-836,-4628],[-394,-5670],[-1427,-5739],[-2559,-5023],[-7694,-4020],[-5611,5581],[-4429,1506],[-4380,305],[-4741,-6171],[-3888,-2225]],[[495874,374460],[-6891,6890],[-8925,20271],[-1918,2187],[-1821,827],[-641,-1471],[-245,-2458],[-2214,-556],[-4085,447],[-10204,4951],[-9368,539],[-1968,-1560],[-788,-1221],[-7333,-1093]],[[439473,402213],[-590,13650],[1131,3840],[-836,4216],[-1576,4143],[-1968,3266],[-1968,4018],[591,2188],[0,2978],[935,5202],[-3462,2692],[-591,2690],[-3494,4126]],[[440852,469718],[16601,10602],[9056,14943]],[[466509,495263],[1443,-5131],[13486,-252],[2756,-1003],[1082,-2153],[49,-2207],[-296,-3140],[-442,-2331],[197,-3302],[3510,-9112],[1476,-1507],[1035,-485],[1033,539],[1230,305],[3888,-36],[5168,1488],[1427,843],[1296,1185],[1131,1398],[2953,5240],[2462,2456],[7530,4790]],[[792870,824338],[-1920,-2511],[-1591,108],[-2215,1166],[-3248,3999],[-1673,2817],[-50,3318],[-197,2584],[-1033,6172],[-591,2619],[-1623,3677],[-5759,986]],[[772970,849273],[-1820,5454],[-607,4269],[97,3338],[1985,3336],[296,4018],[1231,4341],[147,11965]],[[821529,713258],[-3051,6280],[246,14244]],[[818724,733782],[934,4610]],[[819658,738392],[738,10045],[1625,3103],[2379,3338],[2953,2098],[3739,3696],[7678,3569]],[[594697,347641],[-3560,-10601],[-147,-2978],[442,-2978],[149,-3265],[-3495,-11231],[-2511,-4035],[-4232,-2745],[-3739,-1651],[-12666,4055]],[[564938,312212],[-5365,3479],[-1524,2243],[-1936,1937],[-1625,2781],[-2066,2369],[-1083,2099],[-1428,-90],[-1131,-1184],[-1673,-4593],[-1821,-3086],[-2658,-1255],[-1230,-216],[-3265,-1220],[-3150,-3766],[-2263,-3983],[-1773,-4090],[-147,-13956]],[[479961,309592],[-1821,5525],[-838,6835],[1674,7912],[1476,18226],[1035,5292],[2165,6045],[6365,5453],[5857,9580]],[[366767,492069],[6053,-11211],[9416,-5867]],[[382236,474991],[7284,-1615],[640,-6135]],[[439473,402213],[-3002,-3337]],[[436471,398876],[-4937,3928],[-2954,3768],[-1771,1326],[-2708,-143],[-4674,-4018],[-1232,-3264],[-1820,-2925],[-5134,-4466],[-9548,-396],[-4577,5167]],[[397116,397853],[-9269,13006],[-7629,2385],[-6710,-1757],[-2018,-2260],[198,-6476],[-886,-9383]],[[370802,393368],[-6348,5417],[-3299,-286],[-7102,-3965],[-1970,-6116],[-9268,-6244]],[[342815,382174],[-3051,4054],[148,4737],[2312,4987],[2723,3999],[1871,3929],[-738,2906],[-3904,4485],[-4529,9041]],[[337647,420312],[3397,3283],[245,1670],[147,3335],[-295,6422],[-836,4145],[-788,3104],[-738,1650],[-2657,10565],[-1034,1957],[-1821,1184],[-2067,70]],[[331200,457697],[6988,7859],[1624,1004],[690,1255],[-935,2404],[-1231,2547],[-984,2943],[-1034,4699],[-1280,1293],[149,1579],[442,2368],[1379,2367],[2018,1292],[4150,-36],[4478,3911],[2805,6583]],[[350459,499765],[2265,-3247],[3445,557],[8480,4143]],[[364649,501218],[2118,-9149]],[[278429,704423],[-37,-492],[-49,-288],[-1231,-8234]],[[277112,695409],[-4773,-2421],[-2724,-3319],[-4577,-9132],[-1673,-7049],[-1377,-4683],[-3297,-3587],[-3642,-502],[-2971,466],[-6939,-6637]],[[242089,682618],[491,12702],[2657,6243],[985,1578],[2242,2800]],[[248464,705941],[613,-251],[29352,-1267]],[[737208,683856],[-6316,10496],[-4528,3299],[-3692,1831],[-492,2368],[-26363,23716],[-2904,3982],[-48,1506],[-640,4593]],[[692225,735647],[8121,-1435],[4888,-3121],[8318,-19],[7545,-5471],[3298,-4162],[2165,-1507],[1526,-502],[5513,322],[2214,610],[1197,825],[7186,1795]],[[436471,398876],[-2214,-11158],[-4988,-11339],[-836,-9130],[1132,-324],[3347,-1973],[1345,-1577],[197,-1670],[-494,-2386],[689,-4089],[690,-5705],[4330,-13311],[-97,-3247],[-788,-4324],[-50,-3156],[1429,-6351]],[[440163,319136],[-6497,-4771],[-2625,0],[-12156,6494],[-2117,2045],[-2033,969],[-2265,-1005],[-1526,-3732],[-6201,-5920]],[[392275,336896],[-2953,13795],[1182,21939],[-197,5903],[-1180,7839],[1033,3194],[984,2187],[936,1041],[1130,1632],[838,-125],[3068,3552]],[[819658,738392],[-5905,11749]],[[813753,750141],[1772,10298],[-148,2618],[-443,3229],[-639,1724],[-1970,3156]],[[812325,771166],[1379,5238]],[[813704,776404],[5315,-4198],[739,-1704],[2115,-305],[1576,324],[8727,9184]],[[546171,849917],[985,-9326],[1575,-6154],[3494,-9614],[6660,-7231]],[[558885,817592],[-4397,-1793],[-1033,-2583],[-1526,-5670],[690,-5237],[-838,-6387]],[[493403,827159],[4471,4247],[4562,-1292],[6101,-13202],[11812,25401],[18275,8827],[7547,-1223]],[[494840,750627],[-7776,-234]],[[487064,750393],[985,8413],[-1182,1992],[-2232,2763],[-3197,5165],[-1034,4468],[-149,3336],[-1721,2242],[-1821,1293],[-1132,3299],[-1970,395],[-1278,665],[-1132,-449],[-788,-466],[-1033,-252],[-838,252],[-4938,322],[-3528,-883]],[[460076,782948],[2463,11253],[3609,11697],[5315,11624],[4003,2565],[4462,-825],[5398,1091]],[[659710,806111],[-935,3911],[-1771,1471],[0,3121],[491,3769],[1033,5058],[494,6889],[-1850,5285]],[[657172,835615],[1471,-1949],[7185,-6763],[9516,2531],[5906,6995],[861,2900]],[[682111,839329],[1993,-3707],[1428,-9275],[-99,-5184],[1133,-3910],[1279,-2781],[1723,-1203],[1427,-1524],[1624,-3266],[491,-6530],[0,-4484],[3741,-7033]],[[551978,577208],[-2853,1848]],[[549125,579056],[-13896,34425]],[[535229,613481],[2166,5023],[491,7104],[197,8575],[2018,10154]],[[540101,644337],[4692,-3660],[1870,-4557],[4824,-5023],[2509,-6672],[3953,-4198]],[[854044,925012],[737,-14297],[-442,-4466],[-985,-6334],[1822,-7372],[2362,-3374],[2724,-2098],[2854,-1184],[2607,-3247],[5071,-3158]],[[871433,833307],[-13715,14209],[-7956,12737],[-99,35]],[[841721,865814],[-687,15984],[-3577,10746],[-6758,6494],[-3641,16988],[-264,12163],[408,10078]],[[626704,559179],[7102,-4627],[641,-2405],[836,-4072],[-738,-4412],[-246,-17616]],[[614645,531320],[2708,3373],[-543,3856],[0,13151],[1871,3085],[2411,2547],[1921,1471],[1427,808],[2264,-432]],[[621437,754698],[-1771,11697],[97,3138],[740,1849],[246,1937],[-986,2134],[-4970,4235],[-2657,7264],[-7350,10746]],[[624601,846989],[17572,1387],[9351,-5292],[5648,-7469]],[[723952,846422],[5905,-27215],[-5462,-6583]],[[724395,812624],[-5168,5865],[-1132,4952],[-4298,5992],[-2657,2619],[-2214,4161],[-2412,1615],[-6365,-286],[-10778,4376],[-5240,7947]],[[684131,849865],[169,1311],[3118,9884],[4856,5578],[6792,2692],[6759,144],[4789,-2045],[4102,1757],[1617,1823]],[[716333,871009],[220,-7959],[7399,-16628]],[[454156,221798],[8415,-10584]],[[462571,211214],[-10483,-37314],[-344,-7390],[-3313,-10262],[-2264,-4735],[-5070,-1615],[-7284,5167]],[[406664,197078],[3591,4916],[1969,5956],[4347,19087],[197,6171],[-934,5633],[-2084,1830],[-1771,1220],[-6103,1740],[-6448,3461],[-3018,861],[-1526,790],[-3051,2529],[-3986,5472]],[[419820,273785],[34336,-51987]],[[931487,941364],[-423,-2574],[723,-2583],[4364,-19967],[3608,-6977],[2723,-8002],[2953,-5256],[4398,1148],[97,-11677],[2476,-1596]],[[949505,875536],[-4923,2907],[-2066,-3552],[-2165,-5275],[-3151,-10692],[-983,-10853]],[[893154,884470],[-986,14675],[838,1507],[1919,4341],[1837,72],[6497,12341]],[[903259,917406],[2313,-431],[1870,1723],[2657,7104],[2707,3659],[5430,12271]],[[780352,743792],[6989,-8397],[7792,-15857],[4725,-4468],[2560,-915],[2411,1023],[1575,1956],[935,2673],[4445,7337],[6940,6638]],[[805960,673433],[-2460,2262],[-8514,-8916]],[[767048,724902],[4200,8520],[3739,3768],[3101,8251]],[[778088,745441],[2264,-1649]],[[148794,285948],[-7006,4521],[-3445,-682],[-6792,-53],[-5479,2458],[-16897,14243]],[[109175,306435],[-9499,2440],[-4428,-340],[-8286,4359],[-3150,3264],[-2804,4879],[48,2208],[1576,1344],[2657,377],[1773,647],[2362,3174]],[[89424,328787],[6216,8934],[3397,1794],[1673,-646],[836,861],[394,1614],[295,4809],[-343,2457],[-1132,-126],[-1084,216],[-836,645],[-689,1131],[-640,664],[-936,286],[-1279,-214],[-1574,322],[-1494,1291],[-2904,4343],[-2312,1901],[-2017,682],[-5612,2858]],[[79383,362609],[2379,14220],[-5380,13204],[-1631,-583]],[[74751,389450],[3255,4565],[4823,3802],[-7055,11319]],[[75774,409136],[3561,-896],[1230,-1094],[1968,-2458],[1231,-1992],[1083,-1507],[1279,-250],[1280,682],[935,1865],[-1673,4126],[-4332,8934],[247,2583],[2361,2636],[6989,16379],[3807,4701],[4626,3802],[7530,-824],[8580,-5473],[2410,198],[3791,4450],[2853,7677],[1970,4342],[639,13687]],[[128139,470704],[3756,5112],[3839,-250],[2265,-3444],[2559,-15465],[-295,-4879],[245,-8359],[1083,-8539],[2903,-9723],[3299,-7499],[2378,-4162],[8761,-8486]],[[590399,128192],[-442,-5776],[4887,-2477],[3150,1257],[1329,-968],[-98,-1794],[984,-3482],[1723,-4735],[3001,-4270],[2953,-2117],[650,-1176]],[[608536,102654],[138,-617],[1903,-18082],[2559,-14997],[4561,-11841],[15979,-16575],[-3053,-4091],[-5675,-12234],[-2756,-3947],[-3544,-1613],[-10303,323],[-17690,-10085],[-13216,-7532],[-14272,3086],[-23218,30471]],[[539949,34920],[2778,10430],[3739,7102],[1968,2262],[3447,2744],[4577,1632],[1000,2009],[-165,3374],[-2460,2654],[-3641,-610],[-3496,-2080],[-3445,-1329],[-2115,1759],[-1035,4019],[1084,7892],[2755,5706],[1576,1326],[1033,1435],[1231,-178],[1034,-862],[1082,807],[0,3158],[-3692,5472],[-1721,3516],[48,7748],[-1477,6424],[297,4089],[-2018,8377]],[[542333,123796],[10089,-5165],[8825,1274],[2559,1399],[1526,1613],[444,1507],[1033,2441],[1624,2887],[5758,4790],[4642,-287],[5759,-1686],[5807,-4377]],[[109175,306435],[-885,-12899],[-1821,-2456],[-2117,-4576],[-3789,-3211],[-3791,-6296],[-6709,-1776],[-18078,790],[-5665,-1496]],[[66320,274515],[-2604,7846],[1050,23751],[9533,33180]],[[74299,339292],[4543,-5768],[10582,-4737]],[[535229,613481],[-4429,11929],[-9171,8862]],[[286316,626595],[-2215,2923],[-1229,4970],[638,3283],[-1673,1507],[-836,2153],[-591,4054],[2117,25581],[-738,16182],[-4677,8161]],[[278429,704423],[38040,-1641],[10695,3552],[3379,-1148],[1509,-3264],[1018,-3910],[1771,-3230],[5434,-3796]],[[577210,830240],[-9221,-10997],[-4528,-2655],[-4576,1004]],[[546171,849917],[6307,-1023],[21259,-3445]],[[813753,750141],[-12911,-2941],[-6545,144],[-4085,4340]],[[790212,751684],[788,6585],[983,2851],[591,3982],[985,2674],[836,2942],[1673,2923],[3594,2979],[2509,2907],[10154,-8361]],[[509669,537474],[-10597,-4109],[-2313,1256],[-4676,5345],[-1672,6369]],[[482422,567162],[4002,9508],[0,3194],[886,3085],[2363,1077],[3345,341],[2364,2529],[6348,3982],[1477,2297],[0,2690],[1426,1221],[706,-253],[4183,396]],[[509522,597229],[12599,-17957]],[[336811,153020],[-1182,-13975],[-197,-4879],[1970,-5705],[4183,-6010],[836,-3730],[-147,-4862],[-1674,-3230],[247,-1560],[3313,-646],[3494,252],[2411,-861],[1921,1039],[2115,-395],[2362,253],[1068,-730]],[[357531,107981],[-1298,-15667],[-1673,-9830],[-4200,-11697],[-12434,-14028],[-5874,-8467],[-12204,-10656],[-14601,-2045],[-14731,4305],[-12633,8504],[-6956,2654],[-8136,-3660],[-15093,-10871],[-8203,-2331],[-932,79]],[[238563,34271],[425,4531],[48,8521],[-1935,6636],[-1477,2369],[-5806,7302],[-641,1882],[2314,9149],[2607,13348],[690,6887],[247,3911],[-1920,1884],[-1871,-843],[-1033,1901],[-296,3122],[1329,8235],[1724,5220],[983,5131],[738,2260],[-4674,6512]],[[230015,132229],[246,7049]],[[170563,268405],[-15815,-7391],[-31629,-6046],[-6743,322],[-1918,-1094],[-6365,-6959],[-1857,-6399]],[[106236,240838],[-12565,14937],[-5315,2512],[-10924,2045],[-8859,7391],[-2253,6792]],[[570845,464371],[-11123,-4521],[-7005,5239]],[[564938,312212],[-3050,-16792],[-2068,-2870],[-1082,-843],[-1050,161],[-592,-142],[-491,-862],[344,-2620],[115,-1973],[-115,-2475],[-443,-2332],[-984,-3696],[-788,-2331],[-1082,-2423],[-2559,-1076],[-1576,-3587],[-3248,-2782]],[[376905,569010],[-16454,-28003]],[[360451,541007],[-12009,2279]],[[348442,543286],[-5824,11821],[-442,6674],[-297,15554],[542,8198],[853,3802],[788,2656],[1132,1290],[983,2512],[1329,1848],[2313,5006]],[[349819,602647],[5267,3192],[5413,252],[4594,2223],[9104,8450]],[[537395,248169],[1526,-8827],[4198,-9758],[1035,-3588],[394,-3463],[10678,-17902],[2167,-4610],[951,-3410],[-689,-3085],[-591,-1328],[-509,-1309],[-786,-1094],[-985,-682],[-2265,-2260],[-935,-5794]],[[551584,181059],[-5806,1291],[-3692,-2817],[-2920,-4628],[-5857,-12808],[-1377,-3946],[-1034,-13958]],[[530898,144193],[-4134,11230],[-1427,12164],[-6414,11641],[-5956,10279],[-1427,4379],[-1477,6027],[2609,20738],[1082,5364],[-491,11892]],[[582230,767579],[-3347,-8325]],[[360451,541007],[7595,-17902],[4183,-2011]],[[372229,521094],[-247,-8914],[-2903,-3105],[-1280,-4555],[-3150,-3302]],[[350459,499765],[-3347,34568]],[[347112,534333],[2609,3338],[147,573],[-1426,5042]],[[326525,511480],[-3068,-1507],[-591,-1902],[-1526,-3623],[-2656,-2100],[-3742,-1274],[-6201,-7462],[-2182,-5345],[-983,-5742],[886,-3659],[-1772,-10441]],[[304690,468425],[-18324,5670],[-11221,-4576],[-6612,-8162]],[[268533,461357],[-984,6244],[-2314,3730],[-294,5956],[49,6171],[983,3804],[1232,3192],[-197,3230],[-493,2279],[-1377,2098],[197,2225],[786,3300],[1526,4306],[1968,2762],[2626,8108],[-1197,3014],[-1920,2800],[-2756,1147],[-5857,-539],[-3938,-1237],[-3657,754]],[[252916,524701],[2477,6476],[6692,3461],[2511,3642],[5463,4037],[1771,485],[1247,967],[1576,2655],[1524,12163],[2412,3804],[1821,6458]],[[75774,409136],[-5315,10496],[-5119,7301],[-2853,7445],[-1773,6529],[-3313,5202],[-4527,2871],[-2931,3460]],[[49943,452440],[29784,34535],[9089,25474],[-1258,6717]],[[87558,519166],[8082,2610],[5858,-15069],[590,-5166],[3199,-6780],[2313,-2028],[1379,-3678],[19160,-18351]],[[632773,581048],[-739,-6727],[-1476,-2853],[-2526,-3426],[-1328,-8863]],[[590743,620513],[4447,2189]],[[595190,622702],[9498,-9185],[5463,-12646],[1444,-6189],[3100,-4378],[1378,-1202],[1624,233],[1131,933],[2067,-323],[1477,-824],[10401,-8073]],[[780893,614343],[11731,-17114],[1524,-1436],[2610,-10943],[1845,-4633]],[[798603,580217],[-499,-22],[-14323,-653],[-5053,-1974],[-4824,-3480],[-1133,-1323]],[[759568,582087],[1230,16470],[3544,8322],[8924,15859]],[[773266,622738],[7627,-8395]],[[903259,917406],[-4233,8575],[-1230,3409],[3347,13634],[-640,5829],[-1280,2314],[-2166,1651],[-2330,1094],[-6102,8951],[-1181,5168],[-1968,3014],[-1428,2977],[-4330,2010]],[[876158,978507],[-739,7193],[2342,9263]],[[877761,994963],[1628,-597],[14003,1819]],[[914988,784693],[2083,-4467],[4414,-5311],[1214,2064],[901,1219],[2216,1903],[3347,-8683],[5872,-2601]],[[935035,768817],[-2900,-2711]],[[932135,766106],[-7600,4720],[-5708,-10101],[421,-3996]],[[919248,756729],[-8262,-14050],[-229,-5863]],[[861098,776368],[6349,-1973],[7776,-6943],[6513,-2206],[3592,-286],[3790,1613],[1476,1742],[1033,1865],[345,1937],[344,4287],[345,2154],[394,1757],[99,1687],[-936,1434],[-591,1399],[887,4163]],[[542333,123796],[-5479,3391],[-5956,17006]],[[551584,181059],[7448,-1740],[9500,933],[4872,-611],[4150,611],[1968,824],[11862,12702]],[[591384,193778],[2624,-145],[541,-1129],[4086,-13617],[4330,-5739],[3150,-6818],[3100,-9077],[-245,-4663],[-1378,-3374],[-2313,-447],[-1182,-1238],[-1033,-2261],[-1033,-5023],[-887,-2798],[-1821,-2369],[-1377,-2332],[-1427,-1326],[-788,-1543],[-935,-503],[-838,-915],[-803,-216],[-2756,-53]],[[198286,237010],[-4527,-11480],[-3544,-2870],[-2460,-3033],[-344,-4645],[1279,-7768],[1722,-5544],[887,-6135],[-1723,-4968],[-8236,-19250],[2280,-6422],[-1688,-12843]],[[181932,152052],[-9351,788],[-4844,-6955]],[[167737,145885],[-160,642],[-2855,322],[-4757,4163],[-3412,5704],[-25297,65298],[-21983,15213],[-3037,3611]],[[479911,222372],[-1427,-7678],[98,-5237],[-737,-5418],[-4726,-3912],[-10548,11087]],[[454156,221798],[5659,10118]],[[539949,34920],[-3161,4151],[-15487,646],[-3149,4413],[-3545,2548],[-2843,596]],[[511764,47274],[-44,156],[-3772,13597],[-6809,9635],[-1918,627],[-2561,-627],[-5069,-2386],[-3839,-414],[-5232,1920],[-4724,4269],[-1821,593],[-2018,-952],[-3101,-3892],[-837,-2709],[-739,-4521],[-1591,-6458],[-935,-1901],[-1377,-1399],[-4480,1077],[-6741,12269],[-12616,18083],[-5365,5974],[-1968,5597],[-442,2565],[541,1328],[98,3228],[-1132,2692],[-2035,14727]],[[511764,47274],[-4669,982],[-5480,7892],[-7218,7249],[-5774,-360],[-1150,-14781],[-6101,-16217],[-13585,-7498],[-13222,4304],[-4986,19411],[-33,36],[-33,108],[-34,0],[-29462,19912],[-6300,8288],[-99,3587],[1117,12270],[-591,5382],[-1838,3804],[-117,104]],[[487064,750393],[-1542,-4664],[-2706,-861],[-4037,573],[-6939,3445],[-6414,7821],[-5857,2547],[-5162,1521]],[[454407,760775],[3340,11540],[2329,10633]],[[964222,860549],[-1890,-2755],[-6037,-4359],[-2919,-6851],[1209,-4619]],[[730941,418483],[-1428,4018],[-7824,72],[-2363,1327],[-2232,2512],[-1426,2116],[-3839,17367]],[[716924,453216],[2517,-4057],[3871,-3516],[8892,-5632],[3871,-4342],[2840,-6602]],[[690207,745513],[2018,-9866]],[[735075,655442],[-985,-3965],[887,-3732],[3066,-5490],[5956,-1434],[2263,-1759],[1723,-5113],[-48,-7981],[-542,-9652],[-1476,-5616],[-985,-4430],[-8563,-15822]],[[678625,649790],[-1919,8431],[-886,6352],[491,6277],[-294,1831],[-1476,1668],[-4480,1956],[-2264,-127],[-1672,-430],[-1035,593],[-901,1452],[-935,3893],[-1034,2925],[-3347,6332],[-5708,4018]],[[653165,694961],[-7744,9220],[-5168,2009],[-4429,4773],[-4970,3408],[-2166,4843],[-2280,4090],[-1083,8306]],[[387306,328141],[-5906,3965],[-689,1920],[148,3947],[-394,3193],[-1034,2492],[-1149,1740],[1477,15643],[-492,7965],[-1870,11985],[-6595,12377]],[[763603,840520],[-3149,-13420],[-936,-8503],[690,-10118],[-1675,-10296]],[[758533,798183],[-3149,-3302],[-7644,539],[-6891,7068],[-6070,9257],[-10384,879]],[[723952,846422],[8464,2278],[838,1147],[886,862],[-246,700],[-99,1613],[542,3391],[2132,5991],[885,5131],[1133,2242],[837,269],[1427,55],[1869,-970],[3791,449],[4477,-1937],[1478,-2009],[737,-1973],[165,-2045],[229,-1759],[1788,-3156],[1427,-1615],[1232,-2261],[1082,-2978],[1428,-2476],[3149,-6851]],[[206238,735176],[5566,1512],[5578,-216],[5185,-2331],[4659,-3535],[17848,-23267],[3390,-1398]],[[751233,750608],[-2313,6099],[-983,3408],[-394,1974],[245,1614],[738,2404],[4742,3876],[4971,9938]],[[758239,779921],[4871,89],[2067,593],[1674,-682],[1279,-1399],[886,-2207],[344,-2888],[691,-2082],[5823,-6457],[1869,-3588],[788,-3677],[-1033,-1957],[-837,-2350],[-442,-1668],[1869,-6207]],[[655386,244426],[-220,-275],[-31121,-15836]],[[624045,228315],[-246,2022],[0,91],[-3101,18692],[-7382,17311],[-5724,9006],[-1674,6637],[-836,8306],[1624,5956],[1427,3676],[7250,6047]],[[944436,777732],[-3265,-5812],[-6136,-3103]],[[920845,795313],[4282,5113],[2411,1165],[4051,7822],[230,5471]],[[638482,616316],[-935,-7606],[885,-1185],[1133,-2797],[-590,-3482],[-1231,-1882],[-1477,-3141],[-1820,-1596],[-1674,-13579]],[[595190,622702],[6053,10440],[442,1938],[295,2960],[-195,2458],[97,4377],[641,2242],[1427,2063],[541,1112],[-541,3302]],[[624095,653719],[1821,-4682],[591,-6315],[3510,-5561],[6005,-5131]],[[932135,766106],[-1956,-1828],[-9975,-5919],[-956,-1630]],[[834402,601929],[-3703,-1579],[-10564,-2870],[-9466,-7898]],[[810669,589582],[-165,919],[-639,6118],[98,1219],[197,1471],[394,1112],[-247,1759],[0,1938],[197,1864],[100,2010],[-197,2081],[-1182,4324],[-788,2259],[-541,2530],[-245,2691],[245,2332],[690,1793],[393,1651],[-49,3158],[-197,1793],[-738,2314],[-1346,1921],[-1820,1739],[-5267,3499],[-1279,1363],[-3495,789],[-1279,35],[-1674,-968],[-1770,-503],[-2380,-1398],[-1377,-394],[-1526,-1185],[-1772,-4037],[-1082,-3927],[197,-4413],[-1232,-13096]],[[773266,622738],[3888,12737],[-541,2404],[-886,1721],[-2018,6998]],[[549125,579056],[-9024,-18854],[-4921,-3067]],[[509522,597229],[99,13257]],[[349819,602647],[-15863,-1902]],[[772970,849273],[-6907,898],[-689,-2009],[-935,-1382],[-836,-6260]],[[716333,871009],[1664,1873],[1903,6081],[-33,8916],[985,10476],[5118,-4682],[24312,-5436],[8400,719],[9354,5675]],[[853217,987569],[13048,11604],[11496,-4210]],[[388830,531464],[-2017,-8791],[1920,-19984]],[[388733,502689],[-21966,-10620]],[[372229,521094],[14239,16577]],[[813704,776404],[-2805,16254],[837,2440],[1327,3299],[3692,4162],[1723,1113],[3936,4879]],[[758533,798183],[1822,-3946],[1034,-1795],[638,-2584],[1132,-1309],[-4920,-8628]],[[740061,755739],[-27938,3122],[-14189,-4701]],[[682111,839329],[1173,3954],[847,6582]],[[456912,259578],[-6316,7498],[-935,4736],[-3397,5454],[-2165,6099],[-1723,3876],[543,9436],[2165,8933],[245,2045],[-5166,11481]],[[388733,502689],[-4430,-9185],[-1526,-6888],[-541,-11625]],[[334055,310525],[5806,-5525],[2018,359],[15225,12091]],[[353363,225100],[-21523,-26227],[-7744,-1795]],[[289269,293322],[7201,27501]],[[780352,743792],[9860,7892]],[[581343,627653],[3100,9938],[0,2583],[-492,5706],[-1132,4592],[-3445,19375]],[[624045,228315],[-8645,-4400],[-12795,-10942],[-2691,-4807],[-1620,-6757]],[[598294,201409],[-283,-313],[-6627,-7318]],[[418589,500106],[-2953,-3516],[198,-4269],[1328,-1310],[1279,-1830],[1921,-1776],[-689,-5812]],[[151253,665505],[-4347,-9095],[-20293,-16666],[-4625,-6816],[-2314,-6423],[-4724,-16898]],[[114950,609607],[-17734,-4701],[-6365,969],[-6989,2943],[-14289,-646],[-10892,1685],[-5612,-2798],[-2016,-2511],[1082,-2368],[245,-3302],[-935,-3282],[-3838,-2959],[-12123,2637],[-8909,4304],[-5183,3696],[-4332,2028],[-4772,5381],[-2645,2435]],[[9643,613118],[4498,11719],[4265,14746],[3445,6261],[4200,682],[3936,2906],[7612,8414],[14699,11929],[7744,12234],[6759,14388],[7775,11087],[10763,2133],[7841,-411],[5939,4824],[2655,8313]],[[342815,382174],[4445,-18010],[-98,-7660],[1624,-11463],[935,-10154],[7383,-17437]],[[323802,422537],[7004,2458],[1625,-627],[5216,-4056]],[[653951,657917],[-5118,6691],[247,1955],[1574,2744],[838,1867],[491,2045],[-1230,3122],[-1673,3264],[0,2081],[788,1507],[738,3264],[589,3535],[1970,4969]],[[456764,695320],[492,-11302],[1082,-6745],[-688,-7391],[-8285,-34695]],[[441048,692773],[4872,6816],[1821,431],[9023,-4700]],[[871433,833307],[-1625,-4628],[2167,-6386],[-5217,-394],[-5169,-9921]],[[230015,132229],[-3988,-2924],[-1672,-4377],[-1773,-1795],[-2165,-969],[-6315,1973],[-4677,6244],[-5954,4413],[-5874,6493],[-5167,4127],[-6545,2009],[-3953,4629]],[[456764,695320],[27823,-1094]],[[382163,167055],[-1649,-1083],[-2461,-4162],[-3971,-14064],[-3347,-7463],[-8004,-13776],[-2953,-6709],[-2003,-8863],[-244,-2954]],[[74299,339292],[2836,9875],[2248,13442]],[[466509,495263],[1542,3086],[-66,2655],[360,2582],[-3854,7858]],[[260806,426483],[-4971,-12305],[-10301,-10010]],[[211049,450953],[936,5884],[1820,1184],[3643,1219],[25279,-8287],[3397,-2369],[1869,-2511],[3988,-7749],[2182,-3444],[6643,-8397]],[[197525,61285],[-4948,1610],[-2198,-2262],[-1115,-4914],[0,-7463],[6725,-12379],[-4068,-8575],[-14863,-9722],[-4625,-6997],[-2790,-6708],[-3378,-3875],[-16963,3803],[-4988,2439],[-4233,6602],[-14993,14602],[-31531,-2216]],[[93557,25230],[459,4512],[1477,1614],[296,180],[1230,1507],[492,2062],[738,2314],[935,3733],[3494,5525],[1427,3139],[-541,1668],[-541,1149],[-8580,5238]],[[94443,57871],[3658,9508],[280,16706]],[[98381,84085],[24690,5649],[0,4293],[-3358,7430],[-4754,7939],[-4961,8334],[15647,2103],[12533,-10405],[14995,2369],[6401,12155]],[[159574,123952],[833,-3258],[3002,-17366],[1527,-3300],[3116,-5508],[5020,-5382],[13256,-4215],[10040,-18335],[1157,-5303]],[[77988,79418],[165,-3106],[1624,-5561],[641,-2726],[97,-4162],[1034,-6154],[2066,-3176],[1527,-1757],[1968,-4467],[99,-1560],[542,-969],[1573,-970],[2412,1723],[1033,1041],[1674,10297]],[[93557,25230],[-9827,-689],[-12535,20727],[671,2965],[-800,5905],[2170,7147],[0,4323],[-3100,932],[-2403,2711],[-1861,4577],[-1317,6441],[6665,-2400],[6768,1549]],[[252916,524701],[-20392,-6261],[-1083,-1920],[-6545,-6619]],[[198091,535266],[4986,17546],[50,4646],[-2576,8844]],[[200551,566302],[4003,4968],[6200,2530],[17832,-4270],[2609,1740],[738,3785],[985,10764],[1329,4665],[2362,4987],[3462,1201],[3691,557],[10598,-1758]],[[810669,589582],[-11172,-9324],[-894,-41]],[[74751,389450],[-9229,-3293],[-10238,-7499],[-9514,-1112],[-8629,15141],[-132,790],[-197,682],[-263,644],[-294,575],[-1476,1829],[-4135,7392],[4855,6708],[1642,1651],[2461,4951],[886,4809],[-788,4484],[-2559,4091],[7250,14710],[5552,6437]],[[347112,534333],[-16551,-1040]],[[331200,457697],[-11631,5006],[-6841,-4629],[-3887,2459],[-1592,2440],[-2559,5452]],[[114950,609607],[2953,-10800]],[[117903,598807],[-3200,-143],[-2477,-1023],[-3100,-4898],[-2215,-5956],[-2165,-12699],[-886,-8217],[-2264,-3247],[-5710,-269],[-2476,-932],[-3592,-3732],[-1429,-933],[-1279,269],[-1722,1183],[-1576,-2368],[-1673,-3676],[-639,-5992],[245,-4126],[0,-2692],[4479,-6529],[-3018,-6491]],[[83206,526336],[-4265,1254],[-9351,-1543],[-8071,1937],[-9548,14388],[-5971,6350],[-8859,2726],[-4430,3840],[-9515,1004],[-4922,2584],[4627,-12271],[-8662,-2046],[-2691,6028],[-1115,9615],[-4200,8756],[-65,142],[-1936,17402],[-1771,8252],[-2461,6960],[8268,7821],[1375,3583]],[[689124,490671],[-5757,-6028],[-3314,-6386],[-2609,-2189],[-2362,753],[-1230,1076],[-2018,502],[-984,-3175],[-641,-4090],[3200,-10046],[1918,-13939]],[[238563,34271],[-7565,638],[-8334,4414],[-7972,8933],[0,36],[-4200,6566],[-4561,3694],[-8406,2733]],[[159574,123952],[6067,11524],[2428,9078],[-332,1331]],[[268533,461357],[-345,-10189],[-787,-4557],[-245,-4735],[-6350,-15393]],[[930822,988245],[1424,-2651],[2789,-2225],[4659,-394],[1411,-3499],[-723,-6206],[-1804,-8469],[-2198,-7820],[-1208,-3113]],[[260806,426483],[1920,-2242],[-788,-6941]],[[704249,395988],[6350,16826],[-591,1578],[-788,1257],[-4527,-898],[-2265,-1183],[-1918,-216],[-1444,-878],[-2510,-432]],[[77988,79418],[20384,4666],[9,1]],[[236773,613104],[15405,-2618],[1673,950],[2133,466],[1132,-825],[1575,-3479],[-345,-10155]],[[200551,566302],[0,72],[-32400,-6530],[-4545,89],[-4723,1094],[-14240,7015],[-15913,14011],[-10827,16754]],[[87558,519166],[-1169,6234],[-3183,936]],[[310071,409891],[394,3749],[392,1721],[-48,2297],[-394,2709],[-1886,5919],[-1970,2100],[-2459,1399],[-12945,2009],[-8037,-2996],[-1429,-1058],[-2903,-5741],[197,-7785]],[[415005,719388],[2354,-640],[2264,8575],[3707,6764],[1576,4718],[1903,3300],[5281,3607],[2823,-3033],[8136,2046],[7021,4843],[1773,2350],[2564,8857]],[[598294,201409],[-316,-1316],[624,-2907],[2329,-1757],[3051,-4629],[3150,-9329],[1674,-3408],[2821,-3156],[4133,-2369],[1314,1399],[426,2799],[1444,1865],[3839,1579],[1180,968],[985,-1326],[5129,-9040],[613,-1078],[5183,-13204],[1739,-6135],[-6561,72],[-4430,-2367],[-3937,-3230],[-9319,-4557],[-1836,-5165],[-1181,-5491],[-2166,-2906],[-3970,-3121],[328,-5704],[2263,-7464],[1733,-7778]]],"transform":{"scale":[0.000003150043430043431,0.0000014403269603269549],"translate":[13.36526127,45.42363678]},"bbox":[13.36526127,45.42363678,16.51530155,46.8639623]}