{"type":"Topology","objects":{"all":{"type":"GeometryCollection","bbox":[25.66325931,44.80699283,35.81977855,42.09878164],"geometries":[{"type":"Polygon","properties":{"a":3274,"b":"Gümüshane","c":39.3921,"d":40.2619},"arcs":[[0,1,2,3]]},{"type":"Polygon","properties":{"a":3226,"b":"Antalya","c":31.3286,"d":37.07},"arcs":[[4,5,6,7,8,9,10]]},{"type":"Polygon","properties":{"a":3261,"b":"Ankara","c":32.6629,"d":39.7511},"arcs":[[11,12,13,14,15,16,17]]},{"type":"Polygon","properties":{"a":3263,"b":"Zinguldak","c":32.2755,"d":41.3437},"arcs":[[18,19,20,21]]},{"type":"Polygon","properties":{"a":3235,"b":"Elazig","c":39.2955,"d":38.5684},"arcs":[[22,23,24,25,26]]},{"type":"Polygon","properties":{"a":3272,"b":"Aksaray","c":33.8623,"d":38.3752},"arcs":[[27,28,29,-14,30]]},{"type":"Polygon","properties":{"a":3259,"b":"Mus","c":41.6691,"d":38.9547},"arcs":[[31,32,33,34,35,36]]},{"type":"Polygon","properties":{"a":3268,"b":"Sanliurfa","c":38.9624,"d":37.1994},"arcs":[[37,38,39,40,41]]},{"type":"Polygon","properties":{"a":3260,"b":"Bitlis","c":42.4059,"d":38.5949},"arcs":[[42,43,-32,44,45]]},{"type":"Polygon","properties":{"a":3236,"b":"K. Maras","c":36.9861,"d":37.9238},"arcs":[[46,47,48,49,50,51]]},{"type":"Polygon","properties":{"a":3265,"b":"Karaman","c":33.4471,"d":37.232},"arcs":[[52,-6,53]]},{"type":"Polygon","properties":{"a":3266,"b":"Usak","c":29.3252,"d":38.5568},"arcs":[[54,55,56,57]]},{"type":"Polygon","properties":{"a":3282,"b":"Hakkari","c":43.9927,"d":37.4986},"arcs":[[58,59,60]]},{"type":"Polygon","properties":{"a":3232,"b":"Manisa","c":28.1544,"d":38.7735},"arcs":[[61,-57,62,63,64,65]]},{"type":"Polygon","properties":{"a":3222,"b":"Sakarya","c":30.5576,"d":40.7408},"arcs":[[66,67,68,69,70]]},{"type":"Polygon","properties":{"a":3256,"b":"Agri","c":43.0182,"d":39.6042},"arcs":[[71,72,-45,-37,73,74]]},{"type":"Polygon","properties":{"a":3277,"b":"Mardin","c":40.7898,"d":37.3751},"arcs":[[75,76,-38,77,78]]},{"type":"Polygon","properties":{"a":3231,"b":"Kütahya","c":29.6151,"d":39.241},"arcs":[[79,80,81,-58,-62,82,83]]},{"type":"Polygon","properties":{"a":3224,"b":"Eskisehir","c":31.0661,"d":39.5875},"arcs":[[-16,84,85,-81,86,87]]},{"type":"Polygon","properties":{"a":3258,"b":"Diyarbakir","c":40.2424,"d":38.1406},"arcs":[[88,-78,-42,89,90,-23,91,-34]]},{"type":"Polygon","properties":{"a":3252,"b":"Erzurum","c":41.4879,"d":40.0254},"arcs":[[-74,-36,92,93,94,95,96,97]]},{"type":"Polygon","properties":{"a":3241,"b":"Nevsehir","c":34.6302,"d":38.7348},"arcs":[[98,99,100,-28,101]]},{"type":"Polygon","properties":{"a":3225,"b":"Kastamonu","c":33.7053,"d":41.5114},"arcs":[[102,103,104,-19,105]]},{"type":"Polygon","properties":{"a":3245,"b":"Giresun","c":38.4864,"d":40.6247},"arcs":[[-3,106,107,108,109,110]]},{"type":"Polygon","properties":{"a":3219,"b":"Bursa","c":29.0197,"d":40.1222},"arcs":[[-69,111,-84,112,113,114,115]]},{"type":"MultiPolygon","properties":{"a":3213,"b":"Balikesir","c":27.8745,"d":39.6304},"arcs":[[[116]],[[-113,-83,-66,117,118,119,120]],[[121]]]},{"type":"MultiPolygon","properties":{"a":3220,"b":"Istanbul","c":28.5707,"d":41.2015},"arcs":[[[122,-115,123]],[[124,125]],[[126,127,128]]]},{"type":"Polygon","properties":{"a":3281,"b":"Tunceli","c":39.434,"d":39.2039},"arcs":[[129,-26,130]]},{"type":"Polygon","properties":{"a":3283,"b":"Van","c":43.5903,"d":38.507},"arcs":[[131,-61,132,133,-46,-73]]},{"type":"Polygon","properties":{"a":3216,"b":"Kirklareli","c":27.4743,"d":41.6914},"arcs":[[-128,134,135,136]]},{"type":"Polygon","properties":{"a":3227,"b":"Afyon","c":30.8194,"d":38.762},"arcs":[[137,138,139,140,-55,-82,-86]]},{"type":"Polygon","properties":{"a":3238,"b":"Mersin","c":33.8574,"d":36.7981},"arcs":[[141,142,-7,-53,143,144]]},{"type":"Polygon","properties":{"a":3228,"b":"Burdur","c":30.1815,"d":37.5052},"arcs":[[-10,145,146,-140,147]]},{"type":"Polygon","properties":{"a":3251,"b":"Artvin","c":41.8847,"d":41.2103},"arcs":[[148,-97,149,150]]},{"type":"Polygon","properties":{"a":3242,"b":"Hatay","c":36.2179,"d":36.3467},"arcs":[[151,152,153]]},{"type":"Polygon","properties":{"a":3223,"b":"Bolu","c":31.633,"d":40.6591},"arcs":[[154,-17,-88,155,-67,156,-21]]},{"type":"Polygon","properties":{"a":3240,"b":"Kayseri","c":35.901,"d":38.7182},"arcs":[[-51,157,158,-100,159,160]]},{"type":"Polygon","properties":{"a":3269,"b":"Adana","c":35.5435,"d":37.39},"arcs":[[-50,161,-154,162,-142,163,-158]]},{"type":"Polygon","properties":{"a":3264,"b":"Konya","c":32.4463,"d":37.8545},"arcs":[[-30,164,-144,-54,-5,165,-138,-85,-15]]},{"type":"Polygon","properties":{"a":3244,"b":"Çorum","c":34.7657,"d":40.4894},"arcs":[[166,167,168,169,170,-104,171]]},{"type":"Polygon","properties":{"a":3239,"b":"Kirsehir","c":34.0865,"d":39.3039},"arcs":[[-102,-31,-13,172,173]]},{"type":"Polygon","properties":{"a":3246,"b":"Ordu","c":37.5843,"d":40.8294},"arcs":[[-109,174,175,176,177]]},{"type":"Polygon","properties":{"a":3278,"b":"Batman","c":41.4548,"d":37.7459},"arcs":[[178,-79,-89,-33,-44]]},{"type":"Polygon","properties":{"a":3248,"b":"Sivas","c":37.2549,"d":39.5794},"arcs":[[179,180,-52,-161,181,182,-175,-108]]},{"type":"Polygon","properties":{"a":3221,"b":"Kocaeli","c":29.9461,"d":40.8745},"arcs":[[-70,-116,-123,183,-125,184]]},{"type":"Polygon","properties":{"a":3234,"b":"Adiyaman","c":38.3614,"d":37.7704},"arcs":[[-90,-41,185,-48,186]]},{"type":"Polygon","properties":{"a":3280,"b":"Sirnak","c":42.3981,"d":37.494},"arcs":[[-60,187,-76,188,-133]]},{"type":"Polygon","properties":{"a":3233,"b":"Mugla","c":28.1888,"d":37.2643},"arcs":[[189,-146,-9,190,191]]},{"type":"Polygon","properties":{"a":3276,"b":"Kars","c":42.9928,"d":40.2495},"arcs":[[-75,-98,-149,192]]},{"type":"Polygon","properties":{"a":3237,"b":"Malatya","c":37.8355,"d":38.5665},"arcs":[[-24,-91,-187,-47,-181,193]]},{"type":"Polygon","properties":{"a":3250,"b":"Tokat","c":36.9093,"d":40.453},"arcs":[[-176,-183,194,195,196]]},{"type":"Polygon","properties":{"a":3215,"b":"Edirne","c":26.5868,"d":41.2066},"arcs":[[-136,197,198,199]]},{"type":"Polygon","properties":{"a":3212,"b":"Izmir","c":27.3693,"d":38.2341},"arcs":[[-65,200,201,-118]]},{"type":"Polygon","properties":{"a":3217,"b":"Tekirdag","c":27.3286,"d":41.1288},"arcs":[[202,203,-198,-135,-127]]},{"type":"Polygon","properties":{"a":3249,"b":"Samsun","c":35.9371,"d":41.1726},"arcs":[[-177,-197,204,-167,205,206]]},{"type":"Polygon","properties":{"a":3211,"b":"Aydin","c":27.8881,"d":37.7494},"arcs":[[207,-192,208,-201,-64]]},{"type":"Polygon","properties":{"a":3230,"b":"Isparta","c":30.8376,"d":37.9475},"arcs":[[-166,-11,-148,-139]]},{"type":"Polygon","properties":{"a":3271,"b":"Nigde","c":34.7227,"d":37.9936},"arcs":[[-159,-164,-145,-165,-29,-101]]},{"type":"Polygon","properties":{"a":3267,"b":"Gaziantep","c":37.2269,"d":36.9777},"arcs":[[-40,209,-152,-162,-49,-186]]},{"type":"Polygon","properties":{"a":3273,"b":"Yozgat","c":35.3172,"d":39.6981},"arcs":[[-195,-182,-160,-99,-174,210,-169,211]]},{"type":"Polygon","properties":{"a":3257,"b":"Bingöl","c":40.7845,"d":39.0429},"arcs":[[-35,-92,-27,-130,212,-93]]},{"type":"Polygon","properties":{"a":3255,"b":"Trabzon","c":39.7867,"d":40.8041},"arcs":[[213,214,-4,-111,215]]},{"type":"MultiPolygon","properties":{"a":3214,"b":"Çanakkale","c":26.8784,"d":39.9514},"arcs":[[[216]],[[217]],[[-120,218]],[[219,-199,-204]]]},{"type":"Polygon","properties":{"a":3247,"b":"Sinop","c":35.0056,"d":41.5736},"arcs":[[-206,-172,-103,220]]},{"type":"Polygon","properties":{"a":3275,"b":"Bayburt","c":40.2213,"d":40.2769},"arcs":[[-95,221,-1,-215]]},{"type":"Polygon","properties":{"a":3243,"b":"Amasya","c":35.8518,"d":40.6926},"arcs":[[-196,-212,-168,-205]]},{"type":"Polygon","properties":{"a":3279,"b":"Siirt","c":42.1621,"d":37.8899},"arcs":[[-134,-189,-179,-43]]},{"type":"Polygon","properties":{"a":3218,"b":"Bilecik","c":30.104,"d":40.067},"arcs":[[-156,-87,-80,-112,-68]]},{"type":"Polygon","properties":{"a":3229,"b":"Denizli","c":29.3199,"d":37.7747},"arcs":[[-147,-190,-208,-63,-56,-141]]},{"type":"Polygon","properties":{"a":3262,"b":"Çankiri","c":33.374,"d":40.7419},"arcs":[[-171,222,-18,-155,-20,-105]]},{"type":"Polygon","properties":{"a":3270,"b":"Kinkkale","c":33.7543,"d":39.8162},"arcs":[[-170,-211,-173,-12,-223]]},{"type":"Polygon","properties":{"a":3253,"b":"Erzincan","c":39.3127,"d":39.6886},"arcs":[[-94,-213,-131,-25,-194,-180,-107,-2,-222]]},{"type":"Polygon","properties":{"a":3254,"b":"Rize","c":40.806,"d":40.9309},"arcs":[[-96,-214,223,-150]]}]}},"arcs":[[[740227,755093],[1744,-23481],[-383,-23353],[-1696,-9196],[-588,-5133],[-254,-5259],[1118,-10677],[1894,-9890]],[[742062,668104],[-1954,-6994],[-2289,-5750],[-5825,-3204],[-2840,-3330],[-2991,-728],[-3077,539],[-3073,-729],[-3217,848],[-3050,3663],[-3165,2218],[-916,2144],[-826,2707],[-1880,2807],[-2030,1868],[-5674,7805],[-1565,1018],[-1603,535],[-1474,1543],[-1436,2041]],[[693177,677105],[475,5377],[-1447,4310],[-470,5555],[237,5772],[-226,5351],[64,5255],[1145,3279],[5253,6782],[1576,2999],[298,5815],[-1173,823],[-1425,3366],[-1451,2844],[-6171,3452],[-1436,4131],[-135,5712],[356,7136],[113,1213],[557,1832],[1586,3785],[983,4190],[-681,4912],[638,4116],[1674,2453],[1522,3011],[1263,832],[1010,1291],[216,2273],[410,1896],[6268,1725]],[[704206,788593],[956,-1868],[1123,-144],[1074,2093],[863,2857],[2204,-2975],[788,-9345],[3481,-8412],[12208,-11447],[3114,-935],[1074,737],[817,1951],[604,6484],[1620,2857],[3585,-5609],[2510,-9744]],[[296106,255209],[1096,-3569],[1231,-3168],[2041,-3996],[2273,-2159],[5211,-91],[13405,-6725],[4351,-6901],[3364,-7574],[3659,-6206],[2619,-6691],[2332,-8025],[1441,-3439],[1587,-2782],[3511,-8001],[2013,-2069],[1668,-2506],[189,-4869],[-1334,-2554],[-594,-4812],[789,-4332],[2262,-2061],[2414,-539],[1646,-914],[1101,-3798],[821,-10621],[-362,-10859]],[[354840,135948],[1792,-11440],[2143,-10794],[1415,-4395],[1755,-2988],[2079,-2728],[1026,-5139]],[[365050,98464],[-476,-9341],[243,-17538],[-831,-7635],[-864,-3970],[-669,-4309],[-216,-4016],[-394,-3851],[-795,-3000],[-170,-1137]],[[360878,43667],[-206,340],[-1904,434],[-940,667],[-3979,5676],[-535,1427],[-387,1892],[-919,958],[-1070,739],[-838,1244],[-2445,8063],[-437,141],[-230,810],[-973,1634],[-226,926],[-208,4524],[-148,1399],[-1225,4382],[-3163,6856],[-638,4581],[-81,1303],[-213,1127],[-598,1970],[-587,2475],[-166,532],[-702,725],[-152,72],[-919,4939],[-650,2624],[-777,1140],[-3193,7984],[-378,492],[-460,194],[-591,27],[-569,323],[-399,707],[-315,733],[-306,415],[-2101,-214],[-1049,382],[-447,1562],[-595,1379],[-1334,1207],[-1454,582],[-936,-453],[-489,1166],[-2002,2100],[-1029,3544],[-668,1595],[-641,-202],[-1089,415],[-3961,4335],[-884,1782],[-758,2178],[-9853,10784],[-1514,674],[-119,3868],[-1852,2650],[-20954,7712],[-8557,-1185],[-1454,971],[-1105,1627],[-2109,4031],[-3027,-5036],[-1402,-3414],[-736,-4945],[-689,-2793],[-242,-1310],[0,-4898],[-272,-5190],[59,-2833],[571,-2397],[0,-993],[-409,-1322],[-322,-1283],[-226,-1626],[-115,-2301],[89,-2909],[311,-1639],[377,-1302],[295,-1854],[356,1089],[-128,-3371],[-721,-5625],[135,-1885],[-1768,-3636],[-790,-2462],[-630,-5644],[-1139,-4356],[50,-1399],[-696,-2638],[88,-2767],[567,-2222],[756,-1063],[-391,-2274],[1344,-1187],[-745,-2307],[-1402,-2994],[-626,-3305],[357,0],[238,714],[35,-60],[94,-381],[381,-273],[-531,-1328],[-727,-1328],[-637,-1492],[-569,-3577],[-699,-2059],[-1503,-3254],[93,6714],[-229,2774],[-613,1385],[-1241,-894],[-5535,6319],[-1089,98],[-3927,-1634],[-485,-1400],[-195,-2345],[-43,-3311],[-327,0],[-64,1004],[-324,2163],[-326,-3051],[0,-1302],[-740,1186],[25,-1135],[-25,-1140],[-1964,1089],[-388,485],[-402,901],[-507,505],[-696,-705],[1101,0],[0,-1186],[-3526,-4641],[-786,299],[-632,-920],[-588,90],[-611,519],[-669,311],[-470,-91],[-255,-324],[-703,-1763],[-879,-1199],[-1952,-1120],[-727,-948],[171,-155],[144,-32],[76,-227],[-34,-778],[-501,14],[-1292,-993],[0,-1088],[1071,0],[-705,-1749],[-748,-1401],[-821,-933],[-931,-369],[0,1187],[288,525],[154,485],[106,537],[166,629],[-681,-253],[-160,-246],[-231,-687],[-598,1634],[-625,525],[-638,-254],[-639,-719],[-164,-589],[-39,-713],[-165,-609],[-557,-265],[-31,-513],[-853,-2851],[-217,3254],[-1790,2112],[-527,3330],[706,-880],[305,874],[-60,1438],[-395,746],[-2665,-986],[0,986],[472,660],[510,460],[556,189],[571,-116],[-1132,1256],[-4216,-168],[-1411,804],[-3257,4627],[-613,-1503],[-272,1450],[-186,4407],[-307,-1154],[-203,259],[-195,700],[-328,195],[-535,-557],[-210,-362],[-122,-441],[-276,-719],[-264,-967],[-187,-1076],[-221,-932],[-391,-487],[-460,758],[-319,1647],[-279,1018],[-370,-1147],[-3190,7435]],[[187944,75458],[1462,1772],[933,3235],[346,4221],[-43,2034],[22,1916],[479,2284],[335,2828],[1729,8712],[3261,3249],[1591,-1636],[1172,1455],[-275,4288],[475,4433],[2392,5263],[2538,4580],[955,8819],[-708,9831],[5674,31574]],[[210282,174316],[1544,690],[1362,1944],[1268,4241],[1446,3391],[2062,9292],[800,12000],[2861,9506],[9383,11859],[3201,1371],[7731,7916],[3180,-1032],[3219,-9548],[1226,-1221],[7265,719],[4736,-1239],[4048,132],[1954,1091],[3176,8519],[956,6822],[3676,7753]],[[275376,248522],[4621,-4597],[5383,4572],[2828,1053],[2441,4329],[2629,2223],[2828,-893]],[[414335,719823],[-685,-13004],[-708,-9065],[0,-10795],[421,-9497],[2267,-8196],[1135,-1728],[1841,-2589],[1413,-3024],[141,-3885],[-1134,-4749],[-2970,-2588],[-4674,-3452],[-2829,-3885],[-1560,-11226],[853,-9493],[2401,-7773],[1135,-19423],[-140,-23309],[-600,-23171]],[[410642,548971],[1069,-8896],[5880,-8807],[2699,-5196],[847,-857],[723,-1382],[853,-3123],[1069,-1848],[2754,-518],[1706,-1778],[724,-1705],[3244,-2855],[-383,-5349]],[[431827,506657],[-1745,-10526],[2084,-13465],[-171,-9268],[-4363,-9896],[-1993,-2341],[-4659,354],[-4546,-3016],[-4274,-5848],[-4541,-2929]],[[407619,449722],[-1135,6393],[-1646,5725],[-1365,6099],[-1102,6484],[-124,9256],[605,9200],[221,8621],[-270,8576],[-2812,15502],[-5113,8814],[-2959,2180],[-940,1252],[-2261,4033],[-2213,-5],[-994,-3184],[-588,-4235],[-444,-8264],[-760,-2950],[-2263,864],[-3018,5486],[-2504,1951],[-5335,-10371],[-1889,-5999],[-2386,-3279],[-3898,3913],[-3315,-3629],[-3099,-6124],[-2229,453],[-1896,4280],[-1679,2295],[-4453,3544],[-2624,-729],[-5492,-3937],[-1899,1473],[-7440,14800],[-2267,3211],[-2262,2366]],[[323771,533787],[1247,2169],[2769,3103],[529,1674],[399,1667],[1146,790],[1143,357],[1237,2923],[999,3830],[-363,4803],[-1645,2703],[-1096,4140],[-33,6090],[-162,872],[-227,2066],[508,4807],[292,4789],[32,4894],[-611,3320],[-749,2889],[-206,4979],[-744,3235],[-2608,5435],[-2598,16768],[-339,7943],[2138,5736],[-114,4223],[-648,1115],[-766,2653],[-389,2248],[-1743,329],[-1535,1975],[-1321,4732],[-730,4955],[-227,3986],[-658,2816],[49,4691],[-2392,-820],[-2138,3453],[-1889,-1605],[-3790,-140],[-2036,-1123],[-1712,1276],[-1516,-1034],[-2176,5306],[-1306,-384],[-1318,-987],[-4805,1502],[-1420,-2958],[-1495,-2396],[-1376,1148],[-1297,1951],[-3044,728],[-4973,-5032],[-2127,-300],[-1237,855],[-286,3320],[-517,9510],[-2251,6725]],[[271646,688487],[3228,10023],[4275,5712],[1620,8053],[-216,9596],[513,5968],[1322,3414],[4897,-3884],[4595,-6526],[8815,2180],[1707,-4403],[1183,-1259],[1537,-484],[1626,-1502],[1689,-498],[4692,4403],[2024,612],[6528,-251],[4422,2379],[3606,3781],[6159,3470],[2187,3526],[2187,1633],[7239,-2563],[4217,5271],[1452,5943],[1858,4826],[901,3675],[-1970,12744],[194,8604],[1496,3330],[1868,1789]],[[357497,778049],[4130,388],[4124,-1543],[15332,-16546],[1501,-4720],[1204,-5383],[1723,-4589],[1965,-3530],[895,-951],[2246,-4657],[1642,-2235],[1133,-4067],[589,-5463],[3440,-6280],[3827,1102],[238,4071],[562,4422],[939,944],[1057,-162],[1637,-1468],[1575,-2145],[7079,-5414]],[[366700,958378],[866,-3674],[896,-9877],[2024,-8151],[2754,-8493],[495,-11388],[1787,-4555],[3181,1120],[1436,-1238],[1155,-2803],[1032,-8452],[2180,-7316],[-373,-7967],[-2731,-6248],[-2369,-7439],[-475,-5395],[1014,-17081]],[[379572,849421],[-1797,-5362],[-4973,2869],[-1333,-4355],[701,-7953],[-2175,-4498],[-9514,2653],[-5242,-876],[-2300,-3020],[-4906,-552],[-2192,-2707]],[[345841,825620],[-4476,2270],[-13768,955],[-3266,1972],[-16514,3657],[-8956,10156],[-1994,4382]],[[296867,849012],[1680,3785],[740,2216],[434,2178],[209,2560],[50,3382],[107,1427],[493,3175],[110,1917],[-238,883],[-986,1528],[-175,1303],[562,2041],[1126,972],[2397,350],[290,674],[842,2982],[293,686],[536,285],[7856,7026],[11107,16985],[6360,7153],[1896,3454],[510,701],[4948,3796],[1449,2004],[863,3965],[3398,8923],[250,818],[790,3518],[1761,1147],[2861,331],[98,1003],[424,338],[549,739],[106,1101],[149,739],[280,324],[243,-356],[471,-1523],[179,-285],[919,1024],[1160,2961],[773,1549],[3601,4341],[608,992],[706,798],[756,180],[782,-880],[605,2487],[1210,2003],[1417,693],[1223,-1425],[842,221],[213,177]],[[764635,423347],[-17503,-1361],[-848,728],[-1815,3400],[-1159,1377],[-2381,-1044],[-805,-5152],[-1172,-5144],[-1323,-4798],[-1591,-2532],[-1766,-1443],[-4022,523],[-3947,-741],[-1495,-2127],[-4017,-1343],[-2175,-2287],[-4454,810],[-4330,2695],[-7171,-2975]],[[702661,401933],[-2164,705],[-4244,-3490],[-1824,708],[-1533,3481],[-875,1325],[-1339,534],[-86,791],[-1194,4744],[-426,939],[-1356,2225],[390,1186],[-1248,2264],[-1646,-536],[-3202,-2914],[-1501,334],[-4237,5202],[-378,-49],[-313,-457],[-363,-58],[-846,1979],[-249,370],[-1403,927],[-3036,879],[-679,519],[-631,913],[-698,1498],[-922,2882],[-594,691],[-588,-1395],[-853,1700],[-687,2839],[-463,3168],[-169,2670],[-194,1494],[-334,968],[-125,1114],[778,3293],[345,2900],[275,1701],[595,2411],[805,2086],[1025,1469],[1285,559],[718,997],[637,2394],[285,2864],[-355,2440],[643,1956],[1321,600],[5735,-1367],[679,643],[71,1617],[-76,2120],[216,954],[-615,4921],[21,3482],[-259,9790],[-658,4592],[-880,4140],[-32,6595],[1435,4479],[3714,422]],[[680359,510141],[1367,1668],[1652,691]],[[683378,512500],[2018,-7119],[49,-4601],[-767,-4262],[-42,-4428],[2261,-5169],[1480,-99],[4098,2601],[4125,733],[2223,-2305],[513,153],[1025,654],[525,-145],[1635,-2357],[1647,-289],[2122,-1498],[2149,-505],[2397,-2700],[2246,-3741],[2316,-1666],[1015,-1798],[1172,-3449],[452,165],[912,596],[1265,-1502],[1290,-987],[1609,2659],[1328,4155],[1830,843],[1857,-321],[5075,796],[4875,4607],[3174,8362],[1388,6823],[745,7457],[-237,5621],[-562,6139],[685,2486],[983,1758],[2630,1386],[2802,436]],[[749686,521989],[11980,15181],[1807,1266],[4293,4588],[1586,-7595],[-2190,-10222],[-2620,-8649],[-1042,-11201],[1270,-12317],[3136,-9128],[956,-5275],[-356,-5871],[-676,-6156],[-956,-4321],[-1726,1522],[-1609,725],[-2457,-16921],[2797,-9950],[528,-6960],[228,-7358]],[[447790,494834],[-566,-6439],[1706,-14239],[-870,-8054],[-1808,-7179],[739,-8053],[2408,-3725],[2625,-1851],[2256,1052],[1091,-789],[454,-7276],[-1577,-7991],[44,-7704],[912,-2097],[2154,-4009],[1728,-4313],[1981,-3070]],[[461067,409097],[-17239,-61515]],[[443828,347582],[-3914,1523],[-3941,-2177],[-4038,-3910],[-4092,-2514],[-4136,482],[-8136,-1390],[-6224,-3235],[-2280,230],[-2121,4856],[-3499,10427],[-804,6131],[-415,6552],[-568,1753],[-684,1148],[-1906,12328],[388,12992],[836,5428],[309,5892],[1236,8394],[1846,6819],[757,12564],[1150,5307],[3022,8164],[1005,4376]],[[431827,506657],[718,-2524],[2164,-900],[1118,190],[2052,-2190],[751,-6366],[2056,-4316],[2619,3653],[1091,843],[2271,-868],[1123,655]],[[886156,506870],[-3758,-7325],[-4297,-3957],[-8536,2245],[-1840,-1460],[-1653,-2910],[-2132,-2012],[-2231,-559],[-1046,-1819],[-626,-7411],[-1113,-2255],[-4610,255],[-972,-5777],[1668,-6275],[329,-6766],[-2187,-4465],[-3081,-8221],[-3667,-4934],[-8918,1584],[-8050,-7194],[-551,-2097]],[[828885,435517],[-2921,-1017],[-2861,-2136]],[[823103,432364],[-1592,1112],[-627,4345],[605,6410],[-588,6314],[-3509,6209],[-2694,8193]],[[814698,464947],[-346,4189],[-669,3789],[-1112,2227],[-610,692],[-1103,3650],[-1138,9139],[1604,12369],[3648,10609],[627,6435],[-345,6960],[-1442,6184],[-998,2424],[-1177,5017],[101,4908],[-32,2419],[-459,2971],[-307,1380],[-799,4719],[253,3588],[1452,6103]],[[811846,564719],[8364,3330],[4200,-2346],[1944,-2995],[5129,-11910],[3034,-10226],[1231,-2427],[4442,-4355],[4535,-422],[2025,3732],[2165,2963],[6403,2584],[1581,3435],[1000,2757],[3605,5275],[1475,5948],[-303,7189],[1074,7102],[7159,8472],[1976,248],[1961,790],[1058,879]],[[875904,584742],[1452,-9986],[2185,-8830],[1659,-3609],[1592,-4355],[891,-4407],[1334,-3032],[1852,-6544],[-270,-10262],[291,-2157],[43,-2452],[-539,-6198],[-444,-7876],[206,-8164]],[[748896,247797],[725,-18821],[1484,-3960],[1662,-3418],[2658,-6614],[642,-3350],[-507,-12690],[4723,-20262],[2271,-3016]],[[762554,175666],[-3723,-6112],[-1954,-2239],[-1960,-896],[-1880,-1572],[-5193,-7630],[-11207,-10320],[-16901,-7927],[-10558,-4952],[-2808,-281],[-8028,6633],[-2726,-476],[-1150,-839],[-8491,-996],[-3678,1159],[-3179,4074],[-1511,3907],[-5530,14282],[-2580,3506],[-9928,7320],[-3428,1066],[-1787,-457],[-3504,-3328],[-5066,-7902]],[[645784,161686],[-253,1457],[-113,2206],[113,2077],[427,923],[588,571],[-237,1318],[-906,2460],[-185,1481],[-108,1626],[-64,4061],[-206,1259],[-1398,3137],[-745,2173],[-155,1332],[10,2429],[654,3884],[113,1851],[-590,786],[-690,-350],[-1225,-1484],[-432,-243],[-507,822],[-476,1306],[-518,769],[-642,-820],[-638,1618],[-59,1983],[339,4654],[77,3823],[-97,1466],[-335,1875],[-896,3432],[-379,2116],[-150,2609],[189,2584],[432,1156],[480,-308],[324,-1799],[355,0],[-26,3353],[-383,2387],[-626,1696],[-745,1259],[603,5724],[288,1445],[382,766],[406,513],[324,671],[344,4057],[563,2107],[1759,4293],[2317,7115],[799,1481],[853,77],[885,-284],[886,405]],[[646510,258991],[738,-1523],[601,66],[1510,2650],[730,-2005],[896,-1139],[2332,-1308],[254,-471],[81,-1407],[184,-295],[290,156],[135,337],[93,338],[161,155],[211,882],[-21,1934],[65,1941],[459,882],[2251,-791],[826,939],[329,3506],[551,82],[3044,2785],[1642,-1674],[6403,2663],[1074,1661],[3131,8030],[659,2864],[491,634],[2522,6485],[11640,4345],[-2608,4682],[-945,2569],[1058,1547],[108,-355],[691,-1554],[270,-363],[427,135],[350,376],[264,395],[190,180],[237,609],[297,1166],[389,712],[901,-1384],[443,4],[432,450],[351,716],[-1317,3518],[-469,834],[674,1889],[1063,532],[1183,139],[1036,699],[-636,2214],[75,4165],[-540,1235],[-680,-259],[-1414,-2506],[-761,-494],[464,2543],[556,1934],[675,1324],[804,717],[454,-124],[1035,-905],[293,-57],[366,1185],[66,1312],[-157,1181],[-275,773],[614,2346],[340,2000],[-36,2029],[-529,2423],[2552,1914],[691,1148],[525,2313],[269,5325],[244,2346],[625,1855],[907,1186],[3148,2193],[2040,3555]],[[706532,354080],[4104,-5407],[4238,-1618],[3094,-316],[2861,-3227],[3169,-8056],[3423,-6868],[1640,-1909],[1697,-1416],[2013,-4490],[2467,-2659],[566,1902],[513,2114],[1481,-1529],[1321,-3070],[924,-1153],[945,-707],[767,-3852],[-341,-17254],[810,-12061],[485,-4560],[147,-2371],[1873,-12843],[1749,-8287],[2418,-6646]],[[894476,376070],[-1481,-10591],[-647,-1787],[-545,-2107],[6,-4954],[264,-4867],[-201,-7346],[-1592,-5786],[-1986,-296],[-3558,6107],[-5281,7205],[-3217,5819],[-2349,2309],[-3649,2325],[-3764,3707],[-3384,6173],[-3055,7485],[-3521,3934],[-4480,-4127],[-4504,-2865],[-5657,1128],[-5362,4941]],[[836513,382477],[-177,3556],[274,3592],[-15,5824],[-254,5740],[-1214,8739],[-1809,21506],[-4433,4083]],[[886156,506870],[2273,3285],[2455,1893],[1868,2616],[1750,3264],[9642,5131]],[[904144,523059],[64,-12102],[1588,-8094],[6106,-8757],[2128,-7963],[-1528,-11600],[-3736,-7036],[-2899,-7161],[-4774,-17131],[-900,-4930],[-1096,-4391],[-3331,-5612],[-5604,-7505],[-869,-2339],[-502,-6732],[324,-3464],[1824,-10057],[232,-2037],[87,-4144],[-498,-5608],[930,-7971],[2786,-2355]],[[607045,443351],[-3056,-12303],[587,-9424],[941,-104],[1910,1111],[994,228],[7779,-4037],[6663,-9489],[3552,-2440],[4098,-4531],[2542,-10807],[-318,-6559],[-2866,-18242],[-319,-4769],[-961,-3715],[-788,-2009],[-1231,-4785],[-2679,-23435],[-2176,-9408]],[[621717,318633],[-2520,-7646],[-2877,-6164],[-2073,-6312],[-28,-9407],[1847,-7235],[3109,-2782],[5669,-8496]],[[624844,270591],[-113,-4761],[388,-4667],[-685,-7202],[-2219,-3591],[-3293,189],[-3266,-1071],[-7024,-5888],[-6506,-2847],[-2926,-3474],[-4751,-12163],[-4016,3176],[-1496,14164],[-2516,3914],[-2472,-8168],[-6323,-7049]],[[577626,231153],[-2251,8167],[-2835,6411],[-1829,3034],[-1998,1262],[-4201,-2007],[-1517,-757],[-1943,-1795],[-1733,-765],[-870,2328],[-647,-691],[-648,-402],[-545,-696],[-335,-1567],[-464,-120],[-2170,6358],[-238,10558],[-551,1959],[-739,1712],[-654,4477],[438,4832],[1474,3909],[1182,4719],[22,12444],[1420,4522],[999,1425],[1749,4033],[135,6501],[-1642,9831],[-350,7490],[80,4875],[675,10468],[1554,10260],[2597,28147],[1631,9880],[2937,6698]],[[566359,398653],[1890,4832],[1652,5753],[4005,11102],[1675,6501],[625,8350],[1027,4876],[1765,2618]],[[578998,442685],[6866,4082],[6787,-2314],[1295,-2086],[1362,-1484],[11737,2468]],[[443261,212651],[-3676,-3501],[-3962,-671],[-1874,-2013],[-5026,-9309],[-3823,-1686],[-1895,-2502],[-1284,-437],[-1803,1362],[-4320,-868],[-4147,-4016],[-6623,-1493],[-2155,-1466],[-1883,-2794],[-1685,-3744],[-1755,-3024],[-1949,-1585],[-1673,-4929],[-622,-7074],[-1122,-4659],[-1885,1234],[-394,1948],[-130,1127],[-695,946],[-1529,-1514],[-2354,-3629],[-852,-705],[-1970,-934],[129,-5134],[1084,-3210],[865,-3680],[474,-4665],[789,-4189],[1302,-1515],[966,-3075],[1123,-2274],[2759,-1763],[2381,-4406],[1263,-4811],[-1366,-4185],[-2008,1857],[-1810,2422],[-804,-436],[-740,-793],[-733,-5082],[-626,-5749],[-1243,-3013],[-1721,-657],[-3196,311],[-3072,-1777],[-2976,-3259],[-3137,-189],[-3400,2128],[-3428,-1107]],[[354840,135948],[5857,10991],[7484,18006],[1577,6005],[193,4802],[-787,4201],[-3148,601],[-3153,3601],[-361,5567],[1348,10641],[4919,15609],[6306,21011],[6155,16691],[2705,7320],[4918,4802],[7877,2404],[8071,1197],[5318,4802],[2558,8403],[1577,4806],[2364,3601],[5119,-600],[2165,-1798],[393,-7808],[-194,-2398],[1177,-10205],[5907,-15612],[4215,-11116],[3073,-8094],[3542,-14403],[1246,-6324]],[[220691,459799],[-258,-6597],[-789,-6008],[-3185,-7411],[-729,-6292],[-1005,-6530],[-1209,-3659],[130,-4386]],[[213646,418916],[-6511,-3398],[-453,-9646],[404,-9346],[-1662,-3575],[-1916,-1407],[-3963,-239],[-3710,938],[-2634,-4938],[-21,-1950],[-687,-3121],[-636,-291],[-1263,2118],[-691,-706],[-719,-971],[-1711,-1371],[-1728,177],[-1646,4452],[-1885,819],[-2634,-4330],[-2938,21],[-2839,4123],[-3109,1581]],[[170694,387856],[-1945,5144],[-1564,91],[-1323,2452],[502,2296],[1408,3218],[1037,4007],[697,4783],[377,7567],[-382,7736],[-76,3815],[-200,3522],[-1171,3462],[-1491,1204],[-184,5646],[1480,1314],[1550,4073],[598,3145],[4056,7541],[1922,4635]],[[175985,463507],[2849,5909],[3068,-90],[3196,-4757],[3487,-1224],[3773,401],[6554,4456],[3035,530],[1307,7371],[891,8916],[1317,1992],[1451,972],[3332,201],[6457,-3683],[1543,-1506],[2478,-6724],[-32,-16472]],[[968553,332056],[-152,-1209],[915,-3482],[1819,-711],[3385,959],[627,-461],[1875,-2189],[564,-972],[309,-1456],[194,-1845],[296,-1962],[584,-1806],[402,-321],[358,312],[341,173],[394,-740],[38,-799],[-209,-2544],[-35,-954],[385,-1806],[734,-186],[837,716],[663,914],[1422,396],[1462,-1618],[1303,-2737],[1919,-5674],[120,-1490],[-535,-2077],[-1809,-3531],[-431,-1399],[-230,-4828],[1049,-2875],[1177,-2162],[206,-2720],[-475,-3200],[-340,-3934],[-101,-3951],[279,-3251],[0,-24],[211,-2687],[-697,-4745],[324,-2610],[702,-975],[1943,-440],[804,-1481],[735,-4552],[491,-1333],[1901,699],[475,-1447],[307,-2255],[438,-2152],[3007,-4697],[1182,-3361],[-162,-5157],[-613,-1941],[-720,-1026],[-651,-1344],[-365,-2853],[168,-3205],[491,-2715],[324,-2692],[-324,-3078],[-643,2744],[-1046,1289],[-5477,1876],[-975,-107],[-1673,-1902],[-2031,-3620],[-1878,-4309],[-1264,-3921],[-1296,-2494],[-1376,-1844],[-4438,-3556],[-415,-1798],[-184,-2498],[-810,-3398],[-14,-24],[-482,-2668],[-493,-1159],[-646,-124],[-2171,1370],[-469,938],[-340,1667],[-2107,11597],[-388,3292],[33,3394],[448,3231],[873,2772],[670,955],[597,273],[518,580],[430,1863],[67,1556],[-56,1988],[-262,3488],[-446,3656],[-618,2751],[-851,2145],[-1172,1855],[-5037,5095],[-2739,1128],[-2361,-913],[-1912,-3989],[-1546,-5477],[-1597,-4484],[-2801,-1244],[-939,-2346],[-660,-427],[-382,617],[-1123,2674],[-518,873],[-1239,766],[-1364,313],[-5355,-897],[-1259,395],[-1323,1312],[-954,1757],[-427,568],[-675,255],[-647,-255],[-1291,-1202],[-670,-221],[-853,848],[-2430,4854],[-2127,2605],[-706,1336]],[[924544,236364],[705,3319],[1306,8480],[431,13823],[-1727,10531],[-863,8555],[1079,9213],[339,14517]],[[925814,304802],[7020,166],[6980,2707],[1447,1955],[1506,1439],[2192,-813],[2144,-2099],[3369,-107],[3352,1657],[2861,4276],[1349,8584],[2123,8921],[3794,1877],[4602,-1309]],[[156510,531428],[2587,-6912],[1118,-1976],[7866,-4069],[1510,-2498],[3365,-12419],[517,-2577],[352,-2773],[-465,-9760],[1739,-7441],[1096,-7435],[-210,-10061]],[[170694,387856],[-4854,-2601],[-2321,-10880],[248,-4280],[-730,-3768],[-2165,-2494],[-2348,-75]],[[158524,363758],[-7088,380]],[[151436,364138],[-2348,8455],[-2170,16374],[-1464,4431],[-2332,1494],[-1210,240],[-1829,1266],[-1037,2964],[-1344,592],[-2003,-1510],[-5130,-2046],[-1419,8026],[-2106,5645],[-1565,-1168],[-1621,159],[-2505,2684],[-2482,259],[-865,-5020],[-1224,-5280],[-2646,-1469],[-2203,4867],[-438,2401],[-620,5048],[-421,2308],[-4065,4510],[-3639,6132],[-874,8810],[-1583,3675],[-1069,449],[-5863,-347],[-3670,861],[-3084,6328],[-1388,10971],[-1208,3705],[-816,834],[-1435,3462],[247,3341],[1442,5772],[1577,3915],[961,5275],[308,6155],[620,5823],[2873,4704],[3293,3169],[3389,6757],[1442,3900],[400,8387],[-1943,8580],[-854,5698],[-1721,19128],[-2025,12197]],[[91769,567049],[4000,4945],[2425,-2641],[2245,-4424],[3650,-2428],[3682,1202],[2170,-424],[2052,-2408],[826,-304],[1663,746],[853,81],[1305,-5003],[-1581,-6650],[-611,-5605],[2042,-2313],[3902,3408],[865,-1095],[355,-2271],[4298,-11061],[2684,-14279],[2403,-2050],[2181,2198],[2267,1135],[1954,2740],[1420,4462],[2117,966],[2267,-482],[1986,544],[1945,1248],[4814,5872],[4562,-1730]],[[276467,838130],[-65,-1564],[297,-4560],[69,-3490],[-2996,-6444],[-1824,-9448],[371,-4834],[881,-4203],[145,-4830],[-679,-4452],[513,-4280],[1020,-3630],[-1112,-4900],[-3309,-6026],[139,-5106],[356,-5003],[-630,-4728],[-3369,-3775],[-3655,363],[-2127,-7334],[-1443,-9900],[-814,-1169],[-622,-1583],[319,-4144],[1074,-3165],[1209,-5691],[-981,-5695]],[[259234,718539],[-2737,1513],[-3920,-229],[-902,1752],[-1230,4540],[-1643,2386],[-2029,25],[-1916,1254],[-2257,-488],[-7230,-4466],[-4605,3259],[-1932,4877],[-2057,4090],[-1868,6523],[-1463,7142]],[[223445,750717],[-514,3338],[-252,3588]],[[222679,757643],[3632,761],[1696,1487],[1604,2284],[3454,1830],[3030,4676],[2137,9920],[2095,23658],[3391,8455],[-628,923],[-722,509],[-428,3487],[941,1419],[2084,-1037],[1678,-1884],[2932,218],[945,416],[318,5366],[1187,4920],[-263,5202],[-3817,1646],[-929,8090],[1678,9793],[265,2387]],[[248959,852169],[14102,-7808],[1733,-3519],[817,-1186],[4451,-1926],[6405,400]],[[981782,608813],[-33,-606],[-310,-2049],[-1730,-8205],[-238,-2141],[-102,-2616],[102,-2248],[178,-2048],[-33,-1902],[-520,-1884],[-9,-9],[-258,-3556],[183,-3004],[-21,-2880],[-880,-3168],[-1006,-1736],[-2703,-2915],[-1151,-650],[-1327,265],[-3609,4238],[-1250,329],[-2835,-1770],[-1204,-312],[-1160,337],[-817,-50],[-781,-675],[-1064,-1571],[-583,-1927],[319,-1924],[1371,-3836],[8,-63]],[[960319,560237],[-16,-12],[-7370,-4633],[-1981,893],[-874,811],[-3089,659],[-2542,1982],[-1983,754],[-1987,-584],[-1483,-2700],[-1334,-3198],[-1824,66],[-4515,2099],[-2353,3539],[-2997,7427],[-3605,3868],[-4028,553],[-2268,-4078],[-1966,-5960],[-1732,-1481],[-3125,-1419],[-1275,-1182],[-405,-4731],[1971,-2725],[2057,-2041],[373,-4847],[-331,-5552],[-134,-5477],[-1274,-3349],[-6085,-5860]],[[875904,584742],[1663,6396],[507,7497],[-98,21583],[545,4218],[703,1197],[-7418,7001],[-4249,12303],[1835,1802],[3915,-1595],[1894,1514],[1156,3731],[1220,1289],[686,246],[1381,-69],[1729,2325],[1447,3896]],[[882820,658076],[10111,-4731],[16046,10702],[5695,-132],[2408,-1464],[2386,1156],[2774,-2748],[1177,-9033],[-275,-7548],[-15,-3777],[765,-5999],[822,-1688],[1809,-1612],[3325,5473],[3531,3349],[1658,-847],[718,-1301],[1749,-1840],[1046,-8],[1717,-2844],[1155,-5950],[1561,-4768],[4676,-5202],[3298,-1835],[378,-2251],[287,-2395],[4826,-1868],[5188,1604],[3909,-2900],[4026,-1125],[9314,5021],[2056,-1169],[841,-1533]],[[843808,301646],[3087,-19916],[1513,-13823],[-648,-10529],[-3887,-4610],[-4967,-6580],[-2155,-5921],[859,-6585],[6046,-4608],[3239,-6580],[1063,-9960]],[[847958,212534],[-21761,-12537],[-14545,-1686],[-1128,740],[-2332,2330],[-12466,6123],[-9793,-3539],[-2586,-2425],[-6987,-9455],[-2396,-1709],[-1194,-164],[-1138,-559],[-1112,-1050],[-1053,-1593],[-6913,-11344]],[[748896,247797],[5114,15941],[2337,5240],[5706,9657],[2565,2371],[5815,10864],[4167,723],[2462,8016],[649,3593],[5770,2951],[18270,-1112],[3315,3745]],[[805066,309786],[1328,128],[994,-1197],[3671,-11190],[3670,-18430],[5615,-8555],[7986,3950],[5829,10530],[9649,16624]],[[209700,650826],[-837,-13576],[215,-6727],[1788,-8613],[847,-2470],[2078,-3250],[1831,-1864],[5792,-9645],[2273,-1428],[4110,2650],[3898,1159],[1949,1162]],[[233644,608224],[1981,-7696],[5771,-12867],[1436,-9585],[615,-12352],[5247,-16321],[918,-10065]],[[249612,539338],[-3638,-13357],[-6197,-6651],[-1000,-6432],[-836,-7220],[-1356,-6683],[-1435,-10692],[-2123,-8468],[-1494,-4534],[-10842,-15502]],[[156510,531428],[347,1680],[-141,4000],[-292,1868],[465,5420],[2046,2374],[3806,3069],[1705,2923],[1578,6880],[425,2243],[1215,3538],[1204,4719],[665,11309],[713,4605],[598,1412],[362,1999],[49,3040],[276,3141],[1052,4650]],[[172583,600298],[1964,-3655],[2311,-1308],[3672,-1008],[3736,87],[2889,4337],[334,10591],[1134,7178],[2403,4189],[1440,12690],[1064,2618],[589,3686],[1047,9464],[2650,4391],[5443,-5028],[1673,-461],[1664,548],[1489,1777],[1615,432]],[[323771,533787],[-178,-4659],[-396,-4558],[-787,-2499],[-4093,-1835],[-3094,1000]],[[315223,521236],[-1996,1217],[-4060,260],[-6743,-1703],[-3893,7089],[-2618,14037],[-3682,9250],[-2149,-1502],[-1836,-3839],[-1835,-2938],[-2041,-1176],[-3768,-6918],[-3807,-3910],[-2278,6053],[-2612,2910],[-1859,-3456],[-3297,-7638],[-3477,-5601],[-1841,-2077],[-2447,-968],[-2337,3137],[-826,1547],[-885,1243],[-1187,3587],[-837,5054],[-1447,3379],[-1853,1065]],[[233644,608224],[2903,7905],[2262,9434],[536,16239],[1381,2729],[1566,1962],[901,3099],[784,3357],[2677,2708],[2840,-74],[2672,4630],[1750,7382],[679,8296],[950,8103],[4218,7962],[5355,513]],[[265118,692469],[3142,-2687],[3386,-1295]],[[823103,432364],[303,-5367],[-1981,-2691],[-1652,-436],[-1696,-1316],[-2754,-3186],[-1172,-3957],[-463,-5667],[-1020,-8757],[-605,-9155],[663,-17457],[-382,-8822],[-832,-3684],[-956,-3443],[-2472,-19308],[-2074,-5811],[-2521,-4258],[-502,-3791],[524,-4568],[432,-6019],[1123,-4885]],[[706532,354080],[1879,3291],[509,1968],[-519,2264],[1247,6385],[405,3618],[-194,4230],[-1605,4041],[-4210,-4213],[-1383,2250]],[[702661,377914],[1761,14568],[-183,3769],[-659,3472],[-919,2210]],[[764635,423347],[6079,474],[2138,2279],[1333,5265],[65,4785],[301,4453],[2949,3535],[5086,1715],[1819,-386],[2612,-1737],[8908,-823],[3396,2349],[6458,9510],[6354,5922],[2565,4259]],[[811846,564719],[-2202,9132],[-2327,6489],[-3163,811],[-3903,4428],[-5059,11135],[-1630,2300],[-1480,-1925],[-1534,-2679],[-4669,-4746],[-4654,1618]],[[781225,591282],[179,9864],[1819,8241],[1198,6614],[-1685,4642],[-2202,2152],[-2008,3436],[-935,2819],[-745,3284],[-199,4378],[91,4398],[-3450,10852],[-8962,378],[-2774,3304],[427,9132],[1619,8480]],[[763598,673256],[8530,-2390],[1895,708],[2300,4238],[2198,4988],[2925,3317],[6517,5387],[1484,4286],[1231,5671],[-130,3272],[-3460,766],[-1495,1505],[-3439,1815],[-3234,4127],[-1306,9859],[-1474,21629],[-1675,9650]],[[774465,752084],[8461,9873],[2089,1296],[2127,572],[3114,2119],[1578,9148],[1857,1813],[2305,47],[2234,1703],[5561,11053],[4002,5501]],[[807793,795209],[4075,-5369],[6469,-2333],[1878,-1569],[389,-5193],[-1344,-5682],[-708,-13597],[3546,-7242],[4817,4180],[4453,6766],[4066,2699],[4082,-2810],[4497,-5729],[2381,8296],[81,7164],[1015,6322],[2077,4888],[1329,6456],[-345,6835],[674,6202],[1603,3317],[1820,2164],[3548,761],[3595,-921],[3114,1571],[3052,664]],[[867957,813049],[1042,-12243],[2737,-9395],[1884,-3073],[1495,-4375],[1095,-6189],[1540,-5221],[2094,-4905],[1577,-6477],[-334,-5553],[-860,-5382],[1259,-15896],[-2058,-3087],[-2197,-2249],[-1771,-2763],[-1683,-3234],[-3331,-4407],[-7608,-5962],[-1609,-8584],[1836,-5115],[1091,-4333],[1279,-3300],[4471,-1742],[1699,-1349],[1550,-2567],[858,-2778],[697,-3304],[875,-1675],[1069,-712],[2030,-2063],[1327,-4867],[1290,-6399],[1519,-5774]],[[473985,570229],[860,-509],[1555,-1585],[367,-2016],[194,-3416],[491,-3050],[1350,-3843],[1646,-2053],[1032,-4855],[653,-6318],[4200,-6192],[1182,-4806],[-464,-3746],[194,-3628],[464,-3367],[794,-3836],[664,-3975]],[[489167,513034],[-708,-2945],[-555,-3300],[-130,-3885],[11,-3853],[-1069,-8604],[-1469,-8151],[2452,-11506],[3628,-11309],[-205,-7397],[535,-7301],[-234,-7443],[-4620,-17658],[-2138,-5378],[-1388,-6659]],[[483277,407645],[-5468,-4934],[-2657,1820],[-2251,5254],[-1393,1814],[-3023,-299],[-4422,-3189],[-2996,986]],[[447790,494834],[5777,-11740],[2096,1350],[-201,3657],[-615,7022],[1140,8546],[6306,6258],[2845,4152],[3244,3465],[2187,6598],[-1194,6143],[-1538,6449],[690,10331],[-636,8222],[-1117,4729],[-455,5663],[255,3624],[1063,1593],[3375,-1872],[2973,1205]],[[446770,977919],[0,-12],[248,-9002],[-1479,-9309],[-2628,-7144],[-97,-5283],[3379,-3061],[1874,123],[2261,-535],[3138,-2024],[6365,-812],[3466,-2275],[2893,-8869],[-1808,-10562],[-1691,-2708],[-1521,-3481],[-1032,-5382],[-475,-6157],[340,-3004],[540,-3085],[-410,-20831]],[[460133,874506],[-2744,-1404],[-1787,-6012],[-1451,-8732],[-1236,-3291],[-2435,-5021],[-1825,-10494],[-1804,-5086],[-523,-3200],[977,-5926],[1129,-968],[1683,-4287],[-1241,-7918],[-7412,-7110],[-4563,-2227]],[[436901,802830],[-2175,227],[-2143,1032],[-1765,2872],[-1626,3618],[-3066,2540],[-1966,7718],[611,4750],[1355,3406],[1582,5141],[-540,6259],[-784,1132],[-1760,-1552],[-8470,-10419],[-4048,-1729],[-5486,-7456],[-2013,-1757],[-2436,1814],[-1921,5367],[-4751,7238],[-6732,1733],[-708,1456],[-1199,3601],[-507,2036],[-1123,3670],[-2727,2889],[-2931,1005]],[[366700,958378],[2984,2505],[782,947],[779,-182],[1475,272],[1512,798],[893,1288],[578,-713],[3681,2152],[1871,1958],[2410,3694],[8227,6318],[8302,9883],[1900,259],[3838,-1595],[5548,0],[1185,-466],[2624,-2230],[11163,-2552],[944,790],[1479,-1309],[6794,1309],[11101,-3585]],[[693177,677105],[-2127,-2185],[-4546,-807],[-2295,382]],[[684209,674495],[-5254,6136],[-5468,4127],[-5334,-3106],[-3234,4521],[-3197,5799],[-2942,3407],[-1911,6770],[120,9019],[-4293,37957]],[[652696,749125],[-4961,13008],[204,4259],[621,3041],[232,5305],[-161,5341],[238,5477],[-282,5373],[-884,4539],[11,5054],[858,3855],[1133,2971],[745,4828],[-103,5550],[44,617]],[[650391,818343],[2462,-966],[2094,-1712],[1187,-32],[2309,1470],[994,-505],[2275,-4672],[1062,0],[1990,1438],[1955,-1314],[1335,-305],[595,1120],[3953,499],[808,1291],[1918,4387],[687,940],[1689,1204],[638,-116],[323,-668],[807,-2637],[366,-939],[514,648],[1008,26],[552,304],[365,700],[443,1108],[536,1011],[615,447],[1059,2878],[191,933],[243,407],[1160,953],[3651,1782],[864,1297],[838,1685],[998,790],[5968,123],[4210,2209],[463,668],[896,1753]],[[704412,836548],[0,-7],[-1474,-19308],[-141,-7975],[448,-14583],[961,-6082]],[[223445,750717],[-2765,-3604],[-1134,-2091],[-1020,-2539],[-960,-4300],[-260,-5172],[-544,-4258],[-676,-3779],[200,-5078],[1236,-3469],[233,-4353],[-912,-4354],[-5022,-12431],[-1500,-15934],[101,-8019],[2722,-9173],[1372,-2534],[744,-7985],[-2608,-2295],[-2952,1477]],[[172583,600298],[-1274,3201],[-1598,1716],[-2413,201],[-2413,-1070],[-2064,696],[-1289,4684],[-741,1230],[-1004,111],[-555,1016],[-303,1852],[-1009,3946],[-124,4396],[265,3221],[-799,2674],[-1399,-1472],[-1112,-2741],[-4173,1209],[-13816,23974],[-923,4972],[-929,11061],[-988,4025],[-2817,4650],[-1950,7234],[-913,5971],[-286,3099],[654,6049],[728,2580],[509,2930],[-1026,5131],[-1199,785],[-395,5441],[1410,3305],[1565,2937],[2494,8921],[236,1107]],[[132932,729340],[7309,753],[2736,-1056],[4516,394],[-562,-310],[-446,-570],[-306,-953],[-149,-1420],[2126,1854],[2398,32],[2473,-1497],[2347,-2663],[318,965],[192,-195],[196,-583],[356,-187],[459,466],[554,1263],[416,545],[2951,1108],[793,1555],[778,1012],[1008,-331],[1785,-1270],[1577,-208],[1485,-777],[727,-791],[1223,-1802],[906,-770],[932,-318],[4042,201],[922,461],[736,1334],[430,2061],[459,4303],[387,1841],[662,-668],[847,97],[909,674],[790,985],[-939,2656],[-1151,2451],[-1233,1807],[-1161,701],[-2857,0],[-446,-512],[-1156,-2250],[-566,-505],[-2758,1517],[-4608,6707],[-2836,1555],[965,4860],[1786,2760],[3701,3364],[829,1235]],[[169784,761221],[996,-1887],[4362,-4230],[1635,-147],[1615,486],[8411,-1413],[3181,993],[3023,1962],[3266,-1551]],[[196273,755434],[2947,-2132],[3039,411],[9671,8271],[3579,1655],[7170,-5996]],[[103001,740086],[528,-1102],[411,84],[204,-460],[-21,-1283],[-569,-259],[-739,945],[-868,473],[-970,201],[-748,1200],[-110,1755],[570,1166],[434,2016],[424,1419],[1735,-1802],[85,-1094],[-280,-1419],[-86,-1840]],[[91769,567049],[-1534,7078],[-2256,4945],[-2953,1387],[-9470,-14415],[-1653,-1530],[-1467,-2090],[-1037,-3342],[-881,-3691],[-1025,-2593],[-11226,-19232]],[[58267,533566],[-395,483],[-1020,1841],[-722,2003],[64,1651],[-422,3189],[-228,3169],[-408,2450],[-906,971],[-2512,-331],[-1268,235],[-1036,1088],[526,1263],[307,3209],[387,1612],[675,662],[485,-693],[-52,-1077],[-934,-525],[0,-991],[564,58],[485,-485],[412,-837],[354,-1010],[-307,2456],[286,1258],[570,738],[522,895],[918,3292],[5534,9947],[-484,914],[-229,175],[0,990],[81,1077],[8,945],[-89,1341],[1900,331],[701,662],[638,1178],[-574,2334],[829,1543],[3032,2281],[203,304],[-8,590],[88,1646],[716,6026],[-65,3403],[-322,2196],[-808,1179],[-1506,350],[-1199,-1199],[-960,-2145],[-1004,-1043],[-1304,2210],[-7345,-3162],[-1,0]],[[52444,594213],[-145,12834],[1683,12542],[2095,1020],[4734,-1398],[2225,1752],[1950,3905],[3778,3618],[2213,4280],[2425,-29],[1620,-483],[1446,1853],[3845,-1522],[3837,-3046],[2241,2131],[2078,3441],[2220,2217],[2057,3647],[1123,5987],[934,6530],[243,6437],[-869,1731],[-913,3437],[535,2666],[371,1157],[584,3700],[233,4216],[695,5144],[309,3082],[-228,1038],[-922,337],[-2052,2041],[-982,4819],[582,1161],[799,707],[3639,8880],[2506,3548],[614,6971],[-233,1454]],[[99714,716018],[1297,2014],[834,428],[1459,-778],[1262,-1379],[1199,-583],[1266,1657],[1063,-1101],[1573,-305],[1416,811],[1224,4244],[2827,3468],[846,2773],[-956,77],[-2611,2087],[-770,-1094],[-458,-20],[-205,1613],[-105,1576],[-298,446],[-349,124],[-314,622],[-350,1276],[-228,667],[-119,908],[-48,1996],[-157,1075],[-391,233],[-468,0],[-412,370],[-1704,3967],[-468,1573],[0,986],[630,647],[510,876],[853,2287],[562,688],[458,-682],[430,-251],[514,1962],[996,-2994],[72,-465],[467,-175],[150,446],[153,616],[496,298],[8630,-3150],[2312,-1885],[1060,-2663],[-923,-3720],[-4537,-5438],[-1356,-2715],[234,-4088],[1892,-1303],[4328,953],[4412,3829],[5020,518]],[[102805,771411],[1370,-1645],[825,524],[1516,-544],[1328,-1652],[255,-2780],[-965,-1672],[-1974,-721],[-985,-757],[-1727,-3558],[-1032,-998],[-1161,1193],[-574,57],[-1032,1018],[-825,1743],[153,3402],[-358,1167],[-296,1342],[241,1749],[408,1088],[371,545],[292,-421],[157,-1717],[1301,1523],[1349,1082],[1363,32]],[[196678,775774],[49,-14242],[-454,-6098]],[[169784,761221],[741,1104],[2210,5262],[851,843],[15422,3369],[2177,1725],[2116,2773],[1085,1964],[382,214],[383,-837],[421,-1509],[501,-1011],[605,656]],[[219357,849128],[44,-1502],[535,-4871],[194,-5037],[-1463,-8032],[-2851,-3605],[-3352,-3025],[-3024,-4910],[-470,-3842],[-895,-3642],[-1858,-482],[-1528,2921],[-1608,7787],[-2473,4916],[-2753,572],[-2294,-3900],[-2188,-5000],[-1305,-1507],[-2738,-5386],[-1780,-5409]],[[187550,805174],[-663,1128],[-1072,-455],[-998,2269],[-2956,3214],[-1070,2034],[-1085,3157],[-1063,2061],[-2877,3576],[208,305],[43,84],[0,175],[102,623],[-604,603],[-259,1678],[-192,2171],[-370,2066],[965,1239],[1051,2740],[846,3318],[723,6066],[625,2300],[127,1926],[-1122,1886],[1228,4393],[1956,5022],[2069,3377],[1582,-623],[327,0],[519,1626],[816,209],[9812,-4207],[10406,-5638],[12733,-4369]],[[131190,837879],[-616,8859],[-711,12197],[711,9587],[1572,13069],[-573,10458],[-1375,11344]],[[130198,903393],[90,-17],[2376,7646],[4,12]],[[132668,911034],[1552,-3373],[7916,-11393],[11313,-11139],[16068,-17673],[5177,-2690],[277,-245],[119,-369],[141,-331],[336,-143],[402,338],[329,1497],[360,330],[1230,-429],[1317,-1166],[800,-1769],[-489,-3966],[-685,-2948],[-909,-2734],[-894,-1207],[-598,-453],[130,-1056],[426,-1245],[311,-1322],[331,-1128],[102,-239],[260,-441],[-102,-913],[-221,-778],[-115,-38],[-193,-3143],[-369,-2840],[-489,-2455],[-556,-1990],[-430,-804],[-926,-686],[-431,-738],[-408,-1401],[-76,-843],[26,-660],[55,-725],[153,-545],[-8,-868],[-307,-888],[-238,-155],[-1121,212],[-452,896],[-296,136],[-298,-422],[-460,-1444],[-169,-313],[-570,-349],[-953,-1483],[-2073,-999],[-503,-434],[-298,-538],[-220,-674],[-328,-596],[-611,-369],[-1277,149],[-606,492],[-260,991],[-566,1187],[-1300,136],[-6270,-1873],[-1569,1523],[434,5016],[-612,1497],[-367,505],[-483,260],[364,3615],[-527,3202],[-1070,2236],[-1259,738],[263,-2314],[1132,-2701],[416,-2691],[17,-1607],[-132,-2294],[-353,-2216],[-637,-1399],[-1509,492],[-2705,6402],[-1325,1602],[-1730,699],[-3627,3065],[-1810,687],[-1782,0],[-424,370],[-570,1555],[-434,350],[-1942,-1051],[-932,-136],[-361,499]],[[777878,593912],[-2052,-5770],[-2624,-2922],[-1354,189],[-2457,1055],[-831,-1643],[-1463,-7144],[-2442,-4135],[-2553,116],[-2353,-2198],[-448,-3120],[-497,-2646],[-729,-748],[-3677,482],[-2558,-1948],[-767,-3163],[-302,-7869],[-579,-4032],[-308,-4193],[1103,-12004],[-422,-5337],[-879,-4893]],[[683378,512500],[-444,9851],[-420,1079],[-438,739],[-211,3720],[189,3738],[405,888],[282,91],[1154,1365],[751,9087],[1242,1753],[1388,675],[1430,2049],[-723,2992],[-670,4885],[827,5020],[3099,2723],[620,787],[594,2731],[772,2491],[1489,-181],[1313,1588],[950,4287],[1426,2688],[5160,4560],[2744,1382],[2741,-1214],[2197,1296],[2074,2670],[4017,-624],[4001,-2337],[4124,93],[7964,2885],[3676,2811],[2349,7012],[1949,1427],[2818,-3781],[4092,-2453],[4836,3913],[1069,494],[1993,2177],[1678,1182],[179,509],[546,-222],[1964,-1563],[1005,-1325],[7791,-601],[4232,-1621],[4276,-304]],[[960319,560237],[229,-1510],[308,-3381],[615,-3152],[-10,-1185],[-130,-1055],[21,-1423],[178,-1358],[633,-3156],[43,-1408],[-362,-2889],[59,-1373],[1349,-2457],[2328,-2898],[2014,-3394],[425,-3917],[-1036,-4828],[-264,-2527],[483,-6278],[-503,-1893],[-844,-1671],[-740,-2964],[0,-27],[287,-1108],[162,-1079],[218,-2456],[316,-1139],[474,-872],[395,-992],[38,-1446],[-27,-1325],[172,-1222],[228,-1204],[502,-3564],[712,-2403],[848,-1948],[2770,-3164],[251,-4675],[-1417,-11530],[-211,-3184],[97,-2009],[259,-1900],[262,-2874],[-230,-1159],[-453,-1096],[-162,-974],[654,-802],[944,-726],[399,-633],[383,-1037],[373,-2637],[-10,-3297],[-243,-6303],[479,-8099],[-61,-2733],[-661,-6419],[-5,-1877],[162,-4037],[-34,-1469],[-172,-2609],[153,-1391],[479,-806],[769,-855],[2611,-1148],[1721,2398],[665,338],[815,-758],[740,-1510],[642,-2152],[399,-2502],[22,-2535],[-1171,-4056],[-1891,-3548],[-1471,-4007],[225,-7638],[-181,-3095],[-321,-3128],[-341,-2329],[-388,-1250],[-928,-947],[-432,-902],[-73,-1385],[423,-2996],[-289,-996],[-1006,-1177],[-686,-1309],[-486,-2025],[-431,-3341],[-459,-2440],[-1262,-3445],[-488,-2316],[-442,-2046],[-319,-1938],[-95,-2028],[263,-2242],[43,-2022],[-460,-1706],[-539,-1634],[-72,-569]],[[925814,304802],[-2520,-859],[-2526,-156],[-1356,720],[-3942,4012],[-4485,1452],[-4157,-5485]],[[906828,304486],[-2084,11904],[528,4457],[757,3795],[178,9312],[696,6448],[237,6723],[-345,6527],[162,6456],[-496,11288],[-3698,3431],[-4206,1902],[-4081,-659]],[[130198,903393],[-9157,-2238],[-9037,-2658],[-5669,-3108],[-5092,-3543],[-2473,-8428],[-1889,-8863],[-3044,-5251],[-3326,-2164],[-2911,4436],[-2336,7090],[-2911,4431],[-6078,0],[-8520,-1506],[-7866,-3987]],[[59889,877604],[-1545,7215],[2516,12220],[794,11474],[2132,7357],[1139,15354],[-593,15385],[-1653,15229],[-1305,18334],[-15,147]],[[61359,980319],[633,1219],[561,801],[573,37],[490,-415],[482,-17],[560,1284],[543,528],[980,-362],[453,270],[584,1585],[427,1922],[467,1633],[726,696],[1009,1584],[1161,4950],[1250,1440],[989,-36],[952,-684],[885,-1163],[803,-1478],[585,120],[1167,-120],[1267,-757],[226,205],[43,560],[135,638],[1161,3544],[660,1192],[1139,366],[1835,-982],[1669,-2256],[1419,-3210],[2213,-7761],[1150,-3085],[1253,-2487],[3839,-4916],[790,-1540],[1240,-3999],[690,-1100],[854,840],[-724,709],[124,353],[325,382],[167,346],[-144,223],[-158,202],[-147,238],[-70,378],[1121,898],[532,802],[425,1275],[395,-682],[276,3],[182,779],[128,1588],[4063,2408],[1926,-161],[2727,-3420],[713,-547],[679,62],[655,592],[152,966],[-812,1144],[113,1568],[4,2158],[158,1599],[206,194],[211,71],[207,-71],[213,-194],[993,363],[481,-49],[1291,-754],[1382,-1539],[712,-502],[2555,675],[787,-575],[1870,-955],[722,-7642],[17,-1717],[259,-408],[336,-1012],[220,-1231],[-84,-1101],[-476,-688],[-532,233],[-973,947],[-860,-84],[-679,-863],[-443,-2164],[-157,-3953],[310,-4250],[774,-2904],[943,-2462],[856,-2891],[989,-7168],[604,-2124],[958,-2016],[437,-1185],[251,-1659],[131,-286],[136,-453],[65,-972],[-132,-597],[-290,52],[-255,-90],[-38,-998],[387,-2490],[723,-2903],[842,-2411],[1492,-2007],[765,-2321],[1110,-4173],[1320,-2867]],[[315223,521236],[-657,-10613],[-325,-2090],[-227,-1972],[1572,-3839],[982,-1420],[-453,-6341],[-4000,-15695],[-1583,-7489],[-826,-8480],[65,-3214],[254,-3127],[-183,-3605],[-4579,-14222],[-3989,-10029],[-9216,-14512]],[[292058,414588],[-1295,962],[-1177,1688],[-2344,8146],[-939,1993],[-1063,1457],[-1264,439],[-1042,-2118],[-2576,-6703],[-6515,-12630],[-3185,-8855],[-3321,-7510],[-3969,-3700],[-1150,-91],[-1085,-620],[-2968,-5791],[-2036,-1283],[-1900,-2009],[-2559,-6934],[-2727,-5937],[-2018,-2798],[-4720,-11185],[-3542,-4971],[-1101,-4984],[-701,-16479],[-1691,-7647],[-3756,-4962],[-4083,-436]],[[227331,311630],[-4642,864],[-4222,-3596]],[[218467,308898],[-2338,9842],[-620,1086],[-750,528],[-1409,1748],[-724,654],[-2366,-48],[-1273,1213],[37,16259],[789,4550],[1700,1613],[1642,2066],[14068,25349],[1447,3966],[-803,10617],[-1410,4001],[-5587,22542],[-7224,4032]],[[476831,249710],[1712,-9443],[1959,-8873],[2506,-4694],[162,-16287],[1150,-9127],[2461,-4482],[3190,345],[2014,-5053],[-1543,-9941],[15,-9004],[773,-8970],[200,-4436],[-228,-4321],[-1971,-4366],[-2202,-1462],[-2758,-4740],[-37,-295]],[[484234,144561],[-181,-18],[-834,-428],[-704,-765],[113,739],[277,2526],[-747,895],[-2144,5624],[-4271,5535],[-302,-1193],[-1522,2087],[-2244,-1244],[-3457,-3998],[-1577,-589],[-596,-598],[-1589,-2176],[-306,-680],[-510,-2994],[-273,-669],[-1601,-2176],[-4597,-10161],[-5627,-8653],[-1633,-3441],[-4481,-14088],[-458,-2411],[-204,-1593],[-498,-1024],[-1085,-1237],[-1852,-4712],[-1812,-2501],[-127,-4239],[264,-5054],[-107,-4251],[-1050,-2061],[-1599,-817],[-1432,-1250],[-549,-3384],[289,254],[184,441],[-127,-1038],[-983,-3200],[-434,-1996],[-186,-2315],[-42,-1886],[-282,-1108],[-917,-32],[0,999],[497,2876],[-260,4381],[-786,4024],[-1072,1756],[-790,648],[-633,1103],[-629,382],[-817,-1588],[-931,-3901],[-509,-1386],[-880,-688],[398,-259],[162,-286],[154,-648],[-574,-1314],[-765,-3344],[-638,-680],[-514,-214],[-1786,-1861],[-379,-738],[-1585,-4303],[-255,-1686],[-340,-4303],[-294,-1127],[-152,986],[-1305,5041],[-196,2197],[-490,621],[-684,-356],[-743,-778],[-1221,-2656],[-1172,-3823],[-1139,-2749],[-1135,526],[714,991],[0,1187],[-1212,343],[-2233,1484],[-1045,349],[-1127,-550],[-1857,-2365],[-765,-448],[-2020,1731],[-1096,350],[-966,-2845],[-1143,-364],[-2325,137],[-1544,-1070],[-599,-116],[-642,389],[-1118,1458],[-540,330],[-1193,-835],[-660,-2022],[-484,-2495],[-706,-2255],[-569,-1024],[-210,-14],[-174,499],[-483,539],[-668,220],[-1645,-220],[-3469,2137],[-1020,130],[-3354,-4517],[-599,-525],[-448,-1730],[-2766,-5385],[-2254,369],[-4698,2742],[-2001,2431],[-3161,5097]],[[443261,212651],[1788,5242],[1424,2127],[4568,3844],[2926,3597],[2333,5453],[1582,1986],[2768,2261],[957,1756],[632,5102]],[[462239,244019],[3929,207],[1745,1473],[1619,2505],[3638,3684],[3661,-2178]],[[210282,174316],[-4431,15012],[-6301,-2021],[-2527,-7728],[-2002,1958],[873,9226],[-1204,8131]],[[194690,198894],[444,8568],[825,8320],[1426,7614],[5134,18664],[2310,11198],[168,1474],[-184,2193],[-350,1267],[-394,740],[-222,-114],[-426,7],[-611,6012],[87,6362],[-518,4349],[26,4190],[6685,8604],[518,3569],[674,3456],[1523,2190],[809,765],[2101,3103],[3752,7473]],[[227331,311630],[725,-5293],[1020,-4649],[1960,-1741],[1948,2176],[5755,10272],[1518,1840],[1425,2411],[2435,6073],[2602,-4457],[2321,-7909],[2046,-5275],[2240,-4155],[3678,-1580],[3293,98],[3141,-4671],[1718,-12846],[1414,-7625],[3154,-11655],[474,-2802],[977,-2860],[811,330],[1570,-528],[1063,-3687],[757,-4575]],[[876931,893707],[754,-9198],[340,-6691],[610,-3896],[454,-1761],[939,-5580],[1484,-11128],[-1393,-10777],[-4330,-5033],[-4577,-11496],[-3255,-15098]],[[807793,795209],[745,6355],[4994,13349],[1209,1538],[1037,2321],[496,3272],[760,3325],[2840,4185],[1416,7452],[-1571,3930],[-2069,2321],[-501,2864],[-632,2575],[-1069,1721],[-977,2098],[-1015,5490],[-389,6262],[-1388,8215],[-110,503]],[[811569,872985],[4454,8371],[1322,1108],[1121,1420],[562,446],[1824,564],[676,525],[969,1751],[795,2793],[532,3389],[200,3538],[543,777],[3057,6242],[714,2993],[5563,-5369],[663,-288],[1561,280],[1312,1374],[399,-7],[70,-627],[-59,-1193],[-11,-1300],[221,-1003],[611,-568],[1527,-436],[692,-527],[2079,-4437],[636,-616],[502,666],[2096,4107],[1634,5373],[718,1269],[2102,1924],[3741,-3266],[1846,1342],[755,814],[735,238],[735,-280],[745,-772],[1640,1077],[794,-57],[746,-1020],[868,-1877],[1253,-239],[2570,338],[9161,-8198],[688,83]],[[563556,181702],[3408,-8225],[4168,-4589],[896,-2107],[448,-3227],[658,-1423],[843,-234],[430,-1448]],[[574407,160449],[-52,44],[-491,165],[-486,-75],[177,-3892],[-588,-3079],[-854,-2822],[-647,-3128],[-226,-3529],[-44,-3079],[-178,-3127],[-621,-3729],[-708,-6732],[39,-7078],[-243,-6880],[-1560,-6132],[-221,-2387],[135,-2632],[988,-8650],[275,-1202],[366,-798],[826,-914],[255,-452],[253,-1062],[146,-1095],[60,-1201],[-12,-1408],[-339,-2387],[-292,-1439],[-238,-34],[530,-1284],[1721,-443],[854,-832],[605,-1736],[513,-2453],[367,-2625],[189,-2255],[47,-3588],[-301,-1325],[-3698,-1737],[-994,41],[-3962,1514],[-961,-371],[-589,-502],[-189,-1028],[-70,-1135],[-248,-906],[-444,-511],[-285,0],[-313,239],[-1432,486],[-718,600],[-652,1152],[-660,1934],[-604,-1506],[751,-2172],[-71,-1374],[-426,-1062],[-303,-1201],[-96,-2337],[-163,-23028],[130,-4528],[-1112,-912],[-2057,1992],[-1037,-1037],[-5,-43],[-438,-5611],[-830,-494],[-1258,879],[-1679,-1506],[-1150,-4625],[-319,-11242],[-583,-4699],[-1000,-444],[-3038,5481],[-1545,1785],[-1636,125],[-809,477],[-605,1300],[-118,1900],[156,2083],[-17,2058],[-652,1844],[-1022,-395],[-1052,-955],[-1032,-519],[-496,418],[3,21],[591,2183],[2267,9883],[555,1166],[-67,2794],[-1411,11041],[-3664,15010],[-719,2352],[-642,2656],[-586,4939],[-736,2073],[-841,1918],[-639,1924],[-587,3598],[74,2547],[1420,5215],[446,1284],[510,829],[561,428],[617,129],[263,597],[611,3850],[435,1113],[917,1213],[473,933],[250,1438],[286,3344],[633,1018],[246,778],[358,778],[2057,1801],[441,635],[2467,7549],[390,1691],[549,98],[5616,8780],[823,468],[546,1218],[628,2864],[523,3253],[260,2449],[-30,2022],[-208,1504],[-265,1399],[-211,1698],[-30,1103],[30,10017],[-196,2450],[-510,2735],[-3087,10757],[-1798,4433],[-1925,3396],[-2003,1257],[-1841,-1711],[-1785,-3914],[-957,-2872]],[[536429,167734],[-843,3252],[32,6596],[4298,12050],[956,1519],[1116,-523],[1184,-1124],[2283,921],[2138,-1456],[2181,-148],[2473,1589],[2364,-1757],[1722,-4519],[2015,-3091],[2607,-156],[2601,815]],[[345841,825620],[-282,-4411],[-15,-4396],[1273,-1889],[1443,-620],[2433,-3539],[6025,-6815],[1949,-8382],[-366,-8803],[-804,-8716]],[[265118,692469],[-1959,5757],[-3192,13264],[-733,7049]],[[276467,838130],[7037,437],[1287,1731],[498,336],[642,-85],[1118,-718],[573,-175],[2143,978],[314,-143],[503,-680],[268,-155],[395,271],[114,643],[103,738],[310,524],[2159,1945],[1742,2546],[1194,2689]],[[566359,398653],[-2241,5580],[-1322,8244],[-1944,7459],[-2720,2889],[-4239,-2699],[-4016,-5449],[-2300,-4525],[-2230,-13211],[-1447,-4826],[-2218,-10918],[-2824,-9295],[-19399,-32043],[-2456,-1041],[-1231,143],[-3919,-2752],[-4600,2736],[-1959,-1448],[-4055,2394]],[[501239,339891],[-545,5818],[-1059,5457],[-280,6783],[508,6784],[-1405,10617],[-8443,243],[-3089,7864],[-3649,24188]],[[489167,513034],[11861,-4432],[5852,8885],[2333,1868],[16935,25975],[4396,14418]],[[530544,559748],[2742,-468],[2543,-3079],[475,-1464],[663,-3407],[450,-1276],[1683,-1634],[1723,-625],[4956,-8552],[5167,-1630],[3984,3342],[8638,-2906],[2570,-4706],[2613,-2161],[4696,3785],[4865,0],[4502,-1990],[4142,-5240],[1905,-14212],[-2229,-15057],[-1184,-5762],[-1014,-6048],[-1372,-12621],[-2104,-14456],[-201,-2654],[-377,-2321],[-1236,-5386],[-146,-6535]],[[577626,231153],[-2354,-6621],[-2024,-7466],[-2856,-13720],[-3639,-11336],[-1927,-4478],[-1270,-5830]],[[536429,167734],[-2022,-6065],[-714,-1432],[-863,-583],[-512,-1024],[-1733,-4886],[-795,-1600],[-2002,-1173],[-4337,-492],[-1900,-1698],[-599,-1492],[-612,-2960],[-574,-979],[203,1101],[39,772],[-166,641],[-434,751],[-513,-2461],[-762,-1931],[-485,-1932],[337,-2475],[786,2644],[1169,-876],[154,2574],[297,-234],[191,-428],[131,-621],[124,-792],[243,1103],[93,1127],[-68,1114],[-268,1012],[736,1037],[297,-933],[188,-1570],[386,-815],[574,465],[510,869],[549,505],[683,-647],[-3081,-3512],[-1442,-2722],[-829,-3656],[103,-1737],[702,1173],[2333,6669],[692,1108],[812,499],[-1964,-4937],[-302,-1348],[-442,-2845],[-326,-1252],[-225,-1607],[-10,-2034],[-84,-1750],[-409,-739],[-500,-318],[-792,-1438],[-493,-317],[-1684,-324],[-650,324],[-1636,3739],[-507,615],[-713,-466],[-459,-1062],[-133,-1387],[515,-235],[434,-420],[1786,-1866],[-2207,1483],[-2261,688],[-434,-338],[-1249,-1678],[-274,-699],[-186,-1173],[-476,-688],[-1113,-958],[-1361,-2742],[-103,-525],[-535,720],[-816,3038],[-591,694],[-740,551],[-13207,19545],[-1445,1250],[-1667,2819],[-1037,947],[-834,200],[-686,-78]],[[476831,249710],[-91,7551],[248,3515],[1317,4995],[826,1589],[745,1918],[798,6761],[-371,4266],[-1328,7976],[-255,8007],[1669,5803],[2656,-486],[2684,-2049],[5106,2045],[6841,16654],[880,9724],[258,8225],[2425,3687]],[[443828,347582],[696,-8225],[1733,-6478],[2501,-2387],[2418,-3131],[1998,-6871],[1808,-7742],[2062,-4838],[1707,-5737],[593,-9048],[-1253,-8244],[-1165,-3455],[-858,-4107],[-282,-7189],[22,-4691],[1986,-6885],[1297,-2552],[1937,-5144],[1211,-6839]],[[296106,255209],[1394,8818],[481,9546],[-730,5770],[-1280,4795],[-4,5570],[2273,1646],[1695,5144],[216,7584],[2165,8223],[-130,12496],[-1204,12481],[1145,10382],[1689,2543],[3666,3338],[3342,5144],[373,5201],[-3786,7987],[-1198,4157],[-1770,1863],[-3634,7244],[-3158,9866],[-4082,7967],[-1511,11614]],[[481868,867976],[2689,-11075],[675,-5908],[345,-6120],[825,-5946],[4013,1079],[1964,-1156]],[[492379,838850],[459,-4428],[-777,-3947],[-1113,-3267],[-658,-4802],[-140,-15937],[-788,-10416],[507,-4317],[2111,-10562],[1419,-5680],[1636,-2398],[8687,-3486],[3931,-5427],[1787,-815],[863,-848],[1313,-7234],[21,-5868],[-1214,-11571],[-4504,-15992],[-490,-3761],[-22,-4148],[-594,-10929]],[[504813,703017],[-2101,-1795],[-4999,-859],[-535,-7189],[675,-1794],[-204,-2720],[-524,-3462],[-113,-3122],[-1410,-4317],[-4091,-5802],[-2403,-663],[-4448,3033],[-7829,-8946],[-4222,-532],[-2074,523],[-3104,-2823],[-8001,3310],[-5074,-3898],[-4989,-5336],[-8195,-2251],[-2948,-3342]],[[438224,651032],[-86,8123],[1399,6621],[1041,3844],[195,5185],[-692,4633],[-64,1888],[-125,1795],[-983,2473],[-1251,403],[-1323,3110],[-2148,11358],[-579,7564]],[[433608,708029],[4119,5485],[1074,563],[952,1066],[1495,6041],[1209,6617],[740,1152],[130,4152],[-390,4026],[-583,4255],[-782,3892],[-1317,5049],[-664,5996],[156,5637],[-367,5568],[-1263,5930],[-331,6814],[1086,6313],[611,6288],[-2582,9957]],[[460133,874506],[1388,-3975],[1942,296],[1140,-503],[868,-2238],[1778,-748],[1716,1004],[1533,-952],[1329,-2179],[567,-2384],[901,-1308],[5922,-4403],[1102,3054],[928,1949],[238,882],[145,1204],[93,2663],[145,1108]],[[410642,548971],[5858,24196],[8476,16197],[3590,13346],[2359,16353],[8384,18929]],[[439309,637992],[1020,-2569],[1081,-2239],[2834,-97],[2705,-5942],[2662,-7021],[2391,-1934],[4113,-107],[988,-3316],[471,-3664],[664,-3311],[7213,-20856],[2278,-3609],[2651,-1021],[2256,-4657],[1349,-7420]],[[652696,749125],[-1538,-3155],[-1760,-1841],[-2402,-539],[-2134,-1242],[-539,-1938],[-140,-4645],[549,-1762],[-221,-2712],[-1116,-1633],[-4314,443],[-1896,-3209],[-1570,-4966],[-1539,-2721],[-1825,-605],[-4011,7571],[-2884,13025]],[[625356,739196],[-938,9555],[-1717,7674],[-7067,1045],[-11970,19390],[-3509,667],[-3546,-1214],[-3720,745],[-3477,3396],[-2689,3888],[-4362,3416],[-2888,4123],[-2348,1180],[-664,1178],[-594,4650],[923,4218]],[[576790,803107],[1107,777],[1025,1209],[2246,412],[2056,1639],[1956,2547],[777,1365],[2068,5313],[4119,5398],[2256,9890],[2932,7143],[2764,8637],[21,947]],[[600117,848384],[5834,169],[1874,-1192],[1208,-2593],[577,-757],[1098,-811],[1224,-279],[909,-640],[1259,-3325],[892,-1576],[2143,-1581],[196,-887],[1223,-3071],[1047,-914],[2087,524],[829,-590],[306,869],[732,654],[391,655],[381,1290],[681,4238],[621,2612],[777,2560],[889,2171],[927,1451],[454,-2593],[868,-1489],[999,-14],[889,1827],[356,-1081],[1348,525],[67,-9975],[920,-2720],[2689,-3065],[716,-1290],[539,-1589],[913,-3739],[2038,2067],[2453,-776],[6295,-4861],[625,-245]],[[836513,382477],[-2354,-6628],[-1079,-8556],[-2591,-7238],[-6047,-3950],[-1727,-7243],[432,-10531],[5615,-12504],[9496,-9215],[5550,-14966]],[[684209,674495],[-162,-8152],[-1113,-6094],[-2396,34],[-2386,926],[-2738,-1408],[-2445,-4082],[-2543,959],[-2435,4414],[-2321,-3193],[-1960,-13187],[420,-5034],[3602,293],[3817,2202],[1096,-3063],[-551,-4387],[-1010,-493],[-1064,82],[-1948,-2460],[-1360,-5268],[-2511,-8064],[-599,-16617],[-1198,-5469],[598,-6102],[1836,-4141],[1727,-2608],[1194,-3848],[-426,-2535],[-1857,-2868],[-562,-1301],[-453,-1398],[-493,-1120],[-664,-436],[277,-1703],[80,-2742],[33,-5407],[664,-4477],[308,-4813],[-227,-2774],[-76,-3020],[323,-2482],[250,-2576],[-448,-5359],[-1167,-4307]],[[663321,530417],[-4065,-3276],[-3742,-6711],[-3374,-2387],[-3526,1210],[-1872,-840],[-1794,-1785],[-4076,-214],[-1937,-2269],[-1853,-2979],[-1976,-1982],[-1867,-2963],[-4367,-2235],[-4423,5205],[-2300,-1398],[-1143,-6177],[506,-7526],[951,-7123],[605,-3314],[302,-3554],[-858,-5971],[-3693,-9589],[-2241,-3539],[-1160,-983],[-2667,-7472],[-2651,-5795],[-3055,-3399]],[[530544,559748],[1970,5559],[2386,4119],[1637,5148],[1273,6103],[1604,5823],[1809,5198],[4497,8230],[3816,8896],[1544,13028],[-129,3794],[-535,3408],[-1829,2341],[-2538,10535],[-1464,11666]],[[544585,653596],[12192,5728],[8643,996],[7699,6971],[1672,3941],[1015,6140],[1092,9597],[1393,9246],[1845,2551],[2009,1477],[5982,-1872],[1906,1881],[6829,4250],[4854,1527],[4426,-563],[4374,1534],[1943,2400],[1782,3411],[729,584],[782,-13],[1934,1107],[1883,1741],[3132,10357],[2655,12609]],[[196678,775774],[15,17],[473,714],[659,622],[577,765],[248,1165],[204,1187],[479,817],[591,505],[553,265],[527,-226],[851,-952],[769,-1886],[344,-2976],[579,14],[10099,5333],[5951,693],[1902,-2015],[1074,33],[792,2960],[-527,3663],[-2042,868],[-4217,-1263],[-360,-274],[-378,-434],[-451,-363],[-587,-18],[-603,641],[-1046,2235],[-327,486],[-838,351],[-1828,1515],[-1063,313],[-12405,-1187],[-968,-771],[-829,-1451],[-863,-888],[-1089,933],[-441,1360],[-222,1479],[-246,1173],[-545,440],[205,330],[136,330],[157,299],[250,226],[-203,1595],[-324,1120],[-424,831],[-510,700],[-231,-998],[-484,998],[-434,-920],[-620,-526],[-1412,-732],[0,998],[502,142],[344,623],[175,1114],[25,1582],[502,-772],[213,-421],[-34,687],[41,350],[137,122],[203,34],[-577,2047],[-1041,2890],[-536,908]],[[219357,849128],[1150,-393],[13179,-830],[1479,454],[774,784],[1225,2061],[710,420],[488,920],[378,1841],[357,1252],[408,-759],[562,1303],[637,2456],[586,693],[686,-1289],[2146,-1051],[1739,-3104],[3098,-1717]],[[646510,258991],[-4098,8686],[-6155,5580],[-5653,180],[-5760,-2846]],[[621717,318633],[7435,3432],[4617,4641],[4803,1561],[2225,-1675],[2246,-757],[1878,1484],[1826,2187],[4345,2584],[3218,6933],[87,8329],[1382,6317],[4055,5311],[3288,11976],[3810,10369],[3662,79],[3130,2201],[3019,-1494],[216,-5173],[-2004,-4607],[-1074,-1741],[395,-3310],[841,-1019],[832,-1449],[3114,-1954],[3672,41],[3650,-1289],[3832,1926],[1490,66],[1405,708],[2126,2523],[2241,1221],[2813,3297],[2369,6563]],[[924544,236364],[-1378,2599],[-625,316],[-966,-357],[-459,-515],[-490,-1210],[-463,-223],[-435,150],[-362,321],[-6864,9006],[-896,619],[-1626,-367],[-2100,-1367],[-2002,-2069],[-1334,-2456],[-2225,-1860],[-2105,757],[-4319,3489],[-448,802],[-228,2746],[-452,834],[-627,186],[-464,-96],[-2580,-2547],[-340,-575],[-324,-1293],[-108,-1118],[-65,-1103],[-200,-1256],[-6548,-23271],[-643,-4329],[-179,-864],[-836,-913],[-4497,-1844],[-2991,-2415],[-2333,-662],[-37,4505],[-103,2252],[-410,959],[-594,2028],[933,8896],[-339,2029],[-357,458],[-1782,3488],[-226,857],[-264,1555],[-227,856],[-325,239],[-344,-684],[-330,-880],[-298,-354],[-1586,1877],[-713,291],[-54,679],[87,1590],[-65,1842],[-594,1746],[-950,-1861],[-756,-1103],[-2624,-8443],[-3936,-9021],[-2283,-3349],[-5897,-3397]],[[843808,301646],[7407,-8728],[10360,-1971],[4092,9859],[6905,-658],[10561,-6596],[11039,-3921],[8849,-1975],[3207,7867],[600,8963]],[[153871,264007],[621,-2712],[-212,-3308],[33,-4544],[519,-4564],[1349,-1239],[1820,-7],[2473,-2359],[1548,-6583],[676,-7394],[1754,-6140],[3899,-1370],[631,-1650],[955,-4265],[616,-1785],[3843,-4283],[3133,-7452],[707,-5960],[447,-6221],[151,-5259],[178,-2473],[1297,-3157],[2867,-502],[5247,-6896],[1776,2263],[1079,3432],[557,4089],[361,10351],[2494,4875]],[[187944,75458],[-237,548],[-464,2339],[-689,2002],[-3115,2476],[-863,2697],[-718,-1186],[-204,2092],[50,473],[154,693],[0,1180],[-1454,0],[387,998],[-600,947],[-344,233],[-515,12],[265,1478],[398,998],[514,577],[601,200],[-26,733],[-38,150],[-76,-14],[-179,214],[305,2922],[-310,2723],[-672,2098],[-782,1063],[0,986],[689,1413],[315,454],[455,310],[0,1193],[-208,5546],[-281,2715],[-582,-757],[-388,0],[-629,1964],[-2503,-2380],[-1148,416],[956,621],[216,1537],[-283,2118],[-570,2347],[293,1075],[463,2935],[353,1523],[736,-1593],[646,1542],[662,2340],[808,874],[0,-992],[-301,-1717],[429,-556],[616,440],[328,1250],[-123,1420],[-276,1413],[-358,1212],[-315,894],[-3248,5695],[-4068,4226],[-530,1504],[-375,2280],[-850,-1581],[-970,-2915],[-693,-1698],[0,-986],[357,0],[0,-1089],[-982,-206],[-420,-293],[-383,-583],[-183,-1329],[137,-1451],[-9,-1146],[-655,-428],[264,-1367],[153,-460],[293,-449],[-353,-1088],[527,-1464],[184,-701],[326,0],[298,1607],[298,1246],[111,1463],[-319,2205],[923,-2100],[-332,-2684],[-884,-2468],[-779,-1446],[320,-1627],[-570,-849],[-897,-180],[-664,375],[-535,1464],[0,1446],[447,1108],[803,440],[0,1173],[-894,1089],[-534,1128],[-532,551],[-898,-688],[-267,4213],[-1900,3233],[-2333,1173],[-1566,-1989],[-357,0],[-258,2936],[-562,1166],[-693,-609],[-654,-2411],[-374,1051],[-663,4394],[471,2164],[218,3161],[-138,2924],[-551,1536],[-26,739],[77,194],[140,0],[165,142],[-101,479],[-111,338],[-5,519],[217,945],[-356,0],[-242,-1464],[-77,-688],[-38,-1204],[-295,640],[-3,189],[-128,1244],[-663,1833],[-1551,623],[-1135,-1613],[178,-3908],[-528,1095],[-510,324],[-527,129],[-577,519],[713,1088],[0,1193],[-1173,-12],[-739,440],[-409,1555],[-179,3351],[358,-72],[242,129],[115,545],[-60,960],[-136,426],[-126,274],[-69,504],[-110,1686],[-248,971],[-238,-91],[-118,-1477],[-468,-1438],[-1045,-804],[-1513,-428],[-549,-407],[39,-967],[331,-1114],[356,-868],[319,-84],[439,343],[502,-72],[527,-1276],[-553,-2308],[-405,-2365],[-548,-1633],[-994,-116],[-2717,3403],[-522,945],[-324,0],[212,-2501],[112,-855],[-1378,-208],[-545,440],[-220,1387],[229,1432],[553,681],[1361,609],[0,1089],[-639,1050],[-739,1627],[-807,972],[-834,-927],[-731,-2611],[-340,-2639],[148,-2293],[727,-1601],[-238,-3493],[2075,-3863],[341,-3615],[-631,1075],[-823,681],[-741,-487],[-339,-2461],[-345,491],[-336,701],[-16,-772],[-68,-504],[-128,-410],[-212,-492],[255,-233],[67,-26],[102,-830],[-2700,-2346],[-1023,-1904],[-941,-3462],[-708,-3498],[-1004,-3947],[-1220,-2411],[-1382,1161],[-200,-1012],[-148,-544],[-229,-305],[-460,-310],[110,-513],[116,-1114],[96,-551],[-632,-681],[-524,-168],[-394,532],[-235,1406],[-531,-2224],[-668,-343],[-687,953],[-609,1614],[102,486],[150,1193],[105,492],[-277,492],[-157,487],[-279,1094],[3928,0],[1020,1128],[598,1582],[520,1866],[744,2047],[-715,2177],[-1008,-2351],[-451,-818],[0,992],[512,1381],[177,1904],[-169,1900],[-520,1348],[-527,874],[-136,-485],[-45,-1970],[-252,-771],[-560,155],[-604,616],[-374,588],[-455,-485],[-591,0],[-519,635],[-217,1426],[269,595],[1870,1089],[-357,1089],[1104,-182],[324,182],[246,479],[314,772],[221,699],[-33,228],[1981,350],[515,739],[-193,-2566],[767,-157],[824,1466],[25,2346],[-493,899],[-1033,267],[-284,998],[101,1050],[392,893],[608,1323],[353,1186],[177,-1096],[214,-694],[679,-1573],[-276,2760],[-81,3279],[-276,1387],[-613,375],[-611,-245],[-455,-753],[-898,-3440],[-1142,-1874],[-412,183],[-255,1691],[-770,-1905],[-2037,-1484],[-765,-1063],[-356,0],[-269,1983],[-493,-532],[-646,-1543],[-765,-985],[-272,2192],[-365,-201],[-405,-1200],[-386,-791],[-374,551],[-332,1108],[-335,286],[-384,-1945],[-357,0],[-650,1362],[-919,1360],[-1028,532],[-974,-1088],[0,1088],[-615,-778],[-605,90],[-667,435],[-816,253],[-872,-726],[-1092,-3512],[-744,-1192],[0,-1089],[137,-1393],[-720,-5016],[-101,-3481],[-1734,2159],[-944,816],[-880,388],[-936,-290],[-773,-519],[-553,130],[-273,1672],[-3561,-3169],[-231,-1096],[-220,-777],[-264,-403],[-241,324],[-643,1583],[-382,369],[-1191,544],[-515,59],[-598,-603],[-119,1951],[-418,1062],[-577,97],[-664,-934],[17,681],[-76,207],[-144,0],[-188,105],[307,990],[0,967],[-243,823],[-429,576],[0,986],[655,-662],[859,-511],[879,-46],[663,725],[460,1653],[217,2547],[586,1828],[579,1089],[484,271],[1270,-271],[3840,1386],[1870,-298],[994,720],[286,1730],[46,2137],[289,1932],[1148,752],[2393,-3526],[744,707],[824,-1127],[732,115],[681,319],[615,-494],[1340,3150],[701,882],[4566,350],[557,557],[339,-1036],[839,-973],[1058,-648],[1008,-103],[1823,544],[854,-648],[889,-2075],[169,1660],[319,895],[970,1787],[-331,1919],[-498,960],[-722,343],[-978,45],[356,1089],[493,-429],[69,934],[-307,1517],[-611,1334],[237,104],[154,227],[148,317],[205,344],[387,-486],[399,388],[451,740],[548,544],[0,991],[-1041,2624],[-417,1458],[-327,1446],[689,-1180],[386,1180],[-310,480],[-140,485],[-112,583],[-186,734],[438,-79],[906,169],[441,-90],[0,984],[-1037,0],[0,1082],[1232,59],[503,-298],[374,-843],[331,726],[260,195],[241,-267],[269,-654],[353,0],[527,887],[1139,-1432],[510,545],[289,0],[102,-1193],[319,-2073],[148,830],[17,329],[-67,305],[-98,818],[165,674],[-17,518],[-204,440],[-365,434],[0,1095],[484,182],[417,-149],[324,-428],[238,-700],[1037,4362],[383,1082],[0,1185],[-707,0],[417,1537],[290,1632],[841,-1574],[842,-377],[441,883],[-339,2255],[2792,2721],[1544,875],[-14,1005],[-343,1128],[-408,789],[-536,325],[-6810,-2501],[-2512,115],[-991,-595],[145,-1699],[0,-1173],[-893,1167],[-5556,2185],[-574,-454],[-651,-1388],[-591,-337],[-570,118],[-1542,880],[-1314,-246],[-4260,-3440],[-553,525],[-327,0],[-76,-688],[-310,-1588],[-391,358],[-527,232],[-608,-65],[-612,-525],[-1034,1847],[-1674,40],[-1667,-1419],[-1007,-2548],[-965,1387],[-1446,1439],[-1211,-260],[-268,-3751],[-1215,2171],[-545,725],[-739,369],[-1590,-447],[-579,447],[-518,1199],[-936,3409],[-331,829],[-782,-90],[-808,-1645],[-298,1120],[103,615],[-391,0],[-107,-1503],[-599,-3934],[-205,856],[-25,278],[90,274],[140,868],[-76,175],[-102,31],[-103,163],[-76,621],[229,617],[42,155],[-92,311],[-179,1088],[-472,-790],[-1382,-687],[-646,-694],[0,-990],[212,-1725],[-322,-1762],[-622,-1413],[-730,-641],[251,-1561],[140,-617],[-476,331],[-264,20],[-365,-351],[-315,1186],[-927,-558],[-548,2385],[-277,3488],[-67,2792],[-255,2644],[-459,2061],[-191,2314],[538,3362],[451,79],[860,888],[926,1483],[655,1906],[-365,817],[-438,342],[-472,-246],[-503,-913],[-199,538],[-90,453],[-102,1185],[391,-990],[588,1768],[1636,-1477],[982,699],[-25,1134],[115,1238],[64,1432],[-154,1725],[562,-395],[369,-902],[179,-1392],[-38,-1861],[348,0],[276,1711],[383,1238],[404,330],[374,-998],[152,357],[60,226],[30,221],[115,376],[-17,-2728],[186,-739],[380,116],[548,-110],[424,-705],[303,-708],[378,-259],[680,693],[-120,-434],[-67,-141],[-80,-104],[-124,-311],[760,-3306],[744,-1192],[800,480],[1369,2384],[1092,1192],[459,933],[548,818],[1233,-53],[545,713],[0,1192],[-689,-285],[-171,-233],[-238,-674],[-381,5049],[-401,2625],[-611,1127],[0,1185],[2449,1329],[676,-375],[-634,-3228],[582,467],[421,713],[790,2183],[-815,739],[-298,1088],[43,3118],[119,694],[658,1147],[293,829],[154,1140],[63,2055],[102,1147],[-637,1075],[-38,110],[-452,267],[-122,-442],[-26,-647],[-114,-363],[-1285,130],[-603,-415],[-255,-1291],[-269,-2391],[-663,-2151],[-828,-1114],[-766,719],[927,1937],[111,2087],[-579,1426],[-1172,-26],[-167,-602],[-496,-1225],[-524,-701],[-250,953],[136,1517],[340,1510],[961,2902],[-65,1245],[255,1710],[73,2159],[-587,2605],[-391,0],[-217,-4471],[-1168,-1595],[-1454,616],[-1122,2178],[-426,3524],[421,3240],[966,2553],[1215,1458],[-624,2411],[-1009,1082],[-197,-25]],[[90901,253671],[625,2604],[2796,14810],[638,2743],[1635,2214],[1744,232],[1846,-3000],[2008,-1798],[4201,-1502],[3676,-6108],[2386,-918],[2359,1425],[2403,25],[2219,-2791],[3661,-419],[6348,1110],[2057,4079],[1847,8745],[2812,4806],[3797,-1923],[3249,-6747],[3834,-4992],[6829,-2259]],[[876931,893707],[630,73],[1085,1646],[1566,5425],[1133,2749],[524,2567],[491,6485],[534,2675],[1048,1852],[1322,1004],[2636,511],[7309,-1442],[994,-1093],[-406,-1491],[-172,-1605],[-108,-1579],[-217,-1417],[-420,-1159],[-1031,-2000],[-437,-1580],[1339,-1827],[992,-2502],[984,-741],[1285,3391],[701,1021],[373,-1037],[291,-1984],[431,-1794],[401,-544],[1539,-1193],[317,-683],[212,-725],[253,-624],[465,-421],[404,-1062],[1561,-6739],[756,-1910],[3844,-6024],[2521,-5087],[1611,-1761],[1528,-460],[70,-824],[-705,-2304],[-763,-1530],[-2827,-3334],[1420,-1038],[1150,298],[1029,-288],[1054,-2767],[1254,-7077],[752,-1260],[4806,3096],[1521,246],[1647,-1021],[1426,-1916],[1412,-3021],[742,-3761],[-594,-4141],[-215,-3719],[431,-5061],[832,-4552],[998,-2189],[2236,-741],[2248,-2601],[2060,-3949],[1635,-4749],[599,-3127],[225,-3045],[116,-3194],[281,-3621],[535,-3161],[2170,-8040],[486,-2989],[183,-2633],[273,-11028],[-155,-1291],[-1084,-4494],[-319,-989],[400,-3604],[-2214,-6032],[-696,-3292],[54,-3820],[-316,577],[-233,214],[-231,123],[-319,272],[165,-650],[85,-477],[142,-1145],[-1237,-346],[-1128,-1819],[-1788,-4954],[216,-2098],[1110,-2889],[2114,-4206],[0,-1085],[-823,-6428],[-446,-1779],[-357,-2608],[535,-2494],[1412,-3103],[2323,-7061],[806,-4353],[-956,-1737],[556,-2807],[1631,-4691],[337,-1793],[-510,-2059],[-2365,-1201],[-723,-1580],[675,-4593],[2390,-3094],[4785,-3186],[5712,-7389],[6284,-2502],[831,675],[1817,2986],[1114,692],[514,-321],[663,-1506],[443,-346],[546,173],[1069,740],[1495,437],[3148,2009],[1765,0],[1910,-1391],[2889,-3960],[4357,-5975],[3021,-6171],[1341,-3515],[589,-2321],[243,-2419],[193,-1384],[444,-1061],[787,-1357],[162,-1557],[17,-1793],[194,-923],[696,1004],[1891,-5127],[966,-1391],[265,-82],[583,214],[248,-132],[253,-534],[299,-1234],[3206,-9901],[807,-3234],[510,-2000],[597,-6033],[586,-1984],[-4244,7235],[-1015,2024],[-3123,3424],[-716,1925],[-1409,5021],[-804,1334],[-1290,-897],[-5550,-10741],[-233,-1803],[270,-5200],[-102,-1905]],[[663321,530417],[4136,-4898],[4945,-575],[2370,-2223],[2230,-3152],[3357,-9428]],[[544585,653596],[-567,3460],[-987,2177],[-1020,4551],[65,6193],[371,8942],[-2158,5086],[-2177,-1543],[-2192,-2218],[-2445,-1177],[-2457,-501],[-4107,1946],[-4855,-950],[-4129,6764],[-3580,9461]],[[514347,695787],[2057,10208],[1533,3923],[2841,2752],[966,584],[1830,1934],[1528,4165],[1387,4643],[1523,6386],[2332,12008],[1370,3809],[4326,837],[4215,-2667],[1312,-2588],[1480,-1852],[1128,-646],[1059,-1173],[896,-1646],[917,-59],[3207,3565],[4325,6665],[767,1605],[425,446],[390,525],[328,8107],[4218,2079],[2321,7649],[16,5909],[885,5267],[1819,6263],[-1062,6310],[-887,809],[-799,1409],[-1057,2448],[-584,2695],[654,2148],[0,1087],[-389,0],[0,1086],[1474,1885]],[[563098,804362],[5723,3159],[1787,1964],[356,1197],[330,-518],[2764,-190],[1792,-3028],[940,-3839]],[[59889,877604],[615,-2852],[405,-22220],[-804,-9448],[-2554,-7670],[-1615,-9523],[-928,-11230],[351,-12949],[1981,-9992],[1329,-10378]],[[58669,781342],[59,-445],[-335,-9340],[-32,-801]],[[58361,770756],[-3464,-1283],[-1225,-1392],[-693,-494],[-3565,0],[-1421,-1029],[-3992,-5484],[-1492,2315],[-829,718],[-863,228],[-713,-617],[-820,-1108],[-812,-648],[-1395,1641],[-884,-228],[-2798,-1892],[-9674,136],[-1361,545],[-753,1017],[-438,2437],[-327,2916],[-446,2416],[374,2432],[-145,3479],[-522,3492],[-779,2456],[400,254],[162,291],[1965,-464],[1605,1819],[1160,3208],[442,4247],[800,2931],[2806,5612],[-360,1746],[36,1052],[152,543],[519,568],[-184,141],[-136,41],[-70,255],[38,756],[471,297],[225,363],[54,831],[-4,1671],[258,-1516],[65,-657],[357,0],[373,921],[307,1449],[427,3169],[319,0],[182,-897],[270,-725],[368,-485],[443,-173],[696,460],[-38,1030],[-314,1102],[-151,674],[633,1491],[1489,1629],[735,1326],[523,1612],[-150,552],[-508,568],[-546,1621],[-150,1407],[145,1020],[454,626],[782,214],[444,848],[361,1869],[-43,1860],[-1387,1563],[-450,1686],[-727,3590],[-141,2304],[890,4131],[-371,724],[-784,518],[0,1301],[977,3522],[-620,2757],[-163,2823],[233,3086],[550,3490],[-810,2757],[584,1259],[3310,775],[890,1070],[1377,2846],[1457,2166],[291,757],[131,707],[227,519],[549,197],[2657,6518],[545,-1596],[994,-1300],[1123,-684],[972,223],[674,1539],[476,2731],[254,3335],[-11,3366],[-222,3209],[-848,7769],[-258,5925],[-254,2757],[-557,2289],[324,1579],[-200,4133],[232,1893],[-194,905],[-119,1066],[-54,1181],[11,1193],[-994,-3415],[-517,1234],[-2370,2814],[-2965,5111],[459,2009],[158,2324],[-826,485],[-918,906],[-2009,1172],[-1410,2996],[-928,679],[-1370,-295],[-530,1695],[-362,3198],[194,3455],[741,3836],[2159,4312],[5372,-530],[2494,1744],[702,2189],[432,2914],[220,2892],[81,2112],[60,836],[221,1399],[44,893],[-157,543],[-631,904],[-92,626],[216,1041],[323,745],[384,654],[1507,3676],[847,1377],[933,260],[4911,-1868],[1002,263],[533,881],[1129,2592],[627,425],[489,-556],[966,-1922],[575,-355],[432,498],[533,1025]],[[151436,364138],[-8238,-7165],[-2111,-843],[-2068,-1450],[-1799,-2443],[-1883,-1819],[-10085,-284],[-12104,-7839],[-12861,2443],[-2656,-1056],[-6387,-10103],[-4215,-3946],[-3434,-235],[-93,59]],[[83502,329457],[86,806],[101,1302],[-39,1295],[-221,1466],[748,1593],[-441,3558],[-1421,5825],[-1308,-1114],[-1909,0],[-1900,810],[-1293,1284],[-272,894],[-186,1120],[-298,947],[-527,415],[-422,45],[-407,234],[-303,473],[-119,815],[-164,2464],[-461,815],[-1508,584],[-2696,2527],[-1368,338],[-1645,-791],[-922,-895],[-350,-91],[-255,-530],[-153,-1161],[-211,-1147],[-444,-525],[-424,837],[-1194,5690],[279,2022],[-51,2332],[-255,2359],[-331,2081],[-531,2176],[-1152,2780],[-490,1568],[-918,-1120],[-238,1950],[116,4705],[-702,1548],[-816,-175],[-905,-854],[-995,-519],[-3265,-45],[-514,-500],[-680,-10329],[-248,441],[-25,130],[-115,420],[-326,0],[152,-2261],[0,-2055],[-263,-1523],[-633,-693],[-332,681],[-617,3900],[-481,1951],[-24,-3344],[-536,-265],[-711,1308],[-1020,2691],[-336,1314],[-97,1601],[200,2224],[-1442,-902],[-1313,2645],[-1270,3402],[-1293,1380],[237,-2527],[112,-732],[-349,0],[-280,984],[-1149,2780],[90,1626],[141,1407],[17,1399],[-248,1596],[-356,0],[-434,-4277],[-1096,-1044],[-1327,1082],[-1700,3429],[-493,711],[-2717,2035],[-81,1024],[298,2476],[1389,-1452],[575,2198],[496,2897],[1136,698],[0,1187],[-977,1613],[-145,2916],[417,1737],[705,-1912],[89,1478],[128,642],[203,370],[286,667],[212,-1931],[38,-1691],[-166,-1497],[-441,-1401],[264,-492],[267,-304],[319,-156],[420,-39],[405,-273],[102,-640],[76,-739],[332,-519],[756,-129],[753,375],[357,1051],[-446,1865],[0,1090],[816,-1285],[331,-25],[638,220],[611,642],[1327,2236],[396,485],[718,1440],[59,3181],[-472,3305],[-863,1762],[0,1181],[1328,-1497],[636,-1672],[460,175],[791,4082],[-741,1069],[-1282,2820],[-1068,933],[-684,1528],[-510,183],[-469,-674],[-408,-2140],[-364,-454],[-1013,130],[18,669],[472,1632],[344,3000],[-205,1919],[-1580,5696],[323,-1083],[-145,1938],[-646,4815],[-81,959],[50,1051],[-598,6013],[17,2254],[110,2346],[272,1829],[506,739],[787,324],[1147,1424],[579,331],[1385,-271],[1306,-798],[1151,-1334],[939,-1855],[1773,-4613],[851,-2909],[259,-2451],[1212,-4632],[1318,-4077],[459,-1069],[353,-635],[293,-862],[289,-1782],[105,-1756],[-24,-1562],[29,-1511],[276,-1593],[-343,-680],[-189,-248],[-207,-161],[-408,914],[-548,284],[-605,-324],[-581,-874],[891,-1127],[-12,-1439],[-451,-1847],[-428,-2308],[1236,-388],[536,-1736],[322,-2430],[596,-2469],[910,-7292],[837,-3440],[1123,953],[281,2002],[-332,1373],[-843,1466],[-356,6622],[277,2734],[589,2774],[791,1660],[873,-648],[0,1088],[326,0],[591,-1595],[603,-2902],[975,-6467],[241,324],[601,518],[228,344],[405,-2055],[768,226],[931,1147],[932,682],[4131,978],[2573,2948],[832,427],[248,305],[680,1427],[305,439],[536,-65],[489,-492],[498,-220],[620,777],[76,-634],[281,634],[1432,-1632],[1213,1872],[1233,3130],[1504,2061],[0,1088],[-511,953],[-224,-110],[-371,-843],[-356,1187],[-1007,-1108],[-1757,446],[-451,-525],[-1339,1557],[-1397,-117],[-3274,-3267],[-1097,-1231],[-169,103],[506,1867],[-897,1503],[-1583,6158],[-710,1036],[-1296,998],[-518,784],[-1170,2197],[-638,2644],[762,-1828],[927,-1691],[1419,-2106],[817,91],[0,1089],[-629,1827],[-663,1465],[-724,1173],[-837,971],[217,1874],[272,3926],[226,1905],[-765,1724],[-481,-545],[-592,-1139],[-1050,-40],[235,1647],[153,634],[-1135,959],[-646,208],[-719,-182],[103,740],[126,1788],[98,739],[-680,39],[-493,609],[-934,1619],[364,1012],[396,739],[460,415],[560,13],[-1046,3713],[-382,2079],[-352,2903],[965,1568],[2681,1375],[1530,2553],[290,-272],[196,-563],[76,-305],[84,-163],[588,-226],[510,-27],[1199,-1295],[730,-558],[782,84],[-327,2185],[515,855],[429,1004],[405,350],[436,-1128],[158,1245],[35,1205],[-64,1355],[-129,1639],[-357,-1198],[-1049,4465],[-379,1081],[2114,2178],[322,-3422],[884,-414],[558,2073],[-663,4031],[866,662],[812,1023],[680,1245],[493,1322],[1055,-1698],[1123,1684],[398,2515],[-1118,764],[868,4277],[-5,1789],[-863,1645],[-896,-1897],[-586,-973],[-608,-349],[-975,-40],[-262,499],[-524,2255],[-267,505],[-650,-491],[-434,-817],[-387,-155],[-507,1463],[-582,-1295],[-1790,-2509],[-675,-446],[-552,660],[-813,2916],[-777,674],[-979,1602],[-484,3661],[103,4018],[810,2670],[0,1089],[-267,-65],[-834,65],[669,1897],[1185,2146],[1301,1762],[994,719],[529,1382],[-413,3070],[-1220,4841],[-1471,4427],[-728,1334],[-1624,2006]],[[131190,837879],[-493,688],[-2499,-2216],[-387,-552],[-510,8],[-2891,-2768],[-774,-454],[-892,-1094],[-822,-1382],[-560,-1333],[-1161,-4362],[-345,-2067],[78,-1277],[-941,-668],[-4207,1173],[-784,1212],[-738,1438],[-851,1200],[-2045,1329],[-2002,265],[-11159,-3733],[-1619,-2216],[-1122,-5326],[-1314,-12761],[-1136,-4847],[-4910,-11199],[-2240,-9143],[-4684,-8028],[-290,-766],[-544,-1904],[-238,-598],[-560,-439],[-1263,-396],[-1442,-2178],[-2434,110],[-1101,-350],[-886,-1698],[-1521,-4975],[-613,-1038],[-1368,-440]],[[67922,755094],[-1652,11912],[27,12591],[-7628,1745]],[[563098,804362],[-5620,9369],[-832,3379],[-652,3723],[-1458,3675],[-1896,1605],[-2077,-3057],[-918,-7264],[-1605,-6485],[-2369,-3641],[-1880,-3777],[-2197,-1190],[-4086,4535],[-6917,221],[-2007,939],[-3985,-687],[-1727,1139],[-1787,7178],[-7559,13378],[-1722,2284],[-3190,-1384],[-16235,10548]],[[481868,867976],[831,1477],[1189,1419],[787,1889],[-377,2869],[485,1295],[518,609],[1329,173],[632,625],[1706,3820],[2759,2469],[1339,1745],[572,2311],[561,-1267],[454,-2353],[301,-2864],[108,-2806],[346,-1479],[816,-1385],[1721,-1981],[-571,-1913],[496,-893],[2370,-671],[437,-551],[902,-2317],[1614,-2062],[2278,-599],[2258,904],[1576,2469],[32,177],[1042,1034],[2678,-1667],[1030,1868],[-415,9531],[-384,4636],[-690,3260],[-281,3692],[183,4661],[-112,4629],[-854,7667],[255,8062],[2050,10719],[3,10]],[[513842,927188],[1566,-1169],[2433,-725],[2253,466],[1101,1063],[1976,2805],[3230,1283],[5519,5373],[1250,441],[1237,953],[2142,3972],[1148,615],[0,-1088],[-225,-979],[-299,-966],[-408,-816],[-522,-505],[81,-2404],[-986,-4945],[191,-2637],[386,0],[110,3823],[498,3486],[711,2852],[756,1904],[549,1051],[259,175],[3146,-6668],[0,2177],[356,0],[3945,-11743],[731,-4568],[0,-6513],[-179,-1581],[-454,-2618],[-80,-758],[-43,-5210],[200,-2419],[556,-2746],[2322,-6676],[1351,-2151],[1675,-7582],[858,-1600],[2620,-3234],[1487,-849],[281,-738],[136,-1212],[34,-1660],[171,-1879],[442,-811],[578,-407],[586,-648],[294,-772],[523,-1885],[255,-622],[523,-448],[982,-305],[450,-868],[968,-926],[1311,720],[2185,2819],[2762,5617],[446,1497],[166,1556],[741,2896],[165,992],[107,356],[353,3377],[-102,214],[688,1400],[714,-156],[868,-765],[1125,-479],[4510,0],[4107,-2469],[7741,-8963],[1591,-3169],[866,-5061],[103,-7012],[306,-2747],[872,-1122],[1101,-583],[1997,-2819],[1034,-1036],[848,25]],[[158524,363758],[573,-3629],[690,-3490],[2900,-4823],[669,-4691],[-114,-5439],[832,-9580],[-490,-3379],[-1123,-2037],[-146,-4114],[1139,-3716],[809,-4078],[1112,-4107],[3331,-1629],[530,-3598],[-184,-4464],[-1597,-2741],[-2026,-222],[-2451,-8365],[-2769,-6400],[-4034,1259],[-3648,-2629],[-1064,-5855],[658,-6108],[514,-493],[539,-873],[411,-2184],[286,-2366]],[[90901,253671],[-883,-84],[-850,-1108],[-475,-2062],[-248,-2072],[-535,-1361],[-1275,51],[0,-1179],[765,-1244],[-318,-648],[-3074,-487],[-722,-641],[-604,-1336],[-383,1232],[-369,668],[-353,20],[-324,-720],[-89,1159],[-76,506],[-191,506],[-409,-701],[-144,-102],[-145,304],[-408,499],[518,1464],[357,1575],[103,1679],[-229,1801],[799,914],[305,175],[0,1088],[-458,3084],[262,7239],[-908,-641],[-298,934],[-353,11],[-383,-725],[-396,-1205],[217,2677],[310,2377],[137,2295],[-307,2442],[192,1032],[-208,679],[-200,928],[216,1801],[825,-1328],[468,2507],[149,3552],[-191,1794],[-765,662],[-3010,4782],[-4566,3040],[-1952,2481],[486,3273],[918,615],[3506,-615],[1136,363],[4488,3965],[694,1192],[1208,3728],[369,2416],[203,3578],[56,3434],[-60,1982],[-403,1478],[-488,1361],[-325,1853],[102,3020],[179,583],[680,1440],[255,1134],[73,672]],[[645784,161686],[-944,-1473],[-1457,-970],[-8373,-9415],[-8654,-4528],[-3169,-3440],[-7693,-12156],[-2177,41],[-8491,3844],[-1162,-230],[-3319,-2106],[-978,312],[-858,642],[-865,172],[-981,-1086],[-810,-2016],[-406,-1498],[-486,-345],[-1030,1398],[-983,2156],[-194,1828],[452,5111],[-54,3317],[-409,2048],[-1592,3622],[-805,1844],[-982,1406],[-1043,1005],[-998,575],[-3300,519],[-9616,8186]],[[439309,637992],[-528,3181],[167,3369],[-243,3338],[-481,3152]],[[504813,703017],[469,-473],[427,-3214],[978,-1630],[2359,-556],[2721,498],[2580,-1855]],[[777878,593912],[3347,-2630]],[[767301,824067],[1,-3],[1862,-9908],[1307,-10601],[588,-11280],[3271,-19304],[-598,-10763],[733,-10124]],[[774465,752084],[-1057,-452],[-2079,-1564],[-5366,78],[-2608,-1131],[-2553,-1852],[-2263,-127],[-4330,3230],[-4480,313],[-2150,2801],[-3185,8400],[-1577,1402],[-366,-559],[-691,-1420],[346,-3892],[-800,-2149],[-1079,-69]],[[704412,836548],[426,832],[615,324],[1719,-324],[982,-763],[1607,-3164],[1173,-414],[880,699],[1420,2108],[1054,446],[611,493],[2807,3849],[314,687],[187,647],[301,558],[626,395],[3277,-1827],[745,-1743],[1325,-4051],[3107,-6299],[1986,-2643],[2071,-933],[1050,770],[1062,1207],[1037,336],[1415,-2358],[588,-149],[1143,194],[468,-369],[3112,-5743],[927,-1023],[1002,-486],[847,1432],[3293,2631],[1277,291],[3001,-6493],[1508,-2371],[2104,-928],[877,344],[1555,1498],[1204,661],[1874,1672],[1212,1884],[2422,1557],[2678,4085]],[[19681,641065],[324,-154],[255,0],[229,-214],[264,-818],[868,1128],[305,-1549],[-68,-5566],[-353,-2404],[-828,188],[-1702,2761],[-1537,1710],[-703,1264],[-293,1924],[417,1283],[952,473],[1870,-26]],[[15661,690770],[514,-623],[944,674],[777,1452],[331,0],[0,-3265],[-1146,-1459],[-1175,-978],[-3520,-1277],[-2303,-2371],[-4718,-1705],[-1080,181],[-1258,1037],[-621,817],[-259,854],[-2147,1732],[0,990],[1198,4530],[1714,4199],[2090,3112],[3547,1573],[4513,3928],[660,246],[642,-187],[336,-739],[281,-1173],[408,-1043],[731,-312],[0,-1081],[-137,-1330],[-101,-2027],[12,-2016],[226,-1250],[-459,-2489]],[[52444,594213],[-10993,-4724],[-1178,-1148],[-526,-1399],[-537,20],[-2295,-3112],[-407,-705],[-630,0],[-2755,1173],[-560,-175],[-681,-830],[-556,-168],[-472,-1356],[-85,-330],[-158,-816],[-352,311],[-562,1102],[-4124,-2438],[-2083,-6],[-2023,2444],[-220,3466],[1304,8328],[820,7853],[1961,4485],[446,3694],[357,8749],[-221,1711],[-978,4432],[-221,2061],[76,1413],[222,530],[241,370],[166,940],[0,3804],[265,4167],[-171,1432],[-799,388],[284,1821],[779,7959],[-38,972],[-282,3123],[-38,1446],[141,1406],[472,2163],[102,1330],[213,1438],[1095,4491],[478,1127],[2788,-2228],[825,1308],[1742,1801],[562,810],[2202,5205],[468,1801],[147,1322],[65,2047],[179,985],[38,622],[-48,714],[-3,595],[179,248],[572,-53],[272,163],[222,485],[331,2010],[205,2890],[-26,3013],[-348,2366],[340,2338],[268,993],[361,194],[663,-65],[722,336],[1366,1497],[1733,1108],[975,1945],[2311,7168],[463,698],[465,389],[710,895],[658,1245],[5591,15953],[1097,2061],[2146,311],[4510,-894],[1785,998],[575,-389],[1368,-1788],[2981,-615],[1142,615],[1458,2729],[1280,3809],[1599,2989],[2439,259],[1773,-817],[2002,-175],[1161,660],[1773,2548],[808,57],[858,-1554],[541,-2288],[777,-4860],[-715,-1180],[-356,0],[-238,688],[-17,77],[-76,-311],[-383,-454],[2252,-5709],[2891,-4490],[3103,-3202],[3708,-2106],[1461,6],[562,267],[530,823]],[[67922,755094],[-715,-234],[-1997,-1406],[-3026,-4394],[-787,-1730],[-918,-1458],[-3219,-1109],[-978,-1386],[-1692,-3461],[-717,-693],[-587,-939],[-472,-4745],[-548,-1930],[-1688,-2152],[-349,-1205],[-101,-2670],[-324,-2580],[-791,-2131],[-2865,-6144],[-365,-615],[-1530,-882],[-689,-1308],[-1105,-2637],[-14,-603],[-258,-597],[-1370,-3855],[-947,-1809],[-1194,-1729],[-1242,-1291],[-1084,-505],[-710,-1334],[169,-2937],[656,-2986],[757,-1447],[-2500,-5540],[-783,-1380],[-2082,-2780],[-1577,-3473],[-643,-941],[-2772,-2254],[-551,-137],[-498,868],[131,1893],[417,1905],[307,868],[854,1531],[586,3355],[408,3365],[286,1536],[2354,7711],[639,5721],[-264,4356],[-995,3402],[-1556,2826],[544,1049],[170,1063],[-230,829],[-662,324],[-248,727],[476,1515],[685,1367],[345,240],[594,1271],[2678,2417],[1030,78],[782,3207],[2593,3908],[2457,4776],[3077,2658],[2310,4613],[1492,2222],[1623,1745],[1429,784],[2448,-720],[732,720],[705,1768],[1097,3992],[757,1957],[1223,-1425],[1676,1290],[1483,2869],[642,3351],[-1599,7894],[-417,1437],[-514,-194]],[[446770,977919],[6017,-1944],[5965,3967],[1942,383],[837,-533],[1479,-1795],[1816,-1399],[6917,-939],[2725,705],[2729,1886],[863,1103],[1971,3563],[1888,2592],[1555,4421],[1209,5371],[323,4699],[731,-597],[1496,-621],[662,-960],[129,998],[221,220],[314,-91],[409,53],[374,-1892],[561,-1361],[366,-1108],[-231,-1168],[0,-991],[1939,-3564],[1199,-1166],[1531,278],[544,777],[846,2068],[564,422],[782,-266],[502,-701],[1072,-2300],[0,-1089],[-2807,784],[-1308,-350],[-1088,-2008],[-485,-2424],[-450,-3500],[-303,-3668],[-47,-2966],[341,-2450],[1415,-5949],[1569,-4719],[2805,-5468],[0,-1090],[-714,0],[324,-2079],[510,-2560],[680,-2151],[1505,-1790],[1513,-4212],[817,-1439],[3106,-2915],[2266,-843],[851,-1296],[1658,-3641],[1921,-2464],[746,-554]],[[763598,673256],[-8541,4067],[-2462,-2255],[-2116,-4494],[-2618,-703],[-2970,638],[-2829,-2405]],[[433608,708029],[-4890,1083],[-14383,10711]],[[767301,824067],[5880,8972],[1819,-1859],[1540,-397],[1475,986],[1619,2358],[1973,3967],[706,473],[1619,446],[794,643],[647,978],[3098,9591],[3653,6305],[594,525],[792,-310],[2236,-1867],[1317,485],[1973,3189],[849,778],[1098,350],[1211,953],[1173,1399],[974,1646],[2061,4990],[1072,1815],[1321,706],[1357,200],[948,713],[469,883]]],"transform":{"scale":[0.000019143752663752663,0.000006279009369009365],"translate":[25.66325931,35.81977855]},"bbox":[25.66325931,35.81977855,44.80699283,42.09878164]}