{"type":"Topology","objects":{"all":{"type":"GeometryCollection","bbox":[-17.53564453,51.39023438,-34.78574219,37.34038086],"geometries":[{"type":"Polygon","properties":{"a":207,"b":"Swaziland","c":31.434,"d":-26.5456},"arcs":[[0,1]]},{"type":"Polygon","properties":{"a":46,"b":"Congo","c":15.8812,"d":0.0835},"arcs":[[2,3,4,5,6,7]]},{"type":"Polygon","properties":{"a":240,"b":"Zambia","c":25.9681,"d":-14.4386},"arcs":[[8,9,10,11,12,13,14]]},{"type":"Polygon","properties":{"a":19,"b":"Burundi","c":29.8909,"d":-3.3583},"arcs":[[15,16,17]]},{"type":"Polygon","properties":{"a":76,"b":"Gabon","c":11.6623,"d":-0.7312},"arcs":[[-6,18,19,20]]},{"type":"Polygon","properties":{"a":157,"b":"Niger","c":9.7976,"d":17.4629},"arcs":[[21,22,23,24,25,26,27]]},{"type":"Polygon","properties":{"a":80,"b":"Ghana","c":-1.1905,"d":7.5742},"arcs":[[28,29,30,31,32,33]]},{"type":"Polygon","properties":{"a":65,"b":"Egypt","c":29.4518,"d":26.7071},"arcs":[[34,35,36]]},{"type":"Polygon","properties":{"a":241,"b":"Zimbabwe","c":29.4001,"d":-19.105},"arcs":[[37,38,-11,39]]},{"type":"MultiPolygon","properties":{"a":83,"b":"Guinea-Bissau","c":-15.0074,"d":12.2556},"arcs":[[[40,41,42]]]},{"type":"Polygon","properties":{"a":239,"b":"South Africa","c":22.4617,"d":-30.1616},"arcs":[[43,-2,44,45,46,47,-38],[48]]},{"type":"Polygon","properties":{"a":188,"b":"Sudan","c":30.4221,"d":16.2594},"arcs":[[49,50,51,52,53,54,55,-35]]},{"type":"Polygon","properties":{"a":124,"b":"Liberia","c":-9.7042,"d":6.6998},"arcs":[[56,57,58,59]]},{"type":"MultiPolygon","properties":{"a":84,"b":"Eq. Guinea","c":10.4795,"d":1.5503},"arcs":[[[60,61,-20]],[[62]]]},{"type":"Polygon","properties":{"a":135,"b":"Morocco","c":-6.8963,"d":31.3294},"arcs":[[63,64,65,66]]},{"type":"Polygon","properties":{"a":189,"b":"S. Sudan","c":30.1147,"d":6.8985},"arcs":[[67,68,69,70,71,-53]]},{"type":"Polygon","properties":{"a":45,"b":"Dem. Rep. Congo","c":22.4412,"d":-2.9266},"arcs":[[-71,72,73,-17,74,-14,75,76,77,-3,78]]},{"type":"Polygon","properties":{"a":185,"b":"Rwanda","c":29.9902,"d":-1.9571},"arcs":[[79,-18,-74,80]]},{"type":"Polygon","properties":{"a":149,"b":"Mozambique","c":38.2536,"d":-15.2636},"arcs":[[-45,-1,-44,-40,-10,81,82,83],[84],[85]]},{"type":"Polygon","properties":{"a":155,"b":"Namibia","c":17.3346,"d":-21.0554},"arcs":[[-12,86,-47,87,88]]},{"type":"MultiPolygon","properties":{"a":220,"b":"Tunisia","c":9.565,"d":33.1779},"arcs":[[[89,90,91]]]},{"type":"Polygon","properties":{"a":63,"b":"Algeria","c":0.8867,"d":27.8187},"arcs":[[-91,92,-27,93,94,95,-64,96]]},{"type":"MultiPolygon","properties":{"a":3,"b":"Angola","c":18.0449,"d":-12.0858},"arcs":[[[-13,-89,97,-76]],[[98,-4,-78]]]},{"type":"Polygon","properties":{"a":199,"b":"Somalia","c":45.0331,"d":3.9765},"arcs":[[99,100,101,102]]},{"type":"MultiPolygon","properties":{"a":195,"b":"Sierra Leone","c":-11.7851,"d":8.572},"arcs":[[[-59,103,104,105]]]},{"type":"Polygon","properties":{"a":125,"b":"Libya","c":17.4235,"d":27.1738},"arcs":[[-36,-56,106,-28,-93,-90,107]]},{"type":"Polygon","properties":{"a":186,"b":"W. Sahara","c":-12.9931,"d":23.6465},"arcs":[[108,109,110,-66,-65,-96]]},{"type":"Polygon","properties":{"a":37,"b":"Botswana","c":24.5566,"d":-22.4315},"arcs":[[-39,-48,-87]]},{"type":"Polygon","properties":{"a":190,"b":"Senegal","c":-14.6842,"d":14.6626},"arcs":[[111,112,-42,113,114,115,116]]},{"type":"MultiPolygon","properties":{"a":114,"b":"Kenya","c":37.5999,"d":0.2757},"arcs":[[[-100,117,118,119,120,121,-69,122]]]},{"type":"Polygon","properties":{"a":82,"b":"Gambia","c":-15.1429,"d":13.6844},"arcs":[[123,-115]]},{"type":"MultiPolygon","properties":{"a":138,"b":"Madagascar","c":46.7818,"d":-18.3315},"arcs":[[[124]]]},{"type":"MultiPolygon","properties":{"a":153,"b":"Malawi","c":34.1637,"d":-13.9234},"arcs":[[[-86]],[[-85]],[[-82,-9,125]]]},{"type":"MultiPolygon","properties":{"a":150,"b":"Mauritania","c":-11.0926,"d":19.6392},"arcs":[[[-117,126,-110,-109,-95,127]]]},{"type":"MultiPolygon","properties":{"a":223,"b":"Tanzania","c":34.2142,"d":-6.2248},"arcs":[[[128]],[[-121,129,-83,-126,-15,-75,-16,-80,130]]]},{"type":"Polygon","properties":{"a":44,"b":"Cameroon","c":11.705,"d":5.2916},"arcs":[[131,-7,-21,-62,132,133,134]]},{"type":"MultiPolygon","properties":{"a":43,"b":"Côte d'Ivoire","c":-5.5697,"d":7.6289},"arcs":[[[-31,135]],[[136,-33,137,-57,138,139,140]]]},{"type":"Polygon","properties":{"a":224,"b":"Uganda","c":32.6003,"d":1.167},"arcs":[[-131,-81,-73,-70,-122]]},{"type":"Polygon","properties":{"a":69,"b":"Ethiopia","c":39.2099,"d":8.1814},"arcs":[[141,142,-101,-123,-68,-52,143]]},{"type":"Polygon","properties":{"a":81,"b":"Guinea","c":-10.9168,"d":10.9433},"arcs":[[144,-140,-139,-60,-106,145,-43,-113]]},{"type":"Polygon","properties":{"a":38,"b":"Central African Rep.","c":20.4683,"d":6.5682},"arcs":[[-54,-72,-79,-8,-132,146]]},{"type":"MultiPolygon","properties":{"a":159,"b":"Nigeria","c":8.2197,"d":9.6602},"arcs":[[[147,-134,148,149,-23]]]},{"type":"Polygon","properties":{"a":22,"b":"Burkina Faso","c":-1.2777,"d":12.1824},"arcs":[[-25,150,151,-34,-137,152]]},{"type":"Polygon","properties":{"a":212,"b":"Chad","c":18.8443,"d":15.655},"arcs":[[-55,-147,-135,-148,-22,-107]]},{"type":"Polygon","properties":{"a":213,"b":"Togo","c":1.0489,"d":8.6638},"arcs":[[153,154,-29,-152]]},{"type":"Polygon","properties":{"a":59,"b":"Djibouti","c":42.5671,"d":11.9326},"arcs":[[155,-142,156,157]]},{"type":"Polygon","properties":{"a":143,"b":"Mali","c":-1.0019,"d":17.7506},"arcs":[[-26,-153,-141,-140,139,-145,-112,-128,-94]]},{"type":"MultiPolygon","properties":{"a":66,"b":"Eritrea","c":38.0585,"d":15.3967},"arcs":[[[158,-157,-144,-51]]]},{"type":"Polygon","properties":{"a":198,"b":"Somaliland","c":46.1806,"d":9.6203},"arcs":[[-102,-143,-156,159]]},{"type":"Polygon","properties":{"a":129,"b":"Lesotho","c":28.2498,"d":-29.5869},"arcs":[[-49]]},{"type":"Polygon","properties":{"a":21,"b":"Benin","c":2.2615,"d":10.5789},"arcs":[[-150,160,-154,-151,-24]]}]}},"arcs":[[[717,121],[3,-11]],[[720,110],[-3,-7],[-13,3],[-4,9],[6,8],[11,-2]],[[524,530],[-8,-20],[-3,-16],[1,-5],[-4,-15],[-13,-11],[-9,-11],[0,-14],[-5,-11],[-3,-1],[-13,-12],[-4,1],[-1,7],[-9,-2],[-5,-5],[-4,3]],[[444,418],[-5,2],[-11,-8]],[[428,412],[-3,7],[-10,9]],[[415,428],[6,5],[5,-2],[1,5],[-5,7],[0,6],[13,0],[2,8],[5,-8],[10,0],[5,-2],[6,9],[0,18],[-8,5],[3,10],[4,1],[-2,10],[-14,-1],[1,13]],[[447,512],[18,0],[23,-7],[0,8]],[[488,513],[5,8],[0,9],[15,3],[16,-3]],[[731,352],[7,-7],[4,-10],[-5,-3],[-1,-18],[4,-3],[-8,-5],[0,-8],[-4,-5],[7,-5]],[[735,288],[-43,-14],[3,-9]],[[695,265],[-10,0],[-10,-3],[-4,-10],[-15,-6],[-10,-13],[-26,1]],[[620,234],[-4,4],[-10,2],[-13,-3]],[[593,237],[-18,15],[-2,9],[0,41],[29,0],[0,29]],[[602,331],[5,-7],[14,3],[4,-8],[19,-3],[4,5],[6,-9],[13,-4],[7,-11],[12,-1],[0,17],[-9,-3],[-10,8],[-2,5],[4,11],[0,14],[-3,5],[7,7],[1,5],[26,3]],[[700,368],[3,-5],[6,0],[8,-7],[14,-4]],[[697,449],[-1,-8],[5,-4],[-16,-17],[-5,0]],[[680,420],[-2,20],[-3,4]],[[675,444],[11,-1],[2,6],[9,0]],[[415,428],[-26,26],[1,9],[-4,1],[-4,8],[4,0],[4,9],[-1,5],[7,-4],[-7,8],[5,0],[-1,6]],[[393,496],[25,0],[0,16]],[[418,512],[28,1],[1,-1]],[[471,800],[2,-20],[12,-16],[-3,-7],[-4,-41],[-16,-16],[-13,-19],[2,-9]],[[451,672],[-21,-9],[-9,4],[-19,-1],[-8,-7],[-13,2],[-14,6],[-13,-5],[-5,7],[-15,5],[-14,-2],[-6,-4],[-1,-7],[-6,-6],[-1,-11]],[[306,644],[-10,9],[-8,-2],[1,-4]],[[289,647],[-5,5],[1,6],[-9,-1],[-8,5],[0,8],[-8,5],[-3,13]],[[257,688],[11,1],[9,5],[28,1],[5,4],[5,12],[0,36]],[[315,747],[22,4],[26,20],[20,11],[45,26]],[[428,808],[22,-5],[10,-8],[11,5]],[[252,636],[0,-7],[7,-5],[2,-11],[-1,-11],[4,-4],[-2,-22],[9,-10]],[[271,566],[-3,-4],[-10,0],[-15,-8],[-12,-2],[-6,-4],[-16,4]],[[209,552],[0,1]],[[209,553],[1,0]],[[210,553],[4,1],[-7,22],[4,5],[3,11],[4,4],[-3,17]],[[215,613],[-2,21],[33,0],[6,2]],[[789,786],[-83,0],[-51,0],[-39,0]],[[616,786],[0,101],[-4,12],[4,8],[-2,9],[5,3]],[[619,919],[23,-1],[11,-4],[26,-5],[16,9],[11,1],[13,-7],[16,0],[15,2],[10,-25],[-10,-23],[-7,4],[-8,9],[-9,18],[-3,-5],[7,-14],[10,-9],[0,-5],[24,-43],[4,-5],[5,-18],[16,-12]],[[708,172],[-28,2]],[[680,174],[-5,5],[-15,3],[-5,8],[1,7],[-6,0],[-1,5],[-16,8],[-5,14],[-8,10]],[[695,265],[0,-5],[12,0],[10,-6],[15,-4],[0,-24],[-4,-6],[5,-13],[-7,-11],[-2,-9],[-16,-15]],[[36,633],[-5,4],[2,7],[-5,3],[-11,1],[-6,5]],[[11,653],[14,1],[9,3],[21,0]],[[55,657],[-3,-7],[3,-6],[-16,-4],[-3,-7]],[[708,172],[3,-16],[7,-13],[-1,-22]],[[720,110],[11,0]],[[731,110],[-5,-20],[-4,-6],[-14,-9],[-9,-15],[-14,-14],[-28,-23],[-20,-9],[-9,0],[-3,-5],[-14,-1],[-13,3],[-21,-2],[-7,-3],[-13,0],[-13,-6],[-10,4],[-12,2],[-2,12],[-7,6],[7,7],[-2,11],[-8,9],[-10,24],[-7,9]],[[493,84],[7,9],[7,-9],[26,-4],[11,8],[0,51]],[[544,139],[5,-4],[7,-12],[-2,-13],[15,0],[13,11],[8,10],[10,-5],[15,-3],[10,3],[6,14],[12,6],[2,7],[21,16],[14,5]],[[658,80],[-11,-13],[13,-11],[7,9],[8,2],[5,7],[-1,5],[-10,6],[-11,-5]],[[789,786],[4,-12],[0,-14],[4,-18],[17,-11]],[[814,731],[-5,-6],[-19,-7],[-2,-15],[-6,-12],[2,-12]],[[784,679],[-7,-21],[-6,-1],[-9,-14],[-2,-11],[-5,1],[-7,-20]],[[748,613],[-3,0],[0,10],[-10,9],[0,19],[-6,-3],[-10,0],[4,-4],[1,-9],[-18,-18],[-6,0],[-11,7],[-17,-13],[-11,0],[-3,4],[-19,-1],[-10,12],[-12,-2],[-7,-19],[-6,-3]],[[604,602],[-8,1],[1,15],[-12,15]],[[585,633],[2,4],[-5,4],[-3,15],[-9,3],[6,7],[-1,8],[6,4],[-2,6],[8,8],[2,7],[13,0],[0,53]],[[602,752],[0,7],[14,0],[0,27]],[[131,586],[3,-6],[-5,-8],[11,-4],[6,-5],[-2,-11],[1,-10]],[[145,542],[-11,3],[-16,9],[-13,12],[-18,11]],[[87,577],[12,12],[6,10]],[[105,599],[10,-1],[2,-14],[8,-2],[6,4]],[[393,496],[3,18]],[[396,514],[1,-2],[21,0]],[[381,534],[-1,-8],[-4,2],[5,6]],[[222,968],[5,-8],[4,-23],[8,-5],[-3,-6],[-24,0],[-12,-5],[1,-12],[-19,-5],[-9,-8],[-13,-2],[-1,-3],[-9,1],[-22,-13],[0,-14]],[[128,865],[-1,-8],[-14,-3],[-13,2],[-11,-2],[-5,-11],[-5,-1]],[[79,842],[-3,-12],[-16,-17],[-8,-4],[-5,-20],[-8,-10],[-31,0]],[[8,779],[1,6],[6,6],[8,19],[16,16],[5,18],[14,10],[8,14],[21,6],[15,10],[13,18],[-3,15],[7,9],[1,7],[14,11],[20,8],[8,11],[6,14],[9,0],[7,-7],[24,0],[14,-2]],[[748,613],[0,-13],[-11,-1],[-5,-8],[14,-5],[12,-13],[7,-15]],[[765,558],[-18,-18]],[[747,540],[-7,-6],[-8,2],[-12,-5],[-4,3],[-10,0],[-5,-4]],[[701,530],[-15,14],[-17,0],[-6,-2],[-12,11]],[[651,553],[-2,7],[-12,7],[-1,7],[-14,9],[-8,12],[-7,1],[-3,6]],[[701,530],[-1,-14],[7,-4],[-1,-4],[-14,-13],[-8,-15],[-1,-17]],[[683,463],[-7,-7],[-4,-8],[3,-4]],[[680,420],[-1,-7],[4,-9],[-2,-6],[5,-9],[5,-3],[9,-18]],[[602,331],[-12,-3],[-14,0],[1,12],[-7,11],[2,15],[-3,15],[-17,0],[1,5],[-16,-3],[-3,-12],[-9,1],[-17,-2],[-8,11],[-5,15],[-5,5],[-30,-1],[-16,1]],[[444,401],[-10,-2],[-3,3]],[[431,402],[5,5],[-1,5],[9,6]],[[524,530],[-1,11],[8,9],[8,3],[14,-10],[26,-4],[8,9],[5,-2],[15,5],[13,0],[2,4],[22,-3],[7,1]],[[696,467],[5,-8],[0,-10],[-4,0]],[[683,463],[5,-2],[8,6]],[[735,288],[7,-8],[10,2],[3,-12],[-4,-7],[11,-18],[4,0],[0,13],[7,3],[1,18],[-12,14],[-7,4],[-3,17],[4,7],[5,0]],[[761,321],[18,-1],[22,1],[2,4],[9,-1],[22,8],[7,5]],[[841,337],[-1,-11],[2,-18],[0,-18],[4,-9],[-4,-14],[-14,-15],[-9,-6],[-13,-3],[-16,-10],[-3,-5],[-13,-9],[-13,-12],[-4,-10],[3,-1],[5,-14],[1,-10],[3,2],[1,-10],[-3,-11],[2,-5],[-5,-7],[-27,-10],[-8,-5],[-2,-6],[4,-2],[0,-8]],[[756,315],[0,0]],[[757,314],[0,0]],[[620,234],[-12,-1],[-11,-7],[-5,6],[-34,-4],[0,-51],[-14,0],[0,-38]],[[493,84],[-11,9],[-11,24],[-3,18],[-5,11],[0,25],[-14,21],[-14,28],[-10,12],[-1,11]],[[424,243],[12,0],[9,4],[11,-6],[65,0],[8,-7],[21,0],[15,-2],[17,4],[11,1]],[[421,940],[0,-9],[-20,-13],[2,-9],[-11,-8]],[[392,901],[-7,25],[-10,7],[-12,16],[1,5],[10,9],[0,14],[4,16]],[[378,993],[17,6],[12,-9],[8,3],[-9,-13],[8,-5],[1,-5],[-8,-10],[-7,-5],[1,-5],[20,-10]],[[392,901],[5,-18],[1,-16],[-3,-7],[3,-6],[-7,-11],[8,-10],[2,-8],[20,-6],[7,-11]],[[315,747],[-16,-1],[2,10],[-21,7],[-9,7],[0,4],[-17,10],[-70,44]],[[184,828],[-18,10],[-38,22]],[[128,860],[0,5]],[[222,968],[8,1],[17,10],[25,9],[20,1],[17,4],[14,0],[8,-4],[15,6],[9,-2],[4,2],[10,-3],[9,1]],[[424,243],[1,18],[3,4],[8,31],[6,9],[7,3],[4,6],[2,16],[-12,27],[5,9],[-8,19],[-8,12],[12,4]],[[431,402],[-3,10]],[[856,458],[-8,11],[0,52],[13,16]],[[861,537],[13,4],[8,7],[7,2],[17,0],[21,22],[23,21]],[[950,593],[13,20],[0,25]],[[963,638],[17,3],[10,7],[7,-2],[-3,-5],[0,-14],[-3,-2],[0,-13],[-22,-33],[-5,-12],[-14,-23],[-16,-17],[-12,-11],[-17,-9],[-17,-13],[-24,-25],[-8,-11]],[[87,577],[-14,8]],[[73,585],[-11,14],[3,5],[-4,3]],[[61,607],[4,0],[8,12],[19,1],[7,-9],[6,-12]],[[602,752],[-14,6],[-28,14],[-21,9],[-29,13],[-24,13],[-15,-7]],[[421,940],[18,-4],[8,2],[26,-9],[10,-13],[14,-2],[21,-6],[11,-7],[11,3],[6,7],[-3,8],[1,8],[15,9],[17,2],[13,-4],[3,-6],[12,-4],[11,0],[4,-5]],[[128,860],[0,-18],[-49,0]],[[79,842],[0,-35],[-12,-5],[-4,-6],[3,-19],[-58,0],[-2,-7]],[[6,770],[2,9]],[[76,687],[3,-8],[0,-8],[7,-5],[3,-12]],[[89,654],[-17,-1],[-7,4],[-10,0]],[[11,653],[-1,10]],[[10,663],[15,1],[10,6],[12,-5],[5,4],[-8,0],[-7,4],[-9,-3],[-14,0]],[[14,670],[-9,15],[9,16]],[[14,701],[5,10],[9,-1],[16,3],[10,-8],[4,0],[4,-6],[14,-12]],[[856,458],[-6,-4]],[[850,454],[-2,-1]],[[848,453],[-11,-9],[-1,-7],[-4,-4],[-5,-13],[-4,-3]],[[823,417],[-24,16],[1,7],[-26,14],[-28,14]],[[746,468],[0,16],[3,6],[12,14],[-1,14],[-7,8],[0,7],[-6,7]],[[765,558],[7,-2],[0,-6],[5,-7],[12,0],[17,-11],[21,-2],[5,5],[13,6],[7,-5],[9,1]],[[10,663],[0,4],[10,-1],[-6,4]],[[972,310],[5,-9],[4,-23],[5,-9],[-5,-8],[-7,6],[3,-15],[-6,-9],[-1,-15],[-6,-11],[-27,-79],[-22,-10],[-18,3],[-10,13],[-1,18],[-5,10],[4,14],[4,1],[9,19],[0,7],[-6,15],[0,13],[6,9],[0,7],[26,7],[18,10],[5,5],[2,14],[5,-1],[7,6],[0,11],[6,5],[5,-4]],[[731,352],[3,-2],[14,0],[7,-7],[2,-17],[4,-5]],[[14,701],[0,6],[7,18],[0,9],[-2,11],[-4,4],[4,10],[-4,9],[-5,6],[-4,-4]],[[184,828],[-25,0],[0,-7],[9,-75],[5,-35],[3,-4],[-2,-11],[-54,0],[-21,-1],[-3,-3],[-10,6],[-7,-12],[-3,1]],[[827,396],[-5,0],[2,7],[3,-7]],[[823,417],[-6,-17],[2,-8],[8,-7],[-3,-7],[0,-10],[4,-17],[4,-8],[9,-6]],[[696,467],[4,1],[46,0]],[[478,586],[-5,-5],[-6,-13],[-2,-13],[2,-9],[6,-8],[-1,-2],[15,-14],[1,-9]],[[396,514],[2,13],[-6,11],[-7,0],[-2,7],[-5,3]],[[378,548],[7,17],[16,14],[6,1],[8,-9],[6,2],[7,14],[3,10],[9,8],[6,10],[4,14],[8,9],[8,4],[0,9],[-6,2],[-2,10]],[[458,663],[7,-1],[7,-15],[1,-18],[8,-9],[-20,0],[-4,-5],[13,-11],[10,-14],[-2,-4]],[[209,552],[0,1]],[[174,626],[8,-7],[9,-4],[7,4],[9,0],[8,-6]],[[210,553],[-14,1],[-28,-3],[-23,-9]],[[131,586],[4,0],[3,9],[-3,4],[8,-1],[-4,6],[1,8],[-4,1],[2,10]],[[138,623],[1,0]],[[139,623],[4,3],[10,-4],[4,7],[7,1],[0,-6],[10,2]],[[868,654],[-8,-10],[0,-10],[16,0]],[[876,634],[-4,-5],[11,-16],[9,-7],[42,-13],[16,0]],[[784,679],[9,3],[6,-4],[4,10],[7,-6],[20,1],[15,-5],[20,-19],[3,-5]],[[89,654],[3,-6],[4,3],[3,-4],[5,4],[9,-2],[10,4],[3,-10],[6,-3],[-3,-6],[5,-1],[0,-6],[5,-4]],[[61,607],[-5,12],[-12,5],[-8,9]],[[478,586],[5,-1],[10,5],[4,-4],[8,5],[19,2],[8,14],[17,1],[20,17],[0,4],[11,5],[5,-1]],[[451,672],[7,-9]],[[378,548],[-4,-3],[-14,0],[-6,-3],[-12,-1],[-7,5],[-3,11],[-14,13],[-25,0]],[[293,570],[1,37],[4,1],[8,11],[4,10],[-5,11],[1,4]],[[289,647],[-6,-7],[-9,0],[-7,-6]],[[267,634],[-15,2]],[[174,626],[3,19],[8,3],[8,11],[2,8],[8,-3],[4,7],[5,0],[7,9],[5,-2],[20,13],[13,-3]],[[267,634],[-2,-8],[9,-6],[0,-9],[3,-3],[1,-40]],[[278,568],[-7,-2]],[[881,641],[-5,-7]],[[868,654],[5,-1],[6,5]],[[879,658],[4,-9],[-9,-5],[7,-3]],[[814,731],[6,-13],[4,-16],[7,-11],[1,5],[6,-7],[13,-5],[7,-9],[8,-5],[8,-10],[5,-2]],[[881,641],[16,-15],[9,0],[12,6],[9,-2],[13,7],[10,-1],[13,2]],[[293,570],[-15,-2]]],"transform":{"scale":[0.06899487378378379,0.07219832137137137],"translate":[-17.53564453,-34.78574219]},"bbox":[-17.53564453,-34.78574219,51.39023438,37.34038086]}