{"type":"Topology","objects":{"all":{"type":"GeometryCollection","bbox":[8.50505619,16.20772343,1.65455129,13.08114065],"geometries":[{"type":"Polygon","properties":{"a":568,"b":"Adamaoua","c":13.1676,"d":6.7426},"arcs":[[0,1,2,3,4,5,6]]},{"type":"Polygon","properties":{"a":563,"b":"Extrême-Nord","c":14.3416,"d":10.6153},"arcs":[[7,8]]},{"type":"Polygon","properties":{"a":570,"b":"Ouest","c":10.5712,"d":5.4738},"arcs":[[9,10,11,12,-4]]},{"type":"MultiPolygon","properties":{"a":564,"b":"Littoral","c":10.3008,"d":4.2367},"arcs":[[[13,14]],[[15,16,17,18,-19,19,-11]]]},{"type":"Polygon","properties":{"a":566,"b":"Centre","c":11.9943,"d":4.8108},"arcs":[[20,21,-16,-10,-3]]},{"type":"Polygon","properties":{"a":567,"b":"Est","c":13.9488,"d":3.6129},"arcs":[[22,23,-21,-2]]},{"type":"Polygon","properties":{"a":572,"b":"Sud","c":11.8722,"d":2.7462},"arcs":[[-24,24,-17,-22]]},{"type":"Polygon","properties":{"a":571,"b":"Sud-Ouest","c":9.2892,"d":5.1962},"arcs":[[-12,-20,18,25,-14,26,27]]},{"type":"Polygon","properties":{"a":569,"b":"Nord","c":13.8503,"d":8.3519},"arcs":[[28,-7,29,-8]]},{"type":"Polygon","properties":{"a":565,"b":"Nord-Ouest","c":10.4594,"d":6.3756},"arcs":[[-5,-13,-28,30]]}]}},"arcs":[[[874,491],[-8,-10],[1,-6],[-7,-2],[-12,-24],[-16,-10],[-15,-22],[-3,-8],[-8,-8],[-20,-4],[-17,-10]],[[769,387],[-8,3],[-11,-3],[-32,-5],[-11,3],[-25,-5],[-115,0]],[[567,380],[-46,0],[-9,8],[-20,10],[-29,-3],[-13,8],[-17,-6],[-7,0],[-16,-9],[-50,-9]],[[360,379],[4,6],[-4,10],[2,6],[-14,4]],[[348,405],[2,13]],[[350,418],[15,0],[9,2],[6,12],[10,0],[7,15],[-4,4],[3,6],[24,11],[7,6],[11,2],[-13,12],[-6,1],[14,13],[24,17],[-3,7],[5,10],[20,17],[-1,12],[6,6]],[[484,571],[7,-6],[23,-15],[18,-2],[6,-16],[24,-6],[22,-2],[15,-5],[17,1],[4,9],[10,-1],[18,-9],[21,6],[29,0],[0,-5],[28,-2],[4,-7],[26,-19],[1,-10],[19,0],[9,-8],[15,-5],[43,14],[12,0],[9,6],[10,2]],[[737,727],[0,8],[-18,3],[-10,8],[-39,3],[-2,-10],[-27,-4],[-7,4]],[[634,739],[7,7],[7,27],[8,16],[24,22],[2,9],[9,4],[14,15],[9,2],[16,-4],[19,6],[11,8],[11,2],[19,7],[3,5],[-1,9],[-9,5],[10,18],[-3,8],[10,14],[-14,5],[-7,8],[-11,3],[-29,1],[-3,2],[0,14],[-15,46],[46,0],[12,-10],[-3,-7],[10,-11],[7,1],[13,-5],[5,-6],[7,0],[11,-27],[0,-16],[20,-5],[1,-14],[-1,-7],[8,-7],[-7,-9],[10,-12],[-8,-6],[-7,-24],[1,-16],[7,-9],[-3,-9],[10,-13],[-1,-9],[12,-5],[10,-15],[22,-16],[28,-12],[-32,-5],[-29,3],[-15,0],[-5,-2],[-21,1],[-22,-3],[-37,6],[-33,-2]],[[360,379],[-3,-6],[1,-10],[6,0],[-16,-16],[3,-10],[-3,-8],[-14,-9],[0,-10],[-11,-6],[-7,-14],[-11,-1],[-10,5],[-4,-5],[-23,-6],[-9,1]],[[259,284],[-10,5],[-6,10],[-14,1],[-21,-14],[-7,11],[-7,3],[-2,12],[-7,5],[-9,0],[0,7]],[[176,324],[6,2],[10,18],[16,6],[-2,6]],[[206,356],[9,5],[18,-4],[2,6],[24,3],[13,0],[12,16],[13,-1],[24,6],[4,14],[16,0],[7,4]],[[107,198],[7,4],[9,10]],[[123,212],[9,-8],[-11,4],[2,-11],[-16,1]],[[259,284],[-5,-6],[-11,-4],[-1,-8],[14,5],[3,-5],[-14,-14],[20,-9],[7,0],[14,8],[4,-4],[8,12],[14,1],[0,-11],[11,-15],[14,-9],[-5,-6],[-37,-6],[-8,-3],[-8,-10],[0,-12],[-7,-7],[-18,10],[-12,-6],[-6,-16],[-10,-3]],[[226,166],[-6,3],[-10,0],[-9,-8],[-5,-14],[-11,-6]],[[185,141],[-5,0],[-16,15],[-18,9],[20,8],[-21,-4],[-4,24],[19,0],[-8,4],[10,3],[-19,2],[14,12],[-11,-6],[-14,0],[-2,6]],[[130,214],[-1,0]],[[130,214],[6,5],[-4,5],[-11,1],[9,16],[2,13],[5,7],[9,0],[9,9],[2,8],[10,7],[-3,4],[5,8],[6,2],[-13,18],[14,7]],[[567,380],[0,-9],[25,-31],[-14,-20],[-18,-1],[25,-17],[3,-12],[18,-4],[7,-10],[-4,-21],[-28,0],[-11,-2],[-7,-13],[-6,-4],[2,-5],[-6,-14],[4,-6],[-18,-11],[-21,-5],[5,-8],[8,-2],[1,-8],[-5,-11]],[[527,166],[-10,10],[-24,-13],[-7,-6],[-4,-11],[-9,-2],[-5,5],[-28,8],[-6,-6],[-12,-4],[-9,-11],[-20,-6],[-42,-1],[-14,12],[-3,9],[-7,4],[-25,0],[-7,6],[-53,-10],[-11,-1],[-5,17]],[[769,387],[-6,-5],[12,-10],[14,1],[4,-5],[0,-12],[-4,-12],[4,-4],[-3,-13],[-11,-9],[17,-7],[3,-6],[-2,-13],[7,-16],[-2,-4],[4,-13],[8,-6],[20,-10],[8,-2],[8,-10],[3,-13],[14,-8],[-14,-4],[-7,1],[7,-12],[22,-19],[21,-14],[48,-36],[15,0],[10,-10],[6,0],[9,-10],[-6,-9],[8,-5],[1,-11],[-3,-7],[4,-12],[10,-13],[-12,-2],[-6,-16],[10,-15],[2,-9],[-11,-7],[-6,10],[-17,1],[-17,11],[-42,5],[-11,-5],[-18,12],[-8,0],[-10,-7],[-13,6],[-11,-2],[1,3],[-18,1],[-22,12],[-7,-4],[-113,0]],[[669,43],[-4,61],[-6,5],[-11,-10],[-21,1],[-7,5],[-3,-5],[-4,5],[-22,0],[-31,4],[-8,7],[0,9],[-8,15],[-19,14],[2,12]],[[669,43],[-49,0],[-3,10],[-18,1],[-4,-2],[-12,1],[-32,-3],[-48,4],[-9,3],[-12,-3],[-62,0],[-9,3],[-42,-1],[-4,-12],[-176,0],[-20,9],[2,26],[7,17],[0,10],[9,19],[-4,13],[2,3]],[[129,214],[-6,-2]],[[107,198],[-1,10],[-9,-6],[-6,4],[-10,0],[-20,7],[2,11],[-7,5],[-5,18],[3,4],[-12,9],[3,-8],[-8,6],[0,-6],[-9,4],[-11,11],[5,-13],[6,-4],[-20,-2],[-8,5],[1,8],[7,6],[4,15],[16,18],[9,6],[7,24],[0,6],[7,9],[-11,9],[7,6],[-3,7],[19,8],[18,13],[19,10],[7,9],[11,3],[5,5],[13,5],[5,5],[12,1]],[[153,426],[9,-9],[7,-14],[-2,-10],[-24,-11],[0,-10],[21,-10],[19,-5],[7,2],[16,-3]],[[737,727],[-14,-14],[-9,-6],[-9,-9],[12,-6],[37,-29],[4,-6],[60,-32],[4,1],[13,-7],[1,-5],[13,-3],[17,-14],[21,-30],[8,-19],[4,-7],[16,-4],[-2,-15],[-17,-16],[2,-5],[-24,-10]],[[484,571],[-2,18],[23,8],[-5,11],[24,-1],[15,5],[7,9],[7,0],[5,6],[2,24],[10,14],[-6,11],[17,8],[27,6],[9,21],[-7,9],[5,7],[0,10],[19,2]],[[153,426],[11,22],[14,1],[30,18],[5,1],[4,-8],[7,-4],[34,0],[5,7],[5,16],[4,-7],[30,-9],[10,-15],[11,-1],[7,-6],[0,-11],[5,-11],[15,-1]]],"transform":{"scale":[0.00771037761761762,0.011438027387387388],"translate":[8.50505619,1.65455129]},"bbox":[8.50505619,1.65455129,16.20772343,13.08114065]}