{"type":"Topology","objects":{"all":{"type":"GeometryCollection","bbox":[12.08974609,180,41.19926758,77.73046875],"geometries":[{"type":"Polygon","properties":{"a":204,"b":"Slovakia","c":18.801,"d":48.613},"arcs":[[0,1,2,3,4]]},{"type":"Polygon","properties":{"a":137,"b":"Moldova","c":28.589,"d":47.37},"arcs":[[5,6,7,8,9,10]]},{"type":"MultiPolygon","properties":{"a":184,"b":"Russia","c":101.814,"d":61.692},"arcs":[[[11]],[[12]],[[13]],[[14,15]],[[16]],[[17]],[[18]],[[19]],[[20,21,22,23,24,25,26,27,28,29,30,31,32]]]},{"type":"Polygon","properties":{"a":183,"b":"Romania","c":25.089,"d":45.911},"arcs":[[33,34,35,36,37,38,-6]]},{"type":"Polygon","properties":{"a":29,"b":"Belarus","c":28.292,"d":53.765},"arcs":[[-29,39,40,41,42,43]]},{"type":"Polygon","properties":{"a":24,"b":"Bulgaria","c":25.845,"d":42.777},"arcs":[[44,-36]]},{"type":"Polygon","properties":{"a":175,"b":"Poland","c":19.969,"d":52.142},"arcs":[[-15,45,-43,46,-5,47,48,49,50]]},{"type":"Polygon","properties":{"a":96,"b":"Hungary","c":19.402,"d":47.051},"arcs":[[51,-38,52,-2]]},{"type":"Polygon","properties":{"a":57,"b":"Czech Rep.","c":14.885,"d":49.717},"arcs":[[-50,48,-48,-4,53]]},{"type":"MultiPolygon","properties":{"a":225,"b":"Ukraine","c":32.227,"d":49.051},"arcs":[[[26,-26,24,-24,22,-22,54,-34,-11,9,-9,7,-7,-39,-52,-1,-47,-42,40,-40,-28]]]}]}},"arcs":[[[61,214],[-2,-18]],[[59,196],[-9,4],[-3,-11],[-13,-9],[-4,5]],[[30,185],[-2,16]],[[28,201],[12,26]],[[40,227],[8,-5],[9,3],[4,-11]],[[96,115],[0,37],[-10,40]],[[86,192],[4,5]],[[90,197],[0,0]],[[90,197],[12,-14],[-1,-11],[5,-18],[-1,-11]],[[105,143],[0,0]],[[105,143],[-5,0],[0,-12],[-4,-16]],[[812,113],[-8,-22],[0,8],[8,14]],[[857,262],[-2,-16],[-5,1],[7,15]],[[776,361],[5,-35],[-1,-35],[6,-72],[-7,0],[-3,-43],[5,-29],[-5,4],[-2,-20],[-2,3],[2,59],[-2,11],[2,21],[-1,29],[1,20],[-3,17],[1,41],[4,3],[0,26]],[[63,360],[-18,2]],[[45,362],[2,13],[6,1],[0,9],[10,-12],[0,-13]],[[227,765],[-10,-12],[-2,17],[12,-5]],[[288,786],[-4,-7],[-8,16],[4,5],[8,-14]],[[-1143,815],[2135,-5],[-2135,19],[0,-14]],[[257,877],[5,-13],[-5,-23],[7,-23],[7,-10],[-11,-4],[-14,7],[2,8],[-14,23],[9,14],[2,19],[12,2]],[[213,122],[-3,-7],[-4,-27],[4,-10],[2,-34],[5,-28],[-4,-16],[-4,3],[-2,12],[-6,8],[-1,13],[-12,8],[-8,10],[-5,0],[-5,10],[-5,-3],[-3,12],[-12,25],[-2,13],[4,3],[3,20],[-2,12],[9,18],[-7,-4]],[[155,160],[4,21],[6,2],[-1,29],[3,8],[-6,16]],[[161,236],[0,0]],[[161,236],[-6,2],[-4,14],[-5,-6]],[[146,246],[0,0]],[[146,246],[-2,3]],[[144,249],[0,0]],[[144,249],[-5,4],[-2,21],[-5,1],[1,13],[-4,15],[-12,-5]],[[117,298],[-2,30],[8,4],[-6,12],[-5,32],[0,17],[-16,16]],[[96,409],[-6,38],[2,8],[-2,24],[4,29],[12,3],[-14,18],[9,17],[13,36],[2,11],[-10,22],[4,14],[-6,27],[2,16],[-5,29],[5,20],[-9,25],[11,32],[10,8],[4,-13],[16,-5],[18,-24],[16,-20],[2,-21],[-7,-17],[-9,-6],[-19,9],[-18,14],[12,-22],[2,-39],[9,-19],[7,-5],[4,5],[-10,24],[3,9],[15,-17],[6,6],[-4,22],[12,18],[11,-3],[5,15],[-4,14],[1,30],[-4,9],[15,-4],[5,-17],[-11,-15],[7,-13],[10,4],[1,17],[35,38],[6,-22],[8,13],[5,-4],[12,13],[1,-15],[11,15],[-5,16],[5,8],[19,-10],[26,-33],[3,18],[-12,20],[-1,43],[8,12],[7,34],[20,-7],[-5,-32],[5,-16],[-1,-57],[6,-7],[-3,-22],[-9,-30],[-10,-8],[14,-2],[10,20],[5,20],[-2,24],[12,9],[5,-14],[-1,-19],[5,12],[-2,18],[-10,10],[-13,-4],[3,41],[-7,23],[16,23],[-3,-27],[14,-3],[-10,19],[14,2],[-5,7],[12,5],[12,-18],[10,0],[-6,-20],[5,-3],[-2,-17],[6,4],[-2,38],[-16,23],[0,25],[39,9],[-9,21],[5,1],[16,20],[32,19],[10,-6],[28,17],[-1,10],[15,21],[16,-7],[-11,-8],[24,-11],[19,-2],[11,-10],[2,-27],[-32,-44],[-12,-11],[9,-3],[32,19],[0,-11],[13,6],[22,-5],[5,-14],[20,-1],[1,18],[22,-1],[11,-13],[2,-25],[-9,6],[12,-35],[8,-10],[8,30],[10,-13],[8,7],[13,-12],[2,8]],[[749,828],[11,0],[-5,19],[3,8],[15,6],[24,-8],[-6,-19],[12,16],[15,-3],[-2,-13],[13,-12],[5,-12],[21,8],[13,-2],[11,-12],[-1,-20],[7,-7],[2,-20]],[[887,757],[2,0]],[[889,757],[5,21],[27,-5],[6,6],[10,-25],[8,7],[-5,16],[2,13],[21,-6],[11,1],[-2117,-25],[0,-107],[2133,-13],[-6,3],[11,-43],[-1,-22],[-15,4],[-13,-17],[-5,-4],[-9,-22],[-9,-14],[-1,-12],[-7,17],[-14,-7],[-5,-14],[0,17],[-8,-12],[-6,1],[-3,-20],[-7,-28],[0,-11],[7,-1],[-3,-17],[4,-28],[-5,7],[-5,-31],[2,-16],[-13,-15],[0,-27],[-8,-14],[-2,-24],[-8,-22],[-3,9],[-3,71],[-1,16],[0,35],[1,25],[6,11],[0,17],[9,10],[22,67],[10,10],[4,49],[-6,-5],[-2,-20],[-4,-4],[-13,-27],[-2,8],[3,23],[-7,3],[-15,-11],[-5,-22],[-5,-9],[-4,-24],[4,-8],[-22,-9],[6,9],[-16,16],[-13,-15],[-6,6],[-19,-2],[-30,-75],[0,-5],[-14,-36],[-4,-12],[10,-2],[-1,-23],[4,8],[8,-8],[0,15],[5,-1],[10,-27],[0,-27],[2,-5],[-7,-37],[0,-41],[-1,-24],[-5,-14],[-7,-32],[0,-13],[-19,-74],[-7,-19],[-9,0],[-2,12],[-5,-16],[0,37],[-1,21],[6,10],[5,-4],[6,34],[2,31],[3,6],[0,19],[-11,-7],[-2,-8],[-9,-2],[-5,31],[-8,20],[-7,4],[-1,25],[-10,66],[-13,13],[-17,-10],[-4,-12],[4,-4],[0,-16],[-3,-8],[-6,-37],[1,-9],[-9,-14],[-10,14],[-5,-4],[-6,10],[-9,-20],[-12,-10],[-13,4],[-12,29],[-7,4],[-12,-8],[-6,8],[-1,24],[-19,17],[-6,-16],[-2,-13],[4,-12],[-1,-12],[-7,-9],[-16,13],[0,9],[-15,5],[-14,-23],[-2,-12],[-6,-1],[-4,-10],[-5,15],[-8,0],[-1,12],[-5,8],[-5,19],[-11,-7],[-5,15],[-4,-14],[-13,67],[-8,21],[2,11],[-8,-9],[-6,-16],[-6,0],[2,14],[-15,3],[-3,32],[-11,3],[-4,-11],[-34,-27],[-8,1],[0,-20],[5,-5],[-7,-8],[1,-15],[-6,-8],[9,-18],[-3,-17],[-6,3],[-1,-8],[-9,15],[-5,-5],[-6,4],[-4,-12],[-8,11],[0,-14],[-6,25],[-7,8],[-7,0],[-11,-18],[-4,-14],[2,-14],[-4,-5],[-3,14],[-5,-18],[1,-16],[-3,-15],[4,-22],[6,-1],[4,-22],[-2,-9],[4,-7],[-8,-18]],[[96,115],[9,-5]],[[105,110],[-1,-11],[-6,-14],[0,-16]],[[98,69],[-9,12],[-11,-13],[-15,4],[0,10]],[[63,82],[-9,20],[-5,32]],[[49,134],[4,5],[6,39],[4,6]],[[63,184],[2,4],[11,-10],[10,14]],[[117,298],[-5,-2],[-2,-21],[-14,8]],[[96,283],[0,0]],[[96,283],[-18,11],[-9,-12]],[[69,282],[-4,22],[4,10],[-2,34]],[[67,348],[6,-1],[7,11],[1,15],[6,10],[-1,13],[10,13]],[[98,69],[-4,-9],[-2,-25],[2,-15],[-5,4],[-6,-11],[1,-9],[-6,-4],[-4,9],[-11,-5],[-2,20],[0,21],[4,7],[-4,25],[2,5]],[[63,360],[4,-12]],[[69,282],[2,-30],[-6,-10],[-4,-28]],[[40,227],[-3,11]],[[37,238],[0,0]],[[37,238],[-9,14],[-12,11]],[[16,263],[-1,47],[-2,35],[23,28],[4,-13],[5,2]],[[59,196],[4,-12]],[[49,134],[-5,1],[-6,-11],[-6,3],[-7,17],[1,35],[4,6]],[[28,201],[-10,12],[-6,-12],[-9,20],[-3,25],[9,14],[7,3]],[[155,160],[-8,-9],[-5,-1],[-7,-15],[4,-22],[7,1],[-1,-8],[-6,0],[-2,-8],[-9,-10],[0,18],[-7,8],[7,16],[-2,5],[-9,4],[5,8],[-12,-1],[-2,-19],[-4,-4],[1,-13]]],"transform":{"scale":[0.16807833224224222,0.03656776893893894],"translate":[12.08974609,41.19926758]},"bbox":[12.08974609,41.19926758,180,77.73046875]}