{"type":"Topology","objects":{"all":{"type":"GeometryCollection","bbox":[-92.01158607,-75.22726396,-5.01137258,1.66437409],"geometries":[{"type":"Polygon","properties":{"a":798,"b":"Loja","c":-79.6869,"d":-4.102},"arcs":[[0,1,2,3]]},{"type":"Polygon","properties":{"a":802,"b":"Cañar","c":-78.8844,"d":-2.5377},"arcs":[[4,5,6,7,8,9]]},{"type":"Polygon","properties":{"a":809,"b":"Orellana","c":-76.3953,"d":-0.7787},"arcs":[[10,11,12,13,14,15,16,17,18,19,20,21,22,23]]},{"type":"Polygon","properties":{"a":815,"b":"Carchi","c":-77.9124,"d":0.6946},"arcs":[[24,25,26,27,28]]},{"type":"Polygon","properties":{"a":813,"b":"Tungurahua","c":-77.9269,"d":-0.7109},"arcs":[[-23,29,30,31,32,33]]},{"type":"Polygon","properties":{"a":803,"b":"Cotopaxi","c":-78.8212,"d":-0.8721},"arcs":[[-32,34,35,36,37]]},{"type":"Polygon","properties":{"a":811,"b":"Pastaza","c":-76.845,"d":-1.6982},"arcs":[[20,-20,18,-18,16,-16,14,-14,12,-12,38,39,40,-30,-22]]},{"type":"Polygon","properties":{"a":808,"b":"Morona Santiago","c":-77.7235,"d":-2.5392},"arcs":[[41,42,43,-5,44,45,-40]]},{"type":"Polygon","properties":{"a":801,"b":"Bolivar","c":-79.0748,"d":-1.6395},"arcs":[[46,47,48,49,-36]]},{"type":"MultiPolygon","properties":{"a":800,"b":"Galápagos","c":-91.1295,"d":-0.7992},"arcs":[[[50]],[[51]],[[52]],[[53]],[[54]],[[55]],[[56]],[[57]],[[58]]]},{"type":"MultiPolygon","properties":{"a":804,"b":"Guayas","c":-80.2771,"d":-2.0325},"arcs":[[[59]],[[60]],[[-49,-9,61,62,63,64,65]]]},{"type":"Polygon","properties":{"a":807,"b":"Chimborazo","c":-78.7133,"d":-1.8529},"arcs":[[-45,-10,-48,66]]},{"type":"Polygon","properties":{"a":806,"b":"Manabi","c":-79.9591,"d":-0.4899},"arcs":[[67,68,-65,69,70]]},{"type":"Polygon","properties":{"a":797,"b":"El Oro","c":-79.8454,"d":-3.506},"arcs":[[71,-3,72,-63]]},{"type":"Polygon","properties":{"a":805,"b":"Los Rios","c":-79.5838,"d":-1.408},"arcs":[[-37,-50,-66,-69,73]]},{"type":"MultiPolygon","properties":{"a":814,"b":"Esmeraldas","c":-79.2044,"d":0.6378},"arcs":[[[74]],[[27,-28,-27,75,76,-71,77]]]},{"type":"Polygon","properties":{"a":816,"b":"Imbabura","c":-78.2519,"d":0.3675},"arcs":[[78,79,-76,-26]]},{"type":"Polygon","properties":{"a":796,"b":"Azuay","c":-79.1726,"d":-3.0249},"arcs":[[6,-6,-44,80,-4,-72,-62,-8]]},{"type":"Polygon","properties":{"a":810,"b":"Pichincha","c":-78.7849,"d":-0.1019},"arcs":[[-80,81,-33,-38,-74,-68,-77]]},{"type":"Polygon","properties":{"a":799,"b":"Zamora Chinchipe","c":-78.8787,"d":-4.1053},"arcs":[[82,-1,-81,-43]]},{"type":"Polygon","properties":{"a":812,"b":"Napo","c":-78.5037,"d":-1.2882},"arcs":[[-41,-46,-67,-47,-35,-31]]},{"type":"Polygon","properties":{"a":817,"b":"Sucumbios","c":-76.3152,"d":-0.0389},"arcs":[[-24,-34,-82,-79,-25,83]]}]}},"arcs":[[[768,206],[-5,-17],[3,-16],[-1,-10],[0,-19],[0,-14],[3,-8],[0,-34],[-7,-12],[-2,3],[-4,-4],[0,-15],[-9,-25]],[[746,35],[-1,17],[-3,7],[3,10],[-4,4],[-6,13],[-9,-8],[-4,6],[-1,8],[-7,3],[-8,13],[-5,-3],[-1,-12],[-8,-13],[-1,-1],[-5,7],[0,6],[8,26],[0,3],[-8,-2],[0,15],[-2,7],[2,11],[5,2],[5,-6],[4,12],[5,9]],[[705,169],[9,3],[8,6],[8,-3],[6,12],[3,1],[2,-6],[8,-1],[2,3],[-1,8],[3,12],[-3,8],[-5,-4],[1,15],[3,9],[-3,7],[0,13]],[[746,252],[9,-2],[1,-9],[3,-9],[4,3],[3,-14],[2,-15]],[[799,404],[5,-9],[0,-21],[-4,-8]],[[800,366],[-4,-6],[0,-4],[-6,-9],[-4,-1],[0,-9],[-2,-9]],[[784,328],[0,0]],[[784,328],[-5,0],[-1,7],[-8,18],[-5,-12],[-9,22],[-3,4],[-2,6],[-3,3]],[[748,376],[-4,-3],[0,4],[5,11],[0,8],[4,9],[8,4],[5,11]],[[766,420],[7,-21],[5,-8],[5,1],[3,9],[13,3]],[[997,654],[-2,-2],[0,-14],[2,-22],[1,-11],[-6,-1],[-5,9],[-2,-26],[-2,-18],[-6,-51]],[[977,518],[0,8],[-7,7]],[[970,533],[0,0]],[[970,533],[-3,7],[-5,7],[-5,1],[-7,8]],[[950,556],[0,0]],[[950,556],[-2,2]],[[948,558],[0,0]],[[948,558],[-6,-1]],[[942,557],[0,0]],[[942,557],[-5,1],[-1,-3]],[[936,555],[0,0]],[[936,555],[-4,2],[-3,5],[-5,1],[-2,11],[0,15],[-5,5],[-10,-9],[-3,2],[-3,-10],[-5,6],[-5,2],[-3,7],[1,7]],[[889,599],[2,13],[-9,9],[0,9],[5,13],[-3,1],[-3,-9],[-2,-7],[-15,-20],[-5,3],[3,13],[0,12],[2,14],[-5,14],[-4,4],[5,12],[4,-5],[5,-1],[5,18],[3,3],[1,18],[-2,5],[0,23]],[[876,741],[6,-5],[2,2],[7,-4],[2,5],[5,1],[0,-6],[6,-18],[3,-5],[4,-14],[5,-11],[2,3],[5,-11],[6,-3],[3,5],[5,4],[10,0],[0,-9],[5,-8],[4,3],[0,17],[6,-2],[5,2],[4,-7],[1,2],[6,-7],[4,-8],[6,-2],[0,-4],[8,-4],[1,-3]],[[863,849],[-4,-6],[-5,2],[0,-6],[-4,-9],[-3,-13],[-3,-15]],[[844,802],[-1,5],[-9,12],[-9,7],[-1,21],[-5,19],[-6,12],[-5,2]],[[808,880],[-7,11],[0,12],[3,11],[0,14]],[[804,928],[1,0]],[[805,928],[8,-20],[6,-5],[10,-18],[5,-1],[5,-6],[0,-5],[5,-2],[5,5],[4,-3],[1,-16],[5,-7],[4,-1]],[[889,599],[-10,-2],[-9,-9],[-2,0],[-8,-8],[-8,-2],[-8,-11],[-9,0],[-8,-2]],[[827,565],[0,5],[-7,9],[-6,-3],[0,18],[-4,12]],[[810,606],[-2,2],[1,11],[1,6],[-1,23]],[[809,648],[5,4],[0,8],[4,7],[1,13],[0,10],[4,16],[0,17],[6,0],[0,6],[5,1],[1,13],[8,8],[1,4]],[[844,755],[3,-2],[0,-10],[2,-5],[10,-2],[6,10],[2,-15],[5,-2],[4,12]],[[810,606],[-2,-7],[-2,-10],[-7,1],[0,-5],[-5,-6],[-5,2],[-8,-7]],[[781,574],[-2,1],[-4,-6],[-4,2],[-1,6],[-5,0],[-7,-7]],[[758,570],[-3,12],[1,26],[4,19],[5,9],[4,25],[0,6]],[[769,667],[2,-5],[4,12],[-4,4],[5,18],[3,1],[5,-18],[0,-5],[5,-10],[2,-12],[5,7],[9,-1],[4,-10]],[[977,518],[-6,-18],[-15,-43],[-9,-26],[-7,-13],[-11,-22],[-17,-30]],[[912,366],[-3,-2],[-6,8],[-5,-2],[-6,9],[0,6],[-6,19],[-2,1],[-14,23],[-21,20],[0,10],[-5,2],[-1,6],[-1,17],[-3,14],[-1,5],[-4,-2],[-5,27],[-5,6]],[[824,533],[3,11],[0,21]],[[912,366],[-5,-6],[-53,-46],[-11,-10],[-6,-11],[-9,-29],[-3,-9],[-3,-8],[2,-11],[0,-6],[-5,-5],[0,15],[-5,3],[-1,-8],[-1,-13]],[[812,222],[-8,0],[-10,-3],[0,-4],[-10,4],[-3,8],[0,9],[3,6],[-6,10]],[[778,252],[0,6],[6,15],[6,6],[4,11],[1,17],[4,15],[-1,12],[2,12],[8,8],[1,7],[-5,5],[-4,-7],[0,7]],[[799,404],[2,4],[3,10],[0,14],[2,5],[0,11],[-2,9],[5,13],[0,11],[-3,4],[0,10],[7,12],[0,15]],[[813,522],[2,6],[4,-1],[5,6]],[[781,574],[-1,-16],[-1,-8],[0,-9],[2,-9]],[[781,532],[2,-11],[0,-21],[-4,-13],[-5,-4],[0,-20],[-1,-19],[1,-7],[-4,-13],[-4,-4]],[[766,420],[0,8],[-6,0]],[[760,428],[1,15],[-3,15],[2,21],[-1,5],[1,6],[-4,12],[-2,4],[6,13],[-5,11],[0,17],[1,3],[-2,7],[-3,-4],[4,14],[3,3]],[[140,549],[3,-4],[-3,-5],[-6,6],[6,3]],[[91,568],[6,-7],[-3,-13],[-3,1],[-2,6],[1,10],[1,3]],[[160,647],[4,1],[-1,-12],[-4,-9],[-3,-1],[-2,-12],[-9,-7],[-4,4],[2,7],[3,9],[4,4],[1,6],[5,10],[4,0]],[[105,674],[4,-6],[-2,-20],[-3,-10],[-4,1],[-3,-6],[-3,3],[-8,12],[1,17],[4,8],[14,4],[0,-3]],[[32,711],[4,-10],[0,-21],[-8,-3],[-6,9],[-1,7],[-1,13],[6,0],[6,5]],[[72,728],[9,-8],[5,-12],[-1,-12],[-14,3],[-4,10],[4,18],[1,1]],[[40,773],[5,-24],[2,-1],[1,-30],[5,-14],[9,-17],[0,-28],[4,-3],[3,-11],[3,-8],[-2,-3],[-1,-21],[-5,-8],[-6,0],[-1,-4],[-6,-5],[-15,2],[-3,3],[0,8],[-3,7],[1,12],[12,22],[8,-2],[4,17],[-7,8],[-2,15],[0,6],[-8,10],[-2,17],[0,20],[-3,7],[-6,-6],[-4,6],[5,9],[3,9],[1,-1],[8,8]],[[92,790],[-1,-1],[-5,7],[0,4],[5,5],[3,-3],[1,-9],[-3,-3]],[[75,838],[-4,-3],[0,13],[4,-4],[0,-6]],[[707,301],[-1,-4],[-5,-1],[-2,1],[0,28],[3,19],[9,7],[3,0],[7,-8],[-5,-8],[-7,-26],[-2,-8]],[[725,355],[-4,-2],[3,18],[3,2],[-2,-12],[0,-6]],[[748,376],[2,-5],[-18,-44],[0,-20],[-3,-16]],[[729,291],[-8,3]],[[721,294],[0,12],[6,46],[4,7],[-1,19],[-4,1],[-2,15],[0,27],[-2,13],[4,5],[-5,0],[0,-20],[1,-8],[-1,-40],[-5,-11],[-5,1],[0,6],[5,15],[-4,-2],[2,16],[3,9],[-3,-3],[-4,-20],[-5,-19],[-4,-6],[-4,2],[3,-11],[0,-7],[-4,3],[-5,9],[-5,5],[-5,19],[-5,11],[-10,8],[-6,8],[0,5],[-5,13],[2,0],[1,-4],[4,2],[9,15],[-1,21],[1,9],[-1,16],[-4,18]],[[666,499],[15,3],[1,-9],[-1,-12],[3,-7],[5,0],[2,15],[5,9],[5,0],[0,11],[-4,6],[7,5],[-2,14],[4,6],[1,12],[4,6],[4,17],[0,6],[4,-2],[5,8],[2,10],[0,7],[5,14],[6,5]],[[737,623],[5,2],[2,-4],[-4,-28],[-6,-10],[0,-5],[-4,-6],[0,-7],[-4,-16],[-2,-7],[-2,-8],[0,-29],[5,-7],[9,-34],[5,4],[5,-2],[7,-13],[3,-18],[4,-7]],[[781,532],[4,5],[6,-8],[4,-2],[8,1],[1,6],[8,-7],[1,-5]],[[739,748],[0,-7],[6,-16],[5,-2],[0,-35],[-4,-19]],[[746,669],[-4,-22],[-2,-5],[-3,-19]],[[666,499],[-3,15],[3,11],[2,4],[0,13],[3,7],[-6,17],[-5,24],[6,18],[10,4],[1,-3],[4,8],[3,22],[2,18],[4,3],[1,-9],[5,2],[-5,1],[-2,11],[-2,14],[-2,14],[4,6],[2,15],[5,9],[0,-1],[9,17],[4,17],[2,7],[1,13],[-1,22],[4,4]],[[715,802],[1,-10],[3,-3],[2,9],[5,0],[4,8],[2,-5],[-1,-8],[5,-5],[-4,-11],[9,-10],[-4,-9],[2,-10]],[[729,291],[10,-14],[0,-9],[-4,-16],[6,1],[5,-1]],[[705,169],[-4,20],[0,1],[0,22],[-1,2],[1,10],[-2,3],[0,9],[-5,7],[3,9],[3,-2],[6,2],[5,16],[3,-3],[3,5],[2,14],[2,10]],[[746,669],[8,-1],[-1,-19],[5,0],[8,18],[3,0]],[[779,940],[-3,-5],[-1,5],[4,16],[1,-10],[-1,-6]],[[808,880],[0,-10],[-5,-6],[6,-30],[-9,-8],[-5,-18],[-11,6],[-5,-6],[-4,-16],[-1,-2]],[[774,790],[-3,3],[-10,5],[-8,-14],[3,-5],[-1,-12],[-4,-14],[-3,-3],[0,-6],[-9,4]],[[715,802],[0,6],[-4,11],[3,11],[-2,13],[-3,6],[-2,11],[3,11],[1,5],[5,-2],[6,7],[5,11],[10,7],[3,-2],[6,13],[12,3],[2,-1],[5,4],[5,15],[3,0],[2,-14],[1,4],[0,10],[4,5],[0,11],[4,12],[0,6],[7,-17],[3,-9],[4,0],[1,-10],[5,-1]],[[844,802],[-1,-6],[1,-6],[-7,-16]],[[837,774],[-8,5],[-5,-8],[-5,-1],[-6,9],[-1,5],[-3,3],[-15,-5],[-6,4],[-9,-4],[-4,1],[-1,7]],[[778,252],[-8,-13],[0,-31],[-2,-2]],[[837,774],[-2,-7],[8,-7],[1,-5]],[[812,222],[-3,-7],[0,-17],[0,-15],[-5,-9],[0,-17],[-5,-5],[0,-16],[-6,-34],[1,-12],[1,-4],[-1,-8],[0,-9],[-3,-6],[-8,-10],[-4,-10],[0,-21],[-4,-2],[-1,-12],[-4,-8],[-2,5],[-10,2],[-12,28]],[[863,849],[2,-2],[2,-28],[1,-9],[4,-4],[9,-6],[3,3],[4,-1],[3,-6],[5,-3],[5,-7],[7,-2],[0,7],[8,-2],[2,-7],[10,6],[-1,22],[4,0],[2,9],[8,-9],[2,0],[3,-7],[4,1],[5,-16],[0,-5],[6,-14],[6,-8],[8,1],[3,-6],[3,-7],[6,-8],[8,-5],[-2,-7],[-6,-4],[-7,7],[-5,2],[0,-11],[2,0],[6,-10],[3,-17],[2,-16],[4,0],[5,-11],[0,-15]]],"transform":{"scale":[0.01680112323323324,0.006682429099099099],"translate":[-92.01158607,-5.01137258]},"bbox":[-92.01158607,-5.01137258,-75.22726396,1.66437409]}