{"type":"Topology","objects":{"all":{"type":"GeometryCollection","bbox":[-74.48916582,-71.63911088,18.02594636,20.08978913],"geometries":[{"type":"MultiPolygon","properties":{"a":1304,"b":"Sud","c":-73.88847,"d":18.26206},"arcs":[[[0]],[[1,2,3,4]]]},{"type":"MultiPolygon","properties":{"a":1303,"b":"Nord-Ouest","c":-73.04969,"d":19.81657},"arcs":[[[5,6,7]],[[8]]]},{"type":"Polygon","properties":{"a":1307,"b":"Nord-Est","c":-71.89382,"d":19.51333},"arcs":[[9,10,11]]},{"type":"Polygon","properties":{"a":1302,"b":"Nippes","c":-73.40048,"d":18.42663},"arcs":[[12,13,-5,14,15]]},{"type":"Polygon","properties":{"a":1310,"b":"Sud-Est","c":-72.38358,"d":18.28665},"arcs":[[16,-2,-14,17]]},{"type":"Polygon","properties":{"a":1308,"b":"Nord","c":-72.25087,"d":19.63478},"arcs":[[-11,18,19,-6,20]]},{"type":"Polygon","properties":{"a":1306,"b":"Centre","c":-71.97559,"d":19.08013},"arcs":[[21,22,23,-19,-10]]},{"type":"MultiPolygon","properties":{"a":1309,"b":"Ouest","c":-72.17234,"d":18.45342},"arcs":[[[24]],[[-23,25,-18,-13,26,27]]]},{"type":"MultiPolygon","properties":{"a":1301,"b":"Grand'Anse","c":-74.14169,"d":18.50387},"arcs":[[[28]],[[-15,-4,29]]]},{"type":"Polygon","properties":{"a":1305,"b":"L'Artibonite","c":-72.49232,"d":19.34915},"arcs":[[-20,-24,-28,30,-7]]}]}},"arcs":[[[279,39],[2,-4],[4,5],[6,-7],[16,0],[12,-7],[0,-7],[-5,-3],[-6,-2],[-15,2],[-11,5],[-9,12],[6,6]],[[517,94],[2,-19]],[[519,75],[-29,3],[-12,0],[-11,9],[-49,12],[-21,-3],[-3,0],[1,7],[5,3],[12,0],[0,2],[-23,3],[-29,0],[-8,-3],[-10,-9],[-8,2],[-6,12],[-5,-5],[-4,-16],[-5,4],[-6,-4],[-6,9],[3,7],[-6,-2],[-3,-12],[-5,-5],[0,7],[3,17],[-9,-14],[-6,2],[0,-5],[-17,-16],[-24,-17],[-6,-7],[-6,-14],[15,-21],[3,-17],[-6,-4],[-23,0],[-8,6],[-3,8],[-21,42],[-6,5],[-8,12],[-35,33],[-6,4],[-15,5],[-7,14],[-19,10],[-3,-3],[-7,3],[-15,-10],[-8,-4],[-13,7],[-8,4],[-6,10],[-12,9],[-2,7]],[[13,162],[9,1],[10,-1],[19,1],[19,7],[35,9],[37,3],[13,-5],[32,-12],[17,-2],[0,11],[5,10],[15,0],[23,9]],[[247,193],[12,-2],[11,0],[12,-7],[9,9],[11,2],[9,-2],[11,-14],[9,-5],[-8,-19],[19,-7],[21,5],[23,2],[12,3],[11,7],[18,-3],[20,0],[17,-4],[9,4],[8,-4],[13,-14],[11,-14],[3,-20],[9,-16]],[[673,895],[-7,-15],[-13,-14],[-6,5],[-11,0],[-1,-9]],[[635,862],[-11,2],[-13,-14],[-8,-2],[-23,-24],[-26,-5],[-29,5],[-14,4],[-12,-2],[-17,-23],[-3,-26],[0,-1]],[[479,776],[-9,-7],[-14,5],[-12,12],[-8,-9],[-15,-3],[-32,3],[-12,2],[-8,12],[-7,5],[-5,25],[15,33],[3,0],[19,10],[0,5],[-19,0],[5,4],[21,2],[43,26],[12,12],[6,12],[10,-9],[10,2],[14,-5],[9,-2],[14,5],[11,-3],[3,-4],[3,7],[6,5],[9,0],[6,-3],[20,9],[12,1],[11,0],[35,-12],[17,-10],[21,-9],[0,-2]],[[604,987],[34,-17],[15,-11],[-4,-12],[-6,4],[-31,5],[-14,7],[-17,5],[-4,4],[-12,-4],[-8,2],[-17,9],[-4,5],[4,3],[17,7],[26,4],[8,0],[13,-11]],[[959,606],[-11,-2],[-20,2],[-17,3],[-7,7],[-12,7],[-13,10]],[[879,633],[-6,25],[-18,24],[-12,5],[3,7],[1,12],[-6,14],[-7,26],[-2,11],[2,12],[10,5],[6,14],[2,19],[3,9]],[[855,816],[8,-6],[6,0],[4,7],[3,2],[6,7],[11,0],[17,-7],[9,-2],[0,-8],[-6,-4],[-11,0],[5,-9],[6,-1],[12,3],[9,-10],[5,10],[-2,2],[-7,3],[-5,7],[5,9],[12,-3],[15,-2],[3,-12],[2,-16],[-2,-14],[2,-10],[9,-30],[6,-38],[-1,-22],[-7,-14],[-4,-14],[-14,-14],[2,-10],[6,-14]],[[502,209],[3,-11],[-6,-12],[0,-14],[9,0],[6,-7],[2,-12],[6,-9]],[[522,144],[-2,-15],[-4,-14],[1,-21]],[[247,193],[6,19],[8,10],[-5,4],[-3,7],[6,10],[3,7]],[[262,250],[12,14],[8,0],[21,7],[13,-3],[1,-9],[-7,-7],[-11,3],[0,-3],[-14,5],[-6,-2],[-8,-3],[14,-9],[2,-10],[6,-4],[12,2],[5,-2],[12,9],[15,2],[55,-5],[8,-2],[13,-9],[8,-3],[29,1],[12,-1],[14,-7],[6,-4],[11,-3],[9,2]],[[969,129],[-15,-35],[-3,-24],[5,-19],[0,-23],[-5,-22],[-6,5],[-24,43],[-11,12],[-12,9],[-28,14],[-12,7],[-12,5],[-12,0],[-28,-5],[-38,0],[-51,0],[-27,-7],[-11,7],[-1,-2],[1,-19],[-3,-5],[-4,0],[-14,7],[-43,-6],[-8,2],[2,-10],[-9,3],[-9,-8],[-20,3],[-9,-5],[-10,7],[-25,10],[-8,2]],[[522,144],[9,-20],[17,3],[11,0],[4,-7],[8,-5],[9,10],[23,-10],[8,12],[3,12],[12,-5],[7,10],[14,2],[3,4],[14,1],[9,5],[3,0],[12,18],[13,7],[12,0],[15,-11],[11,0],[9,-14],[29,-3],[29,3],[61,-17],[31,0],[23,-2],[18,-15],[30,7]],[[879,633],[-24,-17],[-26,-19],[-6,0],[-11,16],[-11,5]],[[801,618],[-3,12],[-6,14],[-1,14],[1,14],[-6,17],[-14,9],[-12,15],[-3,31],[-12,9],[-6,-2],[-6,-8],[-8,0],[0,-11],[-9,-5],[-14,7],[-20,24],[-10,38],[-8,6],[-5,8],[3,16],[-7,7],[-8,-2],[0,12],[-7,7],[-5,12]],[[673,895],[8,-12],[9,-8],[11,-4],[4,4],[17,-11],[11,-2],[4,2],[2,-9],[18,-19],[-3,-3],[-4,3],[4,-17],[9,-2],[-1,4],[3,7],[-3,14],[6,-4],[15,2],[6,12],[6,0],[5,-5],[-3,-11],[12,-6],[17,3],[11,-12],[12,0],[6,-5]],[[959,606],[12,-16],[28,-17],[-4,-37],[-4,-8],[-17,-18],[-11,-19],[-15,-22],[-4,-4],[-19,-5],[-6,-7],[2,-7],[15,5],[8,0],[7,-17],[14,-19],[3,-9],[0,-21],[3,-19],[-3,-17],[-6,-17],[-17,-16]],[[945,316],[-3,5],[-12,9],[-16,5],[-24,12],[-27,-7],[-28,-12],[-26,12],[-21,28],[-11,9],[-12,5],[-11,9],[-11,15]],[[743,406],[17,2],[17,-2],[9,5],[0,16],[6,16],[-3,36],[5,24],[-5,26],[5,11],[-11,12],[3,36],[15,30]],[[585,326],[-5,-1],[-8,15],[-10,0],[-31,9],[-23,5],[-30,26],[-31,12],[-9,7],[-8,14],[-10,12],[-3,9],[1,7],[11,12],[13,5],[10,-3],[47,-26],[24,-11],[28,-17],[24,-14],[11,-17],[3,-9],[0,-14],[0,-12],[-4,-9]],[[945,316],[-6,-7],[-6,-17],[-5,-5],[-15,-7],[-26,7],[-12,-4],[-6,-7],[3,-7],[32,-43],[3,-12],[-6,-9],[1,-9],[6,-5],[14,-3],[11,-18],[14,-12],[18,-10],[9,-9],[-5,-10]],[[502,209],[25,5],[30,-9],[-1,-7],[6,0],[9,5],[36,-8],[14,3],[9,12],[8,14],[6,17],[8,14],[10,4],[60,-7],[5,7],[4,-4],[8,-12],[9,0],[3,9],[0,10],[0,35],[8,14],[-5,10],[-17,9],[-17,3],[-7,9],[-6,9],[-8,7],[-8,0],[-12,10],[-24,50],[-5,7],[-14,12],[-12,6]],[[624,443],[5,10],[6,5],[23,-1],[35,-6],[9,0],[6,-15],[19,-9],[9,-9],[7,-12]],[[271,278],[-9,-7],[-10,0],[-8,7],[-2,14],[8,5],[12,-2],[8,-7],[1,-10]],[[13,162],[-4,17],[-9,16],[12,24],[-2,5],[5,7],[4,23],[6,7],[0,5],[-4,15],[3,4],[12,10],[15,9],[8,0],[11,-2],[3,7],[4,2],[23,-2],[14,-2],[46,-27],[20,-2],[6,-9],[6,2],[15,-9],[16,0],[7,-3],[9,-12],[9,5],[11,-5],[3,3]],[[624,443],[-38,53],[0,14],[14,7],[14,2],[7,2],[3,8],[-1,9],[-19,12],[-12,26],[-1,7],[6,12],[6,14],[3,4],[15,1],[-4,12],[-11,4],[-5,3],[-1,11],[3,16],[4,-6],[8,-1],[3,3],[-1,21],[12,-7],[4,0],[-7,17],[-2,2],[-18,2],[-6,5],[-8,14],[-6,5],[-21,14],[-20,14],[-11,7],[-14,14],[-6,-2],[-21,10],[-14,4]]],"transform":{"scale":[0.0028529078478478406,0.0020659086786786796],"translate":[-74.48916582,18.02594636]},"bbox":[-74.48916582,18.02594636,-71.63911088,20.08978913]}