{"type":"Topology","objects":{"all":{"type":"GeometryCollection","bbox":[9.28654382,25.15626061,19.49612376,33.18122532],"geometries":[{"type":"Polygon","properties":{"a":1756,"b":"Al Butnan","c":23.8681,"d":30.1101},"arcs":[[0,1,2]]},{"type":"Polygon","properties":{"a":1754,"b":"Surt","c":17.5502,"d":30.11},"arcs":[[3,4,5,6]]},{"type":"Polygon","properties":{"a":1732,"b":"Ghadamis","c":10.5269,"d":30.0466},"arcs":[[7,8,9,10,11]]},{"type":"Polygon","properties":{"a":1734,"b":"Al Kufrah","c":22.1455,"d":23.7332},"arcs":[[12,13,14,15]]},{"type":"Polygon","properties":{"a":1751,"b":"Al Jabal al Akhdar","c":21.7126,"d":32.1689},"arcs":[[16,17,18,19]]},{"type":"Polygon","properties":{"a":1735,"b":"Al Marqab","c":14.1244,"d":32.5393},"arcs":[[20,21,22,23]]},{"type":"Polygon","properties":{"a":1752,"b":"Ajdabiya","c":20.8707,"d":28.8758},"arcs":[[24,-18,25,-1,26,-15,27,-4,28,29,-30,30]]},{"type":"Polygon","properties":{"a":1749,"b":"Yafran-Jadu","c":12.2762,"d":31.7813},"arcs":[[31,-8,32]]},{"type":"Polygon","properties":{"a":1753,"b":"Benghazi","c":20.6352,"d":31.3864},"arcs":[[-31,29,33,34]]},{"type":"Polygon","properties":{"a":1739,"b":"Misratah","c":15.0443,"d":32.2028},"arcs":[[35,36,37]]},{"type":"Polygon","properties":{"a":1750,"b":"Al Hizam Al Akhdar","c":20.996,"d":31.9709},"arcs":[[-19,-25,-35,38]]},{"type":"Polygon","properties":{"a":1740,"b":"Sabha","c":15.2497,"d":27.1938},"arcs":[[39,40,41,42]]},{"type":"Polygon","properties":{"a":1747,"b":"Tajura' wa an Nawahi al Arba","c":13.4833,"d":32.7189},"arcs":[[-23,43,44,45,46]]},{"type":"Polygon","properties":{"a":1743,"b":"An Nuqat al Khams","c":11.9701,"d":32.7114},"arcs":[[47,-12,48]]},{"type":"Polygon","properties":{"a":1745,"b":"Mizdah","c":13.2448,"d":30.135},"arcs":[[49,50,51,-9,-32,52,53,54]]},{"type":"Polygon","properties":{"a":1746,"b":"Bani Walid","c":15.1555,"d":30.8608},"arcs":[[-36,55,-6,56,-50,57,58]]},{"type":"Polygon","properties":{"a":1736,"b":"Ash Shati'","c":12.6117,"d":27.8517},"arcs":[[59,-43,60,61,-10,-52]]},{"type":"Polygon","properties":{"a":1741,"b":"Zlitan","c":14.4914,"d":32.2183},"arcs":[[-37,-59,62,-21,63]]},{"type":"Polygon","properties":{"a":1744,"b":"Az Zawiyah","c":12.572,"d":32.5062},"arcs":[[64,-53,-33,-48,65,-46]]},{"type":"Polygon","properties":{"a":1733,"b":"Al Jufrah","c":17.5454,"d":27.8858},"arcs":[[-5,-28,-14,66,-40,-60,-51,-57]]},{"type":"Polygon","properties":{"a":1737,"b":"Ghat","c":10.6571,"d":25.8595},"arcs":[[-42,67,68,-61]]},{"type":"Polygon","properties":{"a":1755,"b":"Al Qubbah","c":22.5683,"d":31.896},"arcs":[[-2,-26,-17,69]]},{"type":"Polygon","properties":{"a":1748,"b":"Tarhunah","c":13.7259,"d":32.2966},"arcs":[[-63,-58,-55,70,-44,-22]]},{"type":"Polygon","properties":{"a":1742,"b":"Al Jifarah","c":13.0194,"d":32.4626},"arcs":[[-71,-54,-65,-45]]},{"type":"Polygon","properties":{"a":1738,"b":"Murzuq","c":15.5465,"d":24.7874},"arcs":[[-13,71,-68,-41,-67]]}]}},"arcs":[[[988,627],[-62,3],[-29,0],[-30,1],[0,192],[-6,2]],[[861,825],[-1,21],[1,23],[6,8],[4,25],[8,26]],[[879,928],[8,-1],[29,-3],[10,-4],[6,-7],[29,-1],[11,3],[16,-5],[3,-9],[8,-13],[-8,-12],[-12,-8],[0,-19],[3,-9],[7,-16],[-7,-23],[-8,-11],[-5,-14],[9,-21],[-2,-4],[5,-13],[0,-11],[7,-17],[0,-83]],[[598,793],[-6,-39],[3,-12],[-3,-10],[-7,-11],[-4,-16],[-2,-20],[0,-28]],[[579,657],[-16,3],[-17,14],[-4,19],[-12,12],[-3,13],[-10,5],[-10,-9],[-16,5],[-7,6],[-8,1],[-6,-3],[-13,-2],[-9,3]],[[448,724],[7,8],[0,8],[-4,20],[-9,28],[-2,15],[-10,40],[1,16]],[[431,859],[14,-4],[23,0],[13,-2],[15,-5],[13,-2],[6,-4],[24,-9],[4,-4],[19,-6],[7,-8],[25,-21],[4,-1]],[[161,935],[-1,-25],[1,-13],[-1,-16],[0,-17],[4,-12],[4,-6]],[[168,846],[-23,-41],[2,-8],[-1,-13],[1,-15],[4,-33],[3,-15],[0,-22],[10,-17],[4,-18]],[[168,664],[-4,-5],[-12,6],[-14,0],[-10,-5],[-19,8],[-8,14],[-18,-11],[-14,-6],[-16,8],[-19,-8]],[[34,665],[1,12],[-1,26],[-10,35],[-8,13],[-16,24],[29,16],[8,2],[7,10],[7,11],[5,6],[5,13],[-1,11],[-8,26],[0,6],[13,16],[10,1],[7,8],[1,9],[5,0],[8,5],[4,7],[41,21]],[[141,943],[6,-7],[14,-1]],[[623,172],[0,158],[-1,35],[0,110]],[[622,475],[0,73]],[[622,548],[42,0],[94,0],[37,0],[36,0],[38,0],[37,2],[37,0],[45,1]],[[988,551],[0,-515],[-63,0],[0,-36],[-39,22],[-23,14],[-48,25],[-53,33],[-16,8],[-54,31],[-16,9],[-23,13],[-30,17]],[[799,979],[-1,-11],[4,-10],[0,-9],[-4,-13],[3,-20],[-1,-28],[-5,-28],[12,-11]],[[807,849],[-20,-2],[-5,-3]],[[782,844],[0,16],[-6,14],[0,8],[3,6],[0,17],[-3,8],[-10,8],[-7,16],[-1,12],[8,10],[0,5],[-7,6]],[[759,970],[7,1],[10,10],[23,-2]],[[327,950],[-11,-12],[-3,-6]],[[313,932],[-20,15],[-8,2],[0,9]],[[285,958],[9,10]],[[294,968],[14,-3],[19,-15]],[[756,842],[23,1],[3,1]],[[807,849],[10,0],[11,-11],[10,-11],[23,-2]],[[988,627],[0,-76]],[[622,548],[0,98],[-10,1],[-33,10]],[[598,793],[11,-6],[12,-1],[17,5],[20,13],[18,21],[8,18],[0,12]],[[684,855],[-1,0]],[[684,855],[-1,4],[10,-2],[7,-11],[12,-6],[21,3],[23,-1]],[[214,929],[-4,-8],[4,-12],[0,-11],[6,-10],[-1,-5],[-6,0],[-8,5],[-9,-26],[0,-11],[-5,-8],[-13,0],[-10,3]],[[161,935],[35,0],[18,-6]],[[683,855],[-7,14],[-7,23],[2,18],[8,16],[13,12],[18,16]],[[710,954],[0,-10],[-13,-16],[-3,-13],[6,-16],[9,-17],[37,0],[10,-22],[0,-18]],[[381,916],[-13,0],[-8,-4],[-21,-2]],[[339,910],[5,16],[-2,12],[2,8]],[[344,946],[27,-4],[6,-5],[6,-11],[-2,-10]],[[710,954],[15,6],[8,6],[10,4],[16,0]],[[409,599],[10,-17],[5,-12],[14,-11],[2,-6]],[[440,553],[-32,-10],[-19,-3],[-12,-1],[-19,-5],[-9,-4],[-27,-28],[-18,-9],[-11,-1]],[[293,492],[-2,8],[4,8],[6,7],[5,8],[-7,14],[1,10],[-4,10]],[[296,557],[26,2],[8,9],[20,13],[5,9],[8,3],[18,3],[14,6],[14,-3]],[[285,958],[-23,-8],[-4,-10],[-9,-3]],[[249,937],[-3,3],[-3,20],[-5,5]],[[238,965],[2,12]],[[240,977],[6,3],[9,-1],[15,-8],[16,0],[8,-3]],[[206,971],[-6,-14],[-12,-10],[-10,-5],[-1,-4],[-16,-3]],[[141,943],[1,8],[-6,8],[1,29],[3,11],[7,-5],[13,-2],[30,-19],[16,-2]],[[259,916],[6,-17],[7,-14],[1,-8],[10,-14],[10,-5],[8,-16],[8,-23],[15,-7],[8,-5],[18,-6],[7,-4],[2,-21],[-1,-8],[-8,-11]],[[350,757],[-8,-14],[3,-17],[-3,-6],[-13,-10],[-7,-1]],[[322,709],[0,3],[-8,11],[-18,11],[-10,0],[-11,-9],[-28,-43],[-7,-7],[-20,-13],[-6,-10],[-13,2],[0,6],[-13,2],[-18,6],[-2,-4]],[[214,929],[8,3]],[[222,932],[15,0],[13,4]],[[250,936],[7,-9],[2,-11]],[[381,916],[0,-6],[10,-22],[8,-12],[9,-8],[17,-8],[6,-1]],[[448,724],[-17,6],[-12,-5],[-5,-4],[-8,2],[-10,12],[-5,3],[-7,0],[-21,6],[-13,13]],[[259,916],[14,0],[13,4],[15,-1],[3,3]],[[304,922],[15,-12],[7,-1],[13,1]],[[322,709],[0,-24],[8,-12],[7,-8],[13,-6],[7,-8],[3,-20],[15,0],[9,5],[7,1],[18,-5],[5,-6],[2,-5],[-7,-22]],[[296,557],[-23,5],[-27,7],[-12,-4],[-15,-9],[-47,-37],[-32,-24],[-9,-4],[-2,10],[-5,28],[-6,42],[-3,9],[-14,7],[-15,1],[-25,8],[-20,12]],[[41,608],[0,2],[-11,30],[4,25]],[[304,922],[9,10]],[[327,950],[17,-4]],[[238,965],[-6,-4],[-5,-7],[-4,-12],[-1,-10]],[[206,971],[17,0],[17,6]],[[622,475],[-10,3],[-31,8],[-12,12],[-8,4],[-9,-2],[-17,-14],[-15,-2],[-10,-6],[-29,9],[-13,11],[-10,14],[0,8],[-3,6],[-12,6],[-3,5],[0,16]],[[293,492],[-17,-6],[-13,-4],[-16,-17],[-15,0],[-18,-6],[-4,-6],[-17,1],[-12,-11],[-20,-1],[-16,6],[-12,-6],[-4,-12],[0,-43],[8,-15],[0,-19]],[[137,353],[-48,16],[-19,-6],[-9,7],[-5,14],[-9,7],[0,21],[-5,19],[-36,51],[0,5],[5,14],[23,11],[4,9],[0,16],[-4,5],[-1,8],[-7,19],[3,11],[5,4],[7,24]],[[799,979],[11,3],[2,-5],[10,0],[12,-7],[17,-4],[3,-4],[17,-3],[-4,-22],[7,-2],[5,-7]],[[250,936],[-1,1]],[[623,172],[-48,28],[-23,14],[-24,13],[-8,4],[-16,8],[-54,33],[-28,15],[-3,0],[-30,-17],[-8,-3],[-33,-19],[-39,-20],[-2,3],[-35,33],[-9,5],[-16,4],[-28,8],[-11,2],[-39,11],[-26,54],[-6,5]]],"transform":{"scale":[0.01588560239239239,0.013698800360360364],"translate":[9.28654382,19.49612376]},"bbox":[9.28654382,19.49612376,25.15626061,33.18122532]}