{"type":"Topology","objects":{"all":{"type":"GeometryCollection","bbox":[11.71762129,25.25978072,-28.95936818,-16.95105723],"geometries":[{"type":"Polygon","properties":{"a":2160,"b":"Ohangwena","c":16.8096,"d":-17.581},"arcs":[[0,1,2,3,4]]},{"type":"Polygon","properties":{"a":2156,"b":"Erongo","c":15.3306,"d":-21.9476},"arcs":[[5,6,7,8,9]]},{"type":"Polygon","properties":{"a":2158,"b":"Omusati","c":14.9102,"d":-18.2791},"arcs":[[-4,10,11,12]]},{"type":"Polygon","properties":{"a":2153,"b":"Hardap","c":17.824,"d":-24.6192},"arcs":[[13,14,15,16,-8,17]]},{"type":"Polygon","properties":{"a":2161,"b":"Omaheke","c":19.6583,"d":-21.4794},"arcs":[[18,-14,19,20]]},{"type":"Polygon","properties":{"a":2164,"b":"Caprivi","c":23.8006,"d":-17.8397},"arcs":[[21,22]]},{"type":"Polygon","properties":{"a":2162,"b":"Kavango","c":19.5333,"d":-18.3549},"arcs":[[-22,23,24,25,-1,26]]},{"type":"Polygon","properties":{"a":2155,"b":"Kunene","c":15.0071,"d":-19.9476},"arcs":[[-12,27,28,29,-10,30]]},{"type":"Polygon","properties":{"a":2154,"b":"Khomas","c":17.2218,"d":-22.7803},"arcs":[[-18,-7,31,-20]]},{"type":"Polygon","properties":{"a":2157,"b":"Otjozondjupa","c":18.0909,"d":-20.0821},"arcs":[[32,-21,-32,-6,-30,33,-25]]},{"type":"Polygon","properties":{"a":2152,"b":"Karas","c":17.6087,"d":-26.9741},"arcs":[[34,-16]]},{"type":"Polygon","properties":{"a":2163,"b":"Oshikoto","c":17.0011,"d":-18.5971},"arcs":[[-26,-34,-29,35,-2]]},{"type":"Polygon","properties":{"a":2159,"b":"Oshana","c":15.7445,"d":-18.4445},"arcs":[[-3,-36,-28,-11]]}]}},"arcs":[[[462,962],[0,-31]],[[462,931],[-91,0],[-27,-12],[-6,2],[-22,16]],[[316,937],[-25,-4],[-1,5]],[[290,938],[-2,11],[-5,13]],[[283,962],[114,0],[65,0]],[[286,699],[0,-10],[9,-2],[2,-6],[7,-7],[14,-7],[5,-5],[7,-3],[3,4],[11,-14],[9,-1],[-1,-8],[2,-13],[-7,-8],[-3,-17],[6,-17],[0,-10],[-4,-4],[3,-4],[-5,-4],[1,-11],[3,-4]],[[348,548],[-7,-4],[-1,-8],[-5,0],[-7,-8],[-7,2],[-8,-10],[8,0],[-2,-13],[-10,-2],[-3,-21],[4,-5],[-7,-4],[2,-10],[-5,-4],[-1,-8],[6,-3],[0,-20],[-8,-2]],[[297,428],[-23,10],[-17,4],[-8,-1],[-3,5],[-43,3]],[[203,449],[-4,12],[5,8],[-2,14],[-4,7],[2,11],[6,1],[1,5],[-2,26],[-9,23],[-6,11],[-17,22],[-9,8],[1,6],[-6,10],[-3,10],[-16,24]],[[140,647],[15,7],[6,5],[23,7],[4,-3],[6,2],[6,-2],[23,-1],[25,17],[19,22],[2,4],[17,-6]],[[290,938],[-28,-29],[17,-11],[5,-38],[-4,-10],[4,-12],[-4,-8],[7,-7],[-6,-1],[-16,-9]],[[265,813],[-7,-4],[-9,2],[-18,-2],[-21,0],[-3,-8],[4,0],[-1,-8],[-10,0],[3,10],[-6,8],[-2,9],[1,17],[-6,25],[1,12],[-1,31],[-2,10],[-7,16],[1,13],[-4,4],[7,10],[0,4]],[[185,962],[98,0]],[[496,453],[7,-14],[3,2],[7,-6],[8,-2],[13,6],[6,-3],[9,0],[3,5],[5,-1],[1,-15],[5,-1],[46,0]],[[609,424],[0,-146]],[[609,278],[-7,0],[-11,-5],[-13,6],[-12,1],[-5,-2],[-6,9],[-12,-5],[-32,2],[-13,7],[-17,-1],[-35,-8],[-9,-1],[-14,1],[-8,-1],[-1,-15],[-13,6],[-13,-3],[-4,5],[-23,7],[-7,4],[-8,-11],[-1,7],[-9,0],[4,-23],[-11,0],[-16,23],[-7,-1],[-6,42],[-2,7],[-69,0]],[[229,329],[-2,13],[-5,11],[-11,15],[3,8],[-12,22],[-1,16],[4,8],[-2,9],[0,18]],[[297,428],[1,-12],[12,-2],[16,8],[8,2],[-4,-10],[9,-4],[-3,8],[4,5],[11,-1],[1,5],[-17,5],[7,13],[1,-6],[7,0],[7,8],[0,4],[-6,5],[10,19],[15,-2],[18,8],[9,-3],[1,-9],[21,2],[-6,-11],[4,-15],[14,0],[2,3],[18,-1],[3,-5],[9,1],[10,4],[1,3],[12,6],[4,-3]],[[683,716],[0,-88],[1,-5],[0,-42],[-1,-2],[-75,0],[0,-100],[1,-10],[0,-45]],[[496,453],[5,14],[-12,11],[8,5],[-2,5],[-9,5],[7,9],[-9,-2],[0,10],[-5,29],[-9,11],[-4,0],[-6,9],[1,9],[6,2],[0,5],[5,10],[-5,6],[5,8],[-1,4]],[[471,603],[10,8],[1,23],[-4,6],[4,2],[8,-2],[-1,4],[5,5],[-4,3],[1,7],[10,0],[5,18],[13,24],[6,5],[35,14],[6,5],[9,0],[60,-7],[9,-3],[6,1],[11,-3],[22,3]],[[684,885],[0,30]],[[684,915],[13,2],[18,-6],[61,12],[18,4],[15,4],[60,12],[51,11],[13,2],[17,-5],[7,2],[15,-2],[9,-5],[12,-14],[-5,-5],[-8,-2],[-4,4],[-13,-6],[-15,-16],[-5,0],[-7,8],[-7,-6],[-7,2],[-8,-8],[-12,-7],[-4,-5],[-14,-15],[-9,-4],[-2,11],[-4,8],[-8,6],[-8,14],[-29,-2],[-62,-13],[-41,-9],[-30,-1],[-7,-1]],[[684,885],[-1,0],[0,-72]],[[683,813],[-128,0],[0,30],[-78,5]],[[477,848],[-14,0],[-1,83]],[[462,962],[34,0],[8,-12],[16,-17],[8,-5],[17,-1],[10,1],[13,-5],[19,2],[7,-2],[12,0],[7,-4],[16,2],[7,2],[7,-2],[9,-8],[5,0],[13,-4],[14,6]],[[265,813],[-1,-6],[21,0],[21,-4],[5,-2]],[[311,801],[18,-4],[10,-4],[23,-2],[6,-4]],[[368,787],[0,-39],[-14,-4],[1,-10],[-3,0],[-14,-7],[0,-13],[-19,-3],[-9,-5],[-10,-9],[-14,2]],[[140,647],[-17,29],[-3,15],[-6,14],[-7,25],[-10,10],[-2,10],[-10,19],[-13,24],[-2,8],[-5,8],[-2,11],[-7,8],[-1,7],[-14,19],[-8,4],[-10,12],[-2,12],[-6,11],[-6,6],[-7,31],[-2,26],[2,16],[21,11],[9,0],[6,-7],[14,2],[11,-4],[9,6],[14,12],[10,5],[10,2],[7,-3],[7,2],[11,-5],[1,-8],[13,-11],[15,-8],[4,-6],[17,0],[4,2]],[[348,548],[9,0],[9,5],[3,6],[9,-5],[9,5],[3,-2],[4,5],[5,-3],[20,13],[5,-1],[-1,10],[3,0],[9,12],[9,-1],[15,9],[12,2]],[[683,813],[0,-97]],[[368,787],[21,12],[9,16],[6,0],[8,-2],[2,-8],[7,4],[-2,-10],[9,-4],[1,-2],[11,-7],[11,1],[2,-2],[5,4],[-4,10],[9,8],[2,12],[-1,7],[4,0],[7,7],[2,15]],[[609,278],[0,-233],[-12,-5],[-18,-4],[-6,-14],[-4,-3],[-9,0],[-5,-6],[4,-7],[-13,-6],[-8,2],[-5,5],[-15,2],[-27,-5],[-6,2],[-10,-2],[-9,3],[-7,6],[-14,4],[-11,-1],[0,5],[-15,-1],[2,10],[-4,3],[-3,9],[5,3],[0,7],[-4,8],[-12,1],[0,8],[-8,8],[-12,-3],[-2,-9],[-9,-9],[3,-5],[-2,-8],[-7,-1],[-7,-6],[-13,-7],[-27,28],[-22,20],[-5,14],[-11,11],[0,8],[-18,24],[-4,34],[-3,0],[-5,11],[-3,13],[7,4],[-3,12],[-7,8],[-5,2],[-1,12],[2,10],[-7,13],[2,6],[-7,9],[3,17],[-5,23],[2,6],[0,15]],[[311,801],[-1,12],[3,4],[-4,4],[-5,14],[4,13],[6,8],[5,0],[-7,16],[0,14],[6,9],[0,12],[-2,2],[0,28]]],"transform":{"scale":[0.013555715145145142,0.01202033128128128],"translate":[11.71762129,-28.95936818]},"bbox":[11.71762129,-28.95936818,25.25978072,-16.95105723]}