{"type":"Topology","objects":{"all":{"type":"GeometryCollection","bbox":[166.46648197,178.56617272,-47.27760182,-34.39763763],"geometries":[{"type":"Polygon","properties":{"a":2282,"b":"Manawatu-Wanganui","c":175.4971,"d":-39.8033},"arcs":[[0,1,2,3,4,5]]},{"type":"Polygon","properties":{"a":2297,"b":"Wellington","c":175.439,"d":-41.142},"arcs":[[6,-3]]},{"type":"Polygon","properties":{"a":2283,"b":"Gisborne","c":177.9183,"d":-38.3076},"arcs":[[7,8,9]]},{"type":"Polygon","properties":{"a":2293,"b":"West Coast","c":171.8044,"d":-42.3168},"arcs":[[10,11,12,13,14]]},{"type":"MultiPolygon","properties":{"a":2295,"b":"Southland","c":168.014,"d":-45.68},"arcs":[[[15]],[[16]],[[17]],[[18,-14,19]]]},{"type":"Polygon","properties":{"a":2292,"b":"Taranaki","c":174.3018,"d":-39.2694},"arcs":[[-5,20,21]]},{"type":"Polygon","properties":{"a":2294,"b":"Otago","c":170.0492,"d":-45.3446},"arcs":[[22,23,-20,-13]]},{"type":"Polygon","properties":{"a":2289,"b":"Nelson","c":173.3812,"d":-41.2504},"arcs":[[24,25,26]]},{"type":"MultiPolygon","properties":{"a":2288,"b":"Marlborough","c":173.5361,"d":-41.7814},"arcs":[[[27]],[[28,29,-27,30]],[[31]]]},{"type":"MultiPolygon","properties":{"a":2296,"b":"Waikato","c":175.5396,"d":-38.2646},"arcs":[[[32,33,-6,-22,34,35,36]]]},{"type":"Polygon","properties":{"a":2286,"b":"Bay of Plenty","c":176.9156,"d":-38.158},"arcs":[[-9,37,-33,38]]},{"type":"Polygon","properties":{"a":2287,"b":"Canterbury","c":170.9829,"d":-43.7562},"arcs":[[39,-23,-12,40,-29]]},{"type":"Polygon","properties":{"a":2284,"b":"Hawke's Bay","c":177.213,"d":-38.9004},"arcs":[[41,-1,-34,-38,-8]]},{"type":"Polygon","properties":{"a":2290,"b":"Tasman","c":172.7789,"d":-41.5177},"arcs":[[-25,-30,-41,-11,42]]},{"type":"MultiPolygon","properties":{"a":2285,"b":"Auckland","c":174.5728,"d":-36.6995},"arcs":[[[43]],[[-36,44,45,46]],[[47]]]},{"type":"Polygon","properties":{"a":2291,"b":"Northland","c":173.9794,"d":-35.5695},"arcs":[[-46,48]]}]}},"arcs":[[[803,631],[2,-8],[6,-1],[2,-9],[0,-10],[-11,-7],[1,-6],[-5,-13],[-2,-14],[9,0],[12,-10],[2,-18],[19,-7]],[[838,528],[-6,-1],[-11,-10],[-14,-21]],[[807,496],[-13,6],[-40,-4],[-15,1],[7,10],[-17,-10],[-26,-3]],[[703,496],[5,3],[12,20],[3,22],[-7,16],[-15,13],[-16,4]],[[685,574],[18,16],[-2,13],[-12,13],[19,19],[-7,1],[-8,13],[-6,6],[6,4]],[[693,659],[6,2],[2,7],[13,3],[8,-1],[7,4],[16,1],[11,-1],[-8,-13],[4,-4],[-2,-13],[10,-2],[-8,-19],[8,-4],[15,0],[9,10],[19,2]],[[807,496],[-11,-10],[-4,-10],[-23,-19],[-40,-19],[-7,0],[-2,15],[-16,4],[-7,-6],[-4,5],[2,11],[-4,3],[-7,-10],[-12,3],[13,14],[8,2],[-2,4],[8,6],[4,7]],[[944,645],[-15,9],[-13,11],[0,7],[-8,2],[-2,-3],[-17,7]],[[889,678],[0,7],[19,9],[2,6],[13,7],[4,10],[12,-6],[7,15],[10,11],[-4,2],[-2,9],[8,5]],[[958,753],[17,0],[5,-4],[14,-3],[5,-3],[-18,-24],[3,-6],[-6,-6],[4,-13],[-5,-16],[-21,-14],[-4,3],[-8,-22]],[[476,503],[2,-7],[8,-7],[-2,-7],[11,1],[6,-7],[13,-6],[-9,-4],[0,-9],[-14,-4],[-7,-13],[-19,-13],[2,-6],[-6,-9],[9,-11],[14,-4],[4,-10],[9,0]],[[497,387],[-2,-5],[-19,-10],[-15,-13],[-10,-3],[-5,-6],[-10,-2],[-4,-9],[-17,-2],[-17,-4],[-7,-7],[-12,-3],[-4,-6],[-13,-4],[-21,-15],[-6,0],[-24,-7],[-10,-4],[-13,-16],[-23,-16]],[[265,255],[-25,-10],[-21,1],[-13,-4],[-10,-7],[-11,-13],[-32,-6]],[[153,216],[3,10],[-9,7],[-10,-1]],[[137,232],[-3,1],[15,6],[9,13],[21,5],[8,-5],[28,13],[0,3],[27,13],[27,7],[11,12],[17,7],[2,4],[12,2],[5,10],[8,0],[2,4],[30,12],[14,14],[13,9],[15,20],[6,22],[4,3],[5,20],[14,0],[21,13],[7,11],[8,3],[2,12],[0,30],[11,7]],[[124,44],[17,-16],[-15,2],[21,-9],[0,-7],[-21,-3],[-6,-4],[-13,4],[-13,-7],[9,1],[-4,-4],[-13,-1],[2,7],[8,1],[-2,6],[11,4],[6,9],[-4,9],[2,8],[15,0]],[[21,128],[2,-9],[-9,-1],[-2,7],[-10,-6],[6,8],[13,1]],[[46,153],[-11,4],[5,7],[6,-11]],[[225,50],[-13,-4],[-12,1],[-4,9],[-22,-6],[-14,1],[8,5],[-19,1],[2,5],[-8,11],[-28,-6],[-12,16],[-21,5],[-7,-9],[-19,0],[-16,3],[-17,0],[-7,4],[11,7],[-15,-1],[4,7],[11,4],[-9,0],[-18,-5],[0,13],[6,4],[29,0],[9,6],[-19,0],[0,10],[17,0],[6,7],[-23,-7],[-7,3],[11,11],[11,-3],[-13,8],[8,4],[21,-10],[-8,7],[13,6],[-13,-3],[-4,10],[14,-1],[-8,5],[11,13],[14,8],[7,-8],[0,12],[12,9],[21,5],[-2,8],[15,14],[9,3]],[[153,216],[-12,-11],[-4,-22],[12,-10],[-4,-7],[6,-13],[13,-2],[15,6],[12,-13],[9,0],[10,9],[13,-6],[-13,-22],[0,-13],[4,-6],[1,-8],[10,-16],[-4,-12],[6,-10],[-2,-10]],[[685,574],[-19,5],[-15,13],[-7,4],[-23,4],[-14,7],[-5,12],[7,13],[8,1],[21,11],[13,0],[19,10],[2,11]],[[672,665],[21,-6]],[[265,255],[-4,-10],[-7,-7],[0,-18],[7,-11],[13,-6],[10,0],[13,-20],[19,0],[8,-12],[21,12],[19,1]],[[364,184],[21,-4],[-4,-10],[-8,-6],[-9,-16],[2,-4],[-10,-13],[-13,-12],[4,-4],[-8,-7],[17,7],[-7,-10],[-17,0],[-14,-4],[-9,-15],[-27,-14],[-2,-9],[-19,-10],[-7,1],[-6,-4],[-23,0]],[[562,457],[-8,6]],[[554,463],[19,12],[12,4],[3,4]],[[588,483],[0,-6],[-17,-17],[-9,-3]],[[655,476],[-4,-6],[-7,0],[11,6]],[[628,411],[-13,4],[-17,-3],[-17,-8],[-6,-10],[-11,-3],[-8,-6],[0,-6],[-13,-7],[-21,25],[-8,3]],[[514,400],[12,14],[7,14],[21,18],[8,1],[0,10]],[[588,483],[8,-4],[4,4],[-4,3],[13,3],[14,6],[-10,-9],[-9,0],[4,-4],[7,1],[-7,-8],[3,-5],[12,0],[9,3],[-19,-1],[8,7],[-4,7],[6,3],[7,-4],[6,4],[2,-9],[11,6],[-15,-16],[-15,-3],[-2,-3],[17,5],[4,-3],[11,4],[-7,-8],[-10,0],[-7,-9],[5,-10],[6,-2],[10,-14],[-6,-7],[-12,-9]],[[617,503],[-2,-7],[-8,-4],[-3,7],[4,6],[9,-2]],[[784,769],[-11,-10],[0,-11],[8,-11],[5,-17],[21,-10],[6,-16],[15,-4],[-2,-12],[-5,2],[-8,-6],[0,7],[-10,-1],[-5,4],[-6,-9],[11,-3],[-1,-7],[5,-6],[-11,0],[-2,-4],[9,-9],[6,0],[-2,-11]],[[807,635],[-4,-4]],[[672,665],[2,19],[4,7],[2,20],[11,-4],[6,6],[-10,3],[8,4],[-8,0],[2,13],[14,2],[-12,2],[-11,28],[5,3],[-7,6]],[[678,774],[25,7],[17,1],[3,13],[8,0]],[[731,795],[0,-10],[4,-4],[10,-2],[7,3],[-4,19],[-7,9],[7,2],[-4,8],[2,5],[-13,6],[0,6],[8,0],[9,-6],[6,-16],[6,3],[11,-1],[-11,-9],[11,3],[6,-19],[-2,-14],[7,-9]],[[889,678],[-21,-13],[-9,2],[-14,-6],[0,-7],[-7,-6],[-2,-6],[-10,0],[-7,-13],[-12,6]],[[784,769],[2,-10],[8,-3],[6,-7],[-12,7],[-7,0],[15,-13],[13,0],[19,-4],[17,-10],[21,-5],[12,-7],[5,3],[23,0],[10,6],[15,19],[11,1],[4,4],[12,3]],[[628,411],[-7,-4],[-8,-16],[-23,-16],[-19,-26],[-7,-12],[-19,-10],[-10,-3],[-11,-5],[-8,-9],[0,-10],[4,-15],[-2,-4],[8,2],[7,-5],[12,3],[3,-11],[-7,-8],[-6,12],[2,-13],[-13,1],[-8,6],[-25,-1],[16,4],[-10,4],[-6,0],[-5,-11],[-8,0],[-15,8],[9,-10],[-28,-14],[-25,-7],[-6,7],[-9,4],[13,-13],[-15,-8],[-6,-12],[-7,-7],[3,-22],[-3,-9],[-25,3]],[[497,387],[8,5],[5,8],[4,0]],[[944,645],[-2,-10],[10,-3],[-8,-10],[-5,1],[1,12],[-38,0],[-28,-9],[-12,-16],[4,-17],[14,-3],[-8,-7],[-11,-26],[-8,-10],[-8,-3],[-7,-16]],[[476,503],[10,6],[13,9],[11,7],[16,0],[11,-3],[-19,2],[-4,-16],[15,-9],[10,4],[6,-7],[-4,-21],[4,-2],[3,-10],[6,0]],[[720,815],[-4,-5],[-12,2],[2,3],[14,0]],[[678,774],[-10,17],[6,1],[8,-14],[0,7],[17,6],[-12,7],[4,4],[-11,0],[-15,-8],[-4,1],[-6,20],[-15,16],[2,10],[9,-16],[6,-2],[2,5],[-2,19],[-8,-4],[-5,6],[9,0],[10,7]],[[663,856],[13,7]],[[676,863],[13,-10],[-5,-6],[-2,-22],[7,-14],[-13,4],[2,-11],[4,4],[11,0],[2,-7],[4,9],[13,-6],[0,-6],[11,4],[8,-7]],[[741,864],[5,-4],[2,-13],[-13,10],[0,12],[6,-5]],[[663,856],[-10,-5],[-2,6],[-11,9],[2,-12],[-8,6],[-7,2],[-16,17],[14,-17],[13,-15],[-10,-4],[-5,11],[-14,15],[-36,39],[4,10],[6,-2],[7,11],[-5,4],[0,-7],[-10,-2],[-6,-10],[-7,10],[-15,13],[9,9],[-2,8],[-13,15],[-19,19],[-10,7],[19,4],[10,0],[2,-8],[-8,4],[-4,-6],[10,-1],[4,-10],[7,-12],[12,-6],[-4,-6],[9,2],[0,7],[10,-8],[9,0],[0,5],[16,-6],[9,0],[8,-10],[9,0],[4,-4],[-9,2],[-2,-6],[7,0],[4,-7],[17,10],[-2,-8],[10,-10],[0,-7],[9,-6],[2,-20],[-7,7],[-10,-3],[10,-2],[0,-12],[9,-4],[4,-9]]],"transform":{"scale":[0.01211180255255256,0.01289285704704705],"translate":[166.46648197,-47.27760182]},"bbox":[166.46648197,-47.27760182,178.56617272,-34.39763763]}