{"type":"Topology","objects":{"all":{"type":"GeometryCollection","bbox":[11.1140163,18.64240686,-5.01963084,3.70827606],"geometries":[{"type":"Polygon","properties":{"a":590,"b":"Pool","c":15.1882,"d":-3.5706},"arcs":[[0,1,2,3,4,5]]},{"type":"Polygon","properties":{"a":586,"b":"Cuvette-Ouest","c":14.5405,"d":0.1969},"arcs":[[6,7,8]]},{"type":"Polygon","properties":{"a":587,"b":"Bouenza","c":13.5126,"d":-4.2327},"arcs":[[9,10,11,-4,2,-2]]},{"type":"Polygon","properties":{"a":591,"b":"Cuvette","c":16.1493,"d":-0.5671},"arcs":[[12,13,14,15,-7,16]]},{"type":"Polygon","properties":{"a":588,"b":"Likouala","c":17.4539,"d":2.7282},"arcs":[[-13,17,18]]},{"type":"Polygon","properties":{"a":592,"b":"Kouilou","c":11.9687,"d":-4.1724},"arcs":[[19,20]]},{"type":"Polygon","properties":{"a":593,"b":"Lékoumou","c":13.7062,"d":-2.86},"arcs":[[21,-5,-12,22,23]]},{"type":"Polygon","properties":{"a":595,"b":"Plateaux","c":15.2224,"d":-2.2441},"arcs":[[24,-6,-22,25,-15]]},{"type":"Polygon","properties":{"a":594,"b":"Niari","c":12.4275,"d":-3.0194},"arcs":[[-23,-11,26,-20,27]]},{"type":"Polygon","properties":{"a":589,"b":"Sangha","c":15.4242,"d":1.417},"arcs":[[-17,-9,28,-18]]}]}},"arcs":[[[673,238],[2,-27],[-1,-8],[5,-5],[-1,-5],[-9,-13],[-5,-12],[-9,-9],[-16,-27],[-2,-6],[-15,-7],[-12,-1],[-24,-8],[-5,-14],[-9,-6],[-26,-11],[-17,-21],[-10,-4],[-12,-12],[-14,-20],[-17,-8],[-9,-1],[-9,6],[-11,1],[-11,-6],[2,14],[-1,11],[-8,12],[16,14],[-11,12],[-2,8],[-12,-4],[-18,-9],[-16,-4],[-9,-9],[-7,1]],[[370,60],[6,12],[2,13],[15,9],[10,2],[-1,9],[12,13],[12,-3],[7,7],[-4,9],[-18,21],[12,6]],[[423,158],[0,0]],[[423,158],[-2,9],[-6,7],[-13,5],[-14,-13],[-10,-1],[-14,5]],[[364,170],[8,14],[7,4],[21,22],[5,17],[13,6]],[[418,233],[14,-6],[10,0],[11,-6],[6,10],[30,22],[2,6],[10,5],[6,-9],[3,-13],[20,2],[7,-11],[17,-5],[15,0],[10,2],[12,8],[21,11],[14,2],[15,-7],[10,-7],[5,2],[17,-1]],[[554,622],[-7,-7],[-14,-6],[4,-7],[9,-5],[2,-8],[-7,-6],[-10,-3],[-29,-2],[0,-12],[7,-17],[18,-4],[9,-25],[-3,-8],[-16,-16],[21,-16],[2,-4],[-5,-9],[-20,-18],[-10,-2],[-31,1],[-16,-7],[-17,-2]],[[441,439],[-6,18],[3,12],[6,8],[-1,12],[6,13],[-6,11],[-12,9],[-9,3],[-18,-3],[-1,9],[-7,12],[-24,4],[-5,-2],[-6,6],[1,6],[10,11],[2,9],[-5,3],[-3,20],[10,15],[15,9],[-2,7],[4,5],[23,1],[11,9],[1,8],[14,14],[2,12],[-10,8],[-3,9],[-12,10],[1,8],[-3,11],[-5,4]],[[412,730],[12,3],[7,-1],[18,2],[4,-16],[22,-8],[12,0],[8,-7],[14,-7],[17,-2],[7,-4],[3,-7],[-11,-6],[3,-7],[-1,-28],[1,-8],[8,-2],[8,-7],[10,-3]],[[370,60],[-3,-1],[-9,8],[-13,-2],[1,-16],[-3,-3],[2,-8],[-5,-6],[-6,1],[-7,-6]],[[327,27],[-1,5],[-20,11],[-22,26],[-18,5],[-7,-1],[-10,6],[-18,29],[-9,5],[-16,19],[-8,7],[5,5],[-4,18],[6,9]],[[205,171],[18,-4],[10,-18],[3,-11],[17,-14],[26,3],[19,-4],[3,-11],[12,-1],[5,2],[1,9],[10,12],[-3,10],[19,3],[8,8],[0,4],[11,11]],[[788,620],[7,-4],[10,-12],[3,-8],[-4,-3],[3,-6],[-7,-6],[3,-7],[0,-10],[3,-9],[-5,-4],[3,-10],[-5,-5],[6,-3],[-4,-6],[10,-9],[-3,-7],[1,-16],[9,-6],[34,0],[1,-1]],[[853,488],[-17,-19],[-14,-11],[-18,-3],[-22,-7],[-13,-12],[-9,-6],[-15,-25],[-10,-12]],[[735,393],[-7,-1],[0,6],[-7,2],[-14,-2],[-13,8],[-4,10],[-7,9],[-6,1],[-20,11],[-16,3],[-7,7],[-17,6],[-7,12],[-19,2],[-17,-5],[-7,-8],[-21,-11],[-9,-10],[-9,-24],[-14,-14],[-22,-5],[-10,-7],[-1,-5],[-23,-27],[-10,-7],[-14,0],[-2,11]],[[432,355],[5,3],[0,18],[6,6],[-7,1],[-5,7],[13,7],[-3,6],[7,10],[-8,7],[5,15],[-4,4]],[[554,622],[0,-3],[12,0],[20,-4],[8,9],[19,4],[22,-4],[25,-16],[2,-12],[4,-8],[13,0],[15,-9],[94,41]],[[788,620],[-45,49],[-3,7],[0,12],[12,9],[2,15],[-7,14],[-6,17],[4,5],[-3,16],[7,16],[-3,11],[-2,18],[5,8],[-3,9],[0,22],[-8,12],[-15,1],[-1,6],[-10,9],[1,5],[-8,6]],[[705,887],[8,15],[-6,11],[6,9],[-3,11],[7,12],[7,25],[15,9],[17,-1],[6,3],[19,-2],[8,4],[16,1],[10,6],[10,-2],[6,6],[14,5],[14,-9],[27,-2],[9,-9],[9,2],[6,-2],[10,2],[9,0],[6,-9],[6,2],[6,10],[18,0],[11,6],[6,-4],[7,-12],[8,-2],[2,-18],[-1,-16],[-5,-7],[-9,-6],[-8,-19],[-6,-8],[-4,-13],[-10,-15],[-10,-7],[-9,-21],[-8,-8],[-6,-12],[2,-27],[-2,-6],[1,-34],[-9,-18],[-6,-19],[0,-7],[-10,-13],[-3,-7],[2,-17],[4,-15],[-3,-12],[1,-6],[7,-10],[0,-13],[-13,-16],[-12,-29],[-6,-21],[5,-37],[-28,-27]],[[96,149],[34,-19],[10,-1],[5,-7],[24,-5],[1,-5],[8,-1],[13,-15],[-1,-10],[7,-8],[14,0],[10,-8]],[[221,70],[-23,-19],[-29,-4],[-7,-18],[-13,-5],[-7,5],[-7,-17],[-16,-12],[-17,19],[-7,5],[3,7],[-10,9],[6,3],[-2,7],[-15,14],[-26,19],[-13,8],[-5,12],[-12,9],[-21,11],[13,27],[16,12],[11,2],[9,9],[11,-5],[11,-14],[5,-4],[10,2],[10,-3]],[[396,291],[7,-8],[-4,-4],[8,-5],[-6,-3],[3,-4],[18,-1],[6,-19],[-10,-14]],[[205,171],[-7,13],[6,1],[2,7],[7,5],[27,1],[0,4],[8,1],[10,5],[7,7],[-1,6],[3,12],[-13,7],[-4,8],[10,5],[-3,5],[-2,19],[2,26],[-8,1]],[[249,304],[5,3],[14,-5],[7,2],[26,-8],[9,-1],[32,27],[7,12],[4,-2],[3,-9],[9,-14],[6,-5],[-8,-7],[5,-7],[11,2],[3,-4],[14,3]],[[735,393],[-6,-19],[-11,-12],[-19,-17],[-20,-14],[-5,-6],[-2,-12],[6,-40],[-6,-25],[1,-10]],[[396,291],[10,13],[8,1],[-1,4],[-10,7],[1,5],[7,3],[4,8],[1,17],[16,6]],[[327,27],[-5,3],[-6,-3],[-14,-13],[-7,14],[-8,2],[-14,9],[-8,11],[-5,-7],[-6,4],[-17,14],[-6,9],[-10,0]],[[96,149],[8,6],[0,4],[-10,7],[8,18],[10,9],[-7,6],[-11,3],[-18,10],[0,9],[12,10],[-21,20],[-12,-5],[1,7],[10,15],[2,8],[-6,10],[0,13],[-3,7],[6,2],[9,-3],[9,-7],[9,5],[17,5],[17,-10],[53,10],[-2,2],[4,11],[-1,7],[4,7],[-8,5],[-2,19],[8,-5],[5,7],[14,5],[23,-11],[6,-14],[6,-8],[2,-10],[5,2],[9,-12],[-3,-9]],[[412,730],[-15,4],[-5,-2],[-11,5],[-25,2],[-5,-7],[-16,-2],[-13,-9],[-22,2],[-4,-4],[-13,-5],[-8,0],[-1,8],[7,2],[1,14],[-15,19],[2,10],[7,17],[-4,9],[7,10],[9,6],[1,13],[49,0],[22,-1],[60,0],[5,2],[14,-4],[15,3],[7,5],[6,-8],[17,-8],[11,1],[2,5],[6,-7],[-2,-6],[12,3],[13,-6],[10,7],[11,-1],[13,-13],[20,7],[36,-7],[6,-7],[12,-7],[18,-5],[0,-5],[6,-6],[7,8],[4,-1],[-3,15],[-4,10],[-5,4],[4,16],[-2,3],[5,8],[5,-3],[5,7],[24,42],[7,14]]],"transform":{"scale":[0.007535926486486488,0.008736643543543544],"translate":[11.1140163,-5.01963084]},"bbox":[11.1140163,-5.01963084,18.64240686,3.70827606]}