{"type":"Topology","objects":{"all":{"type":"GeometryCollection","bbox":[-17.53604082,-11.37777624,12.30560659,16.6913854],"geometries":[{"type":"Polygon","properties":{"a":2727,"b":"Tambacounda","c":-13.33139,"d":13.94453},"arcs":[[0,1,2,3,4,5]]},{"type":"Polygon","properties":{"a":2718,"b":"Dakar","c":-17.25838,"d":14.77937},"arcs":[[6,7]]},{"type":"Polygon","properties":{"a":2725,"b":"Kolda","c":-14.81271,"d":12.98812},"arcs":[[-1,8,9,10,11,12]]},{"type":"Polygon","properties":{"a":2722,"b":"Louga","c":-15.42706,"d":15.40748},"arcs":[[-4,13,14,15,16,17,18]]},{"type":"Polygon","properties":{"a":2723,"b":"Matam","c":-13.73297,"d":15.17865},"arcs":[[-5,-19,19]]},{"type":"Polygon","properties":{"a":2719,"b":"Diourbel","c":-16.20144,"d":14.77484},"arcs":[[-16,20,21]]},{"type":"Polygon","properties":{"a":2724,"b":"Thiès","c":-16.90039,"d":14.8176},"arcs":[[-22,22,23,-8,24,-17]]},{"type":"Polygon","properties":{"a":2721,"b":"Kaolack","c":-15.23698,"d":14.08201},"arcs":[[-3,25,26,27,28,-14]]},{"type":"MultiPolygon","properties":{"a":2720,"b":"Fatick","c":-16.30073,"d":14.4599},"arcs":[[[29,-27]],[[-29,30,-23,-21,-15]]]},{"type":"MultiPolygon","properties":{"a":2726,"b":"Ziguinchor","c":-16.36988,"d":12.89673},"arcs":[[[31,-10]],[[32,-12]]]}]}},"arcs":[[[677,78],[-2,10],[-11,-2],[-6,5],[1,18],[-2,2],[1,11],[1,2],[0,9],[-3,2],[-4,11],[2,4],[-2,7],[-3,4],[0,3],[-7,9],[0,5],[-6,9],[0,18],[-1,8],[-11,11],[-2,11],[1,7],[-12,0],[2,15],[5,6],[-5,4],[-7,-2],[0,15],[-5,0],[-1,-4],[-7,-4]],[[593,272],[-3,9],[-11,8],[-6,1],[-7,-6],[-8,0],[-8,-5],[-11,-5],[-9,-7],[-13,-7],[-7,3],[-13,14],[-8,24],[-10,8],[-15,-2],[-10,-8],[-3,0],[-8,8],[-5,18],[-4,8]],[[434,333],[7,17],[17,4],[13,18],[2,14],[4,4],[2,10],[-2,18],[0,21],[-6,20],[0,43]],[[471,502],[20,7],[8,7],[10,14],[7,3]],[[516,533],[7,-10],[1,-4],[6,-5],[71,-37],[8,-2],[43,2],[3,1],[42,42],[3,1],[44,-11],[7,0],[25,5],[4,4],[13,27],[13,47],[-2,8],[-18,33]],[[786,634],[8,4],[6,-7],[14,-11],[3,-1],[5,-7],[2,-19],[9,-12],[13,-9],[9,-10],[1,-6],[6,-11],[7,-1],[-3,-9],[4,-8],[-4,-7],[-1,-8],[-5,-5],[0,-7],[2,-10],[0,-16],[17,-7],[1,-7],[-4,0],[6,-9],[9,-5],[8,-28],[-6,-26],[0,-9],[5,-10],[5,-8],[2,-10],[-4,-19],[-5,-7],[-14,-10],[4,-7],[6,-19],[7,-12],[9,-9],[3,-6],[4,-1],[1,-8],[-3,-12],[9,-7],[2,-9],[2,-2],[9,9],[1,9],[3,5],[7,-5],[9,0],[0,-6],[6,0],[1,-9],[7,-12],[-2,-11],[5,-12],[2,-11],[13,-10],[-2,-3],[5,-10],[-2,-12],[6,0],[1,6],[3,-13],[-7,-12],[-1,-11],[4,-4],[1,-6],[-3,-7],[2,-9],[-6,-1],[-3,-9],[3,-5],[0,-20],[-5,-4],[5,-7],[4,3],[3,-11],[3,0],[-1,-17],[-20,6],[-22,-2],[-13,-8],[-18,-1],[-15,9],[-11,-9],[-13,6],[-7,-3],[-5,-6],[-7,-5],[-26,-9],[-3,2],[-5,10],[-10,5],[-9,1],[-11,-5],[-6,11],[-10,5],[-13,-1],[-2,6],[-11,4],[0,5],[-11,10],[-5,-2],[-6,-14],[-12,0],[-5,10],[4,15],[0,9],[-4,5],[-9,1],[-10,-2],[-2,3],[-9,1],[-14,-1]],[[62,525],[-4,10],[-8,8],[-10,3],[-8,8],[-13,0],[-3,-5],[3,-3],[-3,-3],[0,-8],[-3,2],[-10,18],[-3,3],[26,9],[9,10],[21,12]],[[56,589],[6,-13],[0,-8],[3,-11],[-3,-32]],[[677,78],[-8,2],[-51,3],[-116,0],[-57,2],[-65,0],[-10,-4],[-10,-10],[-8,-5],[-10,-9],[-41,-28],[-5,-1],[-28,2]],[[268,30],[-13,29],[0,9]],[[255,68],[5,-7],[10,0],[5,-4],[5,1],[3,6],[13,0],[7,-11],[6,0],[7,4],[8,13],[5,5],[-5,14],[-1,13],[1,7],[8,1],[7,8],[3,-5],[4,1],[-9,6],[-6,-7],[-7,-1],[-3,-4],[0,-14],[3,-15],[-1,-2],[-14,-18],[-8,0],[2,8],[-17,5],[-10,-7],[-4,4],[-9,-2],[-10,11],[-6,11],[-1,7]],[[246,96],[-2,2],[3,20],[5,12],[-2,12],[8,15],[7,18],[-5,7],[6,12]],[[266,194],[10,1],[2,15],[0,20],[2,6],[11,1],[8,2],[15,0],[12,7],[6,0],[17,-6],[11,1],[10,7],[4,7],[1,19],[10,17],[4,1],[4,-3],[8,-10],[7,-9],[12,-7],[14,-3],[4,-5],[8,-4],[3,-6],[10,-8],[7,-1],[11,3],[13,-12],[4,0],[8,-9],[15,-8],[10,3],[13,-4],[12,11],[11,6],[7,0],[20,3],[8,6],[3,9],[2,12],[-5,13],[-5,3]],[[471,502],[0,9],[-4,3],[-26,10],[-7,7],[-6,9],[-7,-3],[-13,-12],[-13,-2],[-25,7],[-8,4],[-18,15]],[[344,549],[-5,7],[-2,19],[-5,3],[-11,-2],[-7,4],[-13,0],[-3,-1]],[[298,579],[-5,9],[-7,8],[-8,10],[0,8],[-2,1],[-39,-1],[-4,-2],[-6,-5]],[[227,607],[-7,3],[-4,8],[-2,8],[-7,11],[-1,7],[1,11],[-4,13],[-6,-2],[-2,6],[0,11],[-1,2],[-7,0],[-9,2],[-4,-2],[-9,-15],[-1,-10],[-9,-10],[-3,-7],[-4,4],[0,8],[-7,9],[-3,8],[-7,6],[0,14],[6,16],[-2,8],[-6,6]],[[129,722],[12,20],[21,49],[-1,6]],[[161,797],[26,1],[10,5],[10,3],[4,14],[9,7],[4,7],[6,7],[32,23],[4,10],[9,8],[5,-5],[34,-53],[2,-1],[2,18],[117,0],[3,-1],[21,-17],[15,1],[7,-5],[26,-65],[2,-5],[-5,-14],[0,-19],[3,-8],[0,-9],[-3,-4],[-10,-1],[-8,-50],[0,-7],[8,-15],[10,-4],[5,-8],[3,-19],[5,-12],[8,-17],[0,-8],[-9,-21]],[[161,797],[3,10],[3,36],[5,22],[2,16],[3,7],[8,5],[9,43],[1,13],[6,9],[6,4],[9,-2],[11,8],[13,-14],[12,3],[5,-2],[9,5],[6,-2],[8,1],[6,-4],[5,0],[9,-5],[4,1],[7,9],[10,-1],[7,3],[6,10],[5,1],[3,-5],[4,-2],[11,5],[13,-2],[20,4],[5,4],[-3,10],[1,5],[5,0],[5,-8],[4,1],[1,7],[7,7],[8,-12],[8,1],[27,-3],[8,3],[7,-4],[11,2],[15,0],[5,5],[3,0],[10,-5],[3,-2],[-1,-9],[10,-2],[0,-5],[10,-5],[13,-19],[18,-21],[8,-6],[-2,-10],[4,-4],[-1,-9],[10,-6],[4,-5],[3,-9],[4,-5],[3,0],[6,5],[4,7],[8,3],[-2,-12],[9,-7],[16,8],[13,4],[-3,-15],[10,2],[8,-9],[0,-7],[6,-14],[7,-9],[-1,-9],[6,-11],[-1,-16],[6,-7],[3,-11],[-3,-8],[2,-7],[10,1],[11,-8],[3,-4],[-1,-14],[1,-5],[9,-1],[7,6],[4,-2],[3,-12],[3,-3],[0,-10],[4,-11],[10,-8],[2,-11],[-9,0],[0,-3],[4,-7],[9,0],[4,-5],[0,-11],[5,-4],[5,-7],[5,-3]],[[298,579],[-12,-20],[0,-4],[-6,-7],[0,-22],[-10,-13],[-10,-6],[-17,-2],[-19,6],[-4,4],[-9,5],[-7,1],[-10,-4],[-7,6],[-13,0],[-10,-1],[-2,-5]],[[162,517],[-14,8],[0,6],[4,6],[0,9],[-4,3],[0,12],[-3,3],[0,15],[-7,6],[3,14],[4,1],[39,16],[7,-5],[6,3],[11,-10],[0,-5],[8,-3],[10,5],[1,6]],[[162,517],[-1,-11],[-6,-10],[-10,-12],[-10,-2],[-7,-31],[-3,-14],[3,-7],[-6,-3],[2,-9],[-6,-4]],[[118,414],[-3,6],[-7,4],[-6,24],[-7,6],[0,17],[-6,10],[-13,8],[-7,17],[-7,19]],[[56,589],[7,8],[26,42],[6,11],[11,16],[22,55],[1,1]],[[434,333],[-9,6],[-17,1],[-13,5],[-11,-6],[-14,-12],[-3,-1],[-5,9],[-7,2],[-9,-4],[-10,-13],[-4,-9],[-3,-20],[-3,0],[-92,0]],[[234,291],[-3,11],[-5,6],[-6,19],[-9,9],[-1,11],[7,11],[-3,21],[-6,11],[3,8],[-1,11],[-3,8],[-9,5],[-10,0]],[[188,422],[-1,2]],[[187,424],[4,12],[13,24],[3,2],[14,5],[10,1],[-5,-14],[1,-7],[0,-11],[6,-7],[4,-1],[6,-10],[3,-7],[7,-3],[7,-1],[3,3],[9,2],[1,12],[8,28],[0,22],[4,10],[11,18],[15,17],[13,0],[12,4],[1,2],[7,24]],[[234,291],[-16,0],[-60,0],[-3,12],[12,11],[-5,4],[5,6],[-5,2],[0,-7],[-4,-4],[-4,-7],[-3,-1],[-6,9],[2,17],[8,15],[9,4],[1,-9],[5,-2],[-2,15],[-3,6],[5,25],[-6,-12],[0,-9],[-4,-11],[-15,-4],[-10,-18],[-7,15],[1,8],[-1,8],[0,11],[4,8],[9,0],[4,-7],[6,9],[4,-2],[3,10],[-6,3],[9,5],[9,14],[4,2],[6,5],[4,-4],[4,4]],[[187,424],[-16,3],[3,-7],[-7,0],[-9,-19],[-8,-5],[-3,-9],[-5,0],[-11,2],[7,14],[-7,-3],[1,-4],[-8,-20],[0,-28],[-2,0],[-1,51],[-3,15]],[[268,30],[-15,-1],[-19,7],[-14,-6],[-10,4],[-10,-9],[-19,-12],[-7,0],[-9,-4],[-24,3],[-10,-7],[-3,11],[-10,14],[0,13],[3,6],[8,7],[9,0],[7,5],[9,14],[6,-15],[7,7],[18,-11],[6,2],[7,9],[10,-3],[6,5],[3,-8],[16,8],[7,1],[3,5],[12,-7]],[[246,96],[-5,-8],[-1,-9],[-3,-3],[-13,-7],[-14,1],[-4,-2],[-9,1],[-6,-3],[-3,-8],[-7,3],[-7,8],[-6,9],[4,5],[-4,5],[-1,-16],[-10,11],[0,5],[-6,-7],[-3,-1],[-3,8],[7,15],[-8,-10],[-2,-7],[2,-13],[-6,-2],[-7,-9],[-7,0],[-3,15],[4,15],[4,5],[6,-3],[-6,7],[-8,-9],[-2,8],[5,8],[-2,6],[-4,-3],[0,8],[7,13],[0,20],[3,9],[-1,16],[7,17],[6,2],[34,-1],[23,0],[37,-1],[32,0]]],"transform":{"scale":[0.0061644290090090105,0.00439016897897898],"translate":[-17.53604082,12.30560659]},"bbox":[-17.53604082,12.30560659,-11.37777624,16.6913854]}