{"type":"Topology","objects":{"all":{"type":"GeometryCollection","bbox":[92.17958984,140.97617188,-10.90966797,28.51704102],"geometries":[{"type":"MultiPolygon","properties":{"a":172,"b":"Philippines","c":121.2578,"d":16.4025},"arcs":[[[0]],[[1]],[[2]],[[3]],[[4]],[[5]],[[6]],[[7]],[[8]],[[9]],[[10]],[[11]],[[12]],[[13]],[[14]],[[15]],[[16]],[[17]],[[18]],[[19]],[[20]],[[21]]]},{"type":"MultiPolygon","properties":{"a":234,"b":"Vietnam","c":105.1615,"d":21.545},"arcs":[[[22]],[[23,24,25]]]},{"type":"MultiPolygon","properties":{"a":35,"b":"Brunei","c":114.4958,"d":4.511},"arcs":[[[26,27]],[[28,29]]]},{"type":"MultiPolygon","properties":{"a":145,"b":"Myanmar","c":96.4886,"d":21.2215},"arcs":[[[30]],[[31,32,33]]]},{"type":"MultiPolygon","properties":{"a":217,"b":"Timor-Leste","c":125.8442,"d":-8.7825},"arcs":[[[34,35]],[[36,37]]]},{"type":"Polygon","properties":{"a":122,"b":"Lao PDR","c":102.5051,"d":19.9858},"arcs":[[-25,38,39,-32,40]]},{"type":"MultiPolygon","properties":{"a":154,"b":"Malaysia","c":113.335,"d":2.5061},"arcs":[[[41,42]],[[43,44]],[[45,46,-29,-28,47]]]},{"type":"MultiPolygon","properties":{"a":116,"b":"Cambodia","c":105.0271,"d":12.82},"arcs":[[[48,49,-50,50,-39,-24]]]},{"type":"MultiPolygon","properties":{"a":97,"b":"Indonesia","c":101.5589,"d":-0.2802},"arcs":[[[51]],[[52]],[[53,-36,54,-37]],[[55]],[[56]],[[57]],[[58]],[[59]],[[60]],[[61]],[[62]],[[63]],[[64]],[[65]],[[66]],[[67]],[[68]],[[69]],[[70]],[[71]],[[72]],[[73]],[[74]],[[75]],[[76]],[[77]],[[78]],[[79]],[[80]],[[81]],[[82]],[[83]],[[84]],[[85]],[[86]],[[87]],[[88]],[[89]],[[90]],[[91]],[[92]],[[93]],[[94]],[[95]],[[96]],[[97]],[[98]],[[99]],[[100]],[[101]],[[102]],[[103]],[[104]],[[105]],[[106]],[[107]],[[108]],[[109]],[[110]],[[111]],[[112]],[[113]],[[114]],[[115]],[[116,-42]],[[117]],[[118,-46]],[[119]],[[120]]]},{"type":"MultiPolygon","properties":{"a":214,"b":"Thailand","c":101.8099,"d":15.375},"arcs":[[[-40,-51,49,121,-45,122,-33]]]}]}},"arcs":[[[575,409],[-10,-4],[9,6],[1,-2]],[[592,430],[7,-2],[-3,-4],[-8,3],[4,3]],[[612,439],[-6,6],[6,2],[5,-3],[-5,-5]],[[692,513],[7,-10],[-5,-8],[5,-4],[2,-7],[0,-9],[4,-8],[-1,-9],[-8,-8],[0,-15],[-2,12],[-5,15],[-9,-10],[0,-6],[5,-12],[0,-6],[-7,-10],[-1,12],[-4,-6],[-9,4],[-9,6],[-4,8],[0,15],[4,5],[-5,9],[-6,4],[-3,-1],[-2,-10],[-7,5],[-5,-2],[-5,6],[-9,-21],[-5,7],[7,19],[9,4],[5,0],[2,7],[9,8],[7,-4],[2,-9],[-2,-4],[8,4],[5,9],[6,0],[3,11],[6,-3],[8,7],[-3,13],[3,3],[9,-11]],[[664,524],[-5,-4],[-9,0],[-1,7],[8,7],[5,-4],[2,-6]],[[685,528],[-3,5],[3,3],[0,-8]],[[624,542],[-4,0],[4,7],[0,-7]],[[634,506],[-5,0],[-2,7],[-8,9],[1,7],[7,3],[0,8],[4,13],[10,0],[1,-6],[-8,-21],[0,-6],[3,-10],[-3,-4]],[[639,516],[0,13],[7,13],[5,20],[2,-17],[-2,-5],[-7,-7],[-5,-17]],[[514,490],[-1,3],[13,17],[5,3],[24,31],[-1,7],[4,12],[5,-21],[-8,-6],[-2,-5],[-8,-3],[-7,-18],[-5,-2],[-7,-9],[-12,-9]],[[662,564],[8,1],[3,-6],[-2,-9],[5,-5],[1,-9],[-6,3],[0,-8],[-4,3],[1,16],[-7,3],[-4,16],[5,-5]],[[620,571],[14,-2],[-1,-9],[-13,-13],[-5,-1],[-5,-5],[-2,8],[4,9],[1,13],[-5,4],[2,3],[10,-7]],[[571,585],[6,-3],[-6,-2],[-4,5],[4,0]],[[677,594],[6,-9],[-3,-6],[2,-10],[3,-11],[-8,1],[-7,10],[1,4],[-12,14],[-2,8],[20,-1]],[[646,588],[4,-3],[3,-9],[-7,3],[-5,7],[-7,-7],[2,16],[10,-7]],[[612,589],[-4,-1],[5,9],[-1,-8]],[[636,602],[-7,5],[3,2],[4,-7]],[[584,618],[9,-1],[7,-8],[0,-14],[-2,-7],[-6,-2],[-4,7],[-3,12],[-7,14],[6,-1]],[[608,620],[5,-2],[-2,-7],[-5,3],[2,6]],[[659,622],[-4,-3],[-4,4],[4,10],[5,-5],[-1,-6]],[[611,657],[-3,-9],[-2,9],[5,0]],[[592,748],[14,-8],[7,5],[4,-7],[-4,-4],[0,-12],[7,-12],[-7,-23],[-12,-7],[0,-8],[-3,-6],[6,-15],[-1,-8],[3,-9],[7,-5],[5,9],[4,1],[7,-3],[3,-10],[4,-1],[0,6],[13,-5],[-6,-2],[0,-5],[6,-10],[5,-3],[-1,-11],[-6,8],[-11,4],[-1,9],[-13,13],[-2,0],[4,-17],[-12,14],[-8,4],[-7,-8],[-13,7],[-2,7],[7,9],[-7,8],[0,-10],[-4,1],[-8,12],[-6,34],[8,-7],[6,3],[-2,6],[2,14],[-1,17],[5,22],[10,3]],[[242,540],[0,-9],[-3,7],[3,2]],[[250,540],[9,3],[3,10],[15,2],[8,-5],[0,6],[-5,7],[0,8],[3,3],[7,-2],[0,7],[12,3],[4,6],[7,0],[1,6],[-1,10],[3,15],[-6,14],[3,16]],[[313,649],[0,7],[4,7],[-8,9],[-3,6],[6,4],[-18,16],[0,6],[-4,7],[-15,17],[0,4],[-12,12],[1,6],[-9,4],[-15,11],[2,10],[11,-2],[8,11],[-6,9],[-6,1],[5,6],[-10,7],[-9,-6],[-10,3],[-7,11],[2,8],[-6,2],[-1,5],[-9,13]],[[204,843],[7,10],[9,-8],[8,8],[4,-4],[1,5],[7,-6],[2,5],[7,-1],[6,3],[4,7],[9,6],[6,-7],[7,-4],[13,0],[4,-3],[-4,-7],[2,-13],[4,-2],[11,-9],[9,2],[3,-4],[-11,-6],[-1,-5],[-14,-2],[0,-6],[-3,-5],[0,-6],[-11,-9],[-5,-9],[0,-8],[-3,-8],[8,-16],[9,-10],[-1,-2],[6,-13],[8,-7],[1,-4],[14,-13],[4,-2],[17,-24],[9,-38],[-1,-15],[4,-8],[0,-9],[-5,1],[0,-25],[-5,-8],[-9,-5],[-10,-11],[-4,0],[-11,-8],[-9,0],[-9,-3],[7,-4],[-4,-7],[-9,9],[10,-14],[-5,-2],[-12,11],[6,-8],[1,-7],[-12,-9],[-9,-11],[-6,-2],[1,6],[0,21],[4,7],[-1,5],[-7,2],[-5,6]],[[468,401],[1,0]],[[469,401],[5,-14],[-5,1],[-1,13]],[[468,401],[-6,-5],[2,-9],[-6,-9],[-10,15]],[[448,393],[5,0],[15,11],[0,-3]],[[31,772],[5,-3],[-4,-4],[-1,7]],[[183,823],[-8,-8],[-5,-7],[1,-4],[-6,-2],[-3,-11]],[[162,791],[-4,3],[-10,-2],[1,-5],[-9,-1],[-1,-8],[-15,-3],[-6,2],[-3,-7],[-3,-12],[1,-11],[-8,-2],[6,-6],[1,-12],[17,-22],[3,-15],[5,2],[-2,-6],[-4,-3],[0,-17],[-8,-4],[1,-10],[7,-12],[8,-10],[3,-10],[-1,-13],[3,-8],[3,-5],[0,-6],[5,-14],[-8,-16],[-10,-10],[-1,-13]],[[133,535],[-4,-1],[0,13],[3,8],[1,15],[-1,4],[0,23],[-1,13],[-7,14],[-4,0],[0,11],[-5,18],[0,14],[-4,15],[0,13],[-6,0],[-2,15],[-6,5],[0,-7],[-7,-12],[-17,-10],[-1,-5],[-6,-6],[-1,8],[-5,-6],[-4,0],[-1,6],[-4,-4],[0,11],[-10,-8],[1,13],[3,3],[3,17],[0,10],[-2,13],[-7,16],[-1,8],[-2,-7],[-5,4],[-5,8],[7,-3],[4,5],[-13,16],[-7,0],[0,5],[-7,7],[0,-6],[-7,10],[-3,14],[3,4],[6,-4],[-1,17],[3,4],[5,-2],[3,6],[-2,12],[2,8],[5,1],[1,14],[-2,10],[8,0],[8,-4],[3,11],[10,20],[-4,2],[3,8],[7,7],[2,6],[0,15],[13,9],[6,6],[13,4],[6,-6],[3,2],[-5,9],[9,10],[-1,7],[6,8],[10,-9],[5,-16],[7,0],[1,-13],[0,-15],[-2,-11],[1,-2],[-7,-9],[-2,1],[-11,-14],[-2,-15],[2,-8],[-2,-6],[16,6],[9,-1],[-3,-5],[3,-7],[2,-11],[10,-2],[2,-4],[-2,-13],[-5,-6],[17,-5],[2,-13],[13,0],[8,7],[1,-5]],[[651,40],[10,3]],[[661,43],[-4,-5],[-6,2]],[[673,34],[-2,9],[4,1],[-5,5]],[[670,49],[3,7],[14,4],[18,1],[7,5],[7,-4],[-8,-6],[-13,-7],[-18,-8],[-7,-7]],[[313,649],[-14,-10],[-8,5],[-8,-4],[0,-11],[-6,4],[-10,3],[-1,4]],[[266,640],[7,6],[0,20],[3,7],[-7,6],[1,3],[-8,4],[-6,12],[3,17],[-9,10],[-9,16],[-15,2],[-3,-10],[-10,-5],[-9,10],[-21,-19],[-5,3],[5,14],[-1,6],[3,15],[-1,15],[-14,0],[-2,5],[2,11],[-4,5],[-4,-2]],[[183,823],[2,-10],[12,1],[-2,3],[1,11],[-5,7],[3,10],[10,-2]],[[526,382],[-6,0]],[[520,382],[6,0]],[[203,435],[4,-2],[4,-9],[14,-15],[6,-14],[-3,-26],[3,-3],[0,-18],[7,-6],[10,-28],[-2,-3],[-8,3],[-7,-4],[-3,6],[-12,7],[-12,10],[-7,9],[-7,2],[-3,6],[0,9],[-11,15],[-3,13],[0,7],[-6,24],[0,10],[-5,11]],[[162,439],[13,2],[2,-6],[5,0],[-1,-14],[10,5],[6,-2],[6,11]],[[520,382],[-7,3],[-12,2],[-16,0],[-4,-4],[-3,-14],[0,-5],[-2,-11],[-7,-5],[2,-8],[-9,-7],[2,-6],[-4,-10],[-5,-3],[-10,-1],[-5,-5],[-14,5],[0,3],[-11,0],[-5,-3],[-4,-8],[-4,-3],[-16,1],[-11,-5],[-16,17],[-4,9],[1,4]],[[356,328],[6,-7],[11,-1],[12,-6],[5,17],[-1,4],[6,3],[-2,5],[4,5],[23,6],[7,4],[7,13],[12,14],[2,8]],[[469,401],[9,4],[-2,9],[8,3],[7,15],[8,11],[4,9],[1,-8],[7,8],[5,-8],[4,-3],[0,-14],[9,3],[2,-6],[8,-2],[9,-8],[6,0],[0,-7],[-13,-5],[-5,2],[-4,-5],[9,-11],[-12,-4],[-7,2],[-2,-4]],[[250,540],[-3,4],[-15,1],[3,7],[-3,7],[-4,-6],[-3,0],[-2,7],[1,7],[-5,7]],[[219,574],[0,-1]],[[219,574],[-3,9],[1,8],[-6,6],[0,9],[-4,5],[0,9],[5,2],[9,16],[12,4],[5,-2],[20,2],[4,-5],[4,3]],[[629,0],[-2,3],[12,8],[0,-5],[-10,-6]],[[570,39],[8,-8],[8,-9],[-3,-6],[-5,-1],[-17,14],[-11,0],[-2,5],[5,5],[17,0]],[[673,34],[-13,-16],[-11,-4],[-6,1],[3,6],[-3,2],[1,7],[7,10]],[[661,43],[9,6]],[[500,58],[-1,-7],[-14,2],[4,2],[0,7],[7,7],[7,-5],[-3,-6]],[[657,64],[-4,-5],[-3,2],[7,3]],[[650,67],[-8,-9],[-6,1],[6,8],[8,0]],[[956,64],[-6,0],[2,5],[4,-5]],[[662,70],[11,-1],[2,-5],[-14,-3],[-1,8],[2,1]],[[627,58],[-7,-3],[-8,0],[-15,-6],[-32,5],[2,8],[15,6],[14,-7],[3,-3],[12,3],[4,-3],[12,8],[4,-2],[-4,-6]],[[534,66],[14,0],[4,-9],[-6,-4],[-13,0],[-14,-6],[-13,-2],[-2,2],[0,11],[8,6],[8,-2],[7,-7],[6,3],[-11,11],[9,2],[3,-5]],[[476,70],[6,-8],[-8,-4],[-5,-6],[0,6],[-11,6],[-3,7],[12,-2],[2,3],[7,-2]],[[771,74],[-4,-1],[-1,6],[5,-5]],[[708,82],[-7,-8],[-9,3],[-5,-4],[5,9],[7,0],[6,3],[3,-3]],[[949,67],[-6,-5],[-12,2],[7,19],[4,4],[11,1],[4,-4],[-4,-12],[-4,-5]],[[801,73],[-4,0],[1,9],[8,14],[2,0],[0,-13],[-7,-10]],[[443,96],[-16,-2],[-7,2],[4,5],[22,0],[-3,-5]],[[866,113],[0,-5],[-7,-7],[-2,4],[2,7],[0,8],[7,-7]],[[311,123],[2,-2],[11,-5],[7,0],[7,-12],[11,-3],[6,3],[8,-3],[11,-1],[4,11],[7,2],[3,-6],[7,1],[11,-4],[3,-3],[8,0],[4,-16],[10,-4],[10,0],[7,2],[7,-3],[0,-18],[3,-8],[-27,12],[-11,-4],[-13,4],[-11,0],[-20,4],[-14,8],[-13,3],[-10,1],[-12,-3],[-11,6],[-12,2],[-10,1],[-4,5],[4,5],[-12,4],[-14,0],[3,3],[5,8],[2,0],[2,8],[5,4],[14,-3],[5,5],[7,-4]],[[579,116],[-1,14],[3,-5],[-2,-9]],[[871,132],[0,-16],[-7,0],[-5,7],[3,0],[0,9],[4,7],[5,-7]],[[834,127],[4,15],[0,-7],[-4,-8]],[[611,139],[-5,4],[4,5],[1,-9]],[[624,143],[-2,-3],[-7,2],[4,6],[-2,6],[9,4],[-2,-15]],[[635,161],[0,-7],[-3,2],[-3,-10],[6,-5],[-6,-3],[-2,-4],[-5,2],[5,12],[2,16],[6,-3]],[[636,172],[-5,-1],[0,5],[5,-4]],[[739,183],[-7,0],[7,4],[0,-4]],[[493,178],[-3,-4],[-2,11],[4,9],[1,-16]],[[709,198],[9,-7],[0,-7],[-12,-4],[-12,7],[-2,10],[12,2],[5,-1]],[[769,203],[4,-2],[8,0],[6,-11],[5,-3],[-1,-8],[-17,9],[-3,4],[-7,0],[0,-3],[-12,3],[0,3],[-9,-6],[-7,7],[-3,-7],[-2,6],[5,8],[16,0],[4,-1],[8,3],[5,-2]],[[169,196],[-6,5],[2,4],[4,-6],[0,-3]],[[327,200],[-1,-5],[-6,3],[-4,-3],[-2,7],[3,9],[8,0],[5,-7],[-3,-4]],[[163,207],[-3,-3],[0,9],[3,-6]],[[156,217],[-4,1],[2,6],[2,-7]],[[694,214],[-4,5],[2,7],[2,-12]],[[692,231],[6,-2],[-18,-2],[0,4],[12,0]],[[781,233],[2,-7],[-6,-2],[-8,5],[12,4]],[[671,232],[4,1],[3,-4],[-18,-3],[-1,7],[12,-1]],[[885,236],[29,-4],[-4,-3],[-9,0],[-14,4],[-2,3]],[[283,233],[7,-19],[9,-3],[-4,-8],[2,-4],[-14,5],[-5,17],[-4,3],[-10,1],[10,13],[7,0],[2,-5]],[[736,233],[-14,-1],[0,8],[4,3],[8,-5],[2,-5]],[[635,246],[7,-3],[-7,-8],[-1,8],[-5,-7],[0,10],[6,0]],[[359,246],[-6,-1],[1,6],[5,-5]],[[142,231],[-5,2],[-6,13],[1,6],[5,1],[8,-18],[-3,-4]],[[794,243],[-4,2],[-3,7],[8,0],[-1,-9]],[[883,260],[11,-2],[9,-9],[-4,-3],[-5,1],[-11,13]],[[845,258],[10,0],[6,-15],[-4,-11],[2,-11],[7,-17],[3,8],[4,-17],[10,-4],[13,12],[7,9],[1,6],[10,3],[7,4],[-1,5],[14,9],[16,-8],[25,-14],[17,-3],[7,-4],[0,-94],[-3,-8],[3,-7],[0,-57],[-21,27],[-12,-2],[-2,4],[-7,-6],[-1,4],[3,15],[-9,15],[6,1],[-10,14],[-3,16],[-11,11],[-14,9],[-3,0],[-18,10],[-17,2],[-9,6],[0,7],[-9,-1],[-7,4],[-5,8],[0,6],[-9,-21],[-10,3],[2,10],[-2,7],[-16,12],[5,4],[9,-4],[11,10],[10,-5],[5,13],[-10,-4],[-11,-1],[-15,3],[-4,6],[-2,10],[-12,4],[-7,-1],[5,6],[0,9],[14,5],[5,5],[8,3],[7,-2],[12,-8]],[[252,268],[0,-7],[-5,4],[5,3]],[[723,268],[2,-7],[6,-5],[-9,0],[-3,8],[4,4]],[[237,268],[-6,-1],[2,4],[4,-3]],[[791,276],[8,-3],[2,-4],[-7,-2],[-7,7],[5,-8],[-14,5],[3,4],[10,1]],[[129,263],[-4,0],[2,8],[2,-8]],[[258,272],[3,-4],[-11,4],[3,5],[5,-5]],[[221,295],[-11,4],[1,6],[10,-7],[0,-3]],[[225,298],[-11,5],[3,3],[8,-8]],[[254,307],[0,-9],[-4,5],[4,4]],[[210,302],[-5,3],[0,7],[5,-4],[0,-6]],[[109,314],[9,-13],[-1,-9],[-5,0],[-6,8],[-2,7],[-5,6],[10,1]],[[211,313],[-8,1],[-1,4],[9,-5]],[[670,302],[-10,-14],[-14,-4],[-10,0],[-3,5],[-18,0],[-9,-2],[-5,2],[-13,-1],[-7,2],[-10,-9],[-1,-16],[4,-11],[5,-4],[4,-8],[9,0],[7,11],[7,-1],[9,5],[14,0],[-2,3],[7,2],[6,-3],[-1,-8],[-10,3],[-14,-17],[-7,-4],[-3,-4],[-8,0],[9,-10],[6,-12],[5,-5],[2,-7],[-4,-11],[14,-18],[-14,-3],[-4,-9],[-6,0],[-6,6],[4,13],[-7,4],[-8,9],[3,9],[-1,14],[-7,0],[-8,-7],[3,-10],[-1,-13],[1,-22],[-3,-11],[3,-11],[-10,0],[-4,-3],[-4,2],[-4,8],[4,11],[2,11],[0,11],[-5,14],[-9,-2],[-2,3],[-1,18],[5,6],[6,14],[-1,13],[3,12],[6,6],[1,-4],[-1,20],[1,7],[10,19],[4,-4],[7,11],[6,2],[6,-2],[3,-5],[7,1],[11,-2],[8,-4],[2,2],[21,-2],[7,4],[14,18],[6,-6],[-7,-12]],[[195,329],[1,-5],[-6,-3],[-1,7],[6,1]],[[727,298],[4,0],[7,14],[8,4],[2,-12],[-9,-5],[0,-4],[7,-5],[6,-8],[-16,6],[-4,0],[-1,-10],[3,-14],[7,-10],[-7,5],[-7,11],[0,15],[-4,4],[2,8],[-5,11],[6,15],[5,8],[3,-1],[-3,-7],[3,-3],[0,-10],[-8,-8],[1,-4]],[[743,328],[-4,0],[-1,7],[5,7],[3,-3],[-3,-11]],[[88,336],[-14,8],[1,6],[12,-10],[1,-4]],[[685,363],[-3,1],[0,7],[3,-8]],[[526,382],[-6,0]],[[330,370],[-4,0],[-2,9],[3,4],[5,-6],[-2,-7]],[[520,382],[-2,-2],[6,-10],[-12,-1],[4,-7],[-2,-5],[6,-3],[0,-4],[9,-16],[-5,-6],[5,-8],[12,-10],[7,-9],[-8,-4],[-13,6],[-8,-18],[-1,-17],[2,-9],[-7,-6],[-20,-21],[4,-4],[-3,-6],[5,-5],[-5,-4],[-1,-12],[-7,-16],[-25,-14],[-4,20],[-2,-3],[-7,5],[-2,-3],[-7,0],[0,5],[-6,-1],[-6,8],[-1,-6],[-8,-6],[-6,2],[-10,-5],[0,13],[-12,2],[-7,-3],[-7,4],[-7,-1],[-2,24],[-4,3],[3,9],[-3,8],[-6,7],[-8,2],[3,5],[-5,5],[0,7],[2,5],[-7,8],[-1,12],[4,16],[7,12],[4,3]],[[708,379],[0,13],[3,-7],[-3,-6]],[[88,409],[9,0],[12,0],[8,-9],[8,-14],[0,-6],[7,-4],[5,-6],[5,-3],[12,-10],[15,-23],[8,-8],[-1,7],[6,1],[8,-15],[7,-1],[6,-7],[2,-9],[7,-7],[6,0],[5,-6],[-12,-7],[7,1],[8,6],[5,0],[7,-11],[-8,-6],[0,-9],[5,-9],[14,-5],[5,-21],[5,-9],[-4,-4],[1,-4],[6,6],[11,-2],[10,-17],[-2,-8],[0,-12],[-3,-7],[3,-10],[0,-12],[-4,-20],[-2,0],[-6,7],[-5,-5],[-9,6],[-1,-10],[-12,13],[-3,8],[-9,6],[-19,17],[-7,14],[-13,11],[-4,11],[-9,10],[-1,10],[-8,17],[-3,12],[-10,12],[-4,11],[-8,4],[-10,31],[-3,11],[-19,11],[-1,13],[-7,5],[-7,15],[-10,4],[-19,24],[-7,12],[1,9],[8,1],[9,-8],[9,-2]],[[219,573],[-2,8],[-6,2],[-9,11],[-7,4],[-5,-2],[-13,1],[1,21],[-13,0],[-5,-3],[1,-8],[-2,-9],[1,-13],[-8,-18],[-3,-15],[-7,-14],[0,-15],[5,-13],[9,2],[3,-17],[6,-5],[4,-25],[-2,7],[-5,0],[1,-7],[6,-7],[12,-8],[8,0],[8,-11],[6,-4]],[[162,439],[-8,11],[-14,26],[-6,4],[-3,8],[-6,-3],[-1,14],[3,18],[6,18]]],"transform":{"scale":[0.04884542746746747,0.039466175165165165],"translate":[92.17958984,-10.90966797]},"bbox":[92.17958984,-10.90966797,140.97617188,28.51704102]}