{"type":"Topology","objects":{"all":{"type":"GeometryCollection","bbox":[166.52051842,169.89893639,-20.25310638,-13.06487396],"geometries":[{"type":"MultiPolygon","properties":{"a":3615,"b":"Penama","c":168.18948,"d":-15.75939},"arcs":[[[0]],[[1]],[[2]]]},{"type":"MultiPolygon","properties":{"a":3611,"b":"Torba","c":167.47245,"d":-13.80019},"arcs":[[[3]],[[4]],[[5]],[[6]],[[7]],[[8]]]},{"type":"MultiPolygon","properties":{"a":3616,"b":"Shefa","c":168.363,"d":-17.65331},"arcs":[[[9]],[[10]],[[11]],[[12]],[[13]],[[14]]]},{"type":"MultiPolygon","properties":{"a":3613,"b":"Tafea","c":169.1119,"d":-18.85059},"arcs":[[[15]],[[16]],[[17]]]},{"type":"MultiPolygon","properties":{"a":3612,"b":"Sanma","c":166.91145,"d":-15.30555},"arcs":[[[18]],[[19]],[[20]]]},{"type":"MultiPolygon","properties":{"a":3614,"b":"Malampa","c":167.5538,"d":-16.34149},"arcs":[[[21]],[[22]],[[23]],[[24]]]}]}},"arcs":[[[504,592],[-10,1],[-12,27],[-6,8],[-2,16],[8,11],[0,11],[8,0],[8,-10],[-2,-13],[20,-36],[0,-9],[-12,-6]],[[397,663],[-39,-1],[-16,4],[2,4],[35,15],[58,5],[-14,-8],[-4,-9],[-22,-10]],[[492,679],[-16,-5],[-2,13],[2,20],[-12,31],[6,3],[8,-6],[16,-34],[-2,-22]],[[296,848],[24,-6],[-2,-7],[-18,-10],[-35,0],[-6,2],[2,15],[13,5],[22,1]],[[312,889],[-26,-4],[2,-5],[-10,-4],[-4,9],[-15,7],[-2,8],[12,7],[17,2],[10,-3],[16,-17]],[[344,914],[-16,-1],[22,8],[2,-6],[-8,-1]],[[241,935],[10,-3],[-16,-1],[-6,6],[12,4],[0,-6]],[[33,971],[-18,4],[18,2],[0,-6]],[[11,982],[-10,4],[-1,13],[9,-1],[6,-8],[-4,-8]],[[536,376],[27,1],[8,-1],[16,-15],[24,-7],[-14,-13],[-42,-4],[-29,8],[-6,8],[-12,3],[-16,-8],[-10,4],[8,8],[26,14],[20,2]],[[500,372],[8,8],[16,-1],[-24,-7]],[[547,386],[-15,4],[10,3],[5,-7]],[[538,438],[2,5],[23,3],[-25,-8]],[[605,460],[-12,1],[8,8],[12,-3],[-8,-6]],[[492,510],[14,-8],[2,-7],[20,0],[19,-12],[20,0],[12,-3],[-2,-8],[-41,10],[-30,-5],[-12,0],[-14,6],[-8,10],[8,17],[12,0]],[[981,0],[-30,5],[8,11],[22,0],[18,-9],[-18,-7]],[[864,84],[-26,1],[-21,8],[-20,13],[0,11],[14,12],[27,0],[-4,-8],[8,-13],[40,-7],[-14,-8],[-4,-9]],[[787,211],[18,-2],[8,-3],[-24,-3],[10,-6],[29,-7],[4,-7],[-17,-9],[-34,9],[-8,-2],[-22,7],[-22,2],[4,10],[-6,6],[2,11],[16,8],[32,-1],[10,-13]],[[211,627],[-14,-1],[-29,6],[-6,3],[8,8],[29,0],[12,-3],[0,-13]],[[203,646],[-29,2],[19,8],[10,-10]],[[87,707],[31,0],[14,11],[0,17],[12,6],[22,-1],[-8,-4],[10,-26],[15,0],[4,-11],[-4,-4],[12,-5],[-4,-6],[6,-12],[18,-11],[-4,-4],[-28,-1],[-17,-8],[-28,2],[-24,-1],[-22,-9],[-19,0],[-4,11],[-14,5],[-28,21],[10,16],[0,7],[-8,7],[-14,28],[-14,17],[0,15],[8,11],[14,3],[22,-15],[2,-4],[20,-7],[8,-26],[4,-3],[4,-18],[4,-1]],[[540,516],[-12,1],[4,5],[8,-6]],[[510,522],[-12,0],[4,7],[12,2],[-4,-9]],[[532,547],[-10,-4],[-32,0],[-16,-3],[-6,4],[-25,1],[-30,10],[2,6],[43,5],[16,6],[4,6],[16,-1],[12,-18],[28,-9],[-2,-3]],[[267,576],[21,-4],[8,-5],[67,-23],[6,0],[8,-11],[14,-6],[-29,-12],[-20,7],[-16,0],[-16,-5],[2,-3],[-16,-4],[-20,1],[-11,7],[11,0],[-21,21],[-2,24],[-16,11],[-26,-7],[-14,3],[-14,11],[12,11],[0,14],[14,4],[32,-6],[0,-5],[16,-10],[-4,-5],[14,-8]]],"transform":{"scale":[0.0033817997697697566,0.0071954278478478465],"translate":[166.52051842,-20.25310638]},"bbox":[166.52051842,-20.25310638,169.89893639,-13.06487396]}