{"type":"Topology","objects":{"all":{"type":"GeometryCollection","bbox":[112.91944421,178.84392337,-52.60031327,-9.24016692],"geometries":[{"type":"Polygon","properties":{"a":164,"b":"Norfolk Island","c":167.9573,"d":-29.0357},"arcs":[[0]]},{"type":"MultiPolygon","properties":{"a":15,"b":"Australia","c":133.8874,"d":-25.9574},"arcs":[[[1]],[[2]],[[3]],[[4]],[[5]],[[6]],[[7]],[[8]],[[9]],[[10]],[[11]],[[12]],[[13]],[[14]],[[15]],[[16]],[[17]],[[18]],[[19]],[[20]],[[21]],[[22]],[[23]],[[24]],[[25]],[[26]],[[27]],[[28]],[[29]],[[30]],[[31]],[[32]],[[33]],[[34]],[[35]],[[36]],[[37]],[[38]],[[39]],[[40]],[[41]],[[42]],[[43]],[[44]],[[45]],[[46]],[[47]],[[48]],[[49]],[[50]],[[51]],[[52]],[[53]],[[54]],[[55]],[[56]],[[57]],[[58]],[[59]],[[60]],[[61]],[[62]],[[63]],[[64]],[[65]],[[66]],[[67]],[[68]],[[69]],[[70]],[[71]],[[72]],[[73]],[[74]],[[75]],[[76]],[[77]],[[78]],[[79]],[[80]],[[81]],[[82]],[[83]],[[84]],[[85]],[[86]],[[87]],[[88]],[[89]],[[90]],[[91]],[[92]]]},{"type":"MultiPolygon","properties":{"a":172,"b":"New Zealand","c":169.5338,"d":-44.5717},"arcs":[[[93]],[[94]],[[95]],[[96]],[[97]],[[98]],[[99]],[[100]],[[101]],[[102]],[[103]],[[104]],[[105]],[[106]],[[107]],[[108]],[[109]],[[110]],[[111]],[[112]]]}]}},"arcs":[[[8352,5438],[1,-2],[-4,-10],[-7,1],[0,16],[10,-5]],[[5223,2126],[-7,-28],[-3,-1],[-9,4],[0,14],[-5,0],[0,-10],[-7,-7],[-4,8],[-6,5],[3,7],[10,-10],[1,5],[-1,18],[2,2],[6,-9],[3,8],[-2,4],[7,14],[5,2],[4,-19],[3,-7]],[[5234,2159],[-11,-5],[-1,7],[5,7],[-11,4],[-3,7],[10,2],[-5,9],[5,7],[7,-13],[0,-7],[4,-13],[0,-5]],[[5346,2295],[-3,-4],[-12,0],[6,-13],[-14,-2],[4,14],[-3,1],[-1,8],[9,12],[9,-3],[2,-9],[3,-4]],[[5372,2362],[-17,12],[5,1],[9,-4],[3,-9]],[[4830,2738],[5,2],[14,-6],[14,0],[11,-9],[3,-5],[7,-4],[2,7],[17,0],[2,8],[-2,9],[7,-5],[2,-4],[-7,-6],[3,-5],[7,-8],[11,-3],[10,-4],[9,6],[1,-10],[7,-5],[7,-4],[14,-1],[7,-14],[10,-10],[14,-2],[24,-17],[7,-1],[14,-9],[21,-3],[10,2],[18,6],[5,-9],[3,1],[-1,6],[7,5],[3,8],[7,1],[9,5],[5,-4],[3,-11],[0,-7],[7,-3],[4,3],[10,0],[-7,7],[-7,1],[-5,6],[2,13],[15,5],[14,11],[2,-4],[20,-4],[6,4],[10,12],[2,-4],[7,2],[3,-5],[6,-3],[1,-6],[7,0],[5,5],[6,8],[12,23],[10,5],[8,-9],[4,3],[11,-8],[5,0],[10,8],[5,14],[0,8],[4,5],[7,-1],[3,-7],[5,2],[9,-15],[12,-2],[16,-29],[1,-9],[-8,-10],[5,-3],[-2,-13],[-3,-2],[0,-18],[7,-12],[0,-6],[-11,-11],[2,-5],[10,14],[5,0],[-5,-7],[-8,-30],[0,-21],[6,-9],[1,-6],[-5,-20],[3,-13],[-7,-11],[4,-15],[5,-13],[-4,-19],[0,-12],[11,-14],[-7,-10],[6,-7],[0,-13],[-6,-5],[-9,4],[7,12],[-5,10],[7,8],[-7,1],[-4,7],[-14,6],[11,8],[3,8],[-5,3],[-2,8],[-3,-1],[3,-8],[-1,-5],[-7,0],[1,-10],[-3,-2],[5,-7],[7,-2],[-14,0],[-7,-5],[0,-17],[-5,-9],[-4,-13],[-8,-14],[9,5],[0,-6],[-4,-11],[3,-11],[-1,-16],[-7,-8],[-5,4],[-7,-4],[7,-10],[3,-13],[0,-18],[-10,-9],[0,-13],[-2,-1],[-5,-9],[3,-5],[6,-2],[-2,4],[5,9],[4,-9],[5,1],[5,-9],[-3,-5],[4,-5],[-8,-13],[0,-12],[-2,-2],[4,-11],[-2,-6],[5,0],[0,-8],[-3,-5],[3,-6],[-3,0],[-11,10],[-3,13],[-4,-7],[0,-7],[-10,-12],[-3,5],[-11,13],[0,7],[7,6],[-15,8],[-4,11],[2,6],[7,2],[0,12],[7,0],[0,-9],[-1,-7],[7,-7],[9,-3],[7,1],[5,7],[-5,0],[-5,5],[0,6],[3,3],[-5,6],[0,8],[-9,-2],[-6,4],[-5,-2],[-4,4],[-7,4],[-5,9],[-11,-5],[-3,-9],[10,-22],[-7,-12],[-13,-4],[-4,8],[2,5],[5,-6],[4,5],[-1,10],[1,9],[-8,-4],[-3,10],[-7,6],[-10,17],[-4,-1],[9,-13],[5,-19],[-5,-11],[2,-16],[-2,0],[-9,8],[0,-8],[6,-9],[-7,-8],[-2,-6],[2,-12],[-2,-16],[-5,-4],[-9,5],[0,5],[-10,1],[5,11],[-3,4],[-6,-7],[-5,4],[-2,17],[-7,-4],[0,-16],[14,-14],[6,-5],[-4,-10],[-9,3],[-8,-7],[8,1],[7,-4],[-7,-8],[-3,-9],[-9,-4],[9,-2],[3,-5],[-8,1],[-4,-5],[2,-7],[-2,-4],[-5,2],[-2,-7],[7,-4],[-1,-7],[-11,-7],[-12,8],[-10,-5],[-6,9],[-12,8],[-1,14],[-4,6],[0,-14],[-10,-3],[-18,3],[-5,5],[-8,-6],[-6,10],[-5,0],[-5,-12],[-3,8],[-9,-5],[0,-4],[-12,-2],[1,16],[-6,15],[-7,7],[0,6],[8,-4],[-3,7],[21,-3],[7,-12],[0,9],[7,0],[3,-4],[2,8],[-2,9],[-9,10],[-10,-14],[-4,4],[0,6],[-3,2],[-2,-9],[-7,3],[-5,10],[0,10],[-7,6],[0,-11],[-7,-3],[0,-4],[7,0],[-3,-8],[-11,3],[-3,13],[0,8],[-7,6],[-5,12],[0,6],[-6,-1],[-3,4],[2,10],[-7,4],[-9,14],[-10,2],[-7,10],[-5,16],[-4,11],[-7,9],[4,8],[-5,18],[-4,0],[-3,8],[-7,1],[5,12],[-7,11],[-2,10],[2,9],[-7,20],[0,24],[-2,9],[4,-6],[3,-10],[11,-5],[3,-8],[17,-14],[2,-19],[2,-11],[3,5],[0,17],[6,-2],[5,19],[-7,-3],[0,7],[-4,-4],[-19,25],[-2,11],[0,9],[-3,2],[-7,-8],[-1,-12],[-6,7],[4,16],[-2,20],[-7,17],[-7,11],[-15,16],[-9,24],[-5,7],[-7,3],[0,11],[-7,25],[-9,15],[-2,8],[-5,4],[-1,6],[3,3],[0,6],[-15,33],[1,5],[0,14],[-3,4],[2,9],[-4,8],[-7,12],[4,2],[1,7],[-3,6],[7,8],[5,1],[2,18],[-4,25],[2,9],[3,1],[6,-9],[1,-6]],[[4873,2748],[2,-6],[-8,3],[-12,-6],[-9,1],[0,12],[9,12],[1,-6],[17,-10]],[[5351,2770],[-1,-3],[-13,12],[4,8],[17,6],[-7,-23]],[[4834,2806],[0,-17],[-4,-5],[0,-14],[-5,3],[0,14],[-3,9],[8,0],[2,15],[2,-5]],[[4851,2798],[-7,2],[-5,6],[7,4],[3,8],[11,-4],[-2,-12],[-7,-4]],[[5381,2822],[5,-3],[7,-13],[-21,-17],[-3,16],[-4,0],[-10,-7],[-4,6],[-19,-3],[-7,5],[-5,0],[0,8],[11,10],[15,0],[4,-4],[3,8],[9,0],[7,7],[3,-2],[9,-11]],[[5313,2972],[28,-44],[5,-8],[7,-4],[12,-2],[-1,-28],[-9,-10],[5,0],[5,7],[3,-4],[2,-18],[-5,6],[-1,-5],[5,-5],[-2,-7],[-5,5],[-9,3],[-3,-9],[-11,-7],[-12,7],[3,9],[-7,9],[-3,14],[-7,4],[-1,9],[-9,5],[3,12],[-3,18],[-9,-4],[-10,9],[8,9],[7,2],[0,7],[4,3],[-4,9],[6,-2],[8,10]],[[4725,2893],[-4,-5],[-5,-2],[-14,-10],[-7,8],[0,9],[2,5],[0,14],[-5,4],[-4,8],[2,13],[4,9],[-2,28],[12,7],[2,9],[-2,10],[9,4],[5,-6],[9,-7],[3,-9],[0,-13],[2,-14],[0,-10],[-2,-16],[5,-6],[0,-16],[-5,-10],[-5,-4]],[[5092,3194],[7,-1],[10,1],[9,-1],[-4,-4],[-9,0],[-3,-6],[-10,4],[-4,7],[4,0]],[[4918,3246],[2,-9],[-1,-2],[-6,7],[-8,4],[-9,-4],[-3,3],[-11,0],[14,15],[12,3],[4,-4],[1,-9],[5,-4]],[[4920,3291],[14,2],[7,-11],[-12,-3],[-10,-11],[-11,5],[-1,11],[5,14],[8,-7]],[[3747,3923],[1,-4],[-8,-6],[2,-6],[8,0],[-10,-16],[3,-4],[7,1],[5,-4],[16,1],[2,-13],[5,-1],[9,8],[3,12],[14,-3],[10,-5],[2,-12],[7,-1],[0,-11],[-7,-3],[-5,-9],[-9,3],[-5,6],[-12,0],[-5,3],[-14,-1],[-11,-8],[-7,-1],[-5,-8],[4,-9],[-4,-10],[-8,-3],[-14,-11],[-7,7],[-5,11],[-14,1],[-9,5],[-5,-2],[-3,-11],[-4,-2],[-10,5],[-7,-3],[-2,4],[-10,-6],[-9,0],[-5,5],[-14,-7],[-9,-1],[-3,12],[-5,8],[-11,4],[-8,10],[10,36],[14,3],[17,7],[42,10],[10,6],[21,5],[8,8],[14,-5],[7,3],[9,0],[5,2],[9,0]],[[3575,4019],[-8,1],[5,5],[3,-6]],[[3532,4042],[-7,2],[-3,15],[-9,11],[7,0],[7,-15],[3,-2],[2,-11]],[[3707,4168],[-4,1],[4,10],[0,-11]],[[3271,4341],[-2,2],[2,12],[9,3],[1,-7],[-7,-3],[-3,-7]],[[3136,4679],[-5,-3],[-4,7],[9,10],[12,1],[-9,-4],[2,-4],[-5,-7]],[[418,4701],[-2,-5],[-3,17],[3,2],[2,-14]],[[398,4749],[-5,-4],[-12,0],[8,3],[1,4],[8,-3]],[[6999,4861],[5,-11],[-1,-5],[-4,0],[3,7],[-3,9]],[[116,5561],[-1,8],[6,5],[5,0],[-10,-13]],[[6153,5808],[8,0],[-5,-21],[-8,-50],[-8,-1],[-1,9],[2,12],[-1,10],[1,10],[-1,16],[4,10],[0,10],[5,0],[4,-5]],[[6144,5822],[-3,13],[-6,11],[-1,20],[0,19],[0,6],[8,4],[6,5],[1,-10],[-5,-28],[-2,-24],[2,-9],[0,-7]],[[6,6253],[6,-3],[0,-13],[7,-17],[0,-21],[13,-39],[-2,-17],[3,-2],[0,6],[11,-21],[1,-12],[-1,-12],[-6,3],[-2,17],[-11,20],[-6,6],[-6,22],[-8,16],[1,5],[-1,13],[-5,15],[0,25],[6,9]],[[6080,6289],[-2,-2],[-7,14],[2,2],[7,-14]],[[23,6301],[-4,8],[6,24],[-1,17],[1,8],[5,5],[-3,-17],[0,-14],[-3,-11],[-1,-20]],[[31,6371],[-2,3],[3,36],[2,11],[2,-11],[-4,-20],[2,-8],[-3,-11]],[[6123,6425],[-1,-32],[3,-15],[9,-8],[1,-8],[-3,-11],[0,-5],[-12,-40],[-16,-48],[-12,-47],[3,-13],[-3,-15],[-4,-2],[-10,16],[-1,25],[-4,2],[-2,13],[6,7],[1,21],[4,4],[7,20],[-1,13],[1,8],[-7,3],[0,6],[20,19],[11,20],[3,8],[0,9],[0,10],[-7,16],[-5,7],[-5,-1],[10,16],[13,12],[1,-10]],[[5834,6627],[-3,-2],[-5,16],[-1,10],[1,2],[3,-11],[5,-15]],[[5781,6722],[6,1],[1,-6],[8,-4],[9,-6],[0,-4],[7,10],[-2,-22],[4,-17],[5,-5],[1,-6],[0,-10],[-5,-6],[-7,-1],[-7,12],[-1,8],[-9,15],[-5,7],[-13,26],[8,8]],[[5583,6958],[-3,0],[0,10],[3,10],[2,-1],[2,-12],[-4,-7]],[[5708,6988],[-7,-11],[-4,0],[2,7],[-5,2],[5,12],[-3,7],[5,2],[7,-19]],[[5609,7007],[-2,-3],[-3,20],[3,16],[4,7],[-2,-10],[5,-11],[-5,-19]],[[5680,7120],[-5,-11],[-7,6],[7,1],[5,4]],[[5670,7135],[-2,-6],[-7,2],[0,12],[9,-8]],[[378,7324],[-3,-5],[-4,-3],[-5,6],[-2,-6],[-4,7],[2,10],[13,25],[9,6],[2,-18],[-5,-11],[0,-6],[-3,-5]],[[5486,7406],[-5,-10],[-3,4],[8,13],[4,-7],[-4,0]],[[5479,7454],[4,-5],[0,-4],[-5,5],[-4,-9],[-1,4],[-6,-1],[0,9],[-7,-3],[7,13],[-2,0],[2,17],[2,3],[4,-9],[0,-9],[3,-2],[3,-9]],[[5469,7505],[-5,-16],[2,-4],[-6,-9],[0,7],[-2,-3],[-3,4],[0,5],[4,8],[-1,3],[11,5]],[[5393,7511],[-4,-4],[0,18],[4,-3],[0,-11]],[[5150,7723],[0,-10],[-8,-5],[-7,10],[7,3],[2,4],[6,-2]],[[5114,7809],[7,-3],[-5,-5],[-12,3],[2,9],[0,9],[8,-13]],[[5053,7927],[8,-2],[1,-4],[-2,-13],[4,-10],[5,-4],[-3,-4],[5,-9],[-3,-2],[-4,-11],[-3,-4],[-11,8],[-1,17],[-6,13],[-12,13],[0,6],[5,0],[14,-6],[2,18],[1,-6]],[[4041,8185],[-7,0],[-2,-5],[-3,5],[-7,0],[-2,-9],[-3,9],[7,10],[7,18],[10,-12],[-2,-4],[4,-6],[-2,-6]],[[3972,8242],[-2,7],[5,4],[5,-4],[-6,-2],[-2,-5]],[[4060,8337],[2,-5],[3,6],[2,-3],[0,-8],[-5,-1],[2,-6],[-13,-1],[-3,-6],[-5,11],[-4,5],[-3,-7],[-7,-4],[7,-4],[-2,-4],[-7,2],[-2,-3],[2,-11],[-5,-12],[-5,5],[-4,-1],[-1,-9],[-6,-2],[-5,-6],[-12,1],[-5,11],[0,-9],[-7,-10],[-2,11],[5,11],[2,14],[7,10],[0,7],[5,4],[4,9],[7,3],[7,0],[17,5],[14,9],[5,-2],[2,-6],[10,-4]],[[3605,8500],[-5,-9],[-4,7],[-3,8],[2,5],[6,7],[2,-4],[5,-5],[-3,-9]],[[3622,8523],[5,-6],[-3,-5],[-5,4],[1,-12],[-7,-6],[-1,23],[10,2]],[[3652,8534],[3,0],[2,-8],[5,0],[3,-6],[0,-20],[-1,-4],[5,-4],[-2,-7],[-5,-10],[-3,3],[-4,10],[-3,1],[-2,9],[0,9],[-9,-3],[2,9],[3,10],[4,-5],[0,7],[2,9]],[[3591,8530],[-2,-6],[-5,2],[-2,-3],[-7,3],[2,7],[-2,2],[6,7],[-2,6],[12,4],[2,-6],[-2,-5],[0,-11]],[[3631,8526],[-2,-2],[-2,10],[4,5],[-4,4],[4,8],[2,-1],[3,-15],[-3,-2],[-2,-7]],[[1748,8602],[-7,0],[-4,-5],[-7,6],[12,5],[4,6],[3,-4],[-1,-8]],[[1766,8612],[-3,-12],[5,-1],[0,-5],[4,-3],[4,-13],[-15,-9],[-3,4],[10,12],[-7,1],[-5,-3],[-7,5],[2,8],[7,7],[-3,0],[8,10],[3,-1]],[[2317,8630],[-7,3],[-5,7],[0,20],[5,-1],[0,-9],[5,-4],[2,-16]],[[1821,8679],[-1,-5],[2,-3],[-2,-7],[-3,9],[-5,4],[2,5],[4,-2],[2,5],[1,-6]],[[2354,8667],[0,-5],[-13,19],[-1,17],[3,2],[5,-17],[6,-10],[0,-6]],[[3465,8696],[-7,-1],[-2,-4],[-3,2],[5,5],[0,11],[5,-1],[2,-12]],[[2535,8701],[-3,0],[-4,7],[-1,8],[7,-7],[1,-8]],[[2528,8692],[0,-13],[-10,29],[-2,12],[4,-3],[7,-14],[1,-11]],[[1864,8790],[-6,-14],[5,-11],[-8,-6],[-3,-7],[-2,8],[-5,1],[1,14],[6,-3],[0,12],[-2,3],[8,13],[0,-5],[6,-5]],[[2077,8926],[-2,-3],[-7,3],[-6,-3],[-3,7],[9,0],[9,-4]],[[3543,8962],[-4,-1],[4,-12],[-4,0],[-2,-11],[-7,-3],[2,7],[-5,14],[-3,-2],[0,-16],[-7,6],[0,21],[8,-4],[2,13],[3,4],[7,-1],[7,-8],[-1,-7]],[[3624,8947],[3,12],[11,-3],[3,-7],[-1,-6],[-7,-9],[-2,-13],[-5,2],[-6,-3],[-3,-6],[-2,-12],[9,-7],[-9,-5],[-2,-4],[-6,-1],[0,-13],[3,-13],[10,-1],[0,9],[4,-2],[9,-12],[3,2],[4,12],[8,-1],[-5,-7],[2,-11],[-2,-2],[2,-9],[-2,-3],[-5,3],[0,-5],[-9,6],[-2,-2],[-5,4],[-12,1],[-7,-5],[-5,1],[-28,14],[-3,5],[-9,-2],[-3,-5],[-5,2],[12,12],[5,11],[-4,14],[-1,21],[3,21],[-3,10],[3,5],[5,-7],[7,2],[4,11],[5,-8],[2,5],[3,-3],[5,8],[-3,1],[-2,11],[-3,0],[-2,7],[5,3],[4,-9],[5,4],[3,10],[7,3],[0,-9],[-5,-8],[-2,-6],[2,-4],[5,0],[-3,-7],[5,-11],[10,-3],[5,7],[-3,5]],[[3530,9027],[0,-5],[-3,5],[-3,-4],[1,-9],[-3,-11],[-2,3],[3,8],[-3,9],[0,15],[-2,10],[12,-21]],[[3627,9332],[-3,-1],[-2,12],[2,2],[0,-10],[3,-3]],[[2956,9332],[-4,0],[-7,8],[2,5],[5,1],[4,-3],[0,-11]],[[3337,9338],[-6,-1],[-5,17],[5,-5],[6,-2],[0,-9]],[[3347,9353],[-7,-3],[-5,4],[0,3],[7,2],[5,-6]],[[3546,9360],[-5,-6],[-16,-10],[-5,5],[0,7],[7,0],[3,7],[2,-7],[7,3],[5,9],[4,-3],[-2,-5]],[[3361,9375],[-4,-2],[0,8],[11,-2],[-7,-4]],[[3572,9384],[-2,3],[2,18],[3,4],[-3,-25]],[[3591,9415],[-2,-6],[-8,0],[1,6],[4,0],[9,9],[-4,-9]],[[3501,9430],[-7,0],[-2,6],[11,9],[5,-2],[-7,-13]],[[2982,9444],[8,1],[2,-8],[-5,-9],[-9,-1],[-5,7],[-3,9],[7,5],[5,-4]],[[3105,9440],[-4,0],[-1,11],[8,6],[10,1],[0,-6],[-13,-3],[3,-7],[-3,-2]],[[3570,9472],[-10,-7],[-2,-8],[-12,-8],[0,2],[-7,-8],[-3,0],[-9,-9],[3,12],[7,6],[4,9],[3,0],[4,-7],[10,16],[14,13],[2,-2],[-4,-9]],[[3122,9477],[-12,-1],[-5,-8],[0,12],[5,1],[8,7],[4,-11]],[[2648,9485],[0,-12],[12,-16],[0,-14],[-2,-12],[7,3],[9,-3],[10,-11],[2,-4],[0,-8],[-9,-6],[-12,-2],[-9,6],[-12,4],[-5,6],[-14,-5],[-12,-8],[-14,0],[-7,9],[2,6],[5,-1],[2,6],[-2,11],[4,4],[5,-5],[7,0],[5,9],[-2,25],[2,9],[-3,6],[-4,-2],[5,13],[6,6],[6,14],[9,4],[4,3],[3,-18],[5,-9],[-3,-8]],[[2667,9529],[2,-4],[6,6],[6,-7],[-2,-8],[-4,-10],[2,-4],[4,2],[10,13],[-2,-11],[7,-10],[4,8],[19,6],[5,11],[10,-1],[9,-7],[2,-12],[1,0],[4,20],[7,5],[8,10],[4,-19],[7,-16],[0,7],[-2,7],[0,10],[-2,1],[0,10],[7,12],[7,0],[2,-11],[-2,-6],[4,-1],[3,8],[5,-4],[5,3],[6,-5],[-2,-9],[3,-1],[2,-11],[2,-9],[5,4],[4,-4],[1,-16],[-3,-3],[-5,1],[-4,-12],[2,-17],[-4,-2],[-10,7],[-9,-24],[-5,-10],[-5,-1],[-7,-6],[-2,-5],[-15,-12],[-19,-22],[-5,-1],[-2,7],[-11,9],[-7,4],[-8,7],[-11,5],[-1,6],[-14,15],[-4,6],[-10,5],[-2,25],[-8,13],[-2,26],[-4,12],[2,6],[-3,6],[-2,9],[0,11],[5,7],[5,-12],[11,-17]],[[3615,9589],[2,-5],[-3,-12],[-6,-26],[-5,-4],[-2,-8],[-3,-7],[-2,-10],[-17,-27],[-7,0],[5,6],[-3,2],[12,13],[7,28],[7,11],[5,2],[3,19],[4,4],[-2,6],[5,8]],[[2983,9584],[4,-14],[0,-5],[-4,-2],[-1,-5],[8,-5],[-3,-3],[2,-14],[-4,-16],[0,-6],[-5,8],[-5,21],[-7,13],[5,8],[-2,9],[-3,3],[-4,10],[6,-4],[8,4],[2,11],[5,3],[-3,-7],[1,-9]],[[4493,9660],[10,-8],[-3,-10],[-4,-4],[-3,-7],[-4,-4],[0,-16],[-3,-6],[7,5],[3,13],[7,1],[2,-4],[2,-11],[3,0],[2,-17],[5,8],[5,-1],[5,-15],[4,-10],[2,-19],[-2,-12],[0,-14],[5,-4],[7,-18],[-9,-24],[4,-5],[0,-17],[3,-7],[0,-31],[0,-19],[2,-7],[7,-10],[2,0],[8,-9],[6,0],[8,6],[7,-1],[7,-12],[10,2],[2,-3],[-7,-3],[-19,-43],[2,-18],[-2,-10],[0,-11],[9,-2],[7,1],[10,-11],[4,-7],[1,-18],[2,-9],[4,-5],[10,-4],[7,-9],[-5,-12],[1,-4],[-5,-11],[-1,-17],[0,-13],[1,2],[5,-4],[4,4],[10,-1],[7,6],[-7,-21],[2,-8],[-2,-27],[4,-29],[0,-30],[0,-5],[7,-6],[3,-12],[-2,-16],[2,-6],[-5,-17],[-5,-39],[5,-13],[5,-12],[0,-9],[4,-10],[10,-13],[3,-23],[0,-22],[7,-30],[4,-14],[8,-13],[4,-4],[10,-3],[2,-6],[19,14],[7,11],[9,7],[3,14],[0,12],[3,3],[2,-5],[2,3],[3,-8],[7,-5],[23,16],[3,18],[7,-1],[5,-8],[6,-14],[-2,-8],[0,-15],[3,0],[6,6],[1,-4],[-5,-13],[2,-16],[5,-7],[4,-10],[12,1],[6,-11],[4,-2],[12,-1],[5,-13],[0,-15],[11,-11],[3,-5],[4,3],[15,-11],[11,1],[-2,-11],[10,-15],[10,1],[-3,-6],[-12,-29],[-2,-20],[4,-14],[5,-4],[3,3],[2,7],[3,-3],[0,-9],[-6,-4],[-4,-8],[0,-12],[-5,-8],[0,-8],[2,1],[3,-9],[-3,-7],[2,-7],[5,-6],[3,-9],[-3,-6],[1,-2],[6,-20],[1,-3],[-1,-18],[3,-9],[-3,-7],[1,-8],[11,-17],[5,-16],[0,-9],[-4,-23],[4,-10],[0,-7],[-5,-7],[-2,-7],[0,-17],[-3,-11],[5,-5],[5,-1],[3,-12],[4,-8],[3,-7],[7,-17],[9,-11],[5,-3],[4,-12],[3,-3],[5,-11],[5,-9],[-6,-8],[5,-9],[0,-7],[3,1],[-2,13],[9,11],[5,-6],[7,9],[5,-1],[-3,-11],[2,-2],[-9,-21],[0,-13],[4,-3],[5,-17],[3,-15],[5,-16],[5,-14],[7,-10],[-1,-11],[1,-22],[9,-14],[2,-6],[-5,-9],[-2,-8],[0,-16],[-4,-5],[6,-17],[-7,-31],[-7,-19],[-4,-13],[0,-10],[2,-6],[0,-6],[2,-6],[12,-20],[3,-4],[7,0],[2,-13],[5,-17],[-1,-3],[6,0],[4,-3],[5,1],[5,-2],[-1,-20],[-7,-22],[-2,-38],[9,-19],[12,-13],[5,-10],[5,-6],[9,-6],[6,-7],[11,-11],[7,-1],[7,5],[5,-10],[15,-17],[4,-4],[9,1],[8,11],[2,14],[5,-12],[-1,-11],[1,-7],[11,-20],[5,2],[14,-6],[3,4],[22,-2],[4,5],[-2,8],[-5,8],[0,5],[7,-8],[7,-27],[9,-15],[1,-15],[4,-11],[0,-7],[2,-9],[-6,0],[18,-29],[15,-2],[-3,14],[-2,20],[12,-5],[2,-5],[3,-21],[6,-12],[10,-8],[8,0],[1,6],[7,2],[10,-14],[21,-7],[0,-5],[5,-10],[-7,-3],[0,-9],[7,-4],[2,-7],[13,-9],[0,-6],[7,0],[2,6],[-7,2],[5,3],[4,6],[-5,5],[-2,6],[3,5],[4,-5],[7,-2],[5,8],[2,-15],[3,-13],[4,-2],[-1,-9],[11,8],[-3,-9],[3,-3],[0,-9],[9,5],[3,0],[0,6],[7,-9],[-2,-6],[9,-13],[-2,-9],[4,-13],[8,-6],[-3,-1],[5,-15],[-8,4],[-9,7],[0,11],[-4,3],[-3,-9],[-4,0],[-3,6],[-4,0],[4,-14],[-4,-9],[-7,-2],[6,-14],[3,-4],[2,-6],[-3,-5],[3,-1],[2,-8],[3,-3],[5,-9],[6,2],[1,-4],[2,-12],[-2,-7],[0,-6],[6,10],[5,-7],[8,1],[7,-9],[7,3],[2,-7],[-7,2],[3,-8],[0,-6],[7,2],[2,-5],[7,-1],[4,-9],[8,-13],[0,-8],[-5,-13],[0,-9],[5,-14],[3,6],[2,0],[2,-6],[3,0],[1,-14],[3,-8],[-5,-5],[8,-6],[-7,-8],[0,-12],[7,8],[2,-4],[5,-2],[0,-7],[4,-10],[5,0],[5,11],[3,-9],[-8,-12],[0,-9],[5,-14],[-7,-11],[2,-10],[5,-9],[-1,-18],[8,-19],[2,-20],[5,-14],[-3,-6],[3,-2],[5,-12],[-2,-9],[9,-7],[4,-9],[3,-2],[0,-20],[-5,-10],[5,1],[14,14],[2,9],[3,0],[7,-12],[2,-6],[12,-16],[5,-17],[7,-8],[-2,21],[-12,35],[-3,10],[3,3],[-3,11],[3,7],[2,18],[5,6],[9,5],[5,-5],[5,-19],[4,-5],[1,-9],[6,-5],[-2,-5],[5,-11],[14,-5],[17,-15],[2,-5],[12,-7],[16,-17],[-6,18],[0,5],[-5,7],[-2,12],[2,14],[4,10],[5,-5],[5,1],[-2,-12],[7,-6],[-1,8],[3,6],[2,-15],[1,-4],[9,-4],[0,-6],[-9,-10],[-1,5],[-4,-4],[4,-3],[-2,-6],[5,0],[0,-10],[3,-5],[4,6],[0,10],[2,6],[3,-9],[-2,-13],[1,-6],[3,0],[3,-14],[-3,-13],[-2,-36],[-8,-2],[5,-6],[-2,-8],[3,-4],[-3,-34],[7,-4],[-2,-8],[7,-8],[-2,-7],[-5,-7],[4,-24],[3,-5],[7,-13],[-10,-3],[8,-7],[2,-9],[7,7],[12,-6],[4,-10],[5,-3],[8,-12],[4,-12],[2,-10],[3,-8],[15,-4],[1,-8],[7,-2],[1,-7],[9,-12],[7,-14],[3,5],[7,-3],[4,-6],[0,-10],[5,-6],[2,12],[6,-1],[11,-11],[-3,12],[-8,9],[0,5],[9,1],[7,-10],[-3,-5],[5,-1],[5,6],[2,-15],[3,-12],[7,-7],[4,-1],[3,7],[2,-12],[5,-9],[9,-40],[8,-24],[4,-4],[5,-14],[5,-6],[24,-25],[14,-5],[11,-13],[3,-10],[0,-11],[0,-19],[2,-5],[12,-28],[7,-5],[0,-4],[-9,-5],[7,-2],[9,-12],[14,-5],[7,-5],[0,9],[3,-6],[12,-6],[2,-27],[-7,-7],[-2,-7],[12,9],[2,-4],[-3,-5],[3,-5],[-7,-11],[-2,-9],[0,-20],[-1,-4],[7,-6],[-2,-6],[5,-5],[4,0],[5,-15],[2,-13],[-2,-10],[0,-10],[6,13],[0,10],[4,8],[4,-19],[1,-4],[9,-2],[3,2],[-8,-29],[-6,-27],[-6,-32],[1,-8],[9,-10],[-3,-14],[0,-48],[6,-5],[-1,-11],[3,-15],[-3,-6],[1,-23],[7,-28],[2,-7],[-3,-5],[-5,3],[-7,-1],[-4,-5],[-7,-10],[0,-9],[3,-2],[8,1],[-1,-13],[-7,-9],[2,-7],[14,-9],[4,-20],[10,-8],[4,-15],[3,-7],[0,-14],[7,-11],[1,-8],[7,-10],[0,-10],[1,-2],[5,6],[1,-4],[-3,-16],[0,-13],[-2,6],[-2,-6],[1,-10],[5,7],[1,-8],[0,-21],[13,-24],[3,1],[2,-5],[3,-17],[0,-12],[-5,-42],[5,-24],[7,-13],[-3,-5],[0,-10],[-2,-8],[2,-15],[-2,-9],[-12,-18],[-7,-13],[-7,-21],[3,-14],[-5,-2],[-10,-27],[0,-19],[2,-5],[-1,-9],[1,-11],[-7,-24],[2,-12],[-2,-2],[0,-15],[-4,-12],[0,-17],[-3,-6],[-2,-21],[-5,-10],[-4,-12],[0,-21],[-1,-11],[-9,-19],[2,-6],[-2,-9],[-7,-15],[-2,-11],[-3,-8],[-5,-24],[0,-13],[-5,-24],[1,-4],[2,-19],[4,-11],[8,-5],[0,-9],[-7,-11],[0,-9],[3,-5],[-3,-9],[-10,-17],[0,-8],[-2,-9],[2,-4],[0,-15],[-7,-10],[-2,-13],[4,-8],[-2,-6],[-9,-12],[-3,-8],[-2,-13],[2,-4],[-9,-14],[2,-7],[-9,-14],[0,-11],[-5,-4],[-16,-20],[-10,-23],[3,-7],[-6,-9],[-1,-11],[9,-14],[-8,-13],[0,-8],[3,-6],[-3,-17],[3,-6],[-21,-12],[-7,-5],[-10,-11],[0,-6],[-9,-5],[-7,-14],[2,-4],[-10,5],[-11,-7],[4,-6],[13,0],[2,-3],[0,-7],[-5,0],[-7,-8],[-7,3],[-12,-4],[-22,-14],[-5,-7],[1,-6],[-10,-8],[-2,-14],[-7,-8],[-5,-22],[-5,-14],[-5,-3],[-4,-10],[3,-4],[-10,-12],[4,13],[-4,4],[-10,-12],[0,-6],[5,-6],[2,6],[0,-13],[-7,-10],[0,-12],[-2,-1],[-2,-9],[-8,0],[-4,-4],[-5,1],[-7,-5],[-3,10],[-2,-7],[4,-6],[-4,-7],[4,1],[5,8],[3,-2],[-3,-14],[1,-2],[5,12],[1,-4],[-4,-26],[2,-4],[-2,-19],[-7,-1],[-1,-10],[5,4],[0,-8],[-2,-10],[1,-4],[-4,-12],[-9,11],[-2,-7],[-5,-4],[-9,-3],[9,-3],[2,2],[10,0],[0,-6],[-9,1],[-3,-10],[5,-3],[-26,-27],[-7,-10],[-7,-16],[2,-9],[-5,-19],[3,-8],[-3,-3],[-2,-7],[-7,3],[-5,-8],[5,-2],[9,-9],[-4,-7],[-3,-28],[-2,-8],[-9,-5],[-5,-13],[-3,-2],[8,-9],[-6,-1],[8,-8],[-2,-9],[2,-3],[9,-4],[-2,-13],[-5,-8],[-4,8],[2,14],[-3,1],[-12,-3],[-2,-12],[2,-2],[1,-10],[9,0],[0,-12],[-9,-5],[-2,5],[-11,-1],[-11,-8],[0,-5],[-8,-15],[0,-18],[-6,-4],[-7,-16],[0,-18],[-2,-3],[-8,-18],[-5,-15],[-4,-7],[-7,5],[-6,-3],[3,-6],[5,-14],[-2,-8],[-6,-2],[-7,-9],[3,-11],[-3,-27],[-7,3],[-2,-3],[8,-8],[1,-5],[-4,-9],[0,-10],[4,-12],[-2,-8],[2,-9],[-11,-15],[-1,-9],[1,-9],[-3,-8],[2,-9],[-2,-10],[-9,-24],[-2,-13],[-3,-11],[-4,-8],[0,-6],[-5,-12],[2,-7],[5,-5],[-5,-6],[5,-16],[-12,-10],[4,-5],[10,-2],[5,-6],[2,-12],[7,-17],[-7,4],[-7,-1],[-2,-9],[4,-8],[-2,-10],[0,-17],[3,-9],[-5,-9],[-8,-3],[-18,-2],[3,11],[-3,-6],[-10,5],[9,-17],[-7,-9],[-9,-17],[-7,-2],[-3,-7],[-11,-2],[-7,-9],[-21,0],[-10,-8],[-3,6],[-12,0],[-6,4],[-7,-4],[-22,0],[-24,-1],[-9,-5],[-19,1],[-45,-1],[-26,-8],[-33,-14],[-24,-17],[-26,-21],[-29,-32],[-33,-41],[-14,-17],[-16,-23],[-15,-16],[-6,-10],[-2,7],[-22,-6],[-10,0],[-6,-5],[-11,0],[-11,-4],[-3,-5],[-9,11],[-16,-2],[-5,-4],[-5,-8],[8,-15],[4,0],[0,-12],[4,-9],[5,0],[5,9],[10,6],[0,6],[4,6],[3,0],[0,-21],[2,-9],[-5,-6],[-2,-17],[5,-1],[2,-9],[-7,-5],[0,-6],[-3,-7],[-12,6],[-2,7],[3,7],[-8,7],[-4,6],[-2,13],[-10,17],[-14,12],[-12,-3],[-2,-15],[-9,-3],[-3,3],[-3,15],[-12,26],[-9,9],[3,3],[7,-7],[4,-1],[-7,11],[-11,3],[-14,-9],[-6,0],[-5,4],[-6,15],[-12,11],[-12,2],[7,5],[3,13],[-3,8],[5,4],[9,-4],[7,9],[-2,9],[-3,0],[0,9],[-9,18],[-5,2],[-13,-2],[-3,-3],[-8,3],[-6,-18],[-5,-4],[4,-9],[1,-10],[-15,1],[-6,-7],[-7,-4],[0,-8],[-15,-3],[-2,-2],[-7,6],[-24,31],[-8,3],[1,2],[9,-3],[9,-9],[13,2],[16,8],[-2,8],[7,6],[3,9],[11,18],[0,17],[-7,16],[-7,2],[-5,11],[0,9],[-5,9],[-9,2],[0,-6],[-9,2],[-3,-2],[-4,-12],[-8,-2],[-12,-13],[-16,-7],[-7,-9],[0,-6],[-5,2],[-14,-1],[-5,-9],[4,-3],[8,0],[14,-5],[5,1],[14,12],[10,-9],[-1,-13],[-4,0],[-5,-9],[0,-6],[-7,-3],[-12,1],[-7,-2],[-5,2],[-7,-2],[-14,-12],[-8,-9],[-7,-4],[-4,-5],[-7,-4],[-3,-4],[-11,-5],[-7,-10],[-3,-11],[-7,-1],[-4,-14],[-10,-11],[-21,-9],[-6,-14],[-8,-4],[-6,-8],[-6,-3],[-12,14],[-12,8],[-7,2],[-17,-1],[-5,10],[-18,17],[-19,5],[-19,9],[-8,9],[-16,16],[-19,14],[-5,9],[-3,-1],[-1,-8],[-12,9],[-17,0],[-2,-5],[-7,-4],[-7,3],[-12,7],[-17,16],[-5,4],[-28,5],[-14,-6],[-7,-6],[-1,-6],[5,-12],[-2,-4],[-7,3],[-5,-12],[-3,3],[-6,10],[-5,4],[-7,-2],[-3,-7],[-5,5],[5,12],[-4,10],[-24,27],[-14,11],[-26,17],[-40,-3],[-8,6],[-7,2],[-21,22],[-8,4],[-6,9],[-3,15],[-9,16],[-7,19],[-15,16],[-4,7],[4,2],[-4,9],[-7,5],[-12,1],[-29,52],[-4,10],[-5,9],[7,7],[0,6],[-7,16],[0,9],[-10,14],[17,13],[5,4],[7,18],[0,8],[0,32],[-21,60],[-14,39],[-10,29],[-7,9],[-9,19],[-29,34],[-10,13],[-6,6],[-24,24],[-14,11],[7,2],[7,-5],[52,-61],[16,-18],[17,-27],[16,-42],[0,11],[-9,23],[-2,14],[-19,29],[-8,6],[-7,9],[-28,31],[-23,21],[-1,4],[7,3],[0,6],[8,12],[16,-12],[0,-19],[3,-1],[-5,-9],[2,-3],[12,-4],[3,4],[0,9],[4,13],[-12,13],[-9,3],[0,3],[11,7],[8,-3],[4,6],[-4,8],[2,13],[-7,-5],[-2,9],[-5,6],[-14,3],[2,-6],[-14,-11],[-10,2],[-11,-7],[0,-12],[9,-5],[2,-6],[-4,-2],[-14,4],[-3,7],[-14,0],[4,-8],[10,0],[9,-6],[5,2],[2,-5],[-7,-3],[-9,3],[-2,-3],[-14,6],[-7,-2],[-15,-5],[-2,-7],[-14,-11],[-15,-4],[-23,1],[-9,-3],[-8,1],[-10,10],[3,16],[5,6],[19,12],[11,21],[12,10],[0,13],[5,16],[-2,5],[2,23],[7,13],[-5,29],[1,28],[2,5],[7,-8],[0,10],[-9,8],[-1,4],[-6,5],[-1,12],[-12,13],[-4,13],[-9,9],[-3,9],[-4,27],[-3,8],[-7,7],[0,11],[-12,20],[-2,-8],[-10,-20],[5,-14],[-5,-12],[-10,-12],[-7,-30],[-2,-12],[5,-8],[-5,-14],[0,-16],[-9,-24],[-3,-12],[-4,-14],[0,-13],[-3,-4],[0,-19],[-12,-11],[-9,3],[-10,8],[-4,0],[-7,4],[-10,-3],[-9,-9],[-14,0],[-8,-8],[-5,-10],[-7,0],[-13,4],[-10,-6],[-3,-7],[-7,-3],[-5,1],[-6,11],[2,9],[9,6],[3,7],[5,15],[-3,13],[5,7],[0,8],[9,14],[10,-5],[7,0],[19,5],[5,-7],[9,-2],[5,-3],[7,9],[2,26],[3,10],[0,11],[6,22],[-6,21],[2,10],[-5,8],[-7,-7],[3,14],[6,3],[3,10],[0,28],[-5,16],[3,7],[4,-2],[7,14],[0,9],[-2,7],[2,7],[10,10],[3,6],[-5,10],[2,1],[14,18],[2,0],[8,23],[4,-1],[12,22],[3,3],[2,-9],[4,3],[1,20],[-8,21],[-4,10],[0,12],[-7,10],[-1,9],[6,16],[6,2],[10,8],[5,3],[5,-3],[2,15],[-3,12],[-9,6],[-9,50],[7,8],[-8,10],[-7,3],[0,11],[-7,12],[3,5],[-8,12],[-2,-39],[5,-2],[2,-9],[2,-27],[-4,-14],[-5,-2],[3,-10],[0,-6],[-7,0],[-7,9],[-7,-1],[-6,-8],[0,-8],[-12,-18],[-9,-8],[-4,-18],[-7,-21],[0,-18],[-3,-10],[-7,-12],[-10,-29],[-4,-10],[-7,-6],[-3,-6],[-21,-5],[-5,7],[-7,4],[-5,-12],[-4,-3],[2,-6],[7,4],[3,-1],[-12,-10],[-12,-2],[-10,-7],[-4,-7],[-15,-8],[-4,-4],[0,-6],[-14,-14],[-10,-4],[-9,-11],[-3,-14],[-3,-5],[-14,-35],[-14,-12],[-5,-5],[3,-16],[-3,-16],[-4,-2],[-3,11],[-18,-9],[-5,-17],[5,-6],[-3,-7],[-5,4],[-2,-2],[-2,-17],[4,-8],[-2,-4],[-7,0],[-5,-8],[2,-5],[8,0],[12,13],[4,-4],[3,11],[4,-4],[0,-15],[-7,-10],[0,-3],[7,-24],[-9,-7],[-2,3],[-3,10],[-10,7],[0,5],[-6,7],[-5,3],[-7,-1],[-8,-12],[1,-8],[-10,0],[-4,16],[-13,20],[-9,15],[-14,10],[-7,0],[4,11],[-9,10],[-9,7],[-10,-4],[-7,-5],[0,6],[5,12],[0,5],[7,9],[0,6],[4,0],[-2,-12],[2,-3],[17,-5],[-4,-9],[7,-7],[-1,-2],[3,-7],[7,-2],[14,3],[-4,6],[-6,1],[1,11],[-7,-7],[-3,5],[0,10],[3,5],[-1,10],[-4,10],[-2,31],[-7,22],[-6,0],[-6,9],[7,6],[-2,27],[-6,10],[-4,14],[-8,5],[-11,18],[-9,11],[-15,13],[-5,9],[-5,3],[3,21],[0,11],[-7,24],[0,10],[-14,18],[-7,4],[0,5],[7,2],[-5,14],[-12,4],[-5,0],[-2,-8],[9,-1],[6,-9],[-6,-5],[-6,10],[-6,2],[-11,9],[-9,-1],[-5,-3],[-3,4],[-5,-11],[-7,9],[-2,13],[-5,14],[-11,1],[-3,3],[7,4],[3,7],[-5,10],[-5,-4],[-11,6],[-3,3],[10,13],[2,5],[-3,14],[-7,12],[2,3],[20,-3],[-3,-9],[0,-8],[5,-1],[2,12],[5,3],[5,13],[-5,22],[-7,15],[-12,15],[-5,0],[-4,-3],[-5,3],[-9,-11],[-6,2],[-9,-11],[-4,-1],[-3,3],[2,18],[5,13],[3,-5],[4,2],[2,6],[-6,10],[-1,5],[-14,18],[-4,-5],[-3,1],[0,9],[-12,7],[0,7],[-4,3],[2,6],[-5,5],[-9,0],[-2,-14],[-3,-2],[-9,7],[-2,6],[-10,-4],[0,-6],[9,-3],[3,-7],[-10,2],[0,-4],[-10,1],[-9,3],[-4,-7],[-12,8],[-7,-2],[-3,5],[-12,15],[-7,4],[-4,-5],[-1,9],[-6,3],[-20,25],[-21,1],[-11,4],[-15,-3],[-5,-4],[0,-8],[3,-8],[-12,5],[-12,-6],[-14,0],[-10,10],[-12,20],[-25,19],[-20,22],[-37,28],[-29,18],[-26,12],[-7,1],[-7,-4],[-14,-15],[-24,-11],[-21,-1],[-22,5],[-37,0],[-7,3],[-17,0],[-10,-5],[-21,1],[-29,-6],[-33,-1],[-11,-5],[-15,0],[-9,-3],[-17,0],[-9,-5],[-7,0],[-15,-3],[-9,-4],[-24,-16],[-18,-16],[-65,-40],[-32,-15],[-38,-9],[-26,-15],[-6,-1],[-3,-4],[-37,-15],[-27,-4],[-9,-3],[-17,0],[-18,-1],[-5,1],[-16,-3],[-48,8],[-14,5],[-4,5],[-9,2],[-7,-3],[-5,-7],[-15,0],[-22,-13],[-29,-29],[-20,-21],[-30,-13],[-38,-25],[-14,-6],[-15,-23],[-10,-8],[-20,-7],[-29,-5],[-23,-7],[-7,-2],[-11,-14],[-7,-3],[-13,-19],[-5,-16],[-1,-16],[-9,-22],[-4,-19],[-3,-14],[0,-11],[-4,-7],[-7,-3],[-5,-9],[-7,-7],[-8,-14],[-4,-9],[0,-11],[-13,-8],[-5,-8],[-8,-2],[-6,-14],[-2,0],[-7,9],[-12,3],[-6,-3],[-12,-19],[-8,-1],[-10,-4],[-2,15],[-7,15],[-6,3],[-14,-1],[-18,-9],[-4,0],[-5,8],[-6,-4],[-20,0],[-5,-4],[2,-6],[-5,-5],[-6,6],[-4,-4],[-16,8],[-10,-2],[-9,-11],[-1,-12],[-6,7],[-3,-7],[-15,0],[-3,4],[5,5],[-5,25],[-6,4],[-2,7],[-17,-2],[-5,-8],[-13,-6],[-8,6],[-10,3],[-7,-4],[-3,6],[-12,7],[-5,-2],[-25,3],[-8,-4],[-7,-1],[-9,-8],[-11,7],[-19,-7],[-8,3],[-11,-2],[-15,-6],[-29,0],[-5,-10],[-15,-8],[-22,6],[-16,3],[-12,-5],[-8,7],[-8,-2],[-7,-6],[-12,-2],[-8,-5],[-12,-14],[-14,-8],[-3,-6],[-7,-7],[-6,-17],[-6,-6],[-5,-17],[4,-11],[11,-5],[-12,-5],[-6,7],[-6,1],[-5,-10],[5,-10],[-8,-8],[-4,11],[-7,-2],[-2,-8],[0,-8],[-5,-2],[-5,7],[-7,1],[-6,4],[-27,7],[-5,-2],[-9,1],[7,-11],[-16,-5],[-8,-9],[-1,-4],[5,-6],[-7,-10],[-6,-2],[-9,-7],[-21,-7],[-5,-5],[-8,-20],[1,-12],[-1,-7],[-6,1],[-15,-3],[-12,-6],[5,-17],[-5,0],[-7,6],[-14,-6],[-16,1],[-2,-2],[-10,-1],[-2,-6],[4,-5],[5,-3],[-1,8],[5,0],[5,-10],[8,0],[-12,-7],[-10,4],[-8,8],[-9,4],[-10,1],[-7,-2],[-2,-6],[0,-13],[-12,11],[-12,2],[-19,16],[-2,-4],[-9,4],[-15,0],[-4,-11],[-5,6],[-11,4],[-3,-2],[-10,3],[-7,-9],[-9,0],[-9,8],[-8,2],[0,-4],[-12,0],[-2,-6],[-9,8],[-8,1],[-3,4],[-8,0],[-12,14],[1,3],[17,-6],[-3,9],[-6,1],[-7,11],[-2,-1],[3,-9],[-3,-3],[-8,1],[-11,8],[-23,9],[-19,2],[0,10],[-7,15],[-27,42],[-22,21],[-13,8],[-4,7],[-24,16],[-6,3],[-18,0],[-8,-15],[-17,24],[-1,23],[-6,18],[2,5],[-3,50],[5,15],[-6,14],[0,9],[7,10],[0,9],[-1,17],[7,-3],[7,-14],[11,-9],[6,-2],[20,0],[12,7],[16,24],[10,20],[6,24],[2,5],[11,0],[1,21],[-4,1],[0,-9],[-2,-10],[0,38],[1,21],[-2,21],[-6,29],[-1,20],[-3,7],[1,17],[11,20],[4,5],[-2,-9],[-8,-14],[0,-10],[7,-26],[5,1],[-6,17],[0,10],[-3,5],[14,-2],[2,7],[-1,6],[-5,2],[-1,12],[5,14],[-3,16],[-3,4],[3,6],[-1,7],[-7,9],[8,2],[4,24],[-4,8],[2,8],[-3,9],[3,29],[-4,36],[-2,19],[-4,10],[-12,23],[-8,26],[-13,30],[-12,39],[-11,33],[-10,26],[-10,12],[-2,20],[-10,25],[-7,29],[0,13],[-2,18],[-5,14],[3,11],[-6,7],[-1,9],[2,11],[-6,18],[-1,9],[3,29],[-2,13],[-1,24],[0,20],[6,36],[-7,26],[-2,14],[-2,8],[-2,13],[-9,29],[-2,4],[-26,42],[-8,17],[-1,9],[-4,3],[4,8],[1,11],[-3,11],[-12,38],[-13,20],[-8,18],[-1,7],[-7,15],[-8,6],[-15,22],[-2,9],[0,12],[-6,26],[-1,25],[2,8],[5,17],[-12,55],[-8,31],[-38,91],[-18,33],[-8,23],[-10,12],[-9,16],[-18,23],[-8,14],[0,13],[-2,5],[-6,18],[-11,14],[-1,9],[7,-8],[7,-3],[2,-11],[2,16],[2,8],[-2,17],[3,14],[2,-29],[3,-44],[5,-15],[2,-1],[-5,17],[1,18],[3,5],[1,25],[-5,13],[1,7],[4,-11],[1,-27],[4,5],[6,-1],[-2,-9],[3,-11],[3,-12],[4,-18],[-2,-5],[-3,-17],[5,1],[0,13],[2,13],[-2,10],[1,9],[2,2],[4,-9],[0,-18],[1,-15],[0,-27],[5,6],[0,5],[5,7],[0,11],[2,-10],[0,-15],[-1,-12],[5,0],[1,-12],[3,8],[11,7],[7,-3],[0,8],[6,4],[6,12],[-2,22],[1,13],[-3,6],[-8,12],[-5,5],[-15,5],[-1,13],[-10,16],[-4,2],[-3,12],[3,6],[-4,9],[0,7],[-6,5],[1,6],[-1,9],[-7,8],[-1,10],[-6,11],[0,17],[7,19],[7,14],[2,-25],[9,-3],[2,-17],[8,-10],[4,-7],[7,-4],[-1,-11],[1,-7],[6,-7],[-5,-7],[0,-11],[-2,-11],[1,-4],[-3,-23],[3,-11],[11,-3],[8,20],[5,18],[-5,22],[6,-1],[2,-5],[-1,-13],[1,-20],[6,-5],[-1,-12],[5,-27],[0,-5],[14,-25],[7,-2],[7,12],[7,5],[5,13],[-7,28],[7,28],[-7,16],[0,8],[5,-6],[8,2],[-6,14],[5,15],[-4,8],[-14,9],[-1,13],[-6,9],[-1,5],[-7,6],[-5,17],[-13,28],[-11,34],[-1,9],[-9,24],[-12,8],[-5,10],[-1,8],[-5,12],[4,9],[-2,10],[-7,4],[-1,15],[2,14],[-2,9],[-9,20],[-16,25],[-3,9],[-4,19],[-1,43],[7,13],[-2,28],[6,13],[1,19],[5,9],[4,25],[5,5],[6,25],[9,11],[4,1],[2,7],[6,5],[5,16],[0,16],[2,15],[-2,19],[-2,14],[1,15],[5,5],[3,10],[0,28],[-5,13],[-3,20],[-7,11],[-9,3],[3,13],[-3,7],[0,10],[-2,4],[2,6],[4,2],[8,17],[4,20],[7,12],[13,51],[0,14],[8,22],[13,27],[9,6],[10,5],[4,-7],[-5,-9],[-4,-15],[-3,-42],[-4,-8],[0,-8],[7,-23],[-2,-8],[2,-6],[4,10],[2,-2],[2,-9],[-9,-13],[1,-10],[-2,-9],[1,-6],[5,-4],[7,3],[5,10],[11,4],[3,-9],[7,2],[4,28],[4,14],[4,14],[4,7],[-2,6],[5,4],[5,17],[0,7],[-5,10],[1,4],[7,-10],[12,28],[4,18],[5,2],[3,6],[12,6],[22,20],[6,3],[6,-3],[7,4],[5,6],[4,-3],[17,15],[36,20],[12,20],[9,19],[10,10],[21,15],[8,18],[4,10],[8,13],[29,16],[8,10],[1,9],[0,11],[5,3],[8,-4],[6,1],[6,7],[13,1],[12,11],[1,6],[9,3],[17,18],[7,9],[7,18],[9,0],[-4,-2],[-1,-14],[-5,-8],[1,-4],[7,-10],[7,-2],[10,6],[1,5],[19,11],[5,-4],[7,8],[1,0],[0,-9],[2,-8],[15,-9],[13,-3],[12,1],[11,4],[13,11],[5,-4],[6,4],[0,-3],[13,5],[13,7],[4,9],[7,4],[3,8],[1,8],[31,32],[7,0],[6,-4],[12,8],[10,-6],[6,3],[23,8],[11,0],[1,-1],[8,0],[6,6],[11,3],[3,4],[8,18],[11,19],[3,12],[12,9],[2,7],[7,2],[7,-8],[0,9],[7,2],[13,-7],[12,-1],[7,-4],[6,3],[5,-7],[6,-6],[6,-3],[12,7],[3,7],[7,0],[0,8],[6,3],[7,-2],[42,11],[25,2],[20,9],[42,25],[47,30],[26,26],[6,9],[3,2],[19,28],[16,29],[15,35],[2,14],[4,6],[2,10],[4,8],[4,20],[3,3],[1,10],[-5,6],[-1,7],[7,-1],[9,3],[8,10],[2,9],[-7,9],[6,8],[2,14],[5,8],[7,-5],[6,2],[18,18],[3,13],[11,8],[10,16],[2,-3],[3,9],[16,10],[3,8],[4,13],[-1,14],[-7,8],[-11,1],[-5,-1],[-2,-8],[-5,6],[6,15],[0,9],[-1,16],[1,24],[-5,9],[-2,17],[-2,4],[0,26],[1,27],[2,10],[0,8],[18,27],[-5,6],[4,7],[21,27],[6,5],[1,-8],[3,3],[-2,12],[5,0],[5,-8],[9,-4],[-10,25],[3,6],[1,9],[6,6],[3,-5],[6,-1],[8,3],[6,6],[5,0],[7,-5],[-10,12],[-2,6],[2,13],[0,10],[6,10],[7,2],[4,8],[2,1],[5,22],[3,0],[11,10],[1,-5],[-2,-6],[8,-7],[-2,-6],[-9,1],[0,-13],[-3,-12],[3,-11],[6,1],[3,-16],[3,3],[3,-5],[4,-2],[4,6],[0,-6],[-6,-5],[0,-8],[1,-4],[7,-5],[1,-11],[-2,-14],[6,-3],[13,-23],[1,-18],[10,-13],[2,-10],[3,-5],[0,-12],[3,-9],[7,-6],[2,-9],[8,-11],[2,-9],[6,-11],[2,-18],[3,3],[0,17],[-4,12],[0,22],[5,10],[1,21],[3,6],[4,0],[-11,25],[-1,12],[4,10],[6,2],[6,-6],[1,-10],[2,3],[8,-8],[4,-11],[7,-6],[4,-9],[4,-7],[4,0],[2,5],[-3,2],[-6,7],[-6,25],[-3,13],[2,2],[8,-8],[1,4],[-4,11],[7,14],[8,7],[2,9],[-3,7],[-2,-9],[-3,-5],[-16,-7],[-4,3],[-5,14],[-2,13],[-5,7],[-5,3],[-9,12],[-13,2],[2,5],[6,4],[-1,5],[7,7],[-1,7],[-10,0],[3,-7],[-5,-1],[-14,18],[7,-3],[4,1],[-4,8],[7,-8],[15,-7],[5,1],[-9,5],[9,4],[-21,18],[6,-1],[1,4],[14,-7],[10,-1],[-10,10],[0,6],[10,-5],[0,11],[-10,3],[-5,7],[-2,-7],[-9,13],[3,1],[1,9],[-2,3],[1,5],[5,7],[14,2],[13,-4],[6,-8],[-7,-1],[2,-5],[7,-1],[-2,-4],[-12,-3],[14,-14],[5,-1],[0,-10],[-3,0],[2,-11],[6,-3],[0,14],[1,7],[7,-3],[6,-8],[1,2],[-6,13],[-1,6],[6,2],[-12,16],[10,-5],[9,-2],[0,-4],[12,0],[8,-7],[6,-22],[21,-4],[4,10],[5,3],[10,-10],[24,-1],[4,3],[12,1],[5,-1],[6,-7],[11,-1],[5,4],[-11,0],[-13,7],[-8,7],[-16,4],[-15,-2],[-1,-3],[-5,3],[-7,-1],[-3,16],[2,7],[-4,6],[3,11],[6,5],[0,17],[3,4],[2,-5],[0,-9],[9,-15],[3,12],[6,7],[-1,25],[6,2],[-1,19],[4,7],[4,1],[3,-4],[3,13],[5,4],[-6,3],[-11,0],[-2,-3],[-4,-10],[-4,-6],[-7,-22],[-4,-6],[1,13],[-2,3],[-4,19],[-7,-7],[-1,16],[-4,13],[3,7],[-3,13],[4,-3],[1,9],[1,-8],[1,11],[-3,4],[1,11],[-5,8],[6,-3],[6,3],[0,8],[2,5],[5,0],[10,-8],[9,-1],[0,19],[4,1],[-2,-9],[4,-5],[5,5],[-4,4],[4,16],[6,3],[-5,6],[-3,-4],[-3,2],[5,10],[-5,1],[0,10],[14,-10],[-1,-10],[5,8],[3,2],[5,-8],[-2,-6],[7,2],[8,-3],[5,-10],[6,-4],[-2,-11],[5,1],[2,-6],[3,-2],[2,11],[4,-1],[11,-12],[2,1],[-15,19],[2,17],[8,6],[-6,5],[-2,-2],[-7,6],[-18,-14],[-3,4],[-3,11],[6,7],[4,7],[5,2],[3,-3],[8,13],[-7,3],[-1,-7],[-3,4],[-3,-6],[-5,-3],[-8,-11],[-3,13],[2,5],[-5,2],[6,13],[5,2],[9,-8],[6,11],[3,-3],[1,13],[-4,2],[0,11],[-1,4],[7,-5],[1,4],[5,-1],[-4,-8],[3,-11],[2,7],[5,-2],[-1,-7],[2,-9],[5,-13],[1,11],[-5,20],[4,4],[1,-8],[5,-1],[7,-6],[5,-7],[-1,-5],[4,-5],[7,3],[11,-3],[1,8],[-7,0],[-2,7],[3,2],[-3,4],[9,9],[-1,4],[-6,-2],[-8,6],[-7,-2],[-1,6],[-7,4],[-2,-2],[-6,5],[5,6],[5,3],[2,-5],[5,0],[0,6],[2,2],[-6,7],[-5,-1],[-7,6],[0,13],[-3,0],[-5,5],[0,5],[6,2],[0,5],[6,1],[-1,7],[8,-1],[0,5],[6,4],[-8,1],[0,8],[7,7],[3,-2],[4,7],[0,7],[2,2],[0,-19],[8,8],[5,-18],[0,9],[4,0],[1,9],[0,6],[4,-4],[-2,9],[3,4],[8,-2],[0,-4],[-5,-7],[9,-2],[3,11],[0,16],[3,6],[-4,13],[-1,15],[1,11],[4,4],[3,-8],[8,-5],[6,2],[-3,-8],[0,-7],[-6,2],[-3,-8],[3,-22],[1,-11],[-6,-22],[1,-5],[10,35],[1,16],[4,-2],[-2,-14],[17,5],[1,-4],[-6,-4],[4,-8],[-2,-13],[12,-15],[3,0],[1,10],[-5,6],[5,12],[5,0],[2,-6],[3,1],[0,6],[7,1],[-2,11],[-3,10],[-5,4],[3,5],[10,9],[1,12],[-1,9],[1,5],[7,2],[5,10],[0,10],[-2,8],[-4,4],[-15,0],[-5,11],[0,10],[5,-9],[3,0],[0,9],[3,1],[3,-10],[4,2],[0,8],[-11,11],[0,4],[6,-3],[1,8],[6,0],[-2,-6],[8,-2],[-2,-6],[2,-1],[-6,-13],[10,10],[7,4],[-1,-4],[-8,-8],[4,-1],[4,-6],[-6,-2],[-2,-8],[8,1],[-4,-18],[8,-6],[-2,-7],[3,-2],[5,3],[1,-5],[4,9],[5,2],[-4,10],[-4,0],[3,10],[5,6],[0,6],[4,1],[3,8],[7,8],[1,-5],[7,3],[6,12],[6,-3],[-6,-5],[-5,-8],[-1,-8],[-3,-6],[-2,-6],[11,3],[-6,-10],[5,-8],[6,3],[2,-4],[0,-13],[5,-5],[-1,7],[2,6],[5,4],[0,10],[2,4],[-1,7],[4,-4],[1,-7],[2,-1],[6,25],[-4,-5],[-2,6],[0,5],[6,-1],[4,4],[9,-3],[2,3],[-4,3],[1,4],[6,-2],[-4,5],[-6,3],[0,7],[-4,9],[-4,12],[7,1],[5,5],[1,-10],[7,4],[-5,9],[4,3],[7,-5],[-1,5],[8,4],[3,-7],[7,-5],[0,-11],[4,1],[-1,-5],[5,0],[-4,-11],[5,1],[1,-10],[5,-9],[7,12],[0,8],[2,-5],[0,-10],[3,-1],[4,10],[4,2],[5,-9],[7,-6],[-1,10],[2,3],[4,-7],[2,0],[3,-6],[3,5],[5,-11],[-1,-14],[5,-7],[2,5],[6,-8],[3,-1],[6,-9],[12,-10],[1,-9],[12,-15],[5,-19],[6,-3],[0,-13],[3,-1],[1,6],[4,-6],[-5,-6],[4,-1],[9,-11],[1,-13],[4,-1],[6,4],[8,-9],[0,-8],[7,-2],[7,-10],[7,-4],[4,1],[1,-10],[-7,1],[2,-15],[-2,-7],[-5,0],[-5,-5],[2,-2],[-4,-22],[-3,-12],[0,-11],[-4,-15],[4,-9],[-2,-26],[-5,-4],[5,-17],[0,-9],[-2,-8],[-7,-9],[2,-4],[7,6],[5,11],[2,20],[0,10],[-2,15],[2,11],[9,-7],[7,-11],[5,-12],[5,-21],[0,26],[-9,15],[-3,9],[3,6],[-3,11],[-2,1],[0,12],[2,8],[9,12],[6,15],[2,-8],[2,-19],[5,-6],[0,14],[5,-9],[7,-5],[2,12],[-7,13],[-2,16],[6,4],[-6,7],[-1,6],[7,1],[13,9],[9,-6],[14,-2],[5,-3],[5,-6],[4,1],[10,-4],[12,0],[9,-6],[12,-4],[7,-5],[3,-10],[6,-2],[3,-6],[0,-18],[2,-9],[0,-9],[-7,-20],[3,1],[4,12],[3,-4],[0,-12],[4,29],[3,1],[0,18],[-3,10],[0,11],[-2,22],[2,0],[5,-10],[3,6],[5,0],[4,-4],[3,-6],[16,-7],[3,-6],[2,-11],[9,-7],[5,-18],[-2,-12],[6,7],[6,-2],[2,-12],[7,1],[-2,8],[-8,16],[-4,16],[-3,18],[3,11],[2,14],[9,-5],[13,-1],[11,6],[2,3],[8,9],[7,-5],[2,18],[-2,4],[-3,-11],[-11,-4],[-14,-10],[-5,-1],[5,10],[-1,3],[-4,-5],[-7,0],[-7,8],[0,7],[-10,12],[-2,13],[9,3],[10,1],[2,4],[9,11],[-4,0],[-12,-10],[-15,2],[-7,5],[-9,11],[-9,7],[0,5],[-10,8],[3,20],[4,6],[5,18],[9,13],[0,19],[0,7],[5,-1],[3,-7],[6,2],[1,-4],[2,6],[-2,13],[7,-6],[12,5],[4,5],[2,14],[-6,12],[4,13],[8,9],[4,5],[-2,5],[-3,-4],[0,8],[0,11],[7,25],[0,11],[5,6],[3,13],[4,-2],[0,-12],[3,-5],[5,-2],[14,8],[9,10],[2,-2],[5,6],[8,17],[4,6],[5,3],[9,-6],[-4,9],[-10,7],[-12,24],[-7,2],[0,30],[2,8],[0,14],[8,9],[4,-9],[5,0],[12,8],[5,14],[0,26],[-1,4],[1,10],[7,-3],[0,7],[7,6],[11,-6],[-4,11],[4,0],[6,-18],[4,-2],[0,-4],[10,0],[7,4],[-12,6],[-3,-2],[-4,10],[7,5],[-2,6],[-5,0],[5,18],[-3,10],[5,6],[-7,8],[5,4],[11,-2],[3,-5],[2,1],[12,-6],[-2,-4],[2,-11],[0,-19],[4,11],[5,-5],[5,-14],[5,5],[9,-7],[-2,6],[-12,13],[0,8],[5,-1],[9,-5],[-7,12],[-4,0],[-3,7],[-5,-1],[-4,4],[0,9],[5,2],[0,6],[7,8],[4,-3],[14,-4],[5,-3],[0,5],[-5,11],[1,12],[-5,14],[0,5],[4,6],[8,-5],[5,5],[4,-9],[5,2],[7,-7],[4,-7],[3,0],[-3,8],[3,6],[2,27],[5,2],[2,-10],[1,-21],[4,-8],[9,-12],[10,-6],[12,3],[9,-3],[26,6],[5,3],[10,10],[7,-11],[11,-7],[8,-3],[9,7],[7,12],[8,4],[4,11],[3,-1],[2,-15],[14,6],[3,-3],[6,-22],[-6,-7],[0,-9],[7,11],[2,7],[-3,16],[0,10],[3,8],[7,4],[9,9],[5,1],[8,-8],[13,-3],[5,2],[-7,2],[-2,3],[-7,6],[-3,9],[0,10],[3,32],[-2,10],[-6,8],[1,4],[7,14],[2,8],[5,4],[-7,5],[-5,1],[-5,4],[-4,7],[0,9],[-5,3],[-5,12],[-12,9],[-7,1],[-9,-6],[-12,1],[-5,-8],[-2,2],[-8,-9],[-6,1],[-7,8],[-1,8],[3,3],[-2,4],[-7,-2],[-3,6],[-3,-1],[-2,6],[5,3],[-2,5],[-5,-2],[0,7],[-10,4],[-7,-3],[-7,2],[5,4],[-2,6],[7,-3],[2,3],[-5,10],[0,5],[7,-5],[3,12],[7,-18],[7,5],[-2,14],[4,-3],[-2,11],[5,-2],[5,-9],[6,-3],[1,-9],[4,5],[-2,-28],[5,-2],[0,8],[2,-5],[0,-14],[5,-5],[4,0],[-2,13],[5,-3],[2,6],[-5,7],[-2,0],[0,12],[-4,19],[-3,4],[2,8],[5,-2],[3,-12],[4,-3],[3,-14],[5,0],[-3,18],[4,6],[3,-2],[3,9],[7,-21],[0,-8],[-1,-8],[3,0],[4,12],[3,4],[9,-14],[1,-15],[4,2],[5,-10],[7,-8],[9,-23],[7,-2],[8,10],[2,7],[10,10],[7,-4],[0,5],[-5,16],[7,-1],[7,-13],[3,-4],[9,-14],[2,-7],[5,-6],[-2,-9],[11,-26],[7,-10],[10,-3],[5,2],[0,7],[7,1],[5,-3],[-7,-8],[0,-6],[7,-1],[4,8],[5,-3],[-4,-6],[6,0],[6,-5],[7,6],[2,-1],[0,-15],[0,-5],[2,10],[7,2],[3,-7],[7,3],[2,12],[9,-2],[5,4],[5,10],[5,0],[9,-5],[3,4],[4,-9],[-7,-9],[-7,-2],[-2,-6],[2,-5],[7,-8],[7,-6],[10,8],[2,8],[8,-2],[2,-8],[0,-9],[7,10],[2,0],[3,-12],[4,-2],[-4,-5],[4,-9],[-2,-14],[2,-3],[3,7],[6,5],[3,12],[2,2],[15,-17],[7,-4],[14,-1],[9,3],[1,-3],[6,7],[10,15],[5,4],[7,1],[0,-9],[5,-14],[4,2],[5,-21],[9,-1],[7,-3],[5,-13],[12,-14],[10,4],[11,-13],[1,6],[-8,11],[13,1],[7,-8],[7,5],[-7,1],[-13,9],[13,8],[2,4],[-2,3],[9,9],[7,1],[0,-5],[7,-2],[7,4],[2,8],[3,-4],[7,-4],[5,7],[14,11],[0,3],[-12,-4],[-7,-8],[-2,8],[0,7],[5,9],[7,-3],[7,8],[7,-2],[5,5],[16,17],[2,5],[-4,13],[2,3],[9,-5],[-6,-17],[-13,-23],[-9,-4],[-5,-8],[0,-2],[10,5],[12,3],[-12,-14],[-3,-8],[-16,-17],[-2,-4],[0,-9],[7,-11],[6,-14],[5,12],[3,-1],[2,11],[8,6],[6,10],[3,-8],[4,8],[5,1],[9,14],[3,4],[-5,-13],[-2,-2],[-2,-8],[-7,-7],[-1,-5],[3,-10],[2,-1],[10,7],[4,-5],[-4,-4],[-1,-9],[-7,-12],[1,-7],[4,2],[0,-12],[3,-7],[5,9],[2,-4],[9,2],[5,-6],[12,5],[7,13],[5,18],[5,15],[-3,7],[-5,2],[-12,-2],[-2,4],[-7,1],[0,6],[7,2],[2,5],[10,19],[5,0],[12,18],[5,2],[1,5],[5,-2],[5,7],[10,3],[-8,-10],[-9,-4],[0,-8],[10,2],[4,-20],[3,-1],[0,-6],[0,-15],[4,-4],[12,-21],[9,4],[3,6],[-7,5],[-3,7],[8,6],[11,-12],[8,-2],[7,-15],[0,-14],[9,1],[-5,-7],[-4,0],[-10,-14],[-14,-24],[0,4],[5,9],[-2,9],[-7,-7],[1,-17],[1,-6],[-3,-1],[-5,-9],[-4,-12],[2,-10],[-9,3],[-5,-8],[4,-7],[0,-12],[-4,-3],[-5,20],[-4,0],[-3,-6],[3,-5],[-5,-3],[-5,9],[3,-20],[6,-6],[1,2],[0,-10],[4,0],[10,-10],[4,-13],[-9,7],[-2,-7],[-3,0],[0,8],[-4,4],[-1,-4],[-6,1],[0,-8],[4,-2],[3,-8],[4,-1],[-4,-11],[-1,-12],[-6,2],[-3,-10],[0,-9],[-2,-5],[-1,8],[-9,-6],[0,-5],[-7,-13],[-5,6],[5,3],[-2,8],[4,-2],[5,7],[-5,7],[1,30],[-5,4],[-5,-10],[2,-7],[-2,-10],[-5,1],[-2,7],[-3,-5],[1,-7],[-3,-5],[-2,-7],[-5,0],[-2,-7],[-3,13],[3,8],[-2,12],[-8,-9],[-2,-16],[-5,0],[2,-15],[-2,-4],[-3,17],[-4,5],[-5,-4],[0,-10],[-2,-2],[-2,7],[-10,-16],[0,-10],[7,-2],[0,-9],[5,0],[0,-8],[-5,-3],[-7,8],[-2,-2],[0,-26],[-3,-11],[5,-16],[5,3],[2,-5],[-4,-3],[0,-11],[6,-3],[8,6],[7,11],[0,5],[4,2],[3,-4],[-5,-6],[-2,-14],[-5,-11],[2,-6],[-4,-11],[0,-5],[-5,-10],[-5,-5],[-4,-41],[2,-14],[-7,1],[-3,-6],[-5,-1],[-9,-10],[-3,-7],[-13,-32],[-3,1],[-4,-5],[-7,-21],[-6,-17],[0,-8],[-6,-4],[-5,-7],[-1,-5],[-7,2],[-4,-2],[4,-4],[1,-17],[7,-24],[4,-7],[17,-21],[7,-2],[3,2],[9,-14],[10,-6],[4,-5],[10,-7],[12,-20],[9,-4],[9,-7],[3,-7],[7,-4],[14,-11],[5,-15],[2,-17],[3,-6],[9,-10],[10,-2],[9,-12],[9,-10],[8,2],[4,-10],[7,-8],[10,-17],[-3,-9],[1,-8],[4,-1],[5,9],[16,-2],[5,-6],[3,0],[0,9],[9,7],[9,-13],[6,-6],[16,-7],[10,-11],[6,-10],[10,-12],[7,-2],[2,-4],[5,0],[5,-7],[9,2],[17,-10],[14,-9],[5,-15],[9,-19],[3,-9],[12,-17],[9,-7],[9,-16],[7,-5],[12,-15],[13,-6],[6,-6],[10,1],[10,-8],[7,-3],[9,4],[14,0],[7,-9],[3,0],[7,-6],[7,-2],[7,-5],[19,-3],[5,-2],[4,-5],[5,-14],[5,-6],[10,-7],[-3,-8],[0,-11],[3,-20],[11,-28],[5,-7],[21,-3],[7,-3],[3,-5],[5,-4],[11,-12],[10,-14],[24,-9],[4,-4],[14,-8],[5,-11],[7,-8],[17,-3],[19,4],[28,9],[3,5],[13,2],[5,8],[5,1],[15,15],[7,4],[2,7],[5,5],[9,4],[5,22],[2,19],[3,9],[4,8],[3,26],[-1,9],[1,8],[14,26],[5,21],[6,1],[12,21],[3,15],[4,19],[3,-1],[5,24],[-1,6],[1,10],[2,6],[5,22],[0,9],[4,11],[8,22],[-7,33],[0,5],[4,6],[0,9],[5,47],[7,39],[14,45],[1,15],[4,4],[-2,5],[7,9],[-2,8],[4,3],[0,4],[2,15],[-4,20],[-5,11],[-9,59],[-1,19],[-4,13],[0,10],[12,45],[2,19],[-3,20],[-8,13],[-8,16],[-2,19],[0,21],[9,47],[3,11],[0,6],[7,10],[5,25],[7,0],[-3,4],[5,16],[-2,13],[-3,2],[-5,18],[-2,25],[-3,7],[6,19],[2,-3],[12,10],[5,11],[2,7],[7,28],[7,-4],[4,-8],[1,-24],[7,-20],[0,9],[-3,23],[-2,3],[12,6],[0,3],[-12,4],[-3,7],[-9,4],[2,3],[15,13],[5,0],[-7,4],[-5,-4],[-12,0],[-7,5],[-3,9],[-9,5],[9,9],[-14,3],[0,-18],[5,0],[0,-5],[-3,1],[-11,-4],[0,8],[14,50],[5,18],[7,-3],[7,2],[-3,8],[-6,-4],[-1,3],[3,12],[5,23],[5,11],[6,9],[7,3],[-4,-12],[5,-18],[0,-5],[4,14],[3,1],[7,-7],[2,7],[-7,14],[-5,1],[-2,7],[5,31],[7,15],[-1,10],[19,84],[0,24],[3,19],[0,20],[-2,19],[2,8],[3,4],[13,5],[10,2],[12,19],[3,17],[4,7],[7,0],[7,6],[0,-5]],[[4453,9659],[-12,-4],[-2,-9],[-7,5],[-5,15],[2,9],[9,7],[1,5],[7,-6],[2,-11],[5,-5],[0,-6]],[[4457,9678],[-6,-2],[-3,9],[3,6],[4,1],[5,-9],[-3,-5]],[[4458,9775],[-3,-11],[-9,5],[-2,-1],[-5,11],[4,3],[0,6],[5,4],[7,0],[5,-7],[2,-5],[-4,-5]],[[4436,9782],[-9,8],[-2,6],[7,16],[2,0],[7,-10],[-2,-11],[-3,-9]],[[4528,9968],[1,-3],[-7,-9],[-17,0],[-3,6],[5,6],[13,-1],[8,1]],[[4450,9987],[-6,0],[-10,5],[2,5],[5,2],[12,-5],[0,-4],[-3,-3]],[[8538,28],[10,-7],[-5,-3],[3,-7],[-10,-11],[-10,1],[-18,11],[4,3],[10,-4],[3,9],[4,8],[9,0]],[[8072,399],[12,-5],[-15,-5],[-21,1],[-10,12],[10,-4],[19,4],[5,-3]],[[8086,477],[-2,-4],[9,0],[3,-6],[-6,0],[-2,-7],[-9,-1],[4,-10],[-7,-8],[6,-4],[-13,0],[12,-4],[-4,-8],[9,0],[0,-6],[-4,-3],[6,-4],[1,-5],[-5,-6],[-10,6],[-7,8],[-7,-8],[4,10],[-6,8],[-3,-1],[3,-7],[-8,3],[3,-4],[0,-11],[-12,5],[-7,-8],[0,14],[5,9],[21,14],[5,10],[0,6],[4,17],[-4,4],[21,1]],[[9996,663],[-13,2],[-3,4],[0,9],[10,10],[7,-1],[2,-7],[-3,-17]],[[8145,1053],[-9,0],[9,8],[0,-8]],[[8271,1235],[-5,3],[5,5],[5,-3],[-5,-5]],[[8308,1339],[-4,6],[7,-1],[-3,-5]],[[8441,1339],[-5,8],[10,1],[-5,-9]],[[8349,1361],[6,-7],[13,-19],[7,-10],[7,-6],[-2,-7],[-14,2],[1,3],[-12,-1],[1,-7],[-7,-12],[4,0],[8,9],[16,-7],[-2,-7],[12,5],[7,-6],[-3,-9],[-7,-3],[10,-7],[-4,-2],[-8,5],[0,-9],[-26,-1],[-17,-18],[-9,5],[-8,0],[-4,8],[-17,-17],[-2,-5],[14,5],[-9,-13],[-1,7],[-9,-8],[-9,-3],[-5,7],[5,14],[12,8],[-1,1],[1,17],[2,6],[8,4],[8,1],[-1,17],[7,2],[4,9],[0,7],[-7,13],[2,12],[-2,4],[4,13],[8,1],[6,-1],[6,4],[7,-4]],[[8162,1608],[3,-10],[0,-11],[-8,-5],[-3,5],[-4,-5],[-5,18],[-14,-13],[-3,2],[8,16],[5,0],[14,6],[7,-3]],[[8207,1683],[-5,-1],[-7,5],[-7,2],[-2,8],[11,21],[5,-19],[5,-16]],[[9325,2643],[-3,-14],[-9,0],[-9,-8],[-10,0],[10,5],[8,9],[1,-2],[7,5],[-5,5],[7,8],[3,-8]],[[9258,2726],[1,-4],[-6,-5],[0,-9],[-12,-8],[-6,-9],[-5,1],[4,7],[-4,8],[2,5],[5,-7],[-1,15],[1,9],[5,-3],[0,5],[4,0],[2,-9],[8,4],[-7,0],[11,9],[-2,-9]],[[9097,2788],[12,-5],[-33,3],[-4,-3],[-4,-18],[-3,-3],[1,-6],[-5,0],[5,-8],[-1,-13],[6,0],[2,-6],[17,-18],[5,0],[9,12],[3,-3],[4,6],[5,-8],[-2,-13],[7,0],[0,-5],[0,-18],[-10,-12],[6,0],[1,-14],[3,-11],[-3,3],[-1,-7],[7,-7],[4,-21],[-3,-2],[1,-5],[6,-3],[13,1],[11,11],[7,13],[15,15],[2,-5],[11,7],[1,6],[5,0],[2,8],[8,2],[6,-9],[2,5],[10,7],[-2,6],[-6,-5],[-2,5],[10,11],[9,1],[8,9],[0,-9],[4,-1],[5,10],[11,7],[5,0],[3,-8],[-10,1],[-2,-9],[-7,-1],[2,-4],[-7,-4],[-14,1],[3,-6],[-6,-16],[5,-1],[3,10],[11,3],[8,-3],[-3,-5],[-7,1],[0,-6],[-9,-13],[7,-3],[1,-6],[-4,-10],[-13,-6],[4,-5],[17,11],[4,1],[-7,5],[10,1],[6,-3],[6,2],[0,4],[13,0],[3,6],[-16,-1],[-8,-5],[0,6],[-11,-5],[-1,12],[8,10],[4,0],[0,-11],[7,13],[3,0],[-2,6],[2,9],[-3,1],[-4,-7],[-7,10],[6,0],[5,8],[5,-8],[7,-3],[5,6],[5,-3],[1,9],[4,-3],[3,-12],[-6,-3],[7,-4],[12,14],[3,-5],[-8,-14],[-1,-8],[-6,-5],[-4,1],[0,11],[-4,-7],[7,-15],[-10,-8],[-10,0],[-12,-7],[-5,0],[-7,-6],[14,0],[7,6],[13,3],[7,-7],[10,4],[9,8],[-8,-17],[-4,-7],[-10,-7],[3,9],[-10,-2],[-11,-25],[0,-21],[9,-9],[0,12],[8,-17],[1,-4],[-7,-10],[-16,-11],[14,4],[8,9],[3,0],[3,-15],[2,-7],[10,-6],[-14,-29],[-29,-36],[-7,-13],[0,-11],[-2,-6],[-10,4],[0,9],[-4,4],[2,-9],[9,-14],[-5,-12],[-11,-7],[-7,-13],[-5,0],[-5,-9],[-2,-6],[5,-7],[-2,-4],[-7,6],[-10,-6],[-7,-12],[-5,-18],[-5,-9],[-5,-3],[3,-4],[-12,-28],[-4,-13],[-8,-9],[0,-13],[-6,-10],[-8,-5],[-12,-6],[-2,-6],[-8,-8],[-21,-5],[-9,-9],[-12,-9],[-10,-25],[-5,-1],[-31,3],[20,-7],[19,0],[-3,-25],[-8,0],[-4,-5],[-11,-5],[-10,-1],[-20,1],[20,-6],[16,4],[15,10],[8,-36],[-1,-4],[9,-4],[-19,-3],[-4,-5],[9,-4],[9,7],[8,-2],[4,-7],[3,11],[4,-2],[0,-12],[3,-1],[6,8],[6,-7],[5,7],[7,-11],[2,-24],[-3,-12],[-2,2],[-7,-5],[-1,-4],[-6,-1],[-4,21],[0,9],[-5,0],[2,-7],[-2,-6],[0,-13],[5,-8],[-13,0],[-6,7],[-5,0],[-10,11],[3,7],[-19,-3],[-33,-10],[0,2],[7,4],[28,9],[-7,7],[-9,0],[-1,5],[-11,3],[-7,-3],[-4,-8],[0,-19],[-4,-4],[-12,-3],[-4,3],[-10,17],[-8,9],[-36,19],[12,-13],[8,-5],[8,-1],[5,-14],[11,-15],[-4,-9],[-17,-9],[-28,-23],[-5,0],[-5,14],[-2,12],[2,-25],[-1,-2],[-13,-9],[-7,-2],[-5,-6],[-13,-7],[-4,13],[-6,9],[-10,8],[-9,4],[2,-6],[7,-7],[5,-15],[11,-13],[-4,-2],[-15,-14],[-8,0],[-5,3],[-12,1],[-4,-4],[13,0],[7,-8],[-9,-18],[-1,-18],[-6,-9],[-1,-8],[-7,-4],[3,-3],[1,-26],[1,-11],[0,-9],[-5,-5],[5,-6],[-1,-22],[-6,-7],[-4,0],[-39,10],[38,-15],[3,-7],[-9,-19],[-17,-19],[-8,-20],[-7,-27],[4,-10],[-6,-8],[-2,-16],[-8,-5],[1,-6],[-5,-4],[-2,-8],[-3,-4],[-6,2],[-3,-4],[5,-3],[-2,-9],[-11,-5],[0,-7],[8,-2],[2,2],[10,-6],[-3,-7],[-7,-1],[-12,-9],[-2,-6],[-7,-8],[8,2],[14,10],[2,6],[9,9],[3,-8],[-1,-11],[-4,-6],[-8,-1],[-1,-4],[-32,-4],[-13,-5],[-11,-9],[-9,-13],[-3,-14],[-6,-17],[-7,-5],[-12,-6],[-8,-12],[-21,-16],[-5,-7],[-2,-21],[-9,-5],[-11,2],[-8,-4],[14,-1],[-9,-12],[-10,-6],[-10,4],[-14,-9],[3,-5],[-14,1],[-3,-5],[-11,4],[-8,-8],[-10,1],[0,8],[-6,-10],[-8,1],[-5,5],[-1,-8],[-5,-2],[-23,7],[-6,21],[-21,-5],[-5,0],[7,5],[-14,3],[3,-13],[-8,-4],[-25,4],[6,6],[15,-2],[-7,6],[-13,0],[-9,4],[-2,-9],[7,-10],[-3,1],[-15,15],[-3,7],[11,-1],[8,6],[0,13],[-3,7],[-7,-15],[-5,3],[-4,9],[-10,19],[-4,2],[-15,-3],[-2,-8],[-7,4],[-10,0],[-4,-6],[-6,2],[-6,-2],[-8,10],[-7,7],[7,6],[-14,25],[-9,1],[-9,5],[-17,3],[-10,-25],[-7,0],[-12,-5],[-6,4],[-7,-2],[-15,7],[-19,3],[-21,-2],[-10,3],[-14,13],[13,14],[11,23],[9,4],[10,9],[-19,-9],[-7,-5],[0,-9],[-5,-5],[-2,8],[-3,-7],[-16,-5],[2,9],[9,14],[17,8],[2,5],[-12,-4],[-6,3],[9,10],[-2,7],[-10,-12],[-7,-13],[-14,-4],[-7,-6],[-3,6],[0,34],[3,6],[21,3],[0,-4],[9,5],[12,0],[8,4],[9,0],[10,8],[8,2],[5,8],[-7,-2],[-13,1],[-14,-4],[-5,1],[4,7],[15,9],[-17,-3],[-2,12],[2,4],[19,6],[13,-2],[3,2],[-9,4],[15,7],[1,6],[-21,-12],[-12,-2],[-9,-5],[-8,-2],[-4,9],[5,13],[4,17],[7,4],[22,-9],[-7,13],[-2,-5],[-8,6],[-5,7],[3,6],[9,8],[1,-4],[9,-6],[-3,-7],[12,4],[7,-9],[-7,-12],[10,4],[3,8],[8,-8],[3,-14],[5,-1],[0,7],[-8,12],[-15,16],[4,5],[19,5],[4,-8],[5,-4],[7,4],[-7,1],[-4,4],[2,9],[-7,0],[-8,-4],[-15,0],[-3,13],[-3,3],[-2,13],[5,5],[9,-1],[10,-12],[4,1],[-7,7],[-9,10],[-3,0],[6,12],[7,3],[6,-12],[0,-8],[5,8],[9,0],[-11,5],[-7,10],[2,8],[7,0],[11,-5],[8,-5],[-2,4],[-17,10],[-2,5],[13,12],[6,1],[-3,4],[12,9],[5,0],[5,-12],[-2,-9],[4,-10],[-2,-4],[9,0],[-2,9],[-3,4],[0,9],[-5,17],[6,13],[6,1],[5,-5],[-3,-14],[5,-8],[3,19],[-7,15],[7,4],[4,-7],[7,-4],[-11,12],[4,9],[8,1],[4,8],[13,9],[4,-1],[14,-12],[5,-10],[1,9],[-13,15],[0,13],[-3,7],[17,20],[13,15],[0,6],[15,1],[1,10],[-5,5],[10,4],[4,6],[10,8],[12,14],[2,10],[7,4],[-4,4],[4,3],[17,1],[11,8],[8,5],[9,-9],[7,-1],[9,2],[29,27],[14,7],[5,-16],[9,-2],[8,-7],[4,0],[-12,9],[-5,3],[-9,17],[2,5],[8,4],[6,9],[17,10],[12,5],[6,10],[8,-2],[3,-13],[4,-1],[-5,13],[3,6],[10,7],[7,-1],[16,10],[6,9],[6,4],[8,-13],[-1,10],[-9,7],[7,5],[12,-3],[9,4],[-16,2],[-2,7],[6,8],[19,10],[3,11],[4,-2],[10,-10],[0,5],[-7,13],[4,5],[10,7],[9,-3],[10,17],[-5,1],[-11,-14],[2,11],[6,6],[6,4],[13,-7],[4,-13],[0,-14],[4,9],[-2,12],[-6,9],[-14,6],[0,3],[15,0],[5,1],[-5,4],[11,12],[3,-1],[20,-12],[-8,9],[-12,5],[30,17],[11,-25],[0,7],[-5,9],[-1,10],[8,8],[9,13],[5,4],[14,24],[7,3],[5,-8],[2,-10],[-9,-10],[5,-12],[2,-18],[3,5],[-3,17],[-4,10],[6,0],[10,-10],[0,2],[-8,9],[-1,19],[-6,9],[3,9],[5,5],[7,11],[2,3],[12,25],[5,5],[18,0],[6,8],[-7,-4],[-15,1],[-2,10],[7,12],[5,12],[4,33],[3,20],[9,13],[5,19],[5,22],[-3,3],[0,10],[27,3],[8,3],[13,12],[6,5],[5,2],[20,40],[0,5],[6,8],[8,5],[-1,5],[3,8],[0,10],[8,5],[-4,9],[-2,28],[3,6],[-1,13],[0,26],[-2,10],[7,5],[12,21],[3,0],[18,14],[15,21],[7,9],[5,1],[-2,-6],[11,2],[4,6],[-2,5],[-9,-3],[5,9],[7,4],[31,1],[9,-1]],[[9443,3649],[0,-11],[-10,-2],[-8,4],[-4,6],[-4,-4],[2,9],[9,0],[4,-4],[14,12],[2,-6],[-5,-4]],[[9543,3682],[-6,3],[1,4],[-5,5],[4,2],[6,-14]],[[9402,3725],[-8,-1],[0,14],[4,0],[4,-13]],[[9436,3775],[-5,0],[-3,6],[8,7],[3,-6],[-3,-7]],[[9483,3799],[1,-3],[11,-9],[-3,-15],[10,-16],[-3,-8],[-4,-1],[-2,9],[-6,-3],[-2,9],[-7,9],[-4,-1],[-7,5],[4,2],[2,13],[-6,7],[7,3],[-3,8],[6,6],[8,-14],[-2,-1]],[[9125,4194],[-5,-3],[-2,-21],[-4,-1],[-4,6],[1,4],[-4,2],[-3,-12],[-5,-5],[5,-6],[9,-1],[0,-16],[4,5],[-1,14],[2,1],[6,-33],[4,-7],[7,-7],[5,-8],[0,-9],[-9,14],[0,-8],[7,-9],[20,-14],[-6,-10],[0,-14],[10,-1],[1,6],[6,4],[-3,18],[0,6],[11,5],[0,10],[5,-4],[-2,-8],[5,2],[4,-5],[-6,-4],[-8,0],[1,-13],[6,-9],[5,-3],[12,0],[2,-5],[3,5],[-7,10],[4,4],[5,-4],[5,0],[2,-5],[7,-1],[2,4],[8,-13],[-7,-13],[5,-6],[4,1],[3,11],[-1,6],[7,5],[5,-3],[14,-15],[3,-11],[12,2],[9,-6],[3,-9],[-5,-3],[-5,7],[-4,3],[-5,-4],[4,-8],[-5,-1],[1,-5],[9,2],[3,-5],[-3,-9],[9,-12],[1,-9],[3,9],[6,-2],[-2,4],[7,-2],[0,6],[-12,4],[5,5],[7,-3],[2,5],[5,-1],[5,10],[5,4],[1,-5],[-4,-15],[3,-8],[7,0],[-1,-4],[3,-7],[-1,-3],[-11,11],[7,-19],[4,-4],[8,0],[7,-16],[-6,-4],[15,-16],[0,-15],[-12,5],[-2,-2],[9,-6],[-3,-2],[6,-5],[-5,-5],[9,-7],[0,-10],[4,-12],[-4,-1],[-9,9],[0,5],[-7,4],[-5,-2],[-4,2],[-5,-3],[0,8],[-3,9],[0,-17],[-2,-10],[3,-6],[5,9],[16,-3],[2,-8],[-7,-9],[3,-9],[0,-6],[3,-8],[8,-8],[7,0],[3,-4],[-2,-12],[7,-8],[9,-17],[10,-13],[4,-1],[0,-8],[-4,-1],[6,-7],[8,-1],[-21,-1],[6,-19],[-2,-11],[-4,14],[-5,3],[4,-11],[-4,-4],[5,-6],[-5,-4],[2,-17],[10,-5],[7,3],[3,-3],[-11,-8],[-9,4],[5,-9],[9,-35],[-7,4],[-4,-2],[-1,6],[-5,7],[-8,-3],[-5,-8],[9,0],[-4,-4],[4,-5],[0,-14],[4,0],[0,8],[10,6],[16,-1],[3,-3],[0,-8],[-5,-6],[3,-6],[3,1],[4,24],[5,-15],[0,-7],[9,3],[-2,9],[8,1],[4,-6],[-1,-12],[5,-4],[9,7],[3,-3],[5,5],[9,-6],[5,-8],[3,-9],[-3,-27],[5,-9],[8,-8],[7,0],[13,5],[2,5],[3,-1],[2,-11],[3,-4],[-1,16],[-6,16],[0,16],[-7,25],[-8,7],[0,10],[7,0],[3,4],[-10,1],[10,9],[2,8],[-5,0],[1,8],[-5,6],[4,12],[-1,5],[-4,2],[-4,8],[-12,7],[-1,7],[1,12],[12,0],[2,-7],[8,-5],[4,5],[3,-11],[-2,-10],[9,-4],[2,-13],[-7,0],[0,-5],[7,0],[0,-9],[3,-9],[7,6],[0,6],[6,-4],[8,7],[7,-5],[5,2],[0,-6],[-7,-1],[-3,-8],[-9,-5],[-3,-9],[0,-8],[6,-2],[1,11],[12,4],[3,-6],[0,-7],[5,-10],[1,-12],[-1,-14],[2,0],[2,-10],[-4,-13],[4,-3],[0,-9],[-3,5],[1,-15],[-1,-3],[6,-5],[4,-13],[0,-9],[7,-18],[-4,-8],[10,-4],[9,-10],[2,-7],[7,-10],[-11,1],[-4,4],[6,3],[-13,14],[-11,-2],[2,-6],[0,-7],[7,-2],[-2,-5],[2,-8],[6,4],[4,-5],[3,-6],[9,-3],[2,6],[5,-6],[0,-9],[7,3],[-2,11],[-3,7],[2,4],[8,-16],[23,-10],[3,-6],[11,-2],[31,-26],[15,-5],[9,-5],[11,-2],[8,-6],[14,-3],[6,-4],[-11,-1],[12,-9],[3,5],[-3,5],[7,-2],[10,0],[4,-5],[3,6],[21,3],[17,14],[7,9],[0,6],[4,10],[7,3],[3,13],[7,15],[21,6],[7,10],[10,3],[3,8],[4,2],[37,-2],[6,-4],[-3,-3],[7,-7],[12,-2],[3,-5],[7,0],[10,-8],[1,-9],[-9,-14],[-5,-17],[-7,-5],[-5,-19],[-6,-11],[4,-17],[0,-6],[-7,-9],[3,-9],[-5,-18],[7,-12],[-5,-12],[-1,-7],[4,-6],[-1,-5],[-7,-5],[1,-15],[-19,-25],[-15,-17],[-4,-1],[-5,6],[-13,-2],[0,-8],[5,-6],[-4,-13],[-3,-26],[-4,-21],[3,-3],[-6,-11],[12,-3],[5,-2],[2,-7],[-9,-9],[-4,-19],[-7,-8],[-4,14],[-2,14],[6,16],[-7,-1],[-10,6],[-48,1],[-4,3],[-4,-4],[-49,-28],[-6,-17],[-10,-13],[-3,-3],[-5,-14],[0,-10],[5,-7],[2,-26],[-3,-19],[4,10],[11,-9],[13,-1],[-4,-12],[-9,-9],[-4,-15],[0,-7],[-7,-5],[-7,-31],[-3,-5],[0,-9],[-9,-24],[-5,-10],[-9,-8],[-3,3],[-6,-8],[-3,-8],[5,6],[-8,-24],[-2,-17],[-3,-5],[-11,0],[-8,-17],[-9,-10],[-6,-17],[-6,-2],[-5,-20],[-4,-6],[-10,-31],[-11,-8],[-5,-9],[-7,-30],[-15,-26],[-25,-22],[-5,-6],[-17,-12],[-32,-30],[-13,-6],[-7,-9],[-12,0],[-2,1],[-7,24],[3,18],[-3,4],[-18,7],[-8,-1],[-10,-12],[-4,-1],[-8,8],[2,5],[-2,13],[6,19],[-3,6],[-7,1],[-8,-7],[-2,-6],[10,-4],[-4,-9],[-6,1],[-4,-5],[-15,7],[-5,7],[-2,8],[5,5],[7,3],[12,14],[5,13],[7,4],[3,-7],[1,11],[-4,5],[14,13],[3,13],[4,14],[10,10],[7,17],[7,18],[7,26],[3,21],[4,1],[-2,14],[4,17],[0,9],[5,0],[7,4],[7,12],[-1,5],[-6,-12],[-9,-6],[-7,6],[-5,29],[-4,10],[-11,14],[-3,7],[-15,19],[-10,8],[-12,4],[-12,0],[-12,6],[-18,4],[-15,18],[-12,22],[-6,8],[-16,8],[-27,5],[-8,3],[-20,18],[-6,6],[-7,21],[-1,10],[2,21],[5,12],[7,6],[16,8],[38,28],[4,3],[20,-3],[14,9],[18,22],[5,20],[0,9],[3,4],[0,8],[2,6],[0,41],[1,8],[6,14],[3,17],[0,14],[2,13],[-3,13],[10,3],[12,-12],[2,3],[-4,5],[14,1],[2,4],[-6,0],[0,5],[-7,6],[-6,-8],[-4,1],[0,10],[7,3],[7,9],[0,5],[-4,4],[-6,-11],[-5,7],[1,21],[4,12],[7,2],[17,3],[-4,5],[4,4],[-2,6],[-15,-10],[-2,4],[-9,44],[-10,27],[-2,13],[9,4],[7,22],[-7,-7],[-4,-9],[-6,2],[-8,22],[-1,7],[-12,31],[-1,6],[13,1],[3,-4],[-2,-5],[8,-18],[1,-8],[5,-8],[-1,14],[7,4],[-11,3],[12,9],[0,-4],[10,12],[4,1],[7,-10],[3,4],[-3,7],[-10,8],[-2,-1],[-3,10],[-4,-5],[-3,8],[8,10],[-10,1],[-16,-2],[-5,-7],[-2,-7],[-2,-3],[-4,4],[-9,-9],[-5,6],[-6,26],[-3,22],[-3,9],[-8,18],[-21,33],[-4,10],[-2,14],[3,-9],[4,9],[5,-1],[9,-19],[5,-3],[-2,-7],[9,-3],[-6,-3],[1,-8],[6,-4],[0,8],[4,-12],[3,4],[3,11],[4,5],[-5,4],[2,10],[-4,0],[0,12],[4,7],[-5,7],[4,8],[-6,4],[-7,-8],[-12,0],[-5,5],[5,12],[10,-3],[16,10],[7,10],[-1,3],[-15,-11],[-1,2],[-8,-6],[-7,2],[0,6],[8,-6],[1,7],[6,13],[1,9],[5,-1],[-3,7],[-5,2],[1,-8],[-6,-13],[-6,3],[-2,6],[-6,0],[2,13],[-7,-5],[-2,5],[-7,-5],[3,-7],[7,-4],[0,-9],[7,5],[5,-8],[-6,-1],[-3,-6],[-10,7],[-8,16],[-11,0],[-5,8],[-7,4],[-1,17],[-9,15],[-4,4],[6,7],[1,9],[-7,6],[4,-14],[-7,-8],[12,-18],[2,-15],[5,-9],[5,-4],[14,-26],[7,0],[-2,-4],[5,-13],[0,-4],[-10,-7],[-9,0],[-2,8],[-5,21],[-20,34],[-6,14],[-34,57],[-35,57],[0,4],[7,11],[2,16],[5,4],[7,-8],[0,13],[5,-9],[2,14],[6,1],[6,13],[-6,-2],[-4,7],[0,-10],[-6,13],[-1,-6],[3,-12],[-7,-3],[-3,3],[-2,-4],[-4,-5],[-5,6],[-5,-6],[3,-2],[-5,-5],[1,-20],[-2,-2],[-14,24],[-2,5],[5,13],[-3,0],[5,9],[-5,-1],[-7,-15],[-7,11],[10,9],[-10,-2],[-5,2],[-9,15],[-1,8],[8,-2],[5,9],[2,11],[0,11],[-2,11],[-7,18],[-12,17],[-3,16],[-5,4],[-31,50],[-6,8],[-14,9],[3,1],[3,15],[5,-4],[9,-2],[4,-2],[11,8],[17,-2],[7,5],[4,-3]]],"transform":{"scale":[0.006593107226722673,0.0043364482798279825],"translate":[112.91944421,-52.60031327]},"bbox":[112.91944421,-52.60031327,178.84392337,-9.24016692]}